date,component_id,component_demand,current_inventory,supplier_lead_time_days,supplier_disruption,planned_production_units,scheduled_receipts,plant_maintenance,festival
2025-01-01,BRAKE_PAD_FRONT,392.0,4808.0,12,0,903,0,0,0
2025-01-02,BRAKE_PAD_FRONT,440.0,4368.0,12,0,1017,0,0,0
2025-01-03,BRAKE_PAD_FRONT,462.0,3906.0,12,0,1076,0,0,0
2025-01-04,BRAKE_PAD_FRONT,439.0,3467.0,12,0,1024,0,0,0
2025-01-05,BRAKE_PAD_FRONT,496.0,2971.0,12,0,1070,0,0,0
2025-01-06,BRAKE_PAD_FRONT,461.0,2510.0,12,0,1119,0,0,0
2025-01-07,BRAKE_PAD_FRONT,482.0,2028.0,12,0,1147,0,0,0
2025-01-08,BRAKE_PAD_FRONT,446.0,5040.0,12,0,1151,3458,0,0
2025-01-09,BRAKE_PAD_FRONT,472.0,4568.0,12,0,1135,0,0,0
2025-01-10,BRAKE_PAD_FRONT,385.0,4183.0,12,0,1134,0,1,0
2025-01-11,BRAKE_PAD_FRONT,350.0,3833.0,12,0,1039,0,1,0
2025-01-12,BRAKE_PAD_FRONT,389.0,3444.0,12,0,1117,0,1,0
2025-01-13,BRAKE_PAD_FRONT,437.0,3007.0,12,0,1066,0,0,0
2025-01-14,BRAKE_PAD_FRONT,446.0,2561.0,17,1,1008,0,0,0
2025-01-15,BRAKE_PAD_FRONT,433.0,2128.0,12,0,1038,0,0,0
2025-01-16,BRAKE_PAD_FRONT,368.0,5040.0,12,0,897,3280,0,0
2025-01-17,BRAKE_PAD_FRONT,379.0,4661.0,12,0,922,0,0,0
2025-01-18,BRAKE_PAD_FRONT,396.0,4265.0,12,0,989,0,0,0
2025-01-19,BRAKE_PAD_FRONT,389.0,3876.0,12,0,886,0,0,0
2025-01-20,BRAKE_PAD_FRONT,388.0,3488.0,12,0,896,0,0,0
2025-01-21,BRAKE_PAD_FRONT,353.0,3135.0,12,0,840,0,0,0
2025-01-22,BRAKE_PAD_FRONT,368.0,2767.0,12,0,815,0,0,0
2025-01-23,BRAKE_PAD_FRONT,335.0,2432.0,12,0,830,0,0,0
2025-01-24,BRAKE_PAD_FRONT,323.0,2109.0,12,0,813,0,0,0
2025-01-25,BRAKE_PAD_FRONT,359.0,5040.0,12,0,898,3290,0,0
2025-01-26,BRAKE_PAD_FRONT,371.0,4669.0,12,0,867,0,0,0
2025-01-27,BRAKE_PAD_FRONT,424.0,4245.0,12,0,983,0,0,0
2025-01-28,BRAKE_PAD_FRONT,380.0,3865.0,12,0,913,0,0,0
2025-01-29,BRAKE_PAD_FRONT,370.0,3495.0,12,0,896,0,0,0
2025-01-30,BRAKE_PAD_FRONT,390.0,3105.0,12,0,924,0,0,0
2025-01-31,BRAKE_PAD_FRONT,377.0,2728.0,12,0,989,0,0,0
2025-02-01,BRAKE_PAD_FRONT,464.0,2264.0,12,0,1095,0,0,0
2025-02-02,BRAKE_PAD_FRONT,461.0,5040.0,12,0,1032,3237,0,0
2025-02-03,BRAKE_PAD_FRONT,503.0,4537.0,12,0,1181,0,0,0
2025-02-04,BRAKE_PAD_FRONT,424.0,4113.0,12,0,1114,0,0,0
2025-02-05,BRAKE_PAD_FRONT,433.0,3680.0,12,0,1149,0,0,0
2025-02-06,BRAKE_PAD_FRONT,459.0,3221.0,12,0,1125,0,0,0
2025-02-07,BRAKE_PAD_FRONT,499.0,2722.0,12,0,1189,0,0,0
2025-02-08,BRAKE_PAD_FRONT,470.0,2252.0,12,0,1155,0,0,0
2025-02-09,BRAKE_PAD_FRONT,507.0,5040.0,12,0,1188,3295,0,0
2025-02-10,BRAKE_PAD_FRONT,397.0,4643.0,12,0,1137,0,1,0
2025-02-11,BRAKE_PAD_FRONT,461.0,4182.0,12,0,1192,0,1,0
2025-02-12,BRAKE_PAD_FRONT,358.0,3824.0,12,0,1027,0,1,0
2025-02-13,BRAKE_PAD_FRONT,457.0,3367.0,12,0,1068,0,0,0
2025-02-14,BRAKE_PAD_FRONT,441.0,2926.0,12,0,1092,0,0,0
2025-02-15,BRAKE_PAD_FRONT,417.0,2509.0,12,0,1001,0,0,0
2025-02-16,BRAKE_PAD_FRONT,379.0,2130.0,12,0,921,0,0,0
2025-02-17,BRAKE_PAD_FRONT,438.0,5040.0,12,0,1010,3348,0,0
2025-02-18,BRAKE_PAD_FRONT,403.0,4637.0,12,0,940,0,0,0
2025-02-19,BRAKE_PAD_FRONT,433.0,4204.0,12,0,985,0,0,0
2025-02-20,BRAKE_PAD_FRONT,384.0,3820.0,12,0,905,0,0,0
2025-02-21,BRAKE_PAD_FRONT,343.0,3477.0,12,0,885,0,0,0
2025-02-22,BRAKE_PAD_FRONT,354.0,3123.0,12,0,863,0,0,0
2025-02-23,BRAKE_PAD_FRONT,355.0,2768.0,12,0,916,0,0,0
2025-02-24,BRAKE_PAD_FRONT,336.0,2432.0,12,0,897,0,0,0
2025-02-25,BRAKE_PAD_FRONT,395.0,2037.0,17,1,916,0,0,0
2025-02-26,BRAKE_PAD_FRONT,339.0,5040.0,12,0,866,3342,0,0
2025-02-27,BRAKE_PAD_FRONT,384.0,4656.0,12,0,898,0,0,0
2025-02-28,BRAKE_PAD_FRONT,388.0,4268.0,12,0,916,0,0,0
2025-03-01,BRAKE_PAD_FRONT,408.0,3860.0,12,0,988,0,0,0
2025-03-02,BRAKE_PAD_FRONT,373.0,3487.0,12,0,1009,0,0,0
2025-03-03,BRAKE_PAD_FRONT,459.0,3028.0,12,0,1064,0,0,0
2025-03-04,BRAKE_PAD_FRONT,396.0,2632.0,12,0,997,0,0,0
2025-03-05,BRAKE_PAD_FRONT,453.0,2179.0,12,0,1125,0,0,0
2025-03-06,BRAKE_PAD_FRONT,458.0,5040.0,12,0,1138,3319,0,0
2025-03-07,BRAKE_PAD_FRONT,509.0,4531.0,12,0,1175,0,0,0
2025-03-08,BRAKE_PAD_FRONT,493.0,4038.0,12,0,1185,0,0,0
2025-03-09,BRAKE_PAD_FRONT,458.0,3580.0,12,0,1117,0,0,0
2025-03-10,BRAKE_PAD_FRONT,428.0,3152.0,12,0,1128,0,1,0
2025-03-11,BRAKE_PAD_FRONT,400.0,2752.0,12,0,1163,0,1,0
2025-03-12,BRAKE_PAD_FRONT,354.0,2398.0,12,0,1038,0,1,0
2025-03-13,BRAKE_PAD_FRONT,442.0,5040.0,12,0,1098,3084,0,0
2025-03-14,BRAKE_PAD_FRONT,417.0,4623.0,12,0,1013,0,0,0
2025-03-15,BRAKE_PAD_FRONT,462.0,4161.0,12,0,1066,0,0,0
2025-03-16,BRAKE_PAD_FRONT,401.0,3760.0,12,0,950,0,0,0
2025-03-17,BRAKE_PAD_FRONT,422.0,3338.0,12,0,995,0,0,0
2025-03-18,BRAKE_PAD_FRONT,417.0,2921.0,12,0,934,0,0,0
2025-03-19,BRAKE_PAD_FRONT,378.0,2543.0,12,0,904,0,0,0
2025-03-20,BRAKE_PAD_FRONT,352.0,2191.0,12,0,855,0,0,0
2025-03-21,BRAKE_PAD_FRONT,407.0,5040.0,12,0,961,3256,0,0
2025-03-22,BRAKE_PAD_FRONT,323.0,4717.0,12,0,764,0,0,0
2025-03-23,BRAKE_PAD_FRONT,350.0,4367.0,12,0,824,0,0,0
2025-03-24,BRAKE_PAD_FRONT,360.0,4007.0,12,0,798,0,0,0
2025-03-25,BRAKE_PAD_FRONT,349.0,3658.0,12,0,839,0,0,0
2025-03-26,BRAKE_PAD_FRONT,390.0,3268.0,12,0,900,0,0,0
2025-03-27,BRAKE_PAD_FRONT,339.0,2929.0,12,0,836,0,0,0
2025-03-28,BRAKE_PAD_FRONT,332.0,2597.0,12,0,860,0,0,0
2025-03-29,BRAKE_PAD_FRONT,408.0,2189.0,12,0,936,0,0,0
2025-03-30,BRAKE_PAD_FRONT,350.0,5040.0,12,0,872,3201,0,0
2025-03-31,BRAKE_PAD_FRONT,384.0,4656.0,12,0,977,0,0,0
2025-04-01,BRAKE_PAD_FRONT,398.0,4258.0,12,0,956,0,0,0
2025-04-02,BRAKE_PAD_FRONT,454.0,3804.0,12,0,1130,0,0,0
2025-04-03,BRAKE_PAD_FRONT,421.0,3383.0,12,0,1004,0,0,0
2025-04-04,BRAKE_PAD_FRONT,421.0,2962.0,12,0,1043,0,0,0
2025-04-05,BRAKE_PAD_FRONT,484.0,2478.0,12,0,1126,0,0,0
2025-04-06,BRAKE_PAD_FRONT,444.0,2034.0,12,0,1125,0,0,0
2025-04-07,BRAKE_PAD_FRONT,485.0,5040.0,12,0,1179,3491,0,0
2025-04-08,BRAKE_PAD_FRONT,524.0,4516.0,12,0,1210,0,0,0
2025-04-09,BRAKE_PAD_FRONT,486.0,4030.0,12,0,1164,0,0,0
2025-04-10,BRAKE_PAD_FRONT,409.0,3621.0,12,0,1095,0,1,0
2025-04-11,BRAKE_PAD_FRONT,371.0,3250.0,12,0,1104,0,1,0
2025-04-12,BRAKE_PAD_FRONT,385.0,2865.0,17,1,1150,0,1,0
2025-04-13,BRAKE_PAD_FRONT,426.0,2439.0,12,0,1077,0,0,0
2025-04-14,BRAKE_PAD_FRONT,468.0,5040.0,12,0,1007,3069,0,0
2025-04-15,BRAKE_PAD_FRONT,425.0,4615.0,12,0,998,0,0,0
2025-04-16,BRAKE_PAD_FRONT,398.0,4217.0,12,0,971,0,0,0
2025-04-17,BRAKE_PAD_FRONT,399.0,3818.0,12,0,951,0,0,0
2025-04-18,BRAKE_PAD_FRONT,436.0,3382.0,12,0,984,0,0,0
2025-04-19,BRAKE_PAD_FRONT,382.0,3000.0,12,0,941,0,0,0
2025-04-20,BRAKE_PAD_FRONT,357.0,2643.0,12,0,864,0,0,0
2025-04-21,BRAKE_PAD_FRONT,379.0,2264.0,12,0,877,0,0,0
2025-04-22,BRAKE_PAD_FRONT,338.0,5040.0,12,0,814,3114,0,0
2025-04-23,BRAKE_PAD_FRONT,386.0,4654.0,12,0,891,0,0,0
2025-04-24,BRAKE_PAD_FRONT,320.0,4334.0,12,0,842,0,0,0
2025-04-25,BRAKE_PAD_FRONT,411.0,3923.0,12,0,938,0,0,0
2025-04-26,BRAKE_PAD_FRONT,348.0,3575.0,12,0,856,0,0,0
2025-04-27,BRAKE_PAD_FRONT,378.0,3197.0,12,0,876,0,0,0
2025-04-28,BRAKE_PAD_FRONT,412.0,2785.0,12,0,965,0,0,0
2025-04-29,BRAKE_PAD_FRONT,453.0,2332.0,12,0,1025,0,0,0
2025-04-30,BRAKE_PAD_FRONT,420.0,5040.0,12,0,990,3128,0,0
2025-05-01,BRAKE_PAD_FRONT,439.0,4601.0,12,0,1025,0,0,0
2025-05-02,BRAKE_PAD_FRONT,389.0,4212.0,12,0,1074,0,0,0
2025-05-03,BRAKE_PAD_FRONT,464.0,3748.0,12,0,1145,0,0,0
2025-05-04,BRAKE_PAD_FRONT,422.0,3326.0,12,0,1032,0,0,0
2025-05-05,BRAKE_PAD_FRONT,463.0,2863.0,12,0,1075,0,0,0
2025-05-06,BRAKE_PAD_FRONT,541.0,2322.0,12,0,1231,0,0,0
2025-05-07,BRAKE_PAD_FRONT,469.0,5040.0,12,0,1124,3187,0,0
2025-05-08,BRAKE_PAD_FRONT,471.0,4569.0,12,0,1154,0,0,0
2025-05-09,BRAKE_PAD_FRONT,497.0,4072.0,12,0,1128,0,0,0
2025-05-10,BRAKE_PAD_FRONT,403.0,3669.0,12,0,1146,0,1,0
2025-05-11,BRAKE_PAD_FRONT,383.0,3286.0,12,0,1058,0,1,0
2025-05-12,BRAKE_PAD_FRONT,401.0,2885.0,12,0,1098,0,1,0
2025-05-13,BRAKE_PAD_FRONT,457.0,2428.0,12,0,1101,0,0,0
2025-05-14,BRAKE_PAD_FRONT,449.0,5040.0,12,0,1082,3061,0,0
2025-05-15,BRAKE_PAD_FRONT,441.0,4599.0,12,0,1059,0,0,0
2025-05-16,BRAKE_PAD_FRONT,473.0,4126.0,12,0,1057,0,0,0
2025-05-17,BRAKE_PAD_FRONT,404.0,3722.0,12,0,992,0,0,0
2025-05-18,BRAKE_PAD_FRONT,467.0,3255.0,12,0,1045,0,0,0
2025-05-19,BRAKE_PAD_FRONT,406.0,2849.0,12,0,896,0,0,0
2025-05-20,BRAKE_PAD_FRONT,305.0,2544.0,12,0,834,0,0,0
2025-05-21,BRAKE_PAD_FRONT,357.0,2187.0,12,0,861,0,0,0
2025-05-22,BRAKE_PAD_FRONT,391.0,5040.0,12,0,1004,3244,0,0
2025-05-23,BRAKE_PAD_FRONT,362.0,4678.0,12,0,879,0,0,0
2025-05-24,BRAKE_PAD_FRONT,333.0,4345.0,12,0,860,0,0,0
2025-05-25,BRAKE_PAD_FRONT,341.0,4004.0,17,1,806,0,0,0
2025-05-26,BRAKE_PAD_FRONT,349.0,3655.0,12,0,835,0,0,0
2025-05-27,BRAKE_PAD_FRONT,426.0,3229.0,12,0,933,0,0,0
2025-05-28,BRAKE_PAD_FRONT,361.0,2868.0,12,0,877,0,0,0
2025-05-29,BRAKE_PAD_FRONT,447.0,2421.0,12,0,968,0,0,0
2025-05-30,BRAKE_PAD_FRONT,373.0,2048.0,12,0,884,0,0,0
2025-05-31,BRAKE_PAD_FRONT,450.0,5040.0,12,0,1028,3442,0,0
2025-06-01,BRAKE_PAD_FRONT,457.0,4583.0,12,0,995,0,0,0
2025-06-02,BRAKE_PAD_FRONT,435.0,4148.0,12,0,1017,0,0,0
2025-06-03,BRAKE_PAD_FRONT,443.0,3705.0,12,0,1067,0,0,0
2025-06-04,BRAKE_PAD_FRONT,420.0,3285.0,12,0,1014,0,0,0
2025-06-05,BRAKE_PAD_FRONT,447.0,2838.0,12,0,1076,0,0,0
2025-06-06,BRAKE_PAD_FRONT,474.0,2364.0,12,0,1111,0,0,0
2025-06-07,BRAKE_PAD_FRONT,487.0,5040.0,12,0,1153,3163,0,0
2025-06-08,BRAKE_PAD_FRONT,476.0,4564.0,12,0,1147,0,0,0
2025-06-09,BRAKE_PAD_FRONT,487.0,4077.0,12,0,1172,0,0,0
2025-06-10,BRAKE_PAD_FRONT,396.0,3681.0,12,0,1164,0,1,0
2025-06-11,BRAKE_PAD_FRONT,396.0,3285.0,12,0,1099,0,1,0
2025-06-12,BRAKE_PAD_FRONT,377.0,2908.0,12,0,1074,0,1,0
2025-06-13,BRAKE_PAD_FRONT,471.0,2437.0,12,0,1173,0,0,0
2025-06-14,BRAKE_PAD_FRONT,413.0,2024.0,12,0,1023,0,0,0
2025-06-15,BRAKE_PAD_FRONT,484.0,5040.0,12,0,1130,3500,0,0
2025-06-16,BRAKE_PAD_FRONT,393.0,4647.0,12,0,946,0,0,0
2025-06-17,BRAKE_PAD_FRONT,347.0,4300.0,12,0,910,0,0,0
2025-06-18,BRAKE_PAD_FRONT,387.0,3913.0,12,0,855,0,0,0
2025-06-19,BRAKE_PAD_FRONT,366.0,3547.0,12,0,870,0,0,0
2025-06-20,BRAKE_PAD_FRONT,408.0,3139.0,12,0,935,0,0,0
2025-06-21,BRAKE_PAD_FRONT,339.0,2800.0,12,0,847,0,0,0
2025-06-22,BRAKE_PAD_FRONT,337.0,2463.0,12,0,852,0,0,0
2025-06-23,BRAKE_PAD_FRONT,333.0,2130.0,12,0,787,0,0,0
2025-06-24,BRAKE_PAD_FRONT,304.0,5040.0,12,0,819,3214,0,0
2025-06-25,BRAKE_PAD_FRONT,373.0,4667.0,12,0,852,0,0,0
2025-06-26,BRAKE_PAD_FRONT,354.0,4313.0,12,0,884,0,0,0
2025-06-27,BRAKE_PAD_FRONT,421.0,3892.0,12,0,993,0,0,0
2025-06-28,BRAKE_PAD_FRONT,423.0,3469.0,12,0,1069,0,0,0
2025-06-29,BRAKE_PAD_FRONT,440.0,3029.0,12,0,933,0,0,0
2025-06-30,BRAKE_PAD_FRONT,395.0,2634.0,12,0,986,0,0,0
2025-07-01,BRAKE_PAD_FRONT,447.0,2187.0,12,0,1088,0,0,0
2025-07-02,BRAKE_PAD_FRONT,442.0,5040.0,12,0,967,3295,0,0
2025-07-03,BRAKE_PAD_FRONT,511.0,4529.0,17,1,1123,0,0,0
2025-07-04,BRAKE_PAD_FRONT,507.0,4022.0,12,0,1209,0,0,0
2025-07-05,BRAKE_PAD_FRONT,431.0,3591.0,12,0,1101,0,0,0
2025-07-06,BRAKE_PAD_FRONT,471.0,3120.0,12,0,1068,0,0,0
2025-07-07,BRAKE_PAD_FRONT,434.0,2686.0,12,0,1071,0,0,0
2025-07-08,BRAKE_PAD_FRONT,486.0,2200.0,12,0,1236,0,0,0
2025-07-09,BRAKE_PAD_FRONT,488.0,5040.0,12,0,1207,3328,0,0
2025-07-10,BRAKE_PAD_FRONT,395.0,4645.0,12,0,1113,0,1,0
2025-07-11,BRAKE_PAD_FRONT,361.0,4284.0,12,0,1117,0,1,0
2025-07-12,BRAKE_PAD_FRONT,374.0,3910.0,12,0,1059,0,1,0
2025-07-13,BRAKE_PAD_FRONT,426.0,3484.0,12,0,1045,0,0,0
2025-07-14,BRAKE_PAD_FRONT,478.0,3006.0,12,0,1102,0,0,0
2025-07-15,BRAKE_PAD_FRONT,405.0,2601.0,12,0,1002,0,0,0
2025-07-16,BRAKE_PAD_FRONT,388.0,2213.0,12,0,951,0,0,0
2025-07-17,BRAKE_PAD_FRONT,447.0,5040.0,12,0,956,3274,0,0
2025-07-18,BRAKE_PAD_FRONT,413.0,4627.0,12,0,926,0,0,0
2025-07-19,BRAKE_PAD_FRONT,400.0,4227.0,12,0,878,0,0,0
2025-07-20,BRAKE_PAD_FRONT,342.0,3885.0,12,0,845,0,0,0
2025-07-21,BRAKE_PAD_FRONT,383.0,3502.0,12,0,857,0,0,0
2025-07-22,BRAKE_PAD_FRONT,428.0,3074.0,12,0,896,0,0,0
2025-07-23,BRAKE_PAD_FRONT,320.0,2754.0,12,0,833,0,0,0
2025-07-24,BRAKE_PAD_FRONT,394.0,2360.0,12,0,931,0,0,0
2025-07-25,BRAKE_PAD_FRONT,338.0,2022.0,12,0,843,0,0,0
2025-07-26,BRAKE_PAD_FRONT,392.0,5040.0,12,0,912,3410,0,0
2025-07-27,BRAKE_PAD_FRONT,360.0,4680.0,12,0,929,0,0,0
2025-07-28,BRAKE_PAD_FRONT,393.0,4287.0,12,0,862,0,0,0
2025-07-29,BRAKE_PAD_FRONT,435.0,3852.0,12,0,1036,0,0,0
2025-07-30,BRAKE_PAD_FRONT,390.0,3462.0,12,0,959,0,0,0
2025-07-31,BRAKE_PAD_FRONT,440.0,3022.0,12,0,1097,0,0,0
2025-08-01,BRAKE_PAD_FRONT,427.0,2595.0,12,0,1045,0,0,0
2025-08-02,BRAKE_PAD_FRONT,467.0,2128.0,12,0,1092,0,0,0
2025-08-03,BRAKE_PAD_FRONT,461.0,5040.0,12,0,1124,3373,0,0
2025-08-04,BRAKE_PAD_FRONT,448.0,4592.0,12,0,1073,0,0,0
2025-08-05,BRAKE_PAD_FRONT,503.0,4089.0,12,0,1183,0,0,0
2025-08-06,BRAKE_PAD_FRONT,493.0,3596.0,12,0,1188,0,0,0
2025-08-07,BRAKE_PAD_FRONT,478.0,3118.0,12,0,1231,0,0,0
2025-08-08,BRAKE_PAD_FRONT,508.0,2610.0,12,0,1176,0,0,0
2025-08-09,BRAKE_PAD_FRONT,449.0,2161.0,17,1,1095,0,0,0
2025-08-10,BRAKE_PAD_FRONT,392.0,5040.0,12,0,1112,3271,1,0
2025-08-11,BRAKE_PAD_FRONT,371.0,4669.0,12,0,1029,0,1,0
2025-08-12,BRAKE_PAD_FRONT,346.0,4323.0,12,0,980,0,1,0
2025-08-13,BRAKE_PAD_FRONT,443.0,3880.0,12,0,1039,0,0,0
2025-08-14,BRAKE_PAD_FRONT,466.0,3414.0,12,0,1058,0,0,0
2025-08-15,BRAKE_PAD_FRONT,418.0,2996.0,12,0,975,0,0,0
2025-08-16,BRAKE_PAD_FRONT,411.0,2585.0,12,0,1001,0,0,0
2025-08-17,BRAKE_PAD_FRONT,354.0,2231.0,12,0,880,0,0,0
2025-08-18,BRAKE_PAD_FRONT,319.0,5040.0,12,0,836,3128,0,0
2025-08-19,BRAKE_PAD_FRONT,447.0,4593.0,12,0,969,0,0,0
2025-08-20,BRAKE_PAD_FRONT,337.0,4256.0,12,0,877,0,0,0
2025-08-21,BRAKE_PAD_FRONT,390.0,3866.0,12,0,851,0,0,0
2025-08-22,BRAKE_PAD_FRONT,343.0,3523.0,12,0,865,0,0,0
2025-08-23,BRAKE_PAD_FRONT,377.0,3146.0,12,0,815,0,0,0
2025-08-24,BRAKE_PAD_FRONT,402.0,2744.0,12,0,880,0,0,0
2025-08-25,BRAKE_PAD_FRONT,363.0,2381.0,12,0,840,0,0,0
2025-08-26,BRAKE_PAD_FRONT,350.0,2031.0,12,0,869,0,0,0
2025-08-27,BRAKE_PAD_FRONT,427.0,5040.0,12,0,1010,3436,0,0
2025-08-28,BRAKE_PAD_FRONT,401.0,4639.0,12,0,955,0,0,0
2025-08-29,BRAKE_PAD_FRONT,417.0,4222.0,12,0,972,0,0,0
2025-08-30,BRAKE_PAD_FRONT,421.0,3801.0,12,0,1011,0,0,0
2025-08-31,BRAKE_PAD_FRONT,455.0,3346.0,12,0,1045,0,0,0
2025-09-01,BRAKE_PAD_FRONT,423.0,2923.0,12,0,1000,0,0,0
2025-09-02,BRAKE_PAD_FRONT,465.0,2458.0,12,0,1142,0,0,0
2025-09-03,BRAKE_PAD_FRONT,450.0,2008.0,12,0,1084,0,0,0
2025-09-04,BRAKE_PAD_FRONT,508.0,5040.0,12,0,1178,3540,0,0
2025-09-05,BRAKE_PAD_FRONT,458.0,4582.0,12,0,1031,0,0,0
2025-09-06,BRAKE_PAD_FRONT,465.0,4117.0,12,0,1141,0,0,0
2025-09-07,BRAKE_PAD_FRONT,438.0,3679.0,12,0,991,0,0,0
2025-09-08,BRAKE_PAD_FRONT,413.0,3266.0,12,0,1101,0,0,0
2025-09-09,BRAKE_PAD_FRONT,446.0,2820.0,12,0,1030,0,0,0
2025-09-10,BRAKE_PAD_FRONT,365.0,2455.0,12,0,1023,0,1,0
2025-09-11,BRAKE_PAD_FRONT,354.0,2101.0,12,0,1001,0,1,0
2025-09-12,BRAKE_PAD_FRONT,397.0,5040.0,12,0,1060,3336,1,0
2025-09-13,BRAKE_PAD_FRONT,382.0,4658.0,12,0,922,0,0,0
2025-09-14,BRAKE_PAD_FRONT,391.0,4267.0,17,1,964,0,0,0
2025-09-15,BRAKE_PAD_FRONT,338.0,3929.0,12,0,788,0,0,0
2025-09-16,BRAKE_PAD_FRONT,343.0,3586.0,12,0,838,0,0,0
2025-09-17,BRAKE_PAD_FRONT,376.0,3210.0,12,0,868,0,0,0
2025-09-18,BRAKE_PAD_FRONT,372.0,2838.0,12,0,830,0,0,0
2025-09-19,BRAKE_PAD_FRONT,371.0,2467.0,12,0,848,0,0,0
2025-09-20,BRAKE_PAD_FRONT,350.0,2117.0,12,0,817,0,0,0
2025-09-21,BRAKE_PAD_FRONT,309.0,5040.0,12,0,774,3232,0,0
2025-09-22,BRAKE_PAD_FRONT,387.0,4653.0,12,0,900,0,0,0
2025-09-23,BRAKE_PAD_FRONT,352.0,4301.0,12,0,790,0,0,0
2025-09-24,BRAKE_PAD_FRONT,300.0,4001.0,17,1,830,0,0,0
2025-09-25,BRAKE_PAD_FRONT,358.0,3643.0,12,0,835,0,0,0
2025-09-26,BRAKE_PAD_FRONT,364.0,3279.0,12,0,921,0,0,0
2025-09-27,BRAKE_PAD_FRONT,444.0,2835.0,12,0,979,0,0,0
2025-09-28,BRAKE_PAD_FRONT,387.0,2448.0,12,0,991,0,0,0
2025-09-29,BRAKE_PAD_FRONT,418.0,2030.0,12,0,1013,0,0,0
2025-09-30,BRAKE_PAD_FRONT,467.0,5040.0,12,0,1037,3477,0,0
2025-10-01,BRAKE_PAD_FRONT,473.0,4567.0,12,0,1095,0,0,0
2025-10-02,BRAKE_PAD_FRONT,485.0,4082.0,12,0,1166,0,0,0
2025-10-03,BRAKE_PAD_FRONT,487.0,3595.0,12,0,1120,0,0,0
2025-10-04,BRAKE_PAD_FRONT,471.0,3124.0,12,0,1149,0,0,0
2025-10-05,BRAKE_PAD_FRONT,515.0,2609.0,12,0,1193,0,0,0
2025-10-06,BRAKE_PAD_FRONT,467.0,2142.0,12,0,1156,0,0,0
2025-10-07,BRAKE_PAD_FRONT,456.0,5040.0,12,0,1153,3354,0,0
2025-10-08,BRAKE_PAD_FRONT,476.0,4564.0,12,0,1154,0,0,0
2025-10-09,BRAKE_PAD_FRONT,469.0,4095.0,12,0,1113,0,0,0
2025-10-10,BRAKE_PAD_FRONT,401.0,3694.0,12,0,1091,0,1,0
2025-10-11,BRAKE_PAD_FRONT,363.0,3331.0,12,0,1023,0,1,0
2025-10-12,BRAKE_PAD_FRONT,371.0,2960.0,12,0,973,0,1,0
2025-10-13,BRAKE_PAD_FRONT,430.0,2530.0,12,0,980,0,0,0
2025-10-14,BRAKE_PAD_FRONT,418.0,2112.0,12,0,948,0,0,0
2025-10-15,BRAKE_PAD_FRONT,364.0,5040.0,12,0,953,3292,0,0
2025-10-16,BRAKE_PAD_FRONT,413.0,4627.0,12,0,871,0,0,0
2025-10-17,BRAKE_PAD_FRONT,394.0,4233.0,12,0,978,0,0,0
2025-10-18,BRAKE_PAD_FRONT,335.0,3898.0,12,0,836,0,0,0
2025-10-19,BRAKE_PAD_FRONT,389.0,3509.0,12,0,932,0,0,0
2025-10-20,BRAKE_PAD_FRONT,405.0,3104.0,12,0,890,0,0,1
2025-10-21,BRAKE_PAD_FRONT,349.0,2755.0,12,0,796,0,0,1
2025-10-22,BRAKE_PAD_FRONT,379.0,2376.0,12,0,825,0,0,1
2025-10-23,BRAKE_PAD_FRONT,371.0,2005.0,12,0,859,0,0,1
2025-10-24,BRAKE_PAD_FRONT,409.0,5040.0,12,0,923,3444,0,1
2025-10-25,BRAKE_PAD_FRONT,435.0,4605.0,12,0,872,0,0,1
2025-10-26,BRAKE_PAD_FRONT,444.0,4161.0,12,0,936,0,0,1
2025-10-27,BRAKE_PAD_FRONT,416.0,3745.0,12,0,945,0,0,1
2025-10-28,BRAKE_PAD_FRONT,512.0,3233.0,12,0,1064,0,0,1
2025-10-29,BRAKE_PAD_FRONT,473.0,2760.0,12,0,979,0,0,1
2025-10-30,BRAKE_PAD_FRONT,479.0,2281.0,12,0,1069,0,0,1
2025-10-31,BRAKE_PAD_FRONT,431.0,5040.0,12,0,1101,3190,0,0
2025-11-01,BRAKE_PAD_FRONT,450.0,4590.0,12,0,1030,0,0,0
2025-11-02,BRAKE_PAD_FRONT,452.0,4138.0,12,0,1049,0,0,0
2025-11-03,BRAKE_PAD_FRONT,530.0,3608.0,12,0,1243,0,0,0
2025-11-04,BRAKE_PAD_FRONT,501.0,3107.0,12,0,1217,0,0,0
2025-11-05,BRAKE_PAD_FRONT,458.0,2649.0,12,0,1092,0,0,0
2025-11-06,BRAKE_PAD_FRONT,479.0,2170.0,12,0,1151,0,0,0
2025-11-07,BRAKE_PAD_FRONT,509.0,5040.0,12,0,1131,3379,0,0
2025-11-08,BRAKE_PAD_FRONT,433.0,4607.0,12,0,1121,0,0,0
2025-11-09,BRAKE_PAD_FRONT,490.0,4117.0,12,0,1123,0,0,0
2025-11-10,BRAKE_PAD_FRONT,415.0,3702.0,12,0,1131,0,1,0
2025-11-11,BRAKE_PAD_FRONT,347.0,3355.0,12,0,1096,0,1,0
2025-11-12,BRAKE_PAD_FRONT,353.0,3002.0,12,0,957,0,1,0
2025-11-13,BRAKE_PAD_FRONT,409.0,2593.0,12,0,989,0,0,0
2025-11-14,BRAKE_PAD_FRONT,414.0,2179.0,12,0,979,0,0,0
2025-11-15,BRAKE_PAD_FRONT,375.0,5040.0,12,0,894,3236,0,0
2025-11-16,BRAKE_PAD_FRONT,389.0,4651.0,12,0,891,0,0,0
2025-11-17,BRAKE_PAD_FRONT,359.0,4292.0,12,0,874,0,0,0
2025-11-18,BRAKE_PAD_FRONT,332.0,3960.0,12,0,785,0,0,0
2025-11-19,BRAKE_PAD_FRONT,406.0,3554.0,12,0,876,0,0,0
2025-11-20,BRAKE_PAD_FRONT,393.0,3161.0,12,0,886,0,0,0
2025-11-21,BRAKE_PAD_FRONT,377.0,2784.0,12,0,843,0,0,0
2025-11-22,BRAKE_PAD_FRONT,329.0,2455.0,12,0,815,0,0,0
2025-11-23,BRAKE_PAD_FRONT,443.0,2012.0,12,0,975,0,0,0
2025-11-24,BRAKE_PAD_FRONT,384.0,5040.0,12,0,875,3412,0,0
2025-11-25,BRAKE_PAD_FRONT,398.0,4642.0,12,0,972,0,0,0
2025-11-26,BRAKE_PAD_FRONT,394.0,4248.0,12,0,973,0,0,0
2025-11-27,BRAKE_PAD_FRONT,437.0,3811.0,12,0,1029,0,0,0
2025-11-28,BRAKE_PAD_FRONT,429.0,3382.0,12,0,1035,0,0,0
2025-11-29,BRAKE_PAD_FRONT,482.0,2900.0,12,0,1068,0,0,0
2025-11-30,BRAKE_PAD_FRONT,462.0,2438.0,12,0,1139,0,0,0
2025-12-01,BRAKE_PAD_FRONT,428.0,2010.0,12,0,1070,0,0,0
2025-12-02,BRAKE_PAD_FRONT,471.0,5040.0,12,0,1136,3501,0,0
2025-12-03,BRAKE_PAD_FRONT,448.0,4592.0,12,0,1093,0,0,0
2025-12-04,BRAKE_PAD_FRONT,468.0,4124.0,12,0,1114,0,0,0
2025-12-05,BRAKE_PAD_FRONT,486.0,3638.0,12,0,1123,0,0,0
2025-12-06,BRAKE_PAD_FRONT,446.0,3192.0,12,0,1125,0,0,0
2025-12-07,BRAKE_PAD_FRONT,498.0,2694.0,12,0,1188,0,0,0
2025-12-08,BRAKE_PAD_FRONT,417.0,2277.0,12,0,1077,0,0,0
2025-12-09,BRAKE_PAD_FRONT,421.0,5040.0,12,0,1050,3184,0,0
2025-12-10,BRAKE_PAD_FRONT,343.0,4697.0,12,0,984,0,1,0
2025-12-11,BRAKE_PAD_FRONT,384.0,4313.0,12,0,1014,0,1,0
2025-12-12,BRAKE_PAD_FRONT,345.0,3968.0,12,0,1062,0,1,0
2025-12-13,BRAKE_PAD_FRONT,379.0,3589.0,12,0,926,0,0,0
2025-12-14,BRAKE_PAD_FRONT,446.0,3143.0,12,0,982,0,0,0
2025-12-15,BRAKE_PAD_FRONT,396.0,2747.0,12,0,964,0,0,0
2025-12-16,BRAKE_PAD_FRONT,340.0,2407.0,12,0,884,0,0,0
2025-12-17,BRAKE_PAD_FRONT,389.0,2018.0,12,0,944,0,0,0
2025-12-18,BRAKE_PAD_FRONT,349.0,5040.0,12,0,923,3371,0,0
2025-12-19,BRAKE_PAD_FRONT,374.0,4666.0,12,0,901,0,0,0
2025-12-20,BRAKE_PAD_FRONT,379.0,4287.0,12,0,861,0,0,0
2025-12-21,BRAKE_PAD_FRONT,356.0,3931.0,12,0,886,0,0,0
2025-12-22,BRAKE_PAD_FRONT,405.0,3526.0,12,0,885,0,0,0
2025-12-23,BRAKE_PAD_FRONT,316.0,3210.0,17,1,818,0,0,0
2025-12-24,BRAKE_PAD_FRONT,356.0,2854.0,12,0,875,0,0,0
2025-12-25,BRAKE_PAD_FRONT,409.0,2445.0,12,0,996,0,0,0
2025-12-26,BRAKE_PAD_FRONT,423.0,2022.0,12,0,962,0,0,0
2025-12-27,BRAKE_PAD_FRONT,406.0,5040.0,12,0,943,3424,0,0
2025-12-28,BRAKE_PAD_FRONT,456.0,4584.0,12,0,1049,0,0,0
2025-12-29,BRAKE_PAD_FRONT,438.0,4146.0,12,0,1016,0,0,0
2025-12-30,BRAKE_PAD_FRONT,422.0,3724.0,12,0,1032,0,0,0
2025-12-31,BRAKE_PAD_FRONT,446.0,3278.0,12,0,1119,0,0,0
2026-01-01,BRAKE_PAD_FRONT,451.0,2827.0,12,0,1060,0,0,0
2026-01-02,BRAKE_PAD_FRONT,469.0,2358.0,12,0,1148,0,0,0
2026-01-03,BRAKE_PAD_FRONT,481.0,5040.0,12,0,1158,3163,0,0
2026-01-04,BRAKE_PAD_FRONT,530.0,4510.0,12,0,1276,0,0,0
2026-01-05,BRAKE_PAD_FRONT,491.0,4019.0,12,0,1116,0,0,0
2026-01-06,BRAKE_PAD_FRONT,461.0,3558.0,12,0,1169,0,0,0
2026-01-07,BRAKE_PAD_FRONT,441.0,3117.0,12,0,1054,0,0,0
2026-01-08,BRAKE_PAD_FRONT,492.0,2625.0,12,0,1123,0,0,0
2026-01-09,BRAKE_PAD_FRONT,409.0,2216.0,12,0,1079,0,0,0
2026-01-10,BRAKE_PAD_FRONT,346.0,5040.0,12,0,969,3170,1,0
2026-01-11,BRAKE_PAD_FRONT,373.0,4667.0,12,0,1054,0,1,0
2026-01-12,BRAKE_PAD_FRONT,353.0,4314.0,12,0,938,0,1,0
2026-01-13,BRAKE_PAD_FRONT,367.0,3947.0,12,0,911,0,0,0
2026-01-14,BRAKE_PAD_FRONT,406.0,3541.0,12,0,1017,0,0,0
2026-01-15,BRAKE_PAD_FRONT,373.0,3168.0,12,0,900,0,0,0
2026-01-16,BRAKE_PAD_FRONT,396.0,2772.0,12,0,912,0,0,0
2026-01-17,BRAKE_PAD_FRONT,358.0,2414.0,12,0,857,0,0,0
2026-01-18,BRAKE_PAD_FRONT,365.0,2049.0,12,0,860,0,0,0
2026-01-19,BRAKE_PAD_FRONT,348.0,5040.0,12,0,846,3339,0,0
2026-01-20,BRAKE_PAD_FRONT,358.0,4682.0,12,0,842,0,0,0
2026-01-21,BRAKE_PAD_FRONT,348.0,4334.0,12,0,922,0,0,0
2026-01-22,BRAKE_PAD_FRONT,380.0,3954.0,12,0,922,0,0,0
2026-01-23,BRAKE_PAD_FRONT,383.0,3571.0,12,0,859,0,0,0
2026-01-24,BRAKE_PAD_FRONT,450.0,3121.0,12,0,986,0,0,0
2026-01-25,BRAKE_PAD_FRONT,326.0,2795.0,12,0,867,0,0,0
2026-01-26,BRAKE_PAD_FRONT,423.0,2372.0,12,0,1032,0,0,0
2026-01-27,BRAKE_PAD_FRONT,397.0,5040.0,12,0,1020,3065,0,0
2026-01-28,BRAKE_PAD_FRONT,444.0,4596.0,12,0,998,0,0,0
2026-01-29,BRAKE_PAD_FRONT,411.0,4185.0,12,0,1087,0,0,0
2026-01-30,BRAKE_PAD_FRONT,463.0,3722.0,12,0,1159,0,0,0
2026-01-31,BRAKE_PAD_FRONT,418.0,3304.0,12,0,1044,0,0,0
2026-02-01,BRAKE_PAD_FRONT,479.0,2825.0,12,0,1131,0,0,0
2026-02-02,BRAKE_PAD_FRONT,442.0,2383.0,12,0,1137,0,0,0
2026-02-03,BRAKE_PAD_FRONT,464.0,5040.0,12,0,1157,3121,0,0
2026-02-04,BRAKE_PAD_FRONT,484.0,4556.0,12,0,1147,0,0,0
2026-02-05,BRAKE_PAD_FRONT,486.0,4070.0,12,0,1199,0,0,0
2026-02-06,BRAKE_PAD_FRONT,509.0,3561.0,12,0,1185,0,0,0
2026-02-07,BRAKE_PAD_FRONT,500.0,3061.0,12,0,1150,0,0,0
2026-02-08,BRAKE_PAD_FRONT,523.0,2538.0,12,0,1114,0,0,0
2026-02-09,BRAKE_PAD_FRONT,445.0,2093.0,12,0,1041,0,0,0
2026-02-10,BRAKE_PAD_FRONT,356.0,5040.0,12,0,964,3303,1,0
2026-02-11,BRAKE_PAD_FRONT,355.0,4685.0,12,0,939,0,1,0
2026-02-12,BRAKE_PAD_FRONT,331.0,4354.0,12,0,898,0,1,0
2026-02-13,BRAKE_PAD_FRONT,376.0,3978.0,12,0,894,0,0,0
2026-02-14,BRAKE_PAD_FRONT,356.0,3622.0,12,0,835,0,0,0
2026-02-15,BRAKE_PAD_FRONT,287.0,3335.0,12,0,771,0,0,0
2026-02-16,BRAKE_PAD_FRONT,321.0,3014.0,12,0,775,0,0,0
2026-02-17,BRAKE_PAD_FRONT,338.0,2676.0,12,0,838,0,0,0
2026-02-18,BRAKE_PAD_FRONT,383.0,2293.0,12,0,870,0,0,0
2026-02-19,BRAKE_PAD_FRONT,342.0,5040.0,12,0,906,3089,0,0
2026-02-20,BRAKE_PAD_FRONT,333.0,4707.0,12,0,832,0,0,0
2026-02-21,BRAKE_PAD_FRONT,402.0,4305.0,12,0,836,0,0,0
2026-02-22,BRAKE_PAD_FRONT,345.0,3960.0,12,0,887,0,0,0
2026-02-23,BRAKE_PAD_FRONT,437.0,3523.0,12,0,1001,0,0,0
2026-02-24,BRAKE_PAD_FRONT,429.0,3094.0,12,0,1037,0,0,0
2026-02-25,BRAKE_PAD_FRONT,409.0,2685.0,12,0,1085,0,0,0
2026-02-26,BRAKE_PAD_FRONT,462.0,2223.0,12,0,1054,0,0,0
2026-02-27,BRAKE_PAD_FRONT,460.0,5040.0,12,0,1081,3277,0,0
2026-02-28,BRAKE_PAD_FRONT,474.0,4566.0,12,0,1099,0,0,0
2026-03-01,BRAKE_PAD_FRONT,499.0,4067.0,12,0,1186,0,0,0
2026-03-02,BRAKE_PAD_FRONT,518.0,3549.0,12,0,1187,0,0,0
2026-03-03,BRAKE_PAD_FRONT,490.0,3059.0,12,0,1153,0,0,0
2026-03-04,BRAKE_PAD_FRONT,467.0,2592.0,12,0,1150,0,0,0
2026-03-05,BRAKE_PAD_FRONT,476.0,2116.0,12,0,1207,0,0,0
2026-03-06,BRAKE_PAD_FRONT,488.0,5040.0,12,0,1133,3412,0,0
2026-03-07,BRAKE_PAD_FRONT,507.0,4533.0,12,0,1134,0,0,0
2026-03-08,BRAKE_PAD_FRONT,495.0,4038.0,12,0,1166,0,0,0
2026-03-09,BRAKE_PAD_FRONT,444.0,3594.0,12,0,1086,0,0,0
2026-03-10,BRAKE_PAD_FRONT,351.0,3243.0,12,0,1068,0,1,0
2026-03-11,BRAKE_PAD_FRONT,365.0,2878.0,12,0,1038,0,1,0
2026-03-12,BRAKE_PAD_FRONT,346.0,2532.0,12,0,1018,0,1,0
2026-03-13,BRAKE_PAD_FRONT,382.0,2150.0,12,0,952,0,0,0
2026-03-14,BRAKE_PAD_FRONT,394.0,3234.0,17,1,909,1478,0,0
2026-03-15,BRAKE_PAD_FRONT,417.0,2817.0,12,0,928,0,0,0
2026-03-16,BRAKE_PAD_FRONT,419.0,2398.0,12,0,936,0,0,0
2026-03-17,BRAKE_PAD_FRONT,380.0,2018.0,12,0,886,0,0,0
2026-03-18,BRAKE_PAD_FRONT,363.0,5040.0,12,0,856,3385,0,0
2026-03-19,BRAKE_PAD_FRONT,361.0,4679.0,12,0,834,0,0,0
2026-03-20,BRAKE_PAD_FRONT,360.0,4319.0,12,0,832,0,0,0
2026-03-21,BRAKE_PAD_FRONT,357.0,3962.0,12,0,840,0,0,0
2026-03-22,BRAKE_PAD_FRONT,404.0,3558.0,17,1,878,0,0,0
2026-03-23,BRAKE_PAD_FRONT,332.0,3226.0,12,0,853,0,0,0
2026-03-24,BRAKE_PAD_FRONT,388.0,2838.0,12,0,948,0,0,0
2026-03-25,BRAKE_PAD_FRONT,357.0,2481.0,12,0,913,0,0,0
2026-03-26,BRAKE_PAD_FRONT,316.0,2165.0,12,0,857,0,0,0
2026-03-27,BRAKE_PAD_FRONT,435.0,5040.0,12,0,1043,3310,0,0
2026-03-28,BRAKE_PAD_FRONT,494.0,4546.0,12,0,1096,0,0,0
2026-03-29,BRAKE_PAD_FRONT,434.0,4112.0,12,0,1038,0,0,0
2026-03-30,BRAKE_PAD_FRONT,482.0,3630.0,12,0,1174,0,0,0
2026-03-31,BRAKE_PAD_FRONT,472.0,3158.0,12,0,1128,0,0,0
2026-04-01,BRAKE_PAD_FRONT,551.0,2607.0,12,0,1261,0,0,0
2026-04-02,BRAKE_PAD_FRONT,487.0,2120.0,12,0,1181,0,0,0
2026-04-03,BRAKE_PAD_FRONT,511.0,5040.0,12,0,1200,3431,0,0
2026-04-04,BRAKE_PAD_FRONT,454.0,4586.0,12,0,1067,0,0,0
2026-04-05,BRAKE_PAD_FRONT,470.0,4116.0,12,0,1139,0,0,0
2026-04-06,BRAKE_PAD_FRONT,452.0,3664.0,12,0,1100,0,0,0
2026-04-07,BRAKE_PAD_FRONT,492.0,3172.0,12,0,1220,0,0,0
2026-04-08,BRAKE_PAD_FRONT,500.0,2672.0,12,0,1190,0,0,0
2026-04-09,BRAKE_PAD_FRONT,460.0,2212.0,12,0,1106,0,0,0
2026-04-10,BRAKE_PAD_FRONT,366.0,5040.0,12,0,1003,3194,1,0
2026-04-11,BRAKE_PAD_FRONT,378.0,4662.0,12,0,996,0,1,0
2026-04-12,BRAKE_PAD_FRONT,354.0,4308.0,12,0,984,0,1,0
2026-04-13,BRAKE_PAD_FRONT,422.0,3886.0,12,0,1031,0,0,0
2026-04-14,BRAKE_PAD_FRONT,333.0,3553.0,12,0,816,0,0,0
2026-04-15,BRAKE_PAD_FRONT,378.0,3175.0,12,0,883,0,0,0
2026-04-16,BRAKE_PAD_FRONT,367.0,2808.0,12,0,842,0,0,0
2026-04-17,BRAKE_PAD_FRONT,394.0,2414.0,12,0,926,0,0,0
2026-04-18,BRAKE_PAD_FRONT,305.0,2109.0,12,0,756,0,0,0
2026-04-19,BRAKE_PAD_FRONT,364.0,5040.0,12,0,908,3295,0,0
2026-04-20,BRAKE_PAD_FRONT,344.0,4696.0,12,0,859,0,0,0
2026-04-21,BRAKE_PAD_FRONT,409.0,4287.0,12,0,969,0,0,0
2026-04-22,BRAKE_PAD_FRONT,390.0,3897.0,12,0,868,0,0,0
2026-04-23,BRAKE_PAD_FRONT,441.0,3456.0,12,0,995,0,0,0
2026-04-24,BRAKE_PAD_FRONT,404.0,3052.0,12,0,966,0,0,0
2026-04-25,BRAKE_PAD_FRONT,423.0,2629.0,12,0,959,0,0,0
2026-04-26,BRAKE_PAD_FRONT,451.0,2178.0,12,0,1078,0,0,0
2026-04-27,BRAKE_PAD_FRONT,373.0,5040.0,12,0,908,3235,0,0
2026-04-28,BRAKE_PAD_FRONT,395.0,4645.0,12,0,1006,0,0,0
2026-04-29,BRAKE_PAD_FRONT,472.0,4173.0,12,0,1063,0,0,0
2026-04-30,BRAKE_PAD_FRONT,458.0,3715.0,12,0,1081,0,0,0
2026-05-01,BRAKE_PAD_FRONT,493.0,3222.0,12,0,1175,0,0,0
2026-05-02,BRAKE_PAD_FRONT,444.0,2778.0,12,0,1058,0,0,0
2026-05-03,BRAKE_PAD_FRONT,512.0,2266.0,12,0,1163,0,0,0
2026-05-04,BRAKE_PAD_FRONT,473.0,5040.0,12,0,1150,3247,0,0
2026-05-05,BRAKE_PAD_FRONT,542.0,4498.0,12,0,1239,0,0,0
2026-05-06,BRAKE_PAD_FRONT,438.0,4060.0,12,0,1078,0,0,0
2026-05-07,BRAKE_PAD_FRONT,461.0,3599.0,17,1,1121,0,0,0
2026-05-08,BRAKE_PAD_FRONT,446.0,3153.0,12,0,1070,0,0,0
2026-05-09,BRAKE_PAD_FRONT,476.0,2677.0,12,0,1117,0,0,0
2026-05-10,BRAKE_PAD_FRONT,382.0,2295.0,12,0,1100,0,1,0
2026-05-11,BRAKE_PAD_FRONT,373.0,5040.0,12,0,1046,3118,1,0
2026-05-12,BRAKE_PAD_FRONT,324.0,4716.0,12,0,917,0,1,0
2026-05-13,BRAKE_PAD_FRONT,391.0,4325.0,17,1,876,0,0,0
2026-05-14,BRAKE_PAD_FRONT,444.0,3881.0,12,0,1005,0,0,0
2026-05-15,BRAKE_PAD_FRONT,341.0,3540.0,12,0,908,0,0,0
2026-05-16,BRAKE_PAD_FRONT,428.0,3112.0,12,0,951,0,0,0
2026-05-17,BRAKE_PAD_FRONT,378.0,2734.0,12,0,884,0,0,0
2026-05-18,BRAKE_PAD_FRONT,391.0,2343.0,12,0,957,0,0,0
2026-05-19,BRAKE_PAD_FRONT,339.0,2004.0,12,0,815,0,0,0
2026-05-20,BRAKE_PAD_FRONT,350.0,5040.0,12,0,917,3386,0,0
2026-05-21,BRAKE_PAD_FRONT,376.0,4664.0,12,0,893,0,0,0
2026-05-22,BRAKE_PAD_FRONT,399.0,4265.0,12,0,901,0,0,0
2026-05-23,BRAKE_PAD_FRONT,376.0,3889.0,12,0,874,0,0,0
2026-05-24,BRAKE_PAD_FRONT,358.0,3531.0,12,0,936,0,0,0
2026-05-25,BRAKE_PAD_FRONT,369.0,3162.0,12,0,963,0,0,0
2026-05-26,BRAKE_PAD_FRONT,426.0,2736.0,12,0,999,0,0,0
2026-05-27,BRAKE_PAD_FRONT,384.0,2352.0,12,0,983,0,0,0
2026-05-28,BRAKE_PAD_FRONT,463.0,5040.0,12,0,1128,3151,0,0
2026-05-29,BRAKE_PAD_FRONT,508.0,4532.0,12,0,1193,0,0,0
2026-05-30,BRAKE_PAD_FRONT,461.0,4071.0,12,0,1165,0,0,0
2026-05-31,BRAKE_PAD_FRONT,500.0,3571.0,12,0,1094,0,0,0
2026-06-01,BRAKE_PAD_FRONT,473.0,3098.0,12,0,1105,0,0,0
2026-06-02,BRAKE_PAD_FRONT,478.0,2620.0,12,0,1180,0,0,0
2026-06-03,BRAKE_PAD_FRONT,498.0,2122.0,12,0,1123,0,0,0
2026-06-04,BRAKE_PAD_FRONT,453.0,5040.0,12,0,1131,3371,0,0
2026-06-05,BRAKE_PAD_FRONT,536.0,4504.0,12,0,1223,0,0,0
2026-06-06,BRAKE_PAD_FRONT,436.0,4068.0,12,0,1113,0,0,0
2026-06-07,BRAKE_PAD_FRONT,414.0,3654.0,12,0,981,0,0,0
2026-06-08,BRAKE_PAD_FRONT,431.0,3223.0,12,0,1071,0,0,0
2026-06-09,BRAKE_PAD_FRONT,442.0,2781.0,12,0,1084,0,0,0
2026-06-10,BRAKE_PAD_FRONT,367.0,2414.0,12,0,1034,0,1,0
2026-06-11,BRAKE_PAD_FRONT,405.0,2009.0,12,0,1061,0,1,0
2026-06-12,BRAKE_PAD_FRONT,371.0,5040.0,12,0,958,3402,1,0
2026-06-13,BRAKE_PAD_FRONT,418.0,4622.0,17,1,926,0,0,0
2026-06-14,BRAKE_PAD_FRONT,318.0,4304.0,12,0,951,0,0,0
2026-06-15,BRAKE_PAD_FRONT,374.0,3930.0,12,0,892,0,0,0
2026-06-16,BRAKE_PAD_FRONT,387.0,3543.0,12,0,888,0,0,0
2026-06-17,BRAKE_PAD_FRONT,368.0,3175.0,12,0,837,0,0,0
2026-06-18,BRAKE_PAD_FRONT,393.0,2782.0,12,0,878,0,0,0
2026-06-19,BRAKE_PAD_FRONT,402.0,2380.0,12,0,908,0,0,0
2026-06-20,BRAKE_PAD_FRONT,392.0,1988.0,12,0,879,0,0,0
2026-06-21,BRAKE_PAD_FRONT,316.0,5040.0,12,0,857,3368,0,0
2026-06-22,BRAKE_PAD_FRONT,436.0,4604.0,12,0,944,0,0,0
2026-06-23,BRAKE_PAD_FRONT,394.0,4210.0,12,0,952,0,0,0
2026-06-24,BRAKE_PAD_FRONT,385.0,3825.0,12,0,933,0,0,0
2026-06-25,BRAKE_PAD_FRONT,412.0,3413.0,12,0,962,0,0,0
2026-06-26,BRAKE_PAD_FRONT,419.0,2994.0,12,0,981,0,0,0
2026-06-27,BRAKE_PAD_FRONT,469.0,2525.0,12,0,1088,0,0,0
2026-06-28,BRAKE_PAD_FRONT,546.0,5040.0,12,0,1167,3061,0,0
2026-06-29,BRAKE_PAD_FRONT,486.0,4554.0,12,0,1267,0,0,0
2026-06-30,BRAKE_PAD_FRONT,473.0,4081.0,12,0,1130,0,0,0
2026-07-01,BRAKE_PAD_FRONT,480.0,3601.0,12,0,1178,0,0,0
2026-07-02,BRAKE_PAD_FRONT,489.0,3112.0,12,0,1122,0,0,0
2026-07-03,BRAKE_PAD_FRONT,484.0,2628.0,12,0,1125,0,0,0
2026-07-04,BRAKE_PAD_FRONT,457.0,2171.0,12,0,1133,0,0,0
2026-07-05,BRAKE_PAD_FRONT,459.0,5040.0,12,0,1073,3328,0,0
2026-07-06,BRAKE_PAD_FRONT,489.0,4551.0,12,0,1068,0,0,0
2026-07-07,BRAKE_PAD_FRONT,394.0,4157.0,12,0,1057,0,0,0
2026-07-08,BRAKE_PAD_FRONT,489.0,3668.0,12,0,1115,0,0,0
2026-07-09,BRAKE_PAD_FRONT,396.0,3272.0,12,0,983,0,0,0
2026-07-10,BRAKE_PAD_FRONT,351.0,2921.0,12,0,989,0,1,0
2026-07-11,BRAKE_PAD_FRONT,415.0,2506.0,12,0,1074,0,1,0
2026-07-12,BRAKE_PAD_FRONT,295.0,2211.0,12,0,858,0,1,0
2026-07-13,BRAKE_PAD_FRONT,372.0,5040.0,12,0,989,3201,0,0
2026-07-14,BRAKE_PAD_FRONT,365.0,4675.0,12,0,823,0,0,0
2026-07-15,BRAKE_PAD_FRONT,371.0,4304.0,12,0,910,0,0,0
2026-07-16,BRAKE_PAD_FRONT,358.0,3946.0,12,0,893,0,0,0
2026-07-17,BRAKE_PAD_FRONT,341.0,3605.0,12,0,794,0,0,0
2026-07-18,BRAKE_PAD_FRONT,354.0,3251.0,12,0,837,0,0,0
2026-07-19,BRAKE_PAD_FRONT,383.0,2868.0,12,0,882,0,0,0
2026-07-20,BRAKE_PAD_FRONT,399.0,2469.0,12,0,921,0,0,0
2026-07-21,BRAKE_PAD_FRONT,372.0,2097.0,12,0,883,0,0,0
2026-07-22,BRAKE_PAD_FRONT,324.0,5040.0,12,0,854,3267,0,0
2026-07-23,BRAKE_PAD_FRONT,391.0,4649.0,12,0,953,0,0,0
2026-07-24,BRAKE_PAD_FRONT,421.0,4228.0,12,0,977,0,0,0
2026-07-25,BRAKE_PAD_FRONT,449.0,3779.0,12,0,1003,0,0,0
2026-07-26,BRAKE_PAD_FRONT,467.0,3312.0,12,0,1041,0,0,0
2026-07-27,BRAKE_PAD_FRONT,469.0,2843.0,12,0,1131,0,0,0
2026-07-28,BRAKE_PAD_FRONT,450.0,2393.0,17,1,1017,0,0,0
2026-07-29,BRAKE_PAD_FRONT,492.0,5040.0,12,0,1129,3139,0,0
2026-07-30,BRAKE_PAD_FRONT,515.0,4525.0,12,0,1176,0,0,0
2026-07-31,BRAKE_PAD_FRONT,520.0,4005.0,12,0,1174,0,0,0
2026-08-01,BRAKE_PAD_FRONT,453.0,3552.0,12,0,1086,0,0,0
2026-08-02,BRAKE_PAD_FRONT,493.0,3059.0,12,0,1108,0,0,0
2026-08-03,BRAKE_PAD_FRONT,470.0,2589.0,12,0,1205,0,0,0
2026-08-04,BRAKE_PAD_FRONT,446.0,2143.0,12,0,1063,0,0,0
2026-08-05,BRAKE_PAD_FRONT,487.0,5040.0,12,0,1087,3384,0,0
2026-08-06,BRAKE_PAD_FRONT,508.0,4532.0,17,1,1183,0,0,0
2026-08-07,BRAKE_PAD_FRONT,521.0,4011.0,17,1,1110,0,0,0
2026-08-08,BRAKE_PAD_FRONT,393.0,3618.0,12,0,984,0,0,0
2026-08-09,BRAKE_PAD_FRONT,441.0,3177.0,12,0,1078,0,0,0
2026-08-10,BRAKE_PAD_FRONT,338.0,2839.0,12,0,926,0,1,0
2026-08-11,BRAKE_PAD_FRONT,371.0,2468.0,12,0,1010,0,1,0
2026-08-12,BRAKE_PAD_FRONT,328.0,2140.0,12,0,927,0,1,0
2026-08-13,BRAKE_PAD_FRONT,364.0,5040.0,12,0,829,3264,0,0
2026-08-14,BRAKE_PAD_FRONT,384.0,4656.0,12,0,920,0,0,0
2026-08-15,BRAKE_PAD_FRONT,422.0,4234.0,12,0,935,0,0,0
2026-08-16,BRAKE_PAD_FRONT,395.0,3839.0,12,0,923,0,0,0
2026-08-17,BRAKE_PAD_FRONT,341.0,3498.0,12,0,870,0,0,0
2026-08-18,BRAKE_PAD_FRONT,334.0,3164.0,12,0,801,0,0,0
2026-08-19,BRAKE_PAD_FRONT,361.0,2803.0,12,0,853,0,0,0
2026-08-20,BRAKE_PAD_FRONT,414.0,2389.0,12,0,884,0,0,0
2026-08-21,BRAKE_PAD_FRONT,406.0,1983.0,12,0,935,0,0,0
2026-08-22,BRAKE_PAD_FRONT,376.0,5040.0,12,0,939,3433,0,0
2026-08-23,BRAKE_PAD_FRONT,414.0,4626.0,12,0,946,0,0,0
2026-08-24,BRAKE_PAD_FRONT,445.0,4181.0,12,0,1026,0,0,0
2026-08-25,BRAKE_PAD_FRONT,420.0,3761.0,12,0,1052,0,0,0
2026-08-26,BRAKE_PAD_FRONT,380.0,3381.0,12,0,1033,0,0,0
2026-08-27,BRAKE_PAD_FRONT,444.0,2937.0,12,0,1038,0,0,0
2026-08-28,BRAKE_PAD_FRONT,418.0,2519.0,12,0,1093,0,0,0
2026-08-29,BRAKE_PAD_FRONT,478.0,2041.0,12,0,1144,0,0,0
2026-08-30,BRAKE_PAD_FRONT,470.0,5040.0,12,0,1054,3469,0,0
2026-08-31,BRAKE_PAD_FRONT,538.0,4502.0,12,0,1162,0,0,0
2026-09-01,BRAKE_PAD_FRONT,434.0,4068.0,12,0,1086,0,0,0
2025-01-01,BRAKE_PAD_REAR,353.0,4147.0,14,0,948,0,0,0
2025-01-02,BRAKE_PAD_REAR,376.0,3771.0,14,0,1096,0,0,0
2025-01-03,BRAKE_PAD_REAR,395.0,3376.0,14,0,1085,0,0,0
2025-01-04,BRAKE_PAD_REAR,398.0,2978.0,14,0,1102,0,0,0
2025-01-05,BRAKE_PAD_REAR,437.0,2541.0,14,0,1102,0,0,0
2025-01-06,BRAKE_PAD_REAR,415.0,2126.0,14,0,1139,0,0,0
2025-01-07,BRAKE_PAD_REAR,408.0,4320.0,14,0,1110,2602,0,0
2025-01-08,BRAKE_PAD_REAR,406.0,3914.0,14,0,1128,0,0,0
2025-01-09,BRAKE_PAD_REAR,401.0,3513.0,14,0,1101,0,0,0
2025-01-10,BRAKE_PAD_REAR,362.0,3151.0,14,0,1191,0,1,0
2025-01-11,BRAKE_PAD_REAR,345.0,2806.0,14,0,1106,0,1,0
2025-01-12,BRAKE_PAD_REAR,346.0,2460.0,14,0,1136,0,1,0
2025-01-13,BRAKE_PAD_REAR,454.0,2006.0,14,0,1138,0,0,0
2025-01-14,BRAKE_PAD_REAR,399.0,4320.0,14,0,1099,2713,0,0
2025-01-15,BRAKE_PAD_REAR,358.0,3962.0,14,0,1070,0,0,0
2025-01-16,BRAKE_PAD_REAR,310.0,3652.0,14,0,948,0,0,0
2025-01-17,BRAKE_PAD_REAR,319.0,3333.0,14,0,896,0,0,0
2025-01-18,BRAKE_PAD_REAR,299.0,3034.0,14,0,904,0,0,0
2025-01-19,BRAKE_PAD_REAR,327.0,2707.0,14,0,936,0,0,0
2025-01-20,BRAKE_PAD_REAR,313.0,2394.0,14,0,906,0,0,0
2025-01-21,BRAKE_PAD_REAR,279.0,2115.0,14,0,771,0,0,0
2025-01-22,BRAKE_PAD_REAR,299.0,1816.0,14,0,831,0,0,0
2025-01-23,BRAKE_PAD_REAR,344.0,4320.0,14,0,875,2848,0,0
2025-01-24,BRAKE_PAD_REAR,332.0,3988.0,14,0,886,0,0,0
2025-01-25,BRAKE_PAD_REAR,333.0,3655.0,14,0,860,0,0,0
2025-01-26,BRAKE_PAD_REAR,318.0,3337.0,19,1,825,0,0,0
2025-01-27,BRAKE_PAD_REAR,295.0,3042.0,14,0,904,0,0,0
2025-01-28,BRAKE_PAD_REAR,293.0,2749.0,14,0,798,0,0,0
2025-01-29,BRAKE_PAD_REAR,311.0,2438.0,14,0,910,0,0,0
2025-01-30,BRAKE_PAD_REAR,317.0,2121.0,14,0,952,0,0,0
2025-01-31,BRAKE_PAD_REAR,341.0,4320.0,14,0,895,2540,0,0
2025-02-01,BRAKE_PAD_REAR,371.0,3949.0,14,0,982,0,0,0
2025-02-02,BRAKE_PAD_REAR,385.0,3564.0,14,0,1062,0,0,0
2025-02-03,BRAKE_PAD_REAR,418.0,3146.0,14,0,1067,0,0,0
2025-02-04,BRAKE_PAD_REAR,418.0,2728.0,14,0,1184,0,0,0
2025-02-05,BRAKE_PAD_REAR,376.0,2352.0,14,0,1130,0,0,0
2025-02-06,BRAKE_PAD_REAR,370.0,1982.0,14,0,1055,0,0,0
2025-02-07,BRAKE_PAD_REAR,394.0,4320.0,14,0,1075,2732,0,0
2025-02-08,BRAKE_PAD_REAR,381.0,3939.0,14,0,1108,0,0,0
2025-02-09,BRAKE_PAD_REAR,387.0,3552.0,14,0,1055,0,0,0
2025-02-10,BRAKE_PAD_REAR,367.0,3185.0,14,0,1113,0,1,0
2025-02-11,BRAKE_PAD_REAR,339.0,2846.0,14,0,1141,0,1,0
2025-02-12,BRAKE_PAD_REAR,324.0,2522.0,14,0,1091,0,1,0
2025-02-13,BRAKE_PAD_REAR,387.0,2135.0,14,0,1056,0,0,0
2025-02-14,BRAKE_PAD_REAR,353.0,4320.0,14,0,965,2538,0,0
2025-02-15,BRAKE_PAD_REAR,350.0,3970.0,14,0,990,0,0,0
2025-02-16,BRAKE_PAD_REAR,347.0,3623.0,14,0,935,0,0,0
2025-02-17,BRAKE_PAD_REAR,326.0,3297.0,14,0,914,0,0,0
2025-02-18,BRAKE_PAD_REAR,324.0,2973.0,14,0,884,0,0,0
2025-02-19,BRAKE_PAD_REAR,333.0,2640.0,14,0,889,0,0,0
2025-02-20,BRAKE_PAD_REAR,316.0,2324.0,14,0,840,0,0,0
2025-02-21,BRAKE_PAD_REAR,313.0,2011.0,14,0,877,0,0,0
2025-02-22,BRAKE_PAD_REAR,311.0,4320.0,14,0,857,2620,0,0
2025-02-23,BRAKE_PAD_REAR,256.0,4064.0,14,0,760,0,0,0
2025-02-24,BRAKE_PAD_REAR,298.0,3766.0,14,0,871,0,0,0
2025-02-25,BRAKE_PAD_REAR,314.0,3452.0,14,0,774,0,0,0
2025-02-26,BRAKE_PAD_REAR,331.0,3121.0,14,0,878,0,0,0
2025-02-27,BRAKE_PAD_REAR,345.0,2776.0,14,0,913,0,0,0
2025-02-28,BRAKE_PAD_REAR,344.0,2432.0,14,0,963,0,0,0
2025-03-01,BRAKE_PAD_REAR,337.0,2095.0,14,0,952,0,0,0
2025-03-02,BRAKE_PAD_REAR,408.0,4320.0,14,0,1062,2633,0,0
2025-03-03,BRAKE_PAD_REAR,389.0,3931.0,14,0,1055,0,0,0
2025-03-04,BRAKE_PAD_REAR,361.0,3570.0,14,0,1028,0,0,0
2025-03-05,BRAKE_PAD_REAR,399.0,3171.0,14,0,1082,0,0,0
2025-03-06,BRAKE_PAD_REAR,385.0,2786.0,14,0,1055,0,0,0
2025-03-07,BRAKE_PAD_REAR,442.0,2344.0,14,0,1147,0,0,0
2025-03-08,BRAKE_PAD_REAR,413.0,1931.0,14,0,1183,0,0,0
2025-03-09,BRAKE_PAD_REAR,432.0,4320.0,14,0,1138,2821,0,0
2025-03-10,BRAKE_PAD_REAR,379.0,3941.0,14,0,1198,0,1,0
2025-03-11,BRAKE_PAD_REAR,370.0,3571.0,14,0,1184,0,1,0
2025-03-12,BRAKE_PAD_REAR,341.0,3230.0,19,1,1160,0,1,0
2025-03-13,BRAKE_PAD_REAR,375.0,2855.0,14,0,1078,0,0,0
2025-03-14,BRAKE_PAD_REAR,372.0,2483.0,14,0,1015,0,0,0
2025-03-15,BRAKE_PAD_REAR,355.0,2128.0,14,0,994,0,0,0
2025-03-16,BRAKE_PAD_REAR,350.0,4320.0,14,0,1040,2542,0,0
2025-03-17,BRAKE_PAD_REAR,365.0,3955.0,14,0,1026,0,0,0
2025-03-18,BRAKE_PAD_REAR,348.0,3607.0,14,0,953,0,0,0
2025-03-19,BRAKE_PAD_REAR,383.0,3224.0,14,0,1019,0,0,0
2025-03-20,BRAKE_PAD_REAR,246.0,2978.0,14,0,786,0,0,0
2025-03-21,BRAKE_PAD_REAR,387.0,2591.0,14,0,1010,0,0,0
2025-03-22,BRAKE_PAD_REAR,326.0,2265.0,14,0,924,0,0,0
2025-03-23,BRAKE_PAD_REAR,286.0,1979.0,14,0,815,0,0,0
2025-03-24,BRAKE_PAD_REAR,275.0,4320.0,14,0,810,2616,0,0
2025-03-25,BRAKE_PAD_REAR,289.0,4031.0,14,0,834,0,0,0
2025-03-26,BRAKE_PAD_REAR,296.0,3735.0,14,0,833,0,0,0
2025-03-27,BRAKE_PAD_REAR,315.0,3420.0,14,0,852,0,0,0
2025-03-28,BRAKE_PAD_REAR,306.0,3114.0,14,0,837,0,0,0
2025-03-29,BRAKE_PAD_REAR,322.0,2792.0,14,0,822,0,0,0
2025-03-30,BRAKE_PAD_REAR,328.0,2464.0,14,0,899,0,0,0
2025-03-31,BRAKE_PAD_REAR,315.0,2149.0,14,0,898,0,0,0
2025-04-01,BRAKE_PAD_REAR,387.0,4320.0,14,0,1081,2558,0,0
2025-04-02,BRAKE_PAD_REAR,399.0,3921.0,14,0,1095,0,0,0
2025-04-03,BRAKE_PAD_REAR,379.0,3542.0,14,0,1116,0,0,0
2025-04-04,BRAKE_PAD_REAR,372.0,3170.0,14,0,1015,0,0,0
2025-04-05,BRAKE_PAD_REAR,394.0,2776.0,14,0,1165,0,0,0
2025-04-06,BRAKE_PAD_REAR,374.0,2402.0,14,0,1012,0,0,0
2025-04-07,BRAKE_PAD_REAR,388.0,2014.0,14,0,1149,0,0,0
2025-04-08,BRAKE_PAD_REAR,411.0,4320.0,14,0,1109,2717,0,0
2025-04-09,BRAKE_PAD_REAR,391.0,3929.0,14,0,1111,0,0,0
2025-04-10,BRAKE_PAD_REAR,341.0,3588.0,14,0,1127,0,1,0
2025-04-11,BRAKE_PAD_REAR,332.0,3256.0,14,0,1070,0,1,0
2025-04-12,BRAKE_PAD_REAR,342.0,2914.0,14,0,1047,0,1,0
2025-04-13,BRAKE_PAD_REAR,385.0,2529.0,14,0,1095,0,0,0
2025-04-14,BRAKE_PAD_REAR,358.0,2171.0,14,0,978,0,0,0
2025-04-15,BRAKE_PAD_REAR,369.0,1802.0,14,0,986,0,0,0
2025-04-16,BRAKE_PAD_REAR,310.0,4320.0,14,0,910,2828,0,0
2025-04-17,BRAKE_PAD_REAR,406.0,3914.0,14,0,1047,0,0,0
2025-04-18,BRAKE_PAD_REAR,316.0,3598.0,14,0,939,0,0,0
2025-04-19,BRAKE_PAD_REAR,330.0,3268.0,14,0,929,0,0,0
2025-04-20,BRAKE_PAD_REAR,373.0,2895.0,14,0,969,0,0,0
2025-04-21,BRAKE_PAD_REAR,278.0,2617.0,14,0,791,0,0,0
2025-04-22,BRAKE_PAD_REAR,313.0,2304.0,14,0,893,0,0,0
2025-04-23,BRAKE_PAD_REAR,308.0,1996.0,14,0,892,0,0,0
2025-04-24,BRAKE_PAD_REAR,292.0,4320.0,14,0,816,2616,0,0
2025-04-25,BRAKE_PAD_REAR,332.0,3988.0,14,0,927,0,0,0
2025-04-26,BRAKE_PAD_REAR,313.0,3675.0,14,0,900,0,0,0
2025-04-27,BRAKE_PAD_REAR,329.0,3346.0,14,0,903,0,0,0
2025-04-28,BRAKE_PAD_REAR,346.0,3000.0,14,0,985,0,0,0
2025-04-29,BRAKE_PAD_REAR,327.0,2673.0,14,0,932,0,0,0
2025-04-30,BRAKE_PAD_REAR,382.0,2291.0,14,0,1045,0,0,0
2025-05-01,BRAKE_PAD_REAR,364.0,1927.0,14,0,1037,0,0,0
2025-05-02,BRAKE_PAD_REAR,361.0,4320.0,14,0,1027,2754,0,0
2025-05-03,BRAKE_PAD_REAR,370.0,3950.0,14,0,1008,0,0,0
2025-05-04,BRAKE_PAD_REAR,449.0,3501.0,14,0,1139,0,0,0
2025-05-05,BRAKE_PAD_REAR,429.0,3072.0,14,0,1167,0,0,0
2025-05-06,BRAKE_PAD_REAR,371.0,2701.0,14,0,1102,0,0,0
2025-05-07,BRAKE_PAD_REAR,405.0,2296.0,14,0,1128,0,0,0
2025-05-08,BRAKE_PAD_REAR,432.0,1864.0,14,0,1094,0,0,0
2025-05-09,BRAKE_PAD_REAR,428.0,4320.0,14,0,1165,2884,0,0
2025-05-10,BRAKE_PAD_REAR,333.0,3987.0,14,0,1252,0,1,0
2025-05-11,BRAKE_PAD_REAR,383.0,3604.0,14,0,1263,0,1,0
2025-05-12,BRAKE_PAD_REAR,328.0,3276.0,14,0,1055,0,1,0
2025-05-13,BRAKE_PAD_REAR,375.0,2901.0,14,0,985,0,0,0
2025-05-14,BRAKE_PAD_REAR,364.0,2537.0,14,0,1019,0,0,0
2025-05-15,BRAKE_PAD_REAR,344.0,2193.0,14,0,1014,0,0,0
2025-05-16,BRAKE_PAD_REAR,350.0,1843.0,14,0,1026,0,0,0
2025-05-17,BRAKE_PAD_REAR,315.0,4320.0,14,0,922,2792,0,0
2025-05-18,BRAKE_PAD_REAR,340.0,3980.0,14,0,948,0,0,0
2025-05-19,BRAKE_PAD_REAR,303.0,3677.0,14,0,851,0,0,0
2025-05-20,BRAKE_PAD_REAR,330.0,3347.0,14,0,881,0,0,0
2025-05-21,BRAKE_PAD_REAR,320.0,3027.0,14,0,872,0,0,0
2025-05-22,BRAKE_PAD_REAR,361.0,2666.0,14,0,961,0,0,0
2025-05-23,BRAKE_PAD_REAR,329.0,2337.0,14,0,857,0,0,0
2025-05-24,BRAKE_PAD_REAR,305.0,2032.0,14,0,858,0,0,0
2025-05-25,BRAKE_PAD_REAR,304.0,4320.0,14,0,809,2592,0,0
2025-05-26,BRAKE_PAD_REAR,299.0,4021.0,14,0,879,0,0,0
2025-05-27,BRAKE_PAD_REAR,281.0,3740.0,14,0,886,0,0,0
2025-05-28,BRAKE_PAD_REAR,287.0,3453.0,14,0,841,0,0,0
2025-05-29,BRAKE_PAD_REAR,341.0,3112.0,14,0,953,0,0,0
2025-05-30,BRAKE_PAD_REAR,372.0,2740.0,14,0,1039,0,0,0
2025-05-31,BRAKE_PAD_REAR,361.0,2379.0,14,0,997,0,0,0
2025-06-01,BRAKE_PAD_REAR,357.0,2022.0,14,0,1038,0,0,0
2025-06-02,BRAKE_PAD_REAR,426.0,4320.0,14,0,1116,2724,0,0
2025-06-03,BRAKE_PAD_REAR,386.0,3934.0,14,0,1113,0,0,0
2025-06-04,BRAKE_PAD_REAR,432.0,3502.0,14,0,1206,0,0,0
2025-06-05,BRAKE_PAD_REAR,412.0,3090.0,14,0,1137,0,0,0
2025-06-06,BRAKE_PAD_REAR,432.0,2658.0,14,0,1109,0,0,0
2025-06-07,BRAKE_PAD_REAR,387.0,2271.0,14,0,1144,0,0,0
2025-06-08,BRAKE_PAD_REAR,421.0,1850.0,14,0,1156,0,0,0
2025-06-09,BRAKE_PAD_REAR,363.0,4320.0,14,0,1062,2833,0,0
2025-06-10,BRAKE_PAD_REAR,377.0,3943.0,14,0,1132,0,1,0
2025-06-11,BRAKE_PAD_REAR,353.0,3590.0,14,0,1120,0,1,0
2025-06-12,BRAKE_PAD_REAR,361.0,3229.0,14,0,1159,0,1,0
2025-06-13,BRAKE_PAD_REAR,413.0,2816.0,14,0,1122,0,0,0
2025-06-14,BRAKE_PAD_REAR,386.0,2430.0,14,0,1015,0,0,0
2025-06-15,BRAKE_PAD_REAR,371.0,2059.0,14,0,1067,0,0,0
2025-06-16,BRAKE_PAD_REAR,316.0,4320.0,14,0,924,2577,0,0
2025-06-17,BRAKE_PAD_REAR,343.0,3977.0,14,0,980,0,0,0
2025-06-18,BRAKE_PAD_REAR,386.0,3591.0,14,0,990,0,0,0
2025-06-19,BRAKE_PAD_REAR,354.0,3237.0,14,0,904,0,0,0
2025-06-20,BRAKE_PAD_REAR,313.0,2924.0,14,0,919,0,0,0
2025-06-21,BRAKE_PAD_REAR,264.0,2660.0,14,0,779,0,0,0
2025-06-22,BRAKE_PAD_REAR,254.0,2406.0,14,0,788,0,0,0
2025-06-23,BRAKE_PAD_REAR,297.0,2109.0,14,0,802,0,0,0
2025-06-24,BRAKE_PAD_REAR,294.0,1815.0,14,0,838,0,0,0
2025-06-25,BRAKE_PAD_REAR,302.0,4320.0,14,0,867,2807,0,0
2025-06-26,BRAKE_PAD_REAR,328.0,3992.0,14,0,858,0,0,0
2025-06-27,BRAKE_PAD_REAR,321.0,3671.0,14,0,950,0,0,0
2025-06-28,BRAKE_PAD_REAR,317.0,3354.0,14,0,931,0,0,0
2025-06-29,BRAKE_PAD_REAR,344.0,3010.0,19,1,961,0,0,0
2025-06-30,BRAKE_PAD_REAR,360.0,2650.0,14,0,977,0,0,0
2025-07-01,BRAKE_PAD_REAR,402.0,2248.0,14,0,1073,0,0,0
2025-07-02,BRAKE_PAD_REAR,452.0,4320.0,14,0,1140,2524,0,0
2025-07-03,BRAKE_PAD_REAR,429.0,3891.0,14,0,1149,0,0,0
2025-07-04,BRAKE_PAD_REAR,404.0,3487.0,14,0,1147,0,0,0
2025-07-05,BRAKE_PAD_REAR,377.0,3110.0,14,0,1082,0,0,0
2025-07-06,BRAKE_PAD_REAR,429.0,2681.0,14,0,1168,0,0,0
2025-07-07,BRAKE_PAD_REAR,392.0,2289.0,14,0,1079,0,0,0
2025-07-08,BRAKE_PAD_REAR,410.0,1879.0,14,0,1157,0,0,0
2025-07-09,BRAKE_PAD_REAR,421.0,4320.0,14,0,1160,2862,0,0
2025-07-10,BRAKE_PAD_REAR,370.0,3950.0,14,0,1241,0,1,0
2025-07-11,BRAKE_PAD_REAR,340.0,3610.0,14,0,1205,0,1,0
2025-07-12,BRAKE_PAD_REAR,289.0,3321.0,14,0,1051,0,1,0
2025-07-13,BRAKE_PAD_REAR,397.0,2924.0,14,0,1043,0,0,0
2025-07-14,BRAKE_PAD_REAR,367.0,2557.0,14,0,1063,0,0,0
2025-07-15,BRAKE_PAD_REAR,383.0,2174.0,14,0,1044,0,0,0
2025-07-16,BRAKE_PAD_REAR,375.0,4320.0,14,0,990,2521,0,0
2025-07-17,BRAKE_PAD_REAR,359.0,3961.0,14,0,1028,0,0,0
2025-07-18,BRAKE_PAD_REAR,319.0,3642.0,14,0,904,0,0,0
2025-07-19,BRAKE_PAD_REAR,350.0,3292.0,14,0,921,0,0,0
2025-07-20,BRAKE_PAD_REAR,311.0,2981.0,14,0,889,0,0,0
2025-07-21,BRAKE_PAD_REAR,331.0,2650.0,19,1,829,0,0,0
2025-07-22,BRAKE_PAD_REAR,344.0,2306.0,14,0,949,0,0,0
2025-07-23,BRAKE_PAD_REAR,268.0,2038.0,14,0,783,0,0,0
2025-07-24,BRAKE_PAD_REAR,345.0,4320.0,14,0,939,2627,0,0
2025-07-25,BRAKE_PAD_REAR,309.0,4011.0,14,0,826,0,0,0
2025-07-26,BRAKE_PAD_REAR,352.0,3659.0,14,0,940,0,0,0
2025-07-27,BRAKE_PAD_REAR,334.0,3325.0,14,0,879,0,0,0
2025-07-28,BRAKE_PAD_REAR,339.0,2986.0,14,0,956,0,0,0
2025-07-29,BRAKE_PAD_REAR,350.0,2636.0,14,0,1020,0,0,0
2025-07-30,BRAKE_PAD_REAR,345.0,2291.0,14,0,1030,0,0,0
2025-07-31,BRAKE_PAD_REAR,392.0,1899.0,14,0,1099,0,0,0
2025-08-01,BRAKE_PAD_REAR,355.0,4320.0,14,0,1030,2776,0,0
2025-08-02,BRAKE_PAD_REAR,422.0,3898.0,14,0,1124,0,0,0
2025-08-03,BRAKE_PAD_REAR,355.0,3543.0,14,0,1081,0,0,0
2025-08-04,BRAKE_PAD_REAR,387.0,3156.0,14,0,1051,0,0,0
2025-08-05,BRAKE_PAD_REAR,428.0,2728.0,14,0,1160,0,0,0
2025-08-06,BRAKE_PAD_REAR,430.0,2298.0,14,0,1164,0,0,0
2025-08-07,BRAKE_PAD_REAR,408.0,1890.0,14,0,1101,0,0,0
2025-08-08,BRAKE_PAD_REAR,443.0,4320.0,14,0,1214,2873,0,0
2025-08-09,BRAKE_PAD_REAR,367.0,3953.0,14,0,1069,0,0,0
2025-08-10,BRAKE_PAD_REAR,337.0,3616.0,14,0,1128,0,1,0
2025-08-11,BRAKE_PAD_REAR,354.0,3262.0,14,0,1126,0,1,0
2025-08-12,BRAKE_PAD_REAR,298.0,2964.0,14,0,1020,0,1,0
2025-08-13,BRAKE_PAD_REAR,401.0,2563.0,14,0,1021,0,0,0
2025-08-14,BRAKE_PAD_REAR,380.0,2183.0,14,0,987,0,0,0
2025-08-15,BRAKE_PAD_REAR,349.0,1834.0,14,0,991,0,0,0
2025-08-16,BRAKE_PAD_REAR,322.0,4320.0,14,0,892,2808,0,0
2025-08-17,BRAKE_PAD_REAR,319.0,4001.0,14,0,825,0,0,0
2025-08-18,BRAKE_PAD_REAR,305.0,3696.0,14,0,896,0,0,0
2025-08-19,BRAKE_PAD_REAR,295.0,3401.0,14,0,824,0,0,0
2025-08-20,BRAKE_PAD_REAR,281.0,3120.0,14,0,773,0,0,0
2025-08-21,BRAKE_PAD_REAR,279.0,2841.0,14,0,828,0,0,0
2025-08-22,BRAKE_PAD_REAR,334.0,2507.0,14,0,905,0,0,0
2025-08-23,BRAKE_PAD_REAR,305.0,2202.0,14,0,870,0,0,0
2025-08-24,BRAKE_PAD_REAR,335.0,1867.0,14,0,860,0,0,0
2025-08-25,BRAKE_PAD_REAR,313.0,4320.0,14,0,827,2766,0,0
2025-08-26,BRAKE_PAD_REAR,348.0,3972.0,14,0,1006,0,0,0
2025-08-27,BRAKE_PAD_REAR,380.0,3592.0,14,0,1003,0,0,0
2025-08-28,BRAKE_PAD_REAR,373.0,3219.0,14,0,1008,0,0,0
2025-08-29,BRAKE_PAD_REAR,374.0,2845.0,14,0,1050,0,0,0
2025-08-30,BRAKE_PAD_REAR,347.0,2498.0,14,0,953,0,0,0
2025-08-31,BRAKE_PAD_REAR,368.0,2130.0,19,1,1015,0,0,0
2025-09-01,BRAKE_PAD_REAR,397.0,4320.0,14,0,1060,2587,0,0
2025-09-02,BRAKE_PAD_REAR,425.0,3895.0,14,0,1112,0,0,0
2025-09-03,BRAKE_PAD_REAR,363.0,3532.0,14,0,1131,0,0,0
2025-09-04,BRAKE_PAD_REAR,434.0,3098.0,14,0,1194,0,0,0
2025-09-05,BRAKE_PAD_REAR,433.0,2665.0,14,0,1192,0,0,0
2025-09-06,BRAKE_PAD_REAR,417.0,2248.0,14,0,1136,0,0,0
2025-09-07,BRAKE_PAD_REAR,463.0,4320.0,14,0,1213,2535,0,0
2025-09-08,BRAKE_PAD_REAR,457.0,3863.0,14,0,1149,0,0,0
2025-09-09,BRAKE_PAD_REAR,415.0,3448.0,14,0,1194,0,0,0
2025-09-10,BRAKE_PAD_REAR,362.0,3086.0,14,0,1198,0,1,0
2025-09-11,BRAKE_PAD_REAR,272.0,2814.0,19,1,953,0,1,0
2025-09-12,BRAKE_PAD_REAR,354.0,2460.0,14,0,1052,0,1,0
2025-09-13,BRAKE_PAD_REAR,352.0,2108.0,14,0,1028,0,0,0
2025-09-14,BRAKE_PAD_REAR,380.0,4320.0,14,0,1046,2592,0,0
2025-09-15,BRAKE_PAD_REAR,317.0,4003.0,14,0,907,0,0,0
2025-09-16,BRAKE_PAD_REAR,304.0,3699.0,14,0,866,0,0,0
2025-09-17,BRAKE_PAD_REAR,327.0,3372.0,14,0,894,0,0,0
2025-09-18,BRAKE_PAD_REAR,326.0,3046.0,14,0,928,0,0,0
2025-09-19,BRAKE_PAD_REAR,306.0,2740.0,14,0,893,0,0,0
2025-09-20,BRAKE_PAD_REAR,309.0,2431.0,14,0,898,0,0,0
2025-09-21,BRAKE_PAD_REAR,306.0,2125.0,14,0,875,0,0,0
2025-09-22,BRAKE_PAD_REAR,291.0,1834.0,14,0,829,0,0,0
2025-09-23,BRAKE_PAD_REAR,350.0,4320.0,14,0,925,2836,0,0
2025-09-24,BRAKE_PAD_REAR,299.0,4021.0,14,0,914,0,0,0
2025-09-25,BRAKE_PAD_REAR,298.0,3723.0,14,0,865,0,0,0
2025-09-26,BRAKE_PAD_REAR,395.0,3328.0,14,0,988,0,0,0
2025-09-27,BRAKE_PAD_REAR,364.0,2964.0,14,0,931,0,0,0
2025-09-28,BRAKE_PAD_REAR,378.0,2586.0,14,0,988,0,0,0
2025-09-29,BRAKE_PAD_REAR,359.0,2227.0,14,0,1028,0,0,0
2025-09-30,BRAKE_PAD_REAR,327.0,1900.0,14,0,943,0,0,0
2025-10-01,BRAKE_PAD_REAR,346.0,4320.0,14,0,1034,2766,0,0
2025-10-02,BRAKE_PAD_REAR,408.0,3912.0,14,0,1152,0,0,0
2025-10-03,BRAKE_PAD_REAR,419.0,3493.0,14,0,1127,0,0,0
2025-10-04,BRAKE_PAD_REAR,424.0,3069.0,14,0,1152,0,0,0
2025-10-05,BRAKE_PAD_REAR,419.0,2650.0,14,0,1117,0,0,0
2025-10-06,BRAKE_PAD_REAR,434.0,2216.0,14,0,1184,0,0,0
2025-10-07,BRAKE_PAD_REAR,424.0,4320.0,14,0,1206,2528,0,0
2025-10-08,BRAKE_PAD_REAR,374.0,3946.0,14,0,1055,0,0,0
2025-10-09,BRAKE_PAD_REAR,416.0,3530.0,14,0,1185,0,0,0
2025-10-10,BRAKE_PAD_REAR,323.0,3207.0,14,0,1057,0,1,0
2025-10-11,BRAKE_PAD_REAR,302.0,2905.0,14,0,997,0,1,0
2025-10-12,BRAKE_PAD_REAR,382.0,2523.0,14,0,1155,0,1,0
2025-10-13,BRAKE_PAD_REAR,378.0,2145.0,14,0,1070,0,0,0
2025-10-14,BRAKE_PAD_REAR,332.0,1813.0,14,0,923,0,0,0
2025-10-15,BRAKE_PAD_REAR,380.0,4320.0,14,0,940,2887,0,0
2025-10-16,BRAKE_PAD_REAR,312.0,4008.0,14,0,899,0,0,0
2025-10-17,BRAKE_PAD_REAR,315.0,3693.0,14,0,875,0,0,0
2025-10-18,BRAKE_PAD_REAR,317.0,3376.0,14,0,869,0,0,0
2025-10-19,BRAKE_PAD_REAR,326.0,3050.0,14,0,893,0,0,0
2025-10-20,BRAKE_PAD_REAR,332.0,2718.0,14,0,839,0,0,1
2025-10-21,BRAKE_PAD_REAR,326.0,2392.0,14,0,843,0,0,1
2025-10-22,BRAKE_PAD_REAR,324.0,2068.0,14,0,859,0,0,1
2025-10-23,BRAKE_PAD_REAR,385.0,4320.0,14,0,908,2637,0,1
2025-10-24,BRAKE_PAD_REAR,299.0,4021.0,14,0,858,0,0,1
2025-10-25,BRAKE_PAD_REAR,353.0,3668.0,14,0,953,0,0,1
2025-10-26,BRAKE_PAD_REAR,358.0,3310.0,14,0,956,0,0,1
2025-10-27,BRAKE_PAD_REAR,351.0,2959.0,14,0,945,0,0,1
2025-10-28,BRAKE_PAD_REAR,402.0,2557.0,14,0,997,0,0,1
2025-10-29,BRAKE_PAD_REAR,436.0,2121.0,14,0,1074,0,0,1
2025-10-30,BRAKE_PAD_REAR,384.0,4320.0,14,0,1030,2583,0,1
2025-10-31,BRAKE_PAD_REAR,401.0,3919.0,14,0,1107,0,0,0
2025-11-01,BRAKE_PAD_REAR,365.0,3554.0,19,1,1088,0,0,0
2025-11-02,BRAKE_PAD_REAR,414.0,3140.0,14,0,1202,0,0,0
2025-11-03,BRAKE_PAD_REAR,410.0,2730.0,14,0,1092,0,0,0
2025-11-04,BRAKE_PAD_REAR,391.0,2339.0,14,0,1092,0,0,0
2025-11-05,BRAKE_PAD_REAR,429.0,1910.0,14,0,1103,0,0,0
2025-11-06,BRAKE_PAD_REAR,403.0,4320.0,14,0,1073,2813,0,0
2025-11-07,BRAKE_PAD_REAR,428.0,3892.0,14,0,1141,0,0,0
2025-11-08,BRAKE_PAD_REAR,407.0,3485.0,14,0,1162,0,0,0
2025-11-09,BRAKE_PAD_REAR,360.0,3125.0,14,0,1065,0,0,0
2025-11-10,BRAKE_PAD_REAR,341.0,2784.0,14,0,1127,0,1,0
2025-11-11,BRAKE_PAD_REAR,356.0,2428.0,14,0,1049,0,1,0
2025-11-12,BRAKE_PAD_REAR,324.0,2104.0,14,0,1078,0,1,0
2025-11-13,BRAKE_PAD_REAR,390.0,4320.0,14,0,994,2606,0,0
2025-11-14,BRAKE_PAD_REAR,364.0,3956.0,14,0,1020,0,0,0
2025-11-15,BRAKE_PAD_REAR,311.0,3645.0,14,0,874,0,0,0
2025-11-16,BRAKE_PAD_REAR,290.0,3355.0,14,0,936,0,0,0
2025-11-17,BRAKE_PAD_REAR,273.0,3082.0,14,0,790,0,0,0
2025-11-18,BRAKE_PAD_REAR,290.0,2792.0,14,0,867,0,0,0
2025-11-19,BRAKE_PAD_REAR,279.0,2513.0,14,0,804,0,0,0
2025-11-20,BRAKE_PAD_REAR,278.0,2235.0,14,0,821,0,0,0
2025-11-21,BRAKE_PAD_REAR,317.0,1918.0,14,0,839,0,0,0
2025-11-22,BRAKE_PAD_REAR,290.0,4320.0,14,0,862,2692,0,0
2025-11-23,BRAKE_PAD_REAR,297.0,4023.0,14,0,886,0,0,0
2025-11-24,BRAKE_PAD_REAR,312.0,3711.0,14,0,908,0,0,0
2025-11-25,BRAKE_PAD_REAR,310.0,3401.0,14,0,933,0,0,0
2025-11-26,BRAKE_PAD_REAR,327.0,3074.0,14,0,929,0,0,0
2025-11-27,BRAKE_PAD_REAR,345.0,2729.0,14,0,989,0,0,0
2025-11-28,BRAKE_PAD_REAR,374.0,2355.0,14,0,1056,0,0,0
2025-11-29,BRAKE_PAD_REAR,394.0,1961.0,14,0,1076,0,0,0
2025-11-30,BRAKE_PAD_REAR,371.0,4320.0,14,0,1012,2730,0,0
2025-12-01,BRAKE_PAD_REAR,395.0,3925.0,14,0,1114,0,0,0
2025-12-02,BRAKE_PAD_REAR,429.0,3496.0,14,0,1099,0,0,0
2025-12-03,BRAKE_PAD_REAR,418.0,3078.0,14,0,1108,0,0,0
2025-12-04,BRAKE_PAD_REAR,426.0,2652.0,14,0,1145,0,0,0
2025-12-05,BRAKE_PAD_REAR,403.0,2249.0,14,0,1121,0,0,0
2025-12-06,BRAKE_PAD_REAR,378.0,1871.0,14,0,1082,0,0,0
2025-12-07,BRAKE_PAD_REAR,437.0,4320.0,14,0,1176,2886,0,0
2025-12-08,BRAKE_PAD_REAR,441.0,3879.0,14,0,1133,0,0,0
2025-12-09,BRAKE_PAD_REAR,407.0,3472.0,14,0,1109,0,0,0
2025-12-10,BRAKE_PAD_REAR,318.0,3154.0,14,0,1085,0,1,0
2025-12-11,BRAKE_PAD_REAR,330.0,2824.0,14,0,980,0,1,0
2025-12-12,BRAKE_PAD_REAR,275.0,2549.0,14,0,892,0,1,0
2025-12-13,BRAKE_PAD_REAR,393.0,2156.0,14,0,1019,0,0,0
2025-12-14,BRAKE_PAD_REAR,340.0,1816.0,14,0,949,0,0,0
2025-12-15,BRAKE_PAD_REAR,350.0,4320.0,14,0,938,2854,0,0
2025-12-16,BRAKE_PAD_REAR,299.0,4021.0,14,0,885,0,0,0
2025-12-17,BRAKE_PAD_REAR,271.0,3750.0,14,0,851,0,0,0
2025-12-18,BRAKE_PAD_REAR,283.0,3467.0,14,0,818,0,0,0
2025-12-19,BRAKE_PAD_REAR,341.0,3126.0,14,0,911,0,0,0
2025-12-20,BRAKE_PAD_REAR,360.0,2766.0,14,0,993,0,0,0
2025-12-21,BRAKE_PAD_REAR,296.0,2470.0,14,0,900,0,0,0
2025-12-22,BRAKE_PAD_REAR,334.0,2136.0,14,0,872,0,0,0
2025-12-23,BRAKE_PAD_REAR,312.0,1824.0,19,1,860,0,0,0
2025-12-24,BRAKE_PAD_REAR,310.0,4320.0,14,0,905,2806,0,0
2025-12-25,BRAKE_PAD_REAR,335.0,3985.0,14,0,953,0,0,0
2025-12-26,BRAKE_PAD_REAR,373.0,3612.0,14,0,1002,0,0,0
2025-12-27,BRAKE_PAD_REAR,325.0,3287.0,14,0,948,0,0,0
2025-12-28,BRAKE_PAD_REAR,396.0,2891.0,14,0,1036,0,0,0
2025-12-29,BRAKE_PAD_REAR,415.0,2476.0,14,0,1100,0,0,0
2025-12-30,BRAKE_PAD_REAR,418.0,2058.0,14,0,1075,0,0,0
2025-12-31,BRAKE_PAD_REAR,415.0,4320.0,14,0,1103,2677,0,0
2026-01-01,BRAKE_PAD_REAR,414.0,3906.0,14,0,1137,0,0,0
2026-01-02,BRAKE_PAD_REAR,383.0,3523.0,14,0,1142,0,0,0
2026-01-03,BRAKE_PAD_REAR,364.0,3159.0,14,0,1120,0,0,0
2026-01-04,BRAKE_PAD_REAR,446.0,2713.0,14,0,1193,0,0,0
2026-01-05,BRAKE_PAD_REAR,410.0,2303.0,14,0,1162,0,0,0
2026-01-06,BRAKE_PAD_REAR,410.0,1893.0,14,0,1092,0,0,0
2026-01-07,BRAKE_PAD_REAR,378.0,4320.0,14,0,1109,2805,0,0
2026-01-08,BRAKE_PAD_REAR,394.0,3926.0,14,0,1098,0,0,0
2026-01-09,BRAKE_PAD_REAR,383.0,3543.0,14,0,1049,0,0,0
2026-01-10,BRAKE_PAD_REAR,338.0,3205.0,14,0,1059,0,1,0
2026-01-11,BRAKE_PAD_REAR,302.0,2903.0,14,0,1080,0,1,0
2026-01-12,BRAKE_PAD_REAR,309.0,2594.0,14,0,968,0,1,0
2026-01-13,BRAKE_PAD_REAR,383.0,2211.0,14,0,1000,0,0,0
2026-01-14,BRAKE_PAD_REAR,347.0,1864.0,14,0,929,0,0,0
2026-01-15,BRAKE_PAD_REAR,341.0,4320.0,14,0,897,2797,0,0
2026-01-16,BRAKE_PAD_REAR,319.0,4001.0,14,0,892,0,0,0
2026-01-17,BRAKE_PAD_REAR,305.0,3696.0,14,0,776,0,0,0
2026-01-18,BRAKE_PAD_REAR,268.0,3428.0,14,0,789,0,0,0
2026-01-19,BRAKE_PAD_REAR,290.0,3138.0,14,0,828,0,0,0
2026-01-20,BRAKE_PAD_REAR,340.0,2798.0,14,0,890,0,0,0
2026-01-21,BRAKE_PAD_REAR,319.0,2479.0,14,0,814,0,0,0
2026-01-22,BRAKE_PAD_REAR,334.0,2145.0,14,0,966,0,0,0
2026-01-23,BRAKE_PAD_REAR,311.0,1834.0,14,0,863,0,0,0
2026-01-24,BRAKE_PAD_REAR,344.0,4320.0,14,0,981,2830,0,0
2026-01-25,BRAKE_PAD_REAR,337.0,3983.0,14,0,967,0,0,0
2026-01-26,BRAKE_PAD_REAR,376.0,3607.0,14,0,1037,0,0,0
2026-01-27,BRAKE_PAD_REAR,389.0,3218.0,14,0,1049,0,0,0
2026-01-28,BRAKE_PAD_REAR,371.0,2847.0,14,0,1019,0,0,0
2026-01-29,BRAKE_PAD_REAR,390.0,2457.0,14,0,1066,0,0,0
2026-01-30,BRAKE_PAD_REAR,444.0,2013.0,14,0,1166,0,0,0
2026-01-31,BRAKE_PAD_REAR,397.0,4320.0,14,0,1131,2704,0,0
2026-02-01,BRAKE_PAD_REAR,406.0,3914.0,14,0,1093,0,0,0
2026-02-02,BRAKE_PAD_REAR,432.0,3482.0,14,0,1248,0,0,0
2026-02-03,BRAKE_PAD_REAR,442.0,3040.0,14,0,1187,0,0,0
2026-02-04,BRAKE_PAD_REAR,406.0,2634.0,14,0,1138,0,0,0
2026-02-05,BRAKE_PAD_REAR,381.0,2253.0,14,0,1011,0,0,0
2026-02-06,BRAKE_PAD_REAR,429.0,1824.0,14,0,1171,0,0,0
2026-02-07,BRAKE_PAD_REAR,375.0,4320.0,14,0,975,2871,0,0
2026-02-08,BRAKE_PAD_REAR,407.0,3913.0,14,0,1142,0,0,0
2026-02-09,BRAKE_PAD_REAR,348.0,3565.0,19,1,966,0,0,0
2026-02-10,BRAKE_PAD_REAR,330.0,3235.0,14,0,1078,0,1,0
2026-02-11,BRAKE_PAD_REAR,309.0,2926.0,14,0,972,0,1,0
2026-02-12,BRAKE_PAD_REAR,301.0,2625.0,14,0,903,0,1,0
2026-02-13,BRAKE_PAD_REAR,264.0,2361.0,14,0,830,0,0,0
2026-02-14,BRAKE_PAD_REAR,309.0,2052.0,14,0,859,0,0,0
2026-02-15,BRAKE_PAD_REAR,291.0,4320.0,14,0,804,2559,0,0
2026-02-16,BRAKE_PAD_REAR,304.0,4016.0,14,0,847,0,0,0
2026-02-17,BRAKE_PAD_REAR,292.0,3724.0,14,0,822,0,0,0
2026-02-18,BRAKE_PAD_REAR,332.0,3392.0,14,0,832,0,0,0
2026-02-19,BRAKE_PAD_REAR,275.0,3117.0,14,0,775,0,0,0
2026-02-20,BRAKE_PAD_REAR,293.0,2824.0,14,0,799,0,0,0
2026-02-21,BRAKE_PAD_REAR,335.0,2489.0,14,0,845,0,0,0
2026-02-22,BRAKE_PAD_REAR,316.0,2173.0,14,0,920,0,0,0
2026-02-23,BRAKE_PAD_REAR,336.0,1837.0,14,0,925,0,0,0
2026-02-24,BRAKE_PAD_REAR,354.0,4320.0,14,0,984,2837,0,0
2026-02-25,BRAKE_PAD_REAR,362.0,3958.0,14,0,942,0,0,0
2026-02-26,BRAKE_PAD_REAR,387.0,3571.0,14,0,1043,0,0,0
2026-02-27,BRAKE_PAD_REAR,388.0,3183.0,14,0,1050,0,0,0
2026-02-28,BRAKE_PAD_REAR,395.0,2788.0,14,0,1133,0,0,0
2026-03-01,BRAKE_PAD_REAR,406.0,2382.0,14,0,1123,0,0,0
2026-03-02,BRAKE_PAD_REAR,413.0,1969.0,14,0,1136,0,0,0
2026-03-03,BRAKE_PAD_REAR,411.0,4320.0,14,0,1180,2762,0,0
2026-03-04,BRAKE_PAD_REAR,401.0,3919.0,14,0,1141,0,0,0
2026-03-05,BRAKE_PAD_REAR,393.0,3526.0,19,1,1068,0,0,0
2026-03-06,BRAKE_PAD_REAR,416.0,3110.0,14,0,1135,0,0,0
2026-03-07,BRAKE_PAD_REAR,411.0,2699.0,14,0,1200,0,0,0
2026-03-08,BRAKE_PAD_REAR,378.0,2321.0,14,0,1107,0,0,0
2026-03-09,BRAKE_PAD_REAR,361.0,1960.0,14,0,1121,0,0,0
2026-03-10,BRAKE_PAD_REAR,326.0,4320.0,14,0,1082,2686,1,0
2026-03-11,BRAKE_PAD_REAR,300.0,4020.0,14,0,999,0,1,0
2026-03-12,BRAKE_PAD_REAR,295.0,3725.0,14,0,985,0,1,0
2026-03-13,BRAKE_PAD_REAR,339.0,3386.0,14,0,1028,0,0,0
2026-03-14,BRAKE_PAD_REAR,353.0,3033.0,14,0,999,0,0,0
2026-03-15,BRAKE_PAD_REAR,317.0,2716.0,14,0,906,0,0,0
2026-03-16,BRAKE_PAD_REAR,324.0,2392.0,14,0,914,0,0,0
2026-03-17,BRAKE_PAD_REAR,270.0,2122.0,14,0,759,0,0,0
2026-03-18,BRAKE_PAD_REAR,331.0,4320.0,14,0,891,2529,0,0
2026-03-19,BRAKE_PAD_REAR,289.0,4031.0,14,0,850,0,0,0
2026-03-20,BRAKE_PAD_REAR,273.0,3758.0,14,0,792,0,0,0
2026-03-21,BRAKE_PAD_REAR,322.0,3436.0,14,0,929,0,0,0
2026-03-22,BRAKE_PAD_REAR,307.0,3129.0,14,0,857,0,0,0
2026-03-23,BRAKE_PAD_REAR,300.0,2829.0,19,1,902,0,0,0
2026-03-24,BRAKE_PAD_REAR,300.0,2529.0,14,0,804,0,0,0
2026-03-25,BRAKE_PAD_REAR,331.0,2198.0,14,0,921,0,0,0
2026-03-26,BRAKE_PAD_REAR,392.0,1806.0,14,0,1037,0,0,0
2026-03-27,BRAKE_PAD_REAR,360.0,2739.0,19,1,940,1293,0,0
2026-03-28,BRAKE_PAD_REAR,351.0,2388.0,14,0,1045,0,0,0
2026-03-29,BRAKE_PAD_REAR,381.0,2007.0,14,0,1157,0,0,0
2026-03-30,BRAKE_PAD_REAR,366.0,4320.0,14,0,1071,2679,0,0
2026-03-31,BRAKE_PAD_REAR,420.0,3900.0,19,1,1239,0,0,0
2026-04-01,BRAKE_PAD_REAR,423.0,3477.0,14,0,1131,0,0,0
2026-04-02,BRAKE_PAD_REAR,375.0,3102.0,14,0,1098,0,0,0
2026-04-03,BRAKE_PAD_REAR,458.0,2644.0,14,0,1279,0,0,0
2026-04-04,BRAKE_PAD_REAR,395.0,2249.0,14,0,1135,0,0,0
2026-04-05,BRAKE_PAD_REAR,387.0,1862.0,14,0,1103,0,0,0
2026-04-06,BRAKE_PAD_REAR,385.0,4320.0,14,0,1023,2843,0,0
2026-04-07,BRAKE_PAD_REAR,417.0,3903.0,14,0,1099,0,0,0
2026-04-08,BRAKE_PAD_REAR,366.0,3537.0,14,0,1049,0,0,0
2026-04-09,BRAKE_PAD_REAR,388.0,3149.0,14,0,1090,0,0,0
2026-04-10,BRAKE_PAD_REAR,331.0,2818.0,14,0,1072,0,1,0
2026-04-11,BRAKE_PAD_REAR,309.0,2509.0,14,0,1037,0,1,0
2026-04-12,BRAKE_PAD_REAR,314.0,2195.0,14,0,1049,0,1,0
2026-04-13,BRAKE_PAD_REAR,328.0,1867.0,14,0,906,0,0,0
2026-04-14,BRAKE_PAD_REAR,332.0,4320.0,14,0,904,2785,0,0
2026-04-15,BRAKE_PAD_REAR,342.0,3978.0,14,0,886,0,0,0
2026-04-16,BRAKE_PAD_REAR,323.0,3655.0,14,0,897,0,0,0
2026-04-17,BRAKE_PAD_REAR,339.0,3316.0,14,0,892,0,0,0
2026-04-18,BRAKE_PAD_REAR,358.0,2958.0,14,0,897,0,0,0
2026-04-19,BRAKE_PAD_REAR,293.0,2665.0,14,0,824,0,0,0
2026-04-20,BRAKE_PAD_REAR,327.0,2338.0,14,0,839,0,0,0
2026-04-21,BRAKE_PAD_REAR,269.0,2069.0,19,1,819,0,0,0
2026-04-22,BRAKE_PAD_REAR,311.0,4320.0,14,0,920,2562,0,0
2026-04-23,BRAKE_PAD_REAR,322.0,3998.0,14,0,922,0,0,0
2026-04-24,BRAKE_PAD_REAR,327.0,3671.0,14,0,948,0,0,0
2026-04-25,BRAKE_PAD_REAR,341.0,3330.0,19,1,919,0,0,0
2026-04-26,BRAKE_PAD_REAR,381.0,2949.0,14,0,1073,0,0,0
2026-04-27,BRAKE_PAD_REAR,375.0,2574.0,14,0,1090,0,0,0
2026-04-28,BRAKE_PAD_REAR,358.0,2216.0,19,1,1024,0,0,0
2026-04-29,BRAKE_PAD_REAR,406.0,1810.0,14,0,1050,0,0,0
2026-04-30,BRAKE_PAD_REAR,366.0,4320.0,14,0,1046,2876,0,0
2026-05-01,BRAKE_PAD_REAR,419.0,3901.0,14,0,1147,0,0,0
2026-05-02,BRAKE_PAD_REAR,403.0,3498.0,14,0,1128,0,0,0
2026-05-03,BRAKE_PAD_REAR,439.0,3059.0,14,0,1175,0,0,0
2026-05-04,BRAKE_PAD_REAR,363.0,2696.0,14,0,1079,0,0,0
2026-05-05,BRAKE_PAD_REAR,398.0,2298.0,14,0,1140,0,0,0
2026-05-06,BRAKE_PAD_REAR,369.0,1929.0,14,0,1075,0,0,0
2026-05-07,BRAKE_PAD_REAR,407.0,4320.0,14,0,1047,2798,0,0
2026-05-08,BRAKE_PAD_REAR,413.0,3907.0,14,0,1082,0,0,0
2026-05-09,BRAKE_PAD_REAR,387.0,3520.0,14,0,1105,0,0,0
2026-05-10,BRAKE_PAD_REAR,311.0,3209.0,14,0,1054,0,1,0
2026-05-11,BRAKE_PAD_REAR,336.0,2873.0,14,0,1072,0,1,0
2026-05-12,BRAKE_PAD_REAR,255.0,2618.0,14,0,872,0,1,0
2026-05-13,BRAKE_PAD_REAR,330.0,2288.0,14,0,930,0,0,0
2026-05-14,BRAKE_PAD_REAR,364.0,1924.0,14,0,1000,0,0,0
2026-05-15,BRAKE_PAD_REAR,280.0,4320.0,14,0,838,2676,0,0
2026-05-16,BRAKE_PAD_REAR,290.0,4030.0,14,0,786,0,0,0
2026-05-17,BRAKE_PAD_REAR,318.0,3712.0,14,0,809,0,0,0
2026-05-18,BRAKE_PAD_REAR,338.0,3374.0,14,0,949,0,0,0
2026-05-19,BRAKE_PAD_REAR,284.0,3090.0,14,0,888,0,0,0
2026-05-20,BRAKE_PAD_REAR,326.0,2764.0,14,0,931,0,0,0
2026-05-21,BRAKE_PAD_REAR,287.0,2477.0,14,0,852,0,0,0
2026-05-22,BRAKE_PAD_REAR,319.0,2158.0,14,0,874,0,0,0
2026-05-23,BRAKE_PAD_REAR,348.0,1810.0,14,0,931,0,0,0
2026-05-24,BRAKE_PAD_REAR,365.0,4320.0,14,0,992,2875,0,0
2026-05-25,BRAKE_PAD_REAR,414.0,3906.0,14,0,1016,0,0,0
2026-05-26,BRAKE_PAD_REAR,366.0,3540.0,14,0,1061,0,0,0
2026-05-27,BRAKE_PAD_REAR,376.0,3164.0,14,0,1018,0,0,0
2026-05-28,BRAKE_PAD_REAR,344.0,2820.0,14,0,1026,0,0,0
2026-05-29,BRAKE_PAD_REAR,347.0,2473.0,14,0,1007,0,0,0
2026-05-30,BRAKE_PAD_REAR,364.0,2109.0,14,0,1049,0,0,0
2026-05-31,BRAKE_PAD_REAR,397.0,4320.0,14,0,1130,2608,0,0
2026-06-01,BRAKE_PAD_REAR,438.0,3882.0,14,0,1142,0,0,0
2026-06-02,BRAKE_PAD_REAR,413.0,3469.0,14,0,1157,0,0,0
2026-06-03,BRAKE_PAD_REAR,446.0,3023.0,14,0,1173,0,0,0
2026-06-04,BRAKE_PAD_REAR,383.0,2640.0,14,0,1048,0,0,0
2026-06-05,BRAKE_PAD_REAR,383.0,2257.0,14,0,1129,0,0,0
2026-06-06,BRAKE_PAD_REAR,383.0,1874.0,14,0,1152,0,0,0
2026-06-07,BRAKE_PAD_REAR,405.0,4320.0,14,0,1131,2851,0,0
2026-06-08,BRAKE_PAD_REAR,387.0,3933.0,14,0,1015,0,0,0
2026-06-09,BRAKE_PAD_REAR,331.0,3602.0,14,0,950,0,0,0
2026-06-10,BRAKE_PAD_REAR,317.0,3285.0,14,0,999,0,1,0
2026-06-11,BRAKE_PAD_REAR,323.0,2962.0,14,0,1023,0,1,0
2026-06-12,BRAKE_PAD_REAR,268.0,2694.0,14,0,953,0,1,0
2026-06-13,BRAKE_PAD_REAR,307.0,2387.0,14,0,860,0,0,0
2026-06-14,BRAKE_PAD_REAR,325.0,2062.0,14,0,900,0,0,0
2026-06-15,BRAKE_PAD_REAR,286.0,4320.0,14,0,826,2544,0,0
2026-06-16,BRAKE_PAD_REAR,285.0,4035.0,14,0,801,0,0,0
2026-06-17,BRAKE_PAD_REAR,314.0,3721.0,14,0,892,0,0,0
2026-06-18,BRAKE_PAD_REAR,363.0,3358.0,14,0,944,0,0,0
2026-06-19,BRAKE_PAD_REAR,332.0,3026.0,14,0,940,0,0,0
2026-06-20,BRAKE_PAD_REAR,326.0,2700.0,14,0,941,0,0,0
2026-06-21,BRAKE_PAD_REAR,296.0,2404.0,14,0,869,0,0,0
2026-06-22,BRAKE_PAD_REAR,348.0,2056.0,14,0,967,0,0,0
2026-06-23,BRAKE_PAD_REAR,291.0,4320.0,14,0,867,2555,0,0
2026-06-24,BRAKE_PAD_REAR,347.0,3973.0,14,0,910,0,0,0
2026-06-25,BRAKE_PAD_REAR,366.0,3607.0,14,0,1022,0,0,0
2026-06-26,BRAKE_PAD_REAR,355.0,3252.0,14,0,1014,0,0,0
2026-06-27,BRAKE_PAD_REAR,382.0,2870.0,14,0,1103,0,0,0
2026-06-28,BRAKE_PAD_REAR,353.0,2517.0,14,0,1053,0,0,0
2026-06-29,BRAKE_PAD_REAR,373.0,2144.0,14,0,1088,0,0,0
2026-06-30,BRAKE_PAD_REAR,418.0,4320.0,14,0,1196,2594,0,0
2026-07-01,BRAKE_PAD_REAR,391.0,3929.0,14,0,1121,0,0,0
2026-07-02,BRAKE_PAD_REAR,399.0,3530.0,14,0,1142,0,0,0
2026-07-03,BRAKE_PAD_REAR,456.0,3074.0,14,0,1216,0,0,0
2026-07-04,BRAKE_PAD_REAR,370.0,2704.0,14,0,1077,0,0,0
2026-07-05,BRAKE_PAD_REAR,387.0,2317.0,14,0,1063,0,0,0
2026-07-06,BRAKE_PAD_REAR,417.0,1900.0,14,0,1114,0,0,0
2026-07-07,BRAKE_PAD_REAR,445.0,4320.0,14,0,1162,2865,0,0
2026-07-08,BRAKE_PAD_REAR,386.0,3934.0,14,0,1155,0,0,0
2026-07-09,BRAKE_PAD_REAR,383.0,3551.0,14,0,962,0,0,0
2026-07-10,BRAKE_PAD_REAR,297.0,3254.0,14,0,1001,0,1,0
2026-07-11,BRAKE_PAD_REAR,302.0,2952.0,14,0,935,0,1,0
2026-07-12,BRAKE_PAD_REAR,297.0,2655.0,14,0,934,0,1,0
2026-07-13,BRAKE_PAD_REAR,323.0,2332.0,14,0,953,0,0,0
2026-07-14,BRAKE_PAD_REAR,321.0,2011.0,14,0,845,0,0,0
2026-07-15,BRAKE_PAD_REAR,309.0,4320.0,14,0,851,2618,0,0
2026-07-16,BRAKE_PAD_REAR,309.0,4011.0,14,0,843,0,0,0
2026-07-17,BRAKE_PAD_REAR,290.0,3721.0,14,0,840,0,0,0
2026-07-18,BRAKE_PAD_REAR,322.0,3399.0,14,0,882,0,0,0
2026-07-19,BRAKE_PAD_REAR,357.0,3042.0,14,0,897,0,0,0
2026-07-20,BRAKE_PAD_REAR,319.0,2723.0,14,0,889,0,0,0
2026-07-21,BRAKE_PAD_REAR,329.0,2394.0,14,0,850,0,0,0
2026-07-22,BRAKE_PAD_REAR,317.0,2077.0,14,0,861,0,0,0
2026-07-23,BRAKE_PAD_REAR,340.0,4320.0,14,0,985,2583,0,0
2026-07-24,BRAKE_PAD_REAR,334.0,3986.0,14,0,988,0,0,0
2026-07-25,BRAKE_PAD_REAR,377.0,3609.0,14,0,1097,0,0,0
2026-07-26,BRAKE_PAD_REAR,328.0,3281.0,14,0,1019,0,0,0
2026-07-27,BRAKE_PAD_REAR,408.0,2873.0,14,0,1120,0,0,0
2026-07-28,BRAKE_PAD_REAR,382.0,2491.0,14,0,1054,0,0,0
2026-07-29,BRAKE_PAD_REAR,389.0,2102.0,14,0,1076,0,0,0
2026-07-30,BRAKE_PAD_REAR,410.0,4320.0,14,0,1139,2628,0,0
2026-07-31,BRAKE_PAD_REAR,398.0,3922.0,14,0,1074,0,0,0
2026-08-01,BRAKE_PAD_REAR,402.0,3520.0,14,0,1116,0,0,0
2026-08-02,BRAKE_PAD_REAR,378.0,3142.0,14,0,1138,0,0,0
2026-08-03,BRAKE_PAD_REAR,432.0,2710.0,14,0,1109,0,0,0
2026-08-04,BRAKE_PAD_REAR,456.0,2254.0,14,0,1244,0,0,0
2026-08-05,BRAKE_PAD_REAR,420.0,1834.0,14,0,1152,0,0,0
2026-08-06,BRAKE_PAD_REAR,418.0,4320.0,14,0,1134,2904,0,0
2026-08-07,BRAKE_PAD_REAR,356.0,3964.0,19,1,1015,0,0,0
2026-08-08,BRAKE_PAD_REAR,342.0,3622.0,14,0,972,0,0,0
2026-08-09,BRAKE_PAD_REAR,365.0,3257.0,14,0,987,0,0,0
2026-08-10,BRAKE_PAD_REAR,283.0,2974.0,14,0,978,0,1,0
2026-08-11,BRAKE_PAD_REAR,293.0,2681.0,14,0,983,0,1,0
2026-08-12,BRAKE_PAD_REAR,267.0,2414.0,14,0,903,0,1,0
2026-08-13,BRAKE_PAD_REAR,321.0,2093.0,14,0,860,0,0,0
2026-08-14,BRAKE_PAD_REAR,342.0,4320.0,14,0,890,2569,0,0
2026-08-15,BRAKE_PAD_REAR,354.0,3966.0,14,0,955,0,0,0
2026-08-16,BRAKE_PAD_REAR,286.0,3680.0,14,0,826,0,0,0
2026-08-17,BRAKE_PAD_REAR,257.0,3423.0,14,0,777,0,0,0
2026-08-18,BRAKE_PAD_REAR,337.0,3086.0,14,0,879,0,0,0
2026-08-19,BRAKE_PAD_REAR,358.0,2728.0,14,0,933,0,0,0
2026-08-20,BRAKE_PAD_REAR,333.0,2395.0,14,0,889,0,0,0
2026-08-21,BRAKE_PAD_REAR,309.0,2086.0,14,0,867,0,0,0
2026-08-22,BRAKE_PAD_REAR,340.0,4320.0,14,0,926,2574,0,0
2026-08-23,BRAKE_PAD_REAR,318.0,4002.0,14,0,900,0,0,0
2026-08-24,BRAKE_PAD_REAR,290.0,3712.0,14,0,962,0,0,0
2026-08-25,BRAKE_PAD_REAR,345.0,3367.0,14,0,989,0,0,0
2026-08-26,BRAKE_PAD_REAR,398.0,2969.0,14,0,1080,0,0,0
2026-08-27,BRAKE_PAD_REAR,392.0,2577.0,14,0,1139,0,0,0
2026-08-28,BRAKE_PAD_REAR,400.0,2177.0,14,0,1133,0,0,0
2026-08-29,BRAKE_PAD_REAR,366.0,1811.0,14,0,1090,0,0,0
2026-08-30,BRAKE_PAD_REAR,400.0,4320.0,14,0,1088,2909,0,0
2026-08-31,BRAKE_PAD_REAR,401.0,3919.0,14,0,1160,0,0,0
2026-09-01,BRAKE_PAD_REAR,382.0,3537.0,14,0,1100,0,0,0
2025-01-01,OIL_FILTER,640.0,6960.0,8,0,970,0,0,0
2025-01-02,OIL_FILTER,753.0,6207.0,8,0,1108,0,0,0
2025-01-03,OIL_FILTER,659.0,5548.0,8,0,1058,0,0,0
2025-01-04,OIL_FILTER,690.0,4858.0,8,0,1040,0,0,0
2025-01-05,OIL_FILTER,767.0,4091.0,8,0,1204,0,0,0
2025-01-06,OIL_FILTER,708.0,3383.0,8,0,1085,0,0,0
2025-01-07,OIL_FILTER,744.0,7800.0,8,0,1143,5161,0,0
2025-01-08,OIL_FILTER,749.0,7051.0,13,1,1089,0,0,0
2025-01-09,OIL_FILTER,745.0,6306.0,8,0,1172,0,0,0
2025-01-10,OIL_FILTER,648.0,5658.0,8,0,1146,0,1,0
2025-01-11,OIL_FILTER,579.0,5079.0,8,0,1125,0,1,0
2025-01-12,OIL_FILTER,621.0,4458.0,8,0,1075,0,1,0
2025-01-13,OIL_FILTER,727.0,3731.0,8,0,1093,0,0,0
2025-01-14,OIL_FILTER,729.0,3002.0,8,0,1049,0,0,0
2025-01-15,OIL_FILTER,766.0,7800.0,8,0,1070,5564,0,0
2025-01-16,OIL_FILTER,515.0,7285.0,8,0,936,0,0,0
2025-01-17,OIL_FILTER,663.0,6622.0,8,0,1015,0,0,0
2025-01-18,OIL_FILTER,577.0,6045.0,13,1,878,0,0,0
2025-01-19,OIL_FILTER,640.0,5405.0,8,0,951,0,0,0
2025-01-20,OIL_FILTER,594.0,4811.0,8,0,882,0,0,0
2025-01-21,OIL_FILTER,567.0,4244.0,8,0,811,0,0,0
2025-01-22,OIL_FILTER,627.0,3617.0,8,0,881,0,0,0
2025-01-23,OIL_FILTER,484.0,3133.0,8,0,769,0,0,0
2025-01-24,OIL_FILTER,549.0,7800.0,8,0,906,5216,0,0
2025-01-25,OIL_FILTER,535.0,7265.0,8,0,833,0,0,0
2025-01-26,OIL_FILTER,566.0,6699.0,8,0,839,0,0,0
2025-01-27,OIL_FILTER,725.0,5974.0,8,0,976,0,0,0
2025-01-28,OIL_FILTER,585.0,5389.0,8,0,922,0,0,0
2025-01-29,OIL_FILTER,576.0,4813.0,8,0,939,0,0,0
2025-01-30,OIL_FILTER,553.0,4260.0,8,0,929,0,0,0
2025-01-31,OIL_FILTER,633.0,3627.0,8,0,1022,0,0,0
2025-02-01,OIL_FILTER,698.0,2929.0,8,0,1130,0,0,0
2025-02-02,OIL_FILTER,684.0,7800.0,8,0,1052,5555,0,0
2025-02-03,OIL_FILTER,708.0,7092.0,8,0,1096,0,0,0
2025-02-04,OIL_FILTER,696.0,6396.0,8,0,1076,0,0,0
2025-02-05,OIL_FILTER,714.0,5682.0,8,0,1105,0,0,0
2025-02-06,OIL_FILTER,820.0,4862.0,8,0,1197,0,0,0
2025-02-07,OIL_FILTER,768.0,4094.0,8,0,1184,0,0,0
2025-02-08,OIL_FILTER,762.0,3332.0,8,0,1137,0,0,0
2025-02-09,OIL_FILTER,747.0,7800.0,8,0,1155,5215,0,0
2025-02-10,OIL_FILTER,605.0,7195.0,8,0,1163,0,1,0
2025-02-11,OIL_FILTER,598.0,6597.0,8,0,988,0,1,0
2025-02-12,OIL_FILTER,591.0,6006.0,8,0,1050,0,1,0
2025-02-13,OIL_FILTER,759.0,5247.0,8,0,1040,0,0,0
2025-02-14,OIL_FILTER,647.0,4600.0,8,0,1029,0,0,0
2025-02-15,OIL_FILTER,686.0,3914.0,8,0,991,0,0,0
2025-02-16,OIL_FILTER,613.0,3301.0,8,0,965,0,0,0
2025-02-17,OIL_FILTER,663.0,7800.0,8,0,960,5162,0,0
2025-02-18,OIL_FILTER,635.0,7165.0,8,0,977,0,0,0
2025-02-19,OIL_FILTER,533.0,6632.0,8,0,765,0,0,0
2025-02-20,OIL_FILTER,650.0,5982.0,13,1,915,0,0,0
2025-02-21,OIL_FILTER,529.0,5453.0,8,0,838,0,0,0
2025-02-22,OIL_FILTER,526.0,4927.0,8,0,795,0,0,0
2025-02-23,OIL_FILTER,571.0,4356.0,8,0,881,0,0,0
2025-02-24,OIL_FILTER,489.0,3867.0,8,0,748,0,0,0
2025-02-25,OIL_FILTER,521.0,3346.0,8,0,815,0,0,0
2025-02-26,OIL_FILTER,646.0,2700.0,8,0,977,0,0,0
2025-02-27,OIL_FILTER,566.0,7800.0,8,0,857,5666,0,0
2025-02-28,OIL_FILTER,614.0,7186.0,8,0,928,0,0,0
2025-03-01,OIL_FILTER,604.0,6582.0,8,0,944,0,0,0
2025-03-02,OIL_FILTER,654.0,5928.0,8,0,995,0,0,0
2025-03-03,OIL_FILTER,706.0,5222.0,8,0,1063,0,0,0
2025-03-04,OIL_FILTER,633.0,4589.0,8,0,1045,0,0,0
2025-03-05,OIL_FILTER,581.0,4008.0,8,0,1005,0,0,0
2025-03-06,OIL_FILTER,800.0,3208.0,8,0,1171,0,0,0
2025-03-07,OIL_FILTER,710.0,7800.0,8,0,1020,5302,0,0
2025-03-08,OIL_FILTER,703.0,7097.0,8,0,1178,0,0,0
2025-03-09,OIL_FILTER,693.0,6404.0,8,0,1083,0,0,0
2025-03-10,OIL_FILTER,591.0,5813.0,8,0,1146,0,1,0
2025-03-11,OIL_FILTER,652.0,5161.0,8,0,1163,0,1,0
2025-03-12,OIL_FILTER,594.0,4567.0,8,0,1101,0,1,0
2025-03-13,OIL_FILTER,745.0,3822.0,8,0,1144,0,0,0
2025-03-14,OIL_FILTER,738.0,3084.0,8,0,1133,0,0,0
2025-03-15,OIL_FILTER,684.0,7800.0,8,0,1037,5400,0,0
2025-03-16,OIL_FILTER,688.0,7112.0,8,0,1003,0,0,0
2025-03-17,OIL_FILTER,702.0,6410.0,8,0,963,0,0,0
2025-03-18,OIL_FILTER,638.0,5772.0,8,0,1009,0,0,0
2025-03-19,OIL_FILTER,657.0,5115.0,8,0,993,0,0,0
2025-03-20,OIL_FILTER,659.0,4456.0,13,1,1013,0,0,0
2025-03-21,OIL_FILTER,530.0,3926.0,8,0,843,0,0,0
2025-03-22,OIL_FILTER,616.0,3310.0,8,0,921,0,0,0
2025-03-23,OIL_FILTER,536.0,2774.0,8,0,825,0,0,0
2025-03-24,OIL_FILTER,508.0,7800.0,8,0,824,5534,0,0
2025-03-25,OIL_FILTER,572.0,7228.0,8,0,893,0,0,0
2025-03-26,OIL_FILTER,568.0,6660.0,8,0,875,0,0,0
2025-03-27,OIL_FILTER,490.0,6170.0,8,0,858,0,0,0
2025-03-28,OIL_FILTER,516.0,5654.0,8,0,829,0,0,0
2025-03-29,OIL_FILTER,549.0,5105.0,8,0,832,0,0,0
2025-03-30,OIL_FILTER,617.0,4488.0,8,0,946,0,0,0
2025-03-31,OIL_FILTER,661.0,3827.0,8,0,995,0,0,0
2025-04-01,OIL_FILTER,661.0,3166.0,8,0,960,0,0,0
2025-04-02,OIL_FILTER,720.0,7800.0,8,0,1093,5354,0,0
2025-04-03,OIL_FILTER,632.0,7168.0,8,0,1063,0,0,0
2025-04-04,OIL_FILTER,660.0,6508.0,8,0,1021,0,0,0
2025-04-05,OIL_FILTER,746.0,5762.0,8,0,1182,0,0,0
2025-04-06,OIL_FILTER,783.0,4979.0,8,0,1171,0,0,0
2025-04-07,OIL_FILTER,753.0,4226.0,8,0,1183,0,0,0
2025-04-08,OIL_FILTER,822.0,3404.0,8,0,1200,0,0,0
2025-04-09,OIL_FILTER,680.0,2724.0,8,0,1148,0,0,0
2025-04-10,OIL_FILTER,607.0,7800.0,8,0,1123,5683,1,0
2025-04-11,OIL_FILTER,679.0,7121.0,8,0,1166,0,1,0
2025-04-12,OIL_FILTER,621.0,6500.0,8,0,1121,0,1,0
2025-04-13,OIL_FILTER,755.0,5745.0,8,0,1168,0,0,0
2025-04-14,OIL_FILTER,790.0,4955.0,8,0,1174,0,0,0
2025-04-15,OIL_FILTER,705.0,4250.0,8,0,1047,0,0,0
2025-04-16,OIL_FILTER,574.0,3676.0,8,0,891,0,0,0
2025-04-17,OIL_FILTER,563.0,3113.0,8,0,944,0,0,0
2025-04-18,OIL_FILTER,567.0,7800.0,8,0,849,5254,0,0
2025-04-19,OIL_FILTER,543.0,7257.0,8,0,791,0,0,0
2025-04-20,OIL_FILTER,603.0,6654.0,8,0,875,0,0,0
2025-04-21,OIL_FILTER,507.0,6147.0,8,0,802,0,0,0
2025-04-22,OIL_FILTER,486.0,5661.0,8,0,788,0,0,0
2025-04-23,OIL_FILTER,566.0,5095.0,8,0,819,0,0,0
2025-04-24,OIL_FILTER,561.0,4534.0,8,0,877,0,0,0
2025-04-25,OIL_FILTER,562.0,3972.0,8,0,887,0,0,0
2025-04-26,OIL_FILTER,566.0,3406.0,8,0,965,0,0,0
2025-04-27,OIL_FILTER,543.0,2863.0,8,0,908,0,0,0
2025-04-28,OIL_FILTER,587.0,7800.0,8,0,859,5524,0,0
2025-04-29,OIL_FILTER,598.0,7202.0,8,0,1000,0,0,0
2025-04-30,OIL_FILTER,627.0,6575.0,8,0,900,0,0,0
2025-05-01,OIL_FILTER,671.0,5904.0,8,0,1021,0,0,0
2025-05-02,OIL_FILTER,685.0,5219.0,8,0,1028,0,0,0
2025-05-03,OIL_FILTER,702.0,4517.0,8,0,1052,0,0,0
2025-05-04,OIL_FILTER,689.0,3828.0,8,0,1067,0,0,0
2025-05-05,OIL_FILTER,723.0,3105.0,8,0,1156,0,0,0
2025-05-06,OIL_FILTER,762.0,7800.0,8,0,1146,5457,0,0
2025-05-07,OIL_FILTER,798.0,7002.0,8,0,1194,0,0,0
2025-05-08,OIL_FILTER,682.0,6320.0,8,0,1063,0,0,0
2025-05-09,OIL_FILTER,814.0,5506.0,13,1,1222,0,0,0
2025-05-10,OIL_FILTER,555.0,4951.0,8,0,1055,0,1,0
2025-05-11,OIL_FILTER,695.0,4256.0,8,0,1254,0,1,0
2025-05-12,OIL_FILTER,601.0,3655.0,8,0,1118,0,1,0
2025-05-13,OIL_FILTER,645.0,3010.0,8,0,1108,0,0,0
2025-05-14,OIL_FILTER,691.0,7800.0,8,0,1033,5481,0,0
2025-05-15,OIL_FILTER,751.0,7049.0,8,0,1092,0,0,0
2025-05-16,OIL_FILTER,649.0,6400.0,8,0,998,0,0,0
2025-05-17,OIL_FILTER,548.0,5852.0,8,0,866,0,0,0
2025-05-18,OIL_FILTER,651.0,5201.0,8,0,920,0,0,0
2025-05-19,OIL_FILTER,562.0,4639.0,8,0,886,0,0,0
2025-05-20,OIL_FILTER,545.0,4094.0,8,0,842,0,0,0
2025-05-21,OIL_FILTER,549.0,3545.0,8,0,867,0,0,0
2025-05-22,OIL_FILTER,554.0,2991.0,8,0,879,0,0,0
2025-05-23,OIL_FILTER,588.0,4832.0,13,1,830,2429,0,0
2025-05-24,OIL_FILTER,633.0,4199.0,8,0,836,0,0,0
2025-05-25,OIL_FILTER,532.0,3667.0,13,1,836,0,0,0
2025-05-26,OIL_FILTER,586.0,3081.0,8,0,856,0,0,0
2025-05-27,OIL_FILTER,625.0,7800.0,8,0,909,5344,0,0
2025-05-28,OIL_FILTER,635.0,7165.0,8,0,922,0,0,0
2025-05-29,OIL_FILTER,557.0,6608.0,8,0,883,0,0,0
2025-05-30,OIL_FILTER,580.0,6028.0,8,0,951,0,0,0
2025-05-31,OIL_FILTER,663.0,5365.0,8,0,1049,0,0,0
2025-06-01,OIL_FILTER,714.0,4651.0,8,0,1049,0,0,0
2025-06-02,OIL_FILTER,754.0,3897.0,8,0,1172,0,0,0
2025-06-03,OIL_FILTER,724.0,3173.0,8,0,1115,0,0,0
2025-06-04,OIL_FILTER,724.0,7800.0,8,0,1057,5351,0,0
2025-06-05,OIL_FILTER,783.0,7017.0,8,0,1192,0,0,0
2025-06-06,OIL_FILTER,767.0,6250.0,8,0,1203,0,0,0
2025-06-07,OIL_FILTER,776.0,5474.0,8,0,1250,0,0,0
2025-06-08,OIL_FILTER,668.0,4806.0,8,0,1155,0,0,0
2025-06-09,OIL_FILTER,695.0,4111.0,8,0,1151,0,0,0
2025-06-10,OIL_FILTER,626.0,3485.0,8,0,1134,0,1,0
2025-06-11,OIL_FILTER,557.0,2928.0,8,0,1094,0,1,0
2025-06-12,OIL_FILTER,590.0,7800.0,8,0,1054,5462,1,0
2025-06-13,OIL_FILTER,676.0,7124.0,8,0,1058,0,0,0
2025-06-14,OIL_FILTER,679.0,6445.0,8,0,1068,0,0,0
2025-06-15,OIL_FILTER,549.0,5896.0,8,0,869,0,0,0
2025-06-16,OIL_FILTER,626.0,5270.0,8,0,923,0,0,0
2025-06-17,OIL_FILTER,560.0,4710.0,8,0,937,0,0,0
2025-06-18,OIL_FILTER,569.0,4141.0,8,0,897,0,0,0
2025-06-19,OIL_FILTER,557.0,3584.0,8,0,836,0,0,0
2025-06-20,OIL_FILTER,566.0,3018.0,8,0,921,0,0,0
2025-06-21,OIL_FILTER,582.0,7800.0,8,0,805,5364,0,0
2025-06-22,OIL_FILTER,560.0,7240.0,8,0,871,0,0,0
2025-06-23,OIL_FILTER,592.0,6648.0,8,0,849,0,0,0
2025-06-24,OIL_FILTER,575.0,6073.0,8,0,870,0,0,0
2025-06-25,OIL_FILTER,554.0,5519.0,8,0,895,0,0,0
2025-06-26,OIL_FILTER,642.0,4877.0,8,0,940,0,0,0
2025-06-27,OIL_FILTER,658.0,4219.0,8,0,994,0,0,0
2025-06-28,OIL_FILTER,679.0,3540.0,8,0,1099,0,0,0
2025-06-29,OIL_FILTER,579.0,2961.0,8,0,955,0,0,0
2025-06-30,OIL_FILTER,616.0,7800.0,8,0,962,5455,0,0
2025-07-01,OIL_FILTER,644.0,7156.0,8,0,1026,0,0,0
2025-07-02,OIL_FILTER,661.0,6495.0,8,0,988,0,0,0
2025-07-03,OIL_FILTER,678.0,5817.0,8,0,1101,0,0,0
2025-07-04,OIL_FILTER,687.0,5130.0,8,0,1098,0,0,0
2025-07-05,OIL_FILTER,714.0,4416.0,8,0,1097,0,0,0
2025-07-06,OIL_FILTER,799.0,3617.0,8,0,1124,0,0,0
2025-07-07,OIL_FILTER,782.0,2835.0,8,0,1160,0,0,0
2025-07-08,OIL_FILTER,844.0,7800.0,8,0,1184,5809,0,0
2025-07-09,OIL_FILTER,760.0,7040.0,8,0,1141,0,0,0
2025-07-10,OIL_FILTER,615.0,6425.0,8,0,1147,0,1,0
2025-07-11,OIL_FILTER,668.0,5757.0,8,0,1151,0,1,0
2025-07-12,OIL_FILTER,619.0,5138.0,8,0,1077,0,1,0
2025-07-13,OIL_FILTER,745.0,4393.0,8,0,1079,0,0,0
2025-07-14,OIL_FILTER,679.0,3714.0,13,1,1068,0,0,0
2025-07-15,OIL_FILTER,610.0,3104.0,8,0,1018,0,0,0
2025-07-16,OIL_FILTER,566.0,7800.0,8,0,988,5262,0,0
2025-07-17,OIL_FILTER,636.0,7164.0,8,0,949,0,0,0
2025-07-18,OIL_FILTER,585.0,6579.0,8,0,952,0,0,0
2025-07-19,OIL_FILTER,542.0,6037.0,8,0,799,0,0,0
2025-07-20,OIL_FILTER,630.0,5407.0,8,0,929,0,0,0
2025-07-21,OIL_FILTER,512.0,4895.0,8,0,782,0,0,0
2025-07-22,OIL_FILTER,594.0,4301.0,8,0,884,0,0,0
2025-07-23,OIL_FILTER,516.0,3785.0,8,0,839,0,0,0
2025-07-24,OIL_FILTER,560.0,3225.0,8,0,823,0,0,0
2025-07-25,OIL_FILTER,602.0,7800.0,8,0,926,5177,0,0
2025-07-26,OIL_FILTER,590.0,7210.0,8,0,923,0,0,0
2025-07-27,OIL_FILTER,544.0,6666.0,8,0,878,0,0,0
2025-07-28,OIL_FILTER,569.0,6097.0,13,1,917,0,0,0
2025-07-29,OIL_FILTER,633.0,5464.0,13,1,983,0,0,0
2025-07-30,OIL_FILTER,607.0,4857.0,8,0,959,0,0,0
2025-07-31,OIL_FILTER,631.0,4226.0,8,0,1034,0,0,0
2025-08-01,OIL_FILTER,774.0,3452.0,8,0,1170,0,0,0
2025-08-02,OIL_FILTER,679.0,2773.0,8,0,1051,0,0,0
2025-08-03,OIL_FILTER,701.0,7800.0,8,0,1092,5728,0,0
2025-08-04,OIL_FILTER,747.0,7053.0,8,0,1151,0,0,0
2025-08-05,OIL_FILTER,705.0,6348.0,8,0,1107,0,0,0
2025-08-06,OIL_FILTER,788.0,5560.0,8,0,1172,0,0,0
2025-08-07,OIL_FILTER,741.0,4819.0,8,0,1149,0,0,0
2025-08-08,OIL_FILTER,674.0,4145.0,8,0,1056,0,0,0
2025-08-09,OIL_FILTER,705.0,3440.0,8,0,1078,0,0,0
2025-08-10,OIL_FILTER,633.0,2807.0,8,0,1055,0,1,0
2025-08-11,OIL_FILTER,519.0,7800.0,8,0,1008,5512,1,0
2025-08-12,OIL_FILTER,533.0,7267.0,8,0,1023,0,1,0
2025-08-13,OIL_FILTER,716.0,6551.0,8,0,1060,0,0,0
2025-08-14,OIL_FILTER,675.0,5876.0,8,0,1051,0,0,0
2025-08-15,OIL_FILTER,702.0,5174.0,8,0,992,0,0,0
2025-08-16,OIL_FILTER,730.0,4444.0,8,0,992,0,0,0
2025-08-17,OIL_FILTER,602.0,3842.0,8,0,917,0,0,0
2025-08-18,OIL_FILTER,492.0,3350.0,8,0,843,0,0,0
2025-08-19,OIL_FILTER,579.0,2771.0,8,0,844,0,0,0
2025-08-20,OIL_FILTER,661.0,7800.0,8,0,913,5690,0,0
2025-08-21,OIL_FILTER,505.0,7295.0,8,0,858,0,0,0
2025-08-22,OIL_FILTER,539.0,6756.0,8,0,820,0,0,0
2025-08-23,OIL_FILTER,514.0,6242.0,8,0,863,0,0,0
2025-08-24,OIL_FILTER,598.0,5644.0,8,0,865,0,0,0
2025-08-25,OIL_FILTER,532.0,5112.0,8,0,882,0,0,0
2025-08-26,OIL_FILTER,580.0,4532.0,8,0,863,0,0,0
2025-08-27,OIL_FILTER,575.0,3957.0,8,0,925,0,0,0
2025-08-28,OIL_FILTER,640.0,3317.0,8,0,983,0,0,0
2025-08-29,OIL_FILTER,595.0,2722.0,8,0,942,0,0,0
2025-08-30,OIL_FILTER,709.0,7800.0,8,0,982,5787,0,0
2025-08-31,OIL_FILTER,744.0,7056.0,8,0,1158,0,0,0
2025-09-01,OIL_FILTER,692.0,6364.0,8,0,1085,0,0,0
2025-09-02,OIL_FILTER,755.0,5609.0,8,0,1177,0,0,0
2025-09-03,OIL_FILTER,753.0,4856.0,8,0,1170,0,0,0
2025-09-04,OIL_FILTER,720.0,4136.0,8,0,1172,0,0,0
2025-09-05,OIL_FILTER,653.0,3483.0,8,0,1081,0,0,0
2025-09-06,OIL_FILTER,739.0,2744.0,8,0,1076,0,0,0
2025-09-07,OIL_FILTER,701.0,7800.0,8,0,1127,5757,0,0
2025-09-08,OIL_FILTER,726.0,7074.0,8,0,1162,0,0,0
2025-09-09,OIL_FILTER,779.0,6295.0,8,0,1198,0,0,0
2025-09-10,OIL_FILTER,673.0,5622.0,8,0,1108,0,1,0
2025-09-11,OIL_FILTER,587.0,5035.0,8,0,1087,0,1,0
2025-09-12,OIL_FILTER,596.0,4439.0,8,0,1073,0,1,0
2025-09-13,OIL_FILTER,751.0,3688.0,8,0,1144,0,0,0
2025-09-14,OIL_FILTER,632.0,3056.0,13,1,982,0,0,0
2025-09-15,OIL_FILTER,621.0,7800.0,8,0,944,5365,0,0
2025-09-16,OIL_FILTER,568.0,7232.0,8,0,887,0,0,0
2025-09-17,OIL_FILTER,584.0,6648.0,8,0,917,0,0,0
2025-09-18,OIL_FILTER,568.0,6080.0,8,0,837,0,0,0
2025-09-19,OIL_FILTER,546.0,5534.0,8,0,878,0,0,0
2025-09-20,OIL_FILTER,629.0,4905.0,8,0,935,0,0,0
2025-09-21,OIL_FILTER,500.0,4405.0,8,0,804,0,0,0
2025-09-22,OIL_FILTER,508.0,3897.0,8,0,809,0,0,0
2025-09-23,OIL_FILTER,543.0,3354.0,13,1,890,0,0,0
2025-09-24,OIL_FILTER,597.0,2757.0,8,0,887,0,0,0
2025-09-25,OIL_FILTER,628.0,7800.0,8,0,953,5671,0,0
2025-09-26,OIL_FILTER,637.0,7163.0,8,0,1027,0,0,0
2025-09-27,OIL_FILTER,642.0,6521.0,8,0,998,0,0,0
2025-09-28,OIL_FILTER,622.0,5899.0,8,0,970,0,0,0
2025-09-29,OIL_FILTER,730.0,5169.0,8,0,1076,0,0,0
2025-09-30,OIL_FILTER,624.0,4545.0,8,0,1078,0,0,0
2025-10-01,OIL_FILTER,657.0,3888.0,8,0,1107,0,0,0
2025-10-02,OIL_FILTER,702.0,3186.0,8,0,1103,0,0,0
2025-10-03,OIL_FILTER,776.0,7800.0,8,0,1207,5390,0,0
2025-10-04,OIL_FILTER,804.0,6996.0,8,0,1212,0,0,0
2025-10-05,OIL_FILTER,674.0,6322.0,8,0,1110,0,0,0
2025-10-06,OIL_FILTER,735.0,5587.0,8,0,1147,0,0,0
2025-10-07,OIL_FILTER,710.0,4877.0,8,0,1156,0,0,0
2025-10-08,OIL_FILTER,702.0,4175.0,8,0,1105,0,0,0
2025-10-09,OIL_FILTER,667.0,3508.0,8,0,1098,0,0,0
2025-10-10,OIL_FILTER,576.0,2932.0,8,0,1061,0,1,0
2025-10-11,OIL_FILTER,612.0,7800.0,8,0,1067,5480,1,0
2025-10-12,OIL_FILTER,594.0,7206.0,8,0,1000,0,1,0
2025-10-13,OIL_FILTER,671.0,6535.0,8,0,1019,0,0,0
2025-10-14,OIL_FILTER,672.0,5863.0,8,0,1022,0,0,0
2025-10-15,OIL_FILTER,644.0,5219.0,8,0,992,0,0,0
2025-10-16,OIL_FILTER,634.0,4585.0,8,0,895,0,0,0
2025-10-17,OIL_FILTER,545.0,4040.0,8,0,901,0,0,0
2025-10-18,OIL_FILTER,633.0,3407.0,13,1,952,0,0,0
2025-10-19,OIL_FILTER,514.0,2893.0,8,0,840,0,0,0
2025-10-20,OIL_FILTER,599.0,7800.0,8,0,870,5506,0,1
2025-10-21,OIL_FILTER,564.0,7236.0,8,0,819,0,0,1
2025-10-22,OIL_FILTER,570.0,6666.0,8,0,812,0,0,1
2025-10-23,OIL_FILTER,683.0,5983.0,8,0,958,0,0,1
2025-10-24,OIL_FILTER,656.0,5327.0,8,0,913,0,0,1
2025-10-25,OIL_FILTER,571.0,4756.0,8,0,926,0,0,1
2025-10-26,OIL_FILTER,739.0,4017.0,8,0,1043,0,0,1
2025-10-27,OIL_FILTER,608.0,3409.0,8,0,898,0,0,1
2025-10-28,OIL_FILTER,793.0,7800.0,8,0,1027,5184,0,1
2025-10-29,OIL_FILTER,604.0,7196.0,8,0,959,0,0,1
2025-10-30,OIL_FILTER,780.0,6416.0,8,0,1059,0,0,1
2025-10-31,OIL_FILTER,660.0,5756.0,8,0,1067,0,0,0
2025-11-01,OIL_FILTER,729.0,5027.0,8,0,1097,0,0,0
2025-11-02,OIL_FILTER,755.0,4272.0,8,0,1148,0,0,0
2025-11-03,OIL_FILTER,777.0,3495.0,8,0,1176,0,0,0
2025-11-04,OIL_FILTER,815.0,7800.0,8,0,1230,5120,0,0
2025-11-05,OIL_FILTER,793.0,7007.0,8,0,1183,0,0,0
2025-11-06,OIL_FILTER,722.0,6285.0,8,0,1148,0,0,0
2025-11-07,OIL_FILTER,770.0,5515.0,8,0,1111,0,0,0
2025-11-08,OIL_FILTER,746.0,4769.0,8,0,1134,0,0,0
2025-11-09,OIL_FILTER,715.0,4054.0,8,0,1146,0,0,0
2025-11-10,OIL_FILTER,471.0,3583.0,8,0,904,0,1,0
2025-11-11,OIL_FILTER,623.0,2960.0,8,0,1062,0,1,0
2025-11-12,OIL_FILTER,657.0,7800.0,8,0,1087,5497,1,0
2025-11-13,OIL_FILTER,673.0,7127.0,8,0,1038,0,0,0
2025-11-14,OIL_FILTER,571.0,6556.0,8,0,875,0,0,0
2025-11-15,OIL_FILTER,664.0,5892.0,8,0,973,0,0,0
2025-11-16,OIL_FILTER,495.0,5397.0,8,0,766,0,0,0
2025-11-17,OIL_FILTER,545.0,4852.0,8,0,893,0,0,0
2025-11-18,OIL_FILTER,655.0,4197.0,8,0,890,0,0,0
2025-11-19,OIL_FILTER,535.0,3662.0,8,0,886,0,0,0
2025-11-20,OIL_FILTER,612.0,3050.0,8,0,942,0,0,0
2025-11-21,OIL_FILTER,525.0,7800.0,8,0,776,5275,0,0
2025-11-22,OIL_FILTER,598.0,7202.0,8,0,888,0,0,0
2025-11-23,OIL_FILTER,533.0,6669.0,8,0,810,0,0,0
2025-11-24,OIL_FILTER,589.0,6080.0,8,0,889,0,0,0
2025-11-25,OIL_FILTER,658.0,5422.0,8,0,1005,0,0,0
2025-11-26,OIL_FILTER,676.0,4746.0,8,0,955,0,0,0
2025-11-27,OIL_FILTER,605.0,4141.0,8,0,975,0,0,0
2025-11-28,OIL_FILTER,615.0,3526.0,8,0,928,0,0,0
2025-11-29,OIL_FILTER,696.0,2830.0,8,0,1056,0,0,0
2025-11-30,OIL_FILTER,672.0,7800.0,8,0,1101,5642,0,0
2025-12-01,OIL_FILTER,728.0,7072.0,8,0,1099,0,0,0
2025-12-02,OIL_FILTER,735.0,6337.0,8,0,1086,0,0,0
2025-12-03,OIL_FILTER,748.0,5589.0,8,0,1084,0,0,0
2025-12-04,OIL_FILTER,758.0,4831.0,8,0,1085,0,0,0
2025-12-05,OIL_FILTER,773.0,4058.0,8,0,1138,0,0,0
2025-12-06,OIL_FILTER,733.0,3325.0,8,0,1133,0,0,0
2025-12-07,OIL_FILTER,721.0,7800.0,8,0,1153,5196,0,0
2025-12-08,OIL_FILTER,712.0,7088.0,8,0,1098,0,0,0
2025-12-09,OIL_FILTER,651.0,6437.0,8,0,1012,0,0,0
2025-12-10,OIL_FILTER,613.0,5824.0,8,0,1116,0,1,0
2025-12-11,OIL_FILTER,546.0,5278.0,13,1,1057,0,1,0
2025-12-12,OIL_FILTER,495.0,4783.0,8,0,881,0,1,0
2025-12-13,OIL_FILTER,687.0,4096.0,8,0,1027,0,0,0
2025-12-14,OIL_FILTER,647.0,3449.0,8,0,923,0,0,0
2025-12-15,OIL_FILTER,547.0,2902.0,8,0,916,0,0,0
2025-12-16,OIL_FILTER,499.0,7800.0,8,0,808,5397,0,0
2025-12-17,OIL_FILTER,683.0,7117.0,8,0,972,0,0,0
2025-12-18,OIL_FILTER,532.0,6585.0,8,0,902,0,0,0
2025-12-19,OIL_FILTER,653.0,5932.0,8,0,926,0,0,0
2025-12-20,OIL_FILTER,589.0,5343.0,13,1,884,0,0,0
2025-12-21,OIL_FILTER,568.0,4775.0,8,0,881,0,0,0
2025-12-22,OIL_FILTER,617.0,4158.0,8,0,941,0,0,0
2025-12-23,OIL_FILTER,493.0,3665.0,8,0,859,0,0,0
2025-12-24,OIL_FILTER,580.0,3085.0,8,0,934,0,0,0
2025-12-25,OIL_FILTER,624.0,4864.0,13,1,988,2403,0,0
2025-12-26,OIL_FILTER,689.0,4175.0,8,0,1017,0,0,0
2025-12-27,OIL_FILTER,587.0,3588.0,8,0,901,0,0,0
2025-12-28,OIL_FILTER,620.0,2968.0,8,0,1004,0,0,0
2025-12-29,OIL_FILTER,705.0,7800.0,8,0,1057,5537,0,0
2025-12-30,OIL_FILTER,707.0,7093.0,8,0,1111,0,0,0
2025-12-31,OIL_FILTER,707.0,6386.0,8,0,1096,0,0,0
2026-01-01,OIL_FILTER,782.0,5604.0,8,0,1185,0,0,0
2026-01-02,OIL_FILTER,679.0,4925.0,8,0,1073,0,0,0
2026-01-03,OIL_FILTER,736.0,4189.0,8,0,1097,0,0,0
2026-01-04,OIL_FILTER,776.0,3413.0,8,0,1198,0,0,0
2026-01-05,OIL_FILTER,771.0,7800.0,8,0,1129,5158,0,0
2026-01-06,OIL_FILTER,725.0,7075.0,8,0,1126,0,0,0
2026-01-07,OIL_FILTER,622.0,6453.0,8,0,1042,0,0,0
2026-01-08,OIL_FILTER,716.0,5737.0,8,0,1067,0,0,0
2026-01-09,OIL_FILTER,690.0,5047.0,8,0,1060,0,0,0
2026-01-10,OIL_FILTER,616.0,4431.0,8,0,1032,0,1,0
2026-01-11,OIL_FILTER,504.0,3927.0,8,0,923,0,1,0
2026-01-12,OIL_FILTER,557.0,3370.0,8,0,1008,0,1,0
2026-01-13,OIL_FILTER,602.0,2768.0,8,0,926,0,0,0
2026-01-14,OIL_FILTER,657.0,7800.0,8,0,1010,5689,0,0
2026-01-15,OIL_FILTER,554.0,7246.0,8,0,881,0,0,0
2026-01-16,OIL_FILTER,581.0,6665.0,13,1,877,0,0,0
2026-01-17,OIL_FILTER,572.0,6093.0,8,0,875,0,0,0
2026-01-18,OIL_FILTER,689.0,5404.0,8,0,929,0,0,0
2026-01-19,OIL_FILTER,531.0,4873.0,8,0,853,0,0,0
2026-01-20,OIL_FILTER,617.0,4256.0,8,0,927,0,0,0
2026-01-21,OIL_FILTER,549.0,3707.0,8,0,857,0,0,0
2026-01-22,OIL_FILTER,602.0,3105.0,8,0,849,0,0,0
2026-01-23,OIL_FILTER,643.0,7800.0,8,0,935,5338,0,0
2026-01-24,OIL_FILTER,599.0,7201.0,8,0,894,0,0,0
2026-01-25,OIL_FILTER,623.0,6578.0,8,0,1000,0,0,0
2026-01-26,OIL_FILTER,649.0,5929.0,8,0,1031,0,0,0
2026-01-27,OIL_FILTER,657.0,5272.0,8,0,994,0,0,0
2026-01-28,OIL_FILTER,598.0,4674.0,8,0,990,0,0,0
2026-01-29,OIL_FILTER,812.0,3862.0,8,0,1153,0,0,0
2026-01-30,OIL_FILTER,718.0,3144.0,8,0,1145,0,0,0
2026-01-31,OIL_FILTER,781.0,4810.0,13,1,1142,2447,0,0
2026-02-01,OIL_FILTER,754.0,4056.0,8,0,1096,0,0,0
2026-02-02,OIL_FILTER,715.0,3341.0,8,0,1139,0,0,0
2026-02-03,OIL_FILTER,813.0,7800.0,8,0,1159,5272,0,0
2026-02-04,OIL_FILTER,668.0,7132.0,8,0,1060,0,0,0
2026-02-05,OIL_FILTER,781.0,6351.0,8,0,1196,0,0,0
2026-02-06,OIL_FILTER,769.0,5582.0,8,0,1162,0,0,0
2026-02-07,OIL_FILTER,736.0,4846.0,8,0,1171,0,0,0
2026-02-08,OIL_FILTER,709.0,4137.0,8,0,1085,0,0,0
2026-02-09,OIL_FILTER,707.0,3430.0,13,1,1081,0,0,0
2026-02-10,OIL_FILTER,554.0,2876.0,8,0,1019,0,1,0
2026-02-11,OIL_FILTER,570.0,7800.0,8,0,1049,5494,1,0
2026-02-12,OIL_FILTER,558.0,7242.0,8,0,965,0,1,0
2026-02-13,OIL_FILTER,535.0,6707.0,8,0,948,0,0,0
2026-02-14,OIL_FILTER,618.0,6089.0,8,0,952,0,0,0
2026-02-15,OIL_FILTER,634.0,5455.0,8,0,905,0,0,0
2026-02-16,OIL_FILTER,564.0,4891.0,8,0,905,0,0,0
2026-02-17,OIL_FILTER,512.0,4379.0,8,0,732,0,0,0
2026-02-18,OIL_FILTER,586.0,3793.0,8,0,910,0,0,0
2026-02-19,OIL_FILTER,534.0,3259.0,8,0,829,0,0,0
2026-02-20,OIL_FILTER,491.0,2768.0,8,0,821,0,0,0
2026-02-21,OIL_FILTER,581.0,7800.0,8,0,879,5613,0,0
2026-02-22,OIL_FILTER,562.0,7238.0,8,0,912,0,0,0
2026-02-23,OIL_FILTER,606.0,6632.0,8,0,939,0,0,0
2026-02-24,OIL_FILTER,711.0,5921.0,8,0,1067,0,0,0
2026-02-25,OIL_FILTER,634.0,5287.0,8,0,977,0,0,0
2026-02-26,OIL_FILTER,763.0,4524.0,8,0,1156,0,0,0
2026-02-27,OIL_FILTER,637.0,3887.0,8,0,1020,0,0,0
2026-02-28,OIL_FILTER,838.0,3049.0,8,0,1207,0,0,0
2026-03-01,OIL_FILTER,675.0,7800.0,8,0,1094,5426,0,0
2026-03-02,OIL_FILTER,747.0,7053.0,8,0,1150,0,0,0
2026-03-03,OIL_FILTER,658.0,6395.0,8,0,1116,0,0,0
2026-03-04,OIL_FILTER,787.0,5608.0,8,0,1196,0,0,0
2026-03-05,OIL_FILTER,725.0,4883.0,8,0,1159,0,0,0
2026-03-06,OIL_FILTER,765.0,4118.0,8,0,1121,0,0,0
2026-03-07,OIL_FILTER,721.0,3397.0,8,0,1181,0,0,0
2026-03-08,OIL_FILTER,762.0,7800.0,8,0,1166,5165,0,0
2026-03-09,OIL_FILTER,724.0,7076.0,8,0,1070,0,0,0
2026-03-10,OIL_FILTER,594.0,6482.0,8,0,1120,0,1,0
2026-03-11,OIL_FILTER,662.0,5820.0,8,0,1093,0,1,0
2026-03-12,OIL_FILTER,551.0,5269.0,8,0,995,0,1,0
2026-03-13,OIL_FILTER,561.0,4708.0,8,0,949,0,0,0
2026-03-14,OIL_FILTER,645.0,4063.0,8,0,983,0,0,0
2026-03-15,OIL_FILTER,564.0,3499.0,8,0,889,0,0,0
2026-03-16,OIL_FILTER,622.0,2877.0,8,0,962,0,0,0
2026-03-17,OIL_FILTER,540.0,7800.0,8,0,824,5463,0,0
2026-03-18,OIL_FILTER,537.0,7263.0,8,0,851,0,0,0
2026-03-19,OIL_FILTER,500.0,6763.0,8,0,835,0,0,0
2026-03-20,OIL_FILTER,545.0,6218.0,8,0,867,0,0,0
2026-03-21,OIL_FILTER,507.0,5711.0,8,0,822,0,0,0
2026-03-22,OIL_FILTER,575.0,5136.0,8,0,882,0,0,0
2026-03-23,OIL_FILTER,674.0,4462.0,8,0,1006,0,0,0
2026-03-24,OIL_FILTER,625.0,3837.0,8,0,948,0,0,0
2026-03-25,OIL_FILTER,592.0,3245.0,8,0,940,0,0,0
2026-03-26,OIL_FILTER,550.0,2695.0,8,0,944,0,0,0
2026-03-27,OIL_FILTER,704.0,7800.0,8,0,1075,5809,0,0
2026-03-28,OIL_FILTER,649.0,7151.0,8,0,1064,0,0,0
2026-03-29,OIL_FILTER,794.0,6357.0,8,0,1107,0,0,0
2026-03-30,OIL_FILTER,696.0,5661.0,8,0,1079,0,0,0
2026-03-31,OIL_FILTER,832.0,4829.0,8,0,1221,0,0,0
2026-04-01,OIL_FILTER,762.0,4067.0,8,0,1161,0,0,0
2026-04-02,OIL_FILTER,756.0,3311.0,8,0,1109,0,0,0
2026-04-03,OIL_FILTER,743.0,7800.0,8,0,1125,5232,0,0
2026-04-04,OIL_FILTER,706.0,7094.0,8,0,1209,0,0,0
2026-04-05,OIL_FILTER,800.0,6294.0,8,0,1173,0,0,0
2026-04-06,OIL_FILTER,745.0,5549.0,8,0,1159,0,0,0
2026-04-07,OIL_FILTER,634.0,4915.0,8,0,1066,0,0,0
2026-04-08,OIL_FILTER,642.0,4273.0,8,0,1059,0,0,0
2026-04-09,OIL_FILTER,693.0,3580.0,8,0,1067,0,0,0
2026-04-10,OIL_FILTER,546.0,3034.0,8,0,1006,0,1,0
2026-04-11,OIL_FILTER,480.0,7800.0,8,0,959,5246,1,0
2026-04-12,OIL_FILTER,567.0,7233.0,8,0,1004,0,1,0
2026-04-13,OIL_FILTER,665.0,6568.0,8,0,983,0,0,0
2026-04-14,OIL_FILTER,562.0,6006.0,8,0,809,0,0,0
2026-04-15,OIL_FILTER,649.0,5357.0,8,0,914,0,0,0
2026-04-16,OIL_FILTER,544.0,4813.0,8,0,885,0,0,0
2026-04-17,OIL_FILTER,523.0,4290.0,8,0,834,0,0,0
2026-04-18,OIL_FILTER,578.0,3712.0,8,0,805,0,0,0
2026-04-19,OIL_FILTER,616.0,3096.0,8,0,897,0,0,0
2026-04-20,OIL_FILTER,565.0,7800.0,8,0,875,5269,0,0
2026-04-21,OIL_FILTER,564.0,7236.0,8,0,860,0,0,0
2026-04-22,OIL_FILTER,564.0,6672.0,8,0,852,0,0,0
2026-04-23,OIL_FILTER,570.0,6102.0,8,0,933,0,0,0
2026-04-24,OIL_FILTER,587.0,5515.0,8,0,1002,0,0,0
2026-04-25,OIL_FILTER,680.0,4835.0,8,0,1036,0,0,0
2026-04-26,OIL_FILTER,720.0,4115.0,8,0,1057,0,0,0
2026-04-27,OIL_FILTER,612.0,3503.0,8,0,1043,0,0,0
2026-04-28,OIL_FILTER,692.0,2811.0,8,0,1105,0,0,0
2026-04-29,OIL_FILTER,680.0,7800.0,8,0,1075,5669,0,0
2026-04-30,OIL_FILTER,750.0,7050.0,8,0,1165,0,0,0
2026-05-01,OIL_FILTER,839.0,6211.0,8,0,1263,0,0,0
2026-05-02,OIL_FILTER,713.0,5498.0,8,0,1090,0,0,0
2026-05-03,OIL_FILTER,762.0,4736.0,8,0,1191,0,0,0
2026-05-04,OIL_FILTER,758.0,3978.0,8,0,1135,0,0,0
2026-05-05,OIL_FILTER,726.0,3252.0,8,0,1157,0,0,0
2026-05-06,OIL_FILTER,743.0,4890.0,13,1,1152,2381,0,0
2026-05-07,OIL_FILTER,806.0,4084.0,8,0,1170,0,0,0
2026-05-08,OIL_FILTER,706.0,3378.0,8,0,1107,0,0,0
2026-05-09,OIL_FILTER,711.0,7800.0,8,0,1051,5133,0,0
2026-05-10,OIL_FILTER,555.0,7245.0,8,0,1017,0,1,0
2026-05-11,OIL_FILTER,558.0,6687.0,8,0,966,0,1,0
2026-05-12,OIL_FILTER,489.0,6198.0,8,0,931,0,1,0
2026-05-13,OIL_FILTER,628.0,5570.0,8,0,911,0,0,0
2026-05-14,OIL_FILTER,531.0,5039.0,8,0,864,0,0,0
2026-05-15,OIL_FILTER,575.0,4464.0,8,0,818,0,0,0
2026-05-16,OIL_FILTER,573.0,3891.0,8,0,861,0,0,0
2026-05-17,OIL_FILTER,481.0,3410.0,8,0,864,0,0,0
2026-05-18,OIL_FILTER,586.0,2824.0,8,0,809,0,0,0
2026-05-19,OIL_FILTER,554.0,7800.0,8,0,838,5530,0,0
2026-05-20,OIL_FILTER,489.0,7311.0,8,0,879,0,0,0
2026-05-21,OIL_FILTER,662.0,6649.0,8,0,1028,0,0,0
2026-05-22,OIL_FILTER,571.0,6078.0,8,0,853,0,0,0
2026-05-23,OIL_FILTER,592.0,5486.0,8,0,916,0,0,0
2026-05-24,OIL_FILTER,635.0,4851.0,8,0,959,0,0,0
2026-05-25,OIL_FILTER,587.0,4264.0,8,0,983,0,0,0
2026-05-26,OIL_FILTER,600.0,3664.0,8,0,960,0,0,0
2026-05-27,OIL_FILTER,652.0,3012.0,8,0,1011,0,0,0
2026-05-28,OIL_FILTER,632.0,7800.0,8,0,970,5420,0,0
2026-05-29,OIL_FILTER,724.0,7076.0,8,0,1090,0,0,0
2026-05-30,OIL_FILTER,704.0,6372.0,8,0,1105,0,0,0
2026-05-31,OIL_FILTER,737.0,5635.0,8,0,1099,0,0,0
2026-06-01,OIL_FILTER,743.0,4892.0,8,0,1163,0,0,0
2026-06-02,OIL_FILTER,800.0,4092.0,8,0,1225,0,0,0
2026-06-03,OIL_FILTER,698.0,3394.0,8,0,1179,0,0,0
2026-06-04,OIL_FILTER,725.0,7800.0,8,0,1112,5131,0,0
2026-06-05,OIL_FILTER,666.0,7134.0,8,0,1123,0,0,0
2026-06-06,OIL_FILTER,755.0,6379.0,8,0,1183,0,0,0
2026-06-07,OIL_FILTER,714.0,5665.0,8,0,1055,0,0,0
2026-06-08,OIL_FILTER,654.0,5011.0,8,0,1013,0,0,0
2026-06-09,OIL_FILTER,625.0,4386.0,8,0,1001,0,0,0
2026-06-10,OIL_FILTER,509.0,3877.0,8,0,934,0,1,0
2026-06-11,OIL_FILTER,570.0,3307.0,8,0,1000,0,1,0
2026-06-12,OIL_FILTER,481.0,2826.0,8,0,837,0,1,0
2026-06-13,OIL_FILTER,506.0,7800.0,8,0,848,5480,0,0
2026-06-14,OIL_FILTER,603.0,7197.0,8,0,889,0,0,0
2026-06-15,OIL_FILTER,565.0,6632.0,8,0,778,0,0,0
2026-06-16,OIL_FILTER,604.0,6028.0,8,0,997,0,0,0
2026-06-17,OIL_FILTER,561.0,5467.0,8,0,873,0,0,0
2026-06-18,OIL_FILTER,599.0,4868.0,8,0,903,0,0,0
2026-06-19,OIL_FILTER,476.0,4392.0,8,0,733,0,0,0
2026-06-20,OIL_FILTER,538.0,3854.0,8,0,852,0,0,0
2026-06-21,OIL_FILTER,590.0,3264.0,8,0,905,0,0,0
2026-06-22,OIL_FILTER,660.0,4942.0,13,1,948,2338,0,0
2026-06-23,OIL_FILTER,615.0,4327.0,8,0,890,0,0,0
2026-06-24,OIL_FILTER,625.0,3702.0,8,0,951,0,0,0
2026-06-25,OIL_FILTER,626.0,3076.0,8,0,1030,0,0,0
2026-06-26,OIL_FILTER,679.0,7800.0,8,0,1053,5403,0,0
2026-06-27,OIL_FILTER,685.0,7115.0,8,0,1134,0,0,0
2026-06-28,OIL_FILTER,725.0,6390.0,8,0,1099,0,0,0
2026-06-29,OIL_FILTER,664.0,5726.0,8,0,1016,0,0,0
2026-06-30,OIL_FILTER,703.0,5023.0,13,1,1071,0,0,0
2026-07-01,OIL_FILTER,746.0,4277.0,8,0,1118,0,0,0
2026-07-02,OIL_FILTER,782.0,3495.0,8,0,1210,0,0,0
2026-07-03,OIL_FILTER,762.0,2733.0,8,0,1139,0,0,0
2026-07-04,OIL_FILTER,697.0,7800.0,8,0,1110,5764,0,0
2026-07-05,OIL_FILTER,727.0,7073.0,8,0,1141,0,0,0
2026-07-06,OIL_FILTER,783.0,6290.0,8,0,1220,0,0,0
2026-07-07,OIL_FILTER,682.0,5608.0,13,1,1055,0,0,0
2026-07-08,OIL_FILTER,673.0,4935.0,8,0,1005,0,0,0
2026-07-09,OIL_FILTER,706.0,4229.0,8,0,1083,0,0,0
2026-07-10,OIL_FILTER,513.0,3716.0,8,0,982,0,1,0
2026-07-11,OIL_FILTER,522.0,3194.0,8,0,891,0,1,0
2026-07-12,OIL_FILTER,495.0,2699.0,8,0,918,0,1,0
2026-07-13,OIL_FILTER,646.0,7800.0,8,0,974,5747,0,0
2026-07-14,OIL_FILTER,545.0,7255.0,8,0,842,0,0,0
2026-07-15,OIL_FILTER,569.0,6686.0,8,0,873,0,0,0
2026-07-16,OIL_FILTER,640.0,6046.0,8,0,897,0,0,0
2026-07-17,OIL_FILTER,575.0,5471.0,8,0,853,0,0,0
2026-07-18,OIL_FILTER,557.0,4914.0,8,0,870,0,0,0
2026-07-19,OIL_FILTER,542.0,4372.0,8,0,752,0,0,0
2026-07-20,OIL_FILTER,495.0,3877.0,8,0,841,0,0,0
2026-07-21,OIL_FILTER,540.0,3337.0,8,0,836,0,0,0
2026-07-22,OIL_FILTER,615.0,2722.0,8,0,939,0,0,0
2026-07-23,OIL_FILTER,565.0,7800.0,8,0,929,5643,0,0
2026-07-24,OIL_FILTER,642.0,7158.0,8,0,1039,0,0,0
2026-07-25,OIL_FILTER,625.0,6533.0,8,0,945,0,0,0
2026-07-26,OIL_FILTER,663.0,5870.0,8,0,1022,0,0,0
2026-07-27,OIL_FILTER,669.0,5201.0,8,0,1055,0,0,0
2026-07-28,OIL_FILTER,777.0,4424.0,8,0,1170,0,0,0
2026-07-29,OIL_FILTER,643.0,3781.0,8,0,1015,0,0,0
2026-07-30,OIL_FILTER,760.0,3021.0,8,0,1131,0,0,0
2026-07-31,OIL_FILTER,762.0,7800.0,8,0,1192,5541,0,0
2026-08-01,OIL_FILTER,769.0,7031.0,8,0,1096,0,0,0
2026-08-02,OIL_FILTER,742.0,6289.0,8,0,1153,0,0,0
2026-08-03,OIL_FILTER,723.0,5566.0,8,0,1117,0,0,0
2026-08-04,OIL_FILTER,759.0,4807.0,8,0,1150,0,0,0
2026-08-05,OIL_FILTER,711.0,4096.0,8,0,1139,0,0,0
2026-08-06,OIL_FILTER,689.0,3407.0,8,0,1086,0,0,0
2026-08-07,OIL_FILTER,736.0,7800.0,8,0,1073,5129,0,0
2026-08-08,OIL_FILTER,679.0,7121.0,8,0,1102,0,0,0
2026-08-09,OIL_FILTER,633.0,6488.0,8,0,986,0,0,0
2026-08-10,OIL_FILTER,536.0,5952.0,8,0,941,0,1,0
2026-08-11,OIL_FILTER,483.0,5469.0,8,0,873,0,1,0
2026-08-12,OIL_FILTER,551.0,4918.0,8,0,964,0,1,0
2026-08-13,OIL_FILTER,575.0,4343.0,8,0,894,0,0,0
2026-08-14,OIL_FILTER,647.0,3696.0,8,0,948,0,0,0
2026-08-15,OIL_FILTER,624.0,3072.0,8,0,863,0,0,0
2026-08-16,OIL_FILTER,619.0,7800.0,8,0,943,5347,0,0
2026-08-17,OIL_FILTER,625.0,7175.0,8,0,886,0,0,0
2026-08-18,OIL_FILTER,674.0,6501.0,8,0,923,0,0,0
2026-08-19,OIL_FILTER,578.0,5923.0,8,0,917,0,0,0
2026-08-20,OIL_FILTER,605.0,5318.0,8,0,951,0,0,0
2026-08-21,OIL_FILTER,579.0,4739.0,8,0,900,0,0,0
2026-08-22,OIL_FILTER,554.0,4185.0,8,0,873,0,0,0
2026-08-23,OIL_FILTER,737.0,3448.0,8,0,1070,0,0,0
2026-08-24,OIL_FILTER,689.0,2759.0,8,0,1032,0,0,0
2026-08-25,OIL_FILTER,759.0,7800.0,8,0,1043,5800,0,0
2026-08-26,OIL_FILTER,681.0,7119.0,8,0,1048,0,0,0
2026-08-27,OIL_FILTER,653.0,6466.0,8,0,1113,0,0,0
2026-08-28,OIL_FILTER,691.0,5775.0,8,0,1101,0,0,0
2026-08-29,OIL_FILTER,758.0,5017.0,8,0,1176,0,0,0
2026-08-30,OIL_FILTER,786.0,4231.0,8,0,1188,0,0,0
2026-08-31,OIL_FILTER,727.0,3504.0,8,0,1200,0,0,0
2026-09-01,OIL_FILTER,756.0,2748.0,8,0,1130,0,0,0
2025-01-01,AIR_FILTER,556.0,5644.0,10,0,1045,0,0,0
2025-01-02,AIR_FILTER,559.0,5085.0,10,0,1080,0,0,0
2025-01-03,AIR_FILTER,557.0,4528.0,10,0,990,0,0,0
2025-01-04,AIR_FILTER,590.0,3938.0,10,0,1143,0,0,0
2025-01-05,AIR_FILTER,581.0,3357.0,10,0,1062,0,0,0
2025-01-06,AIR_FILTER,601.0,2756.0,10,0,1150,0,0,0
2025-01-07,AIR_FILTER,526.0,6240.0,10,0,1047,4010,0,0
2025-01-08,AIR_FILTER,580.0,5660.0,10,0,1088,0,0,0
2025-01-09,AIR_FILTER,620.0,5040.0,10,0,1161,0,0,0
2025-01-10,AIR_FILTER,483.0,4557.0,10,0,1110,0,1,0
2025-01-11,AIR_FILTER,537.0,4020.0,10,0,1193,0,1,0
2025-01-12,AIR_FILTER,458.0,3562.0,10,0,1039,0,1,0
2025-01-13,AIR_FILTER,551.0,3011.0,10,0,1037,0,0,0
2025-01-14,AIR_FILTER,545.0,2466.0,10,0,1061,0,0,0
2025-01-15,AIR_FILTER,526.0,6240.0,10,0,1008,4300,0,0
2025-01-16,AIR_FILTER,511.0,5729.0,10,0,979,0,0,0
2025-01-17,AIR_FILTER,566.0,5163.0,10,0,1017,0,0,0
2025-01-18,AIR_FILTER,554.0,4609.0,10,0,996,0,0,0
2025-01-19,AIR_FILTER,532.0,4077.0,10,0,990,0,0,0
2025-01-20,AIR_FILTER,473.0,3604.0,10,0,949,0,0,0
2025-01-21,AIR_FILTER,518.0,3086.0,10,0,903,0,0,0
2025-01-22,AIR_FILTER,363.0,2723.0,10,0,788,0,0,0
2025-01-23,AIR_FILTER,445.0,6240.0,10,0,858,3962,0,0
2025-01-24,AIR_FILTER,442.0,5798.0,10,0,856,0,0,0
2025-01-25,AIR_FILTER,434.0,5364.0,10,0,876,0,0,0
2025-01-26,AIR_FILTER,474.0,4890.0,10,0,865,0,0,0
2025-01-27,AIR_FILTER,505.0,4385.0,10,0,953,0,0,0
2025-01-28,AIR_FILTER,477.0,3908.0,10,0,949,0,0,0
2025-01-29,AIR_FILTER,496.0,3412.0,10,0,933,0,0,0
2025-01-30,AIR_FILTER,542.0,2870.0,10,0,1021,0,0,0
2025-01-31,AIR_FILTER,557.0,2313.0,10,0,969,0,0,0
2025-02-01,AIR_FILTER,516.0,6240.0,10,0,981,4443,0,0
2025-02-02,AIR_FILTER,611.0,5629.0,10,0,1074,0,0,0
2025-02-03,AIR_FILTER,587.0,5042.0,10,0,1049,0,0,0
2025-02-04,AIR_FILTER,587.0,4455.0,10,0,1158,0,0,0
2025-02-05,AIR_FILTER,622.0,3833.0,10,0,1186,0,0,0
2025-02-06,AIR_FILTER,622.0,3211.0,15,1,1113,0,0,0
2025-02-07,AIR_FILTER,553.0,2658.0,10,0,1094,0,0,0
2025-02-08,AIR_FILTER,612.0,6240.0,10,0,1129,4194,0,0
2025-02-09,AIR_FILTER,614.0,5626.0,10,0,1166,0,0,0
2025-02-10,AIR_FILTER,541.0,5085.0,10,0,1161,0,1,0
2025-02-11,AIR_FILTER,482.0,4603.0,10,0,1070,0,1,0
2025-02-12,AIR_FILTER,483.0,4120.0,10,0,1084,0,1,0
2025-02-13,AIR_FILTER,563.0,3557.0,10,0,1047,0,0,0
2025-02-14,AIR_FILTER,526.0,3031.0,10,0,1046,0,0,0
2025-02-15,AIR_FILTER,580.0,2451.0,10,0,1109,0,0,0
2025-02-16,AIR_FILTER,484.0,6240.0,10,0,954,4273,0,0
2025-02-17,AIR_FILTER,437.0,5803.0,10,0,900,0,0,0
2025-02-18,AIR_FILTER,490.0,5313.0,10,0,961,0,0,0
2025-02-19,AIR_FILTER,447.0,4866.0,15,1,915,0,0,0
2025-02-20,AIR_FILTER,440.0,4426.0,10,0,816,0,0,0
2025-02-21,AIR_FILTER,447.0,3979.0,10,0,869,0,0,0
2025-02-22,AIR_FILTER,436.0,3543.0,10,0,835,0,0,0
2025-02-23,AIR_FILTER,502.0,3041.0,10,0,877,0,0,0
2025-02-24,AIR_FILTER,423.0,2618.0,10,0,807,0,0,0
2025-02-25,AIR_FILTER,474.0,6240.0,10,0,882,4096,0,0
2025-02-26,AIR_FILTER,465.0,5775.0,10,0,901,0,0,0
2025-02-27,AIR_FILTER,418.0,5357.0,10,0,871,0,0,0
2025-02-28,AIR_FILTER,506.0,4851.0,10,0,960,0,0,0
2025-03-01,AIR_FILTER,443.0,4408.0,10,0,861,0,0,0
2025-03-02,AIR_FILTER,514.0,3894.0,10,0,945,0,0,0
2025-03-03,AIR_FILTER,467.0,3427.0,10,0,998,0,0,0
2025-03-04,AIR_FILTER,521.0,2906.0,10,0,1028,0,0,0
2025-03-05,AIR_FILTER,560.0,2346.0,10,0,1054,0,0,0
2025-03-06,AIR_FILTER,566.0,6240.0,10,0,1121,4460,0,0
2025-03-07,AIR_FILTER,544.0,5696.0,10,0,1075,0,0,0
2025-03-08,AIR_FILTER,570.0,5126.0,10,0,1040,0,0,0
2025-03-09,AIR_FILTER,622.0,4504.0,10,0,1189,0,0,0
2025-03-10,AIR_FILTER,515.0,3989.0,10,0,1222,0,1,0
2025-03-11,AIR_FILTER,513.0,3476.0,10,0,1199,0,1,0
2025-03-12,AIR_FILTER,490.0,2986.0,10,0,1158,0,1,0
2025-03-13,AIR_FILTER,561.0,2425.0,10,0,1068,0,0,0
2025-03-14,AIR_FILTER,597.0,6240.0,10,0,1164,4412,0,0
2025-03-15,AIR_FILTER,593.0,5647.0,10,0,1133,0,0,0
2025-03-16,AIR_FILTER,468.0,5179.0,10,0,953,0,0,0
2025-03-17,AIR_FILTER,563.0,4616.0,10,0,1002,0,0,0
2025-03-18,AIR_FILTER,469.0,4147.0,10,0,890,0,0,0
2025-03-19,AIR_FILTER,457.0,3690.0,10,0,965,0,0,0
2025-03-20,AIR_FILTER,517.0,3173.0,10,0,899,0,0,0
2025-03-21,AIR_FILTER,430.0,2743.0,10,0,868,0,0,0
2025-03-22,AIR_FILTER,502.0,6240.0,10,0,902,3999,0,0
2025-03-23,AIR_FILTER,445.0,5795.0,10,0,856,0,0,0
2025-03-24,AIR_FILTER,431.0,5364.0,10,0,920,0,0,0
2025-03-25,AIR_FILTER,386.0,4978.0,10,0,833,0,0,0
2025-03-26,AIR_FILTER,500.0,4478.0,10,0,869,0,0,0
2025-03-27,AIR_FILTER,443.0,4035.0,10,0,803,0,0,0
2025-03-28,AIR_FILTER,448.0,3587.0,10,0,915,0,0,0
2025-03-29,AIR_FILTER,462.0,3125.0,10,0,917,0,0,0
2025-03-30,AIR_FILTER,473.0,2652.0,10,0,1004,0,0,0
2025-03-31,AIR_FILTER,507.0,6240.0,10,0,958,4095,0,0
2025-04-01,AIR_FILTER,500.0,5740.0,10,0,1017,0,0,0
2025-04-02,AIR_FILTER,474.0,5266.0,10,0,1010,0,0,0
2025-04-03,AIR_FILTER,582.0,4684.0,10,0,1058,0,0,0
2025-04-04,AIR_FILTER,556.0,4128.0,10,0,1121,0,0,0
2025-04-05,AIR_FILTER,584.0,3544.0,10,0,1180,0,0,0
2025-04-06,AIR_FILTER,603.0,2941.0,10,0,1149,0,0,0
2025-04-07,AIR_FILTER,617.0,2324.0,10,0,1164,0,0,0
2025-04-08,AIR_FILTER,560.0,6240.0,10,0,1118,4476,0,0
2025-04-09,AIR_FILTER,632.0,5608.0,15,1,1195,0,0,0
2025-04-10,AIR_FILTER,427.0,5181.0,10,0,1054,0,1,0
2025-04-11,AIR_FILTER,557.0,4624.0,10,0,1217,0,1,0
2025-04-12,AIR_FILTER,476.0,4148.0,10,0,1079,0,1,0
2025-04-13,AIR_FILTER,618.0,3530.0,10,0,1170,0,0,0
2025-04-14,AIR_FILTER,613.0,2917.0,10,0,1126,0,0,0
2025-04-15,AIR_FILTER,555.0,2362.0,10,0,1076,0,0,0
2025-04-16,AIR_FILTER,488.0,6240.0,10,0,978,4366,0,0
2025-04-17,AIR_FILTER,474.0,5766.0,10,0,923,0,0,0
2025-04-18,AIR_FILTER,472.0,5294.0,10,0,961,0,0,0
2025-04-19,AIR_FILTER,425.0,4869.0,10,0,857,0,0,0
2025-04-20,AIR_FILTER,400.0,4469.0,10,0,845,0,0,0
2025-04-21,AIR_FILTER,523.0,3946.0,10,0,971,0,0,0
2025-04-22,AIR_FILTER,488.0,3458.0,10,0,907,0,0,0
2025-04-23,AIR_FILTER,482.0,2976.0,10,0,934,0,0,0
2025-04-24,AIR_FILTER,403.0,2573.0,10,0,808,0,0,0
2025-04-25,AIR_FILTER,546.0,6240.0,10,0,951,4213,0,0
2025-04-26,AIR_FILTER,494.0,5746.0,10,0,974,0,0,0
2025-04-27,AIR_FILTER,520.0,5226.0,10,0,984,0,0,0
2025-04-28,AIR_FILTER,480.0,4746.0,15,1,923,0,0,0
2025-04-29,AIR_FILTER,480.0,4266.0,10,0,946,0,0,0
2025-04-30,AIR_FILTER,450.0,3816.0,10,0,900,0,0,0
2025-05-01,AIR_FILTER,495.0,3321.0,10,0,971,0,0,0
2025-05-02,AIR_FILTER,595.0,2726.0,10,0,1087,0,0,0
2025-05-03,AIR_FILTER,561.0,6240.0,10,0,1071,4075,0,0
2025-05-04,AIR_FILTER,555.0,5685.0,10,0,1024,0,0,0
2025-05-05,AIR_FILTER,564.0,5121.0,10,0,1161,0,0,0
2025-05-06,AIR_FILTER,579.0,4542.0,10,0,1103,0,0,0
2025-05-07,AIR_FILTER,556.0,3986.0,10,0,1104,0,0,0
2025-05-08,AIR_FILTER,605.0,3381.0,10,0,1112,0,0,0
2025-05-09,AIR_FILTER,587.0,2794.0,10,0,1097,0,0,0
2025-05-10,AIR_FILTER,488.0,2306.0,10,0,1084,0,1,0
2025-05-11,AIR_FILTER,506.0,6240.0,10,0,1138,4440,1,0
2025-05-12,AIR_FILTER,488.0,5752.0,10,0,1143,0,1,0
2025-05-13,AIR_FILTER,559.0,5193.0,10,0,1061,0,0,0
2025-05-14,AIR_FILTER,525.0,4668.0,10,0,1066,0,0,0
2025-05-15,AIR_FILTER,543.0,4125.0,10,0,1051,0,0,0
2025-05-16,AIR_FILTER,557.0,3568.0,10,0,1085,0,0,0
2025-05-17,AIR_FILTER,498.0,3070.0,10,0,905,0,0,0
2025-05-18,AIR_FILTER,527.0,2543.0,10,0,947,0,0,0
2025-05-19,AIR_FILTER,501.0,6240.0,10,0,928,4198,0,0
2025-05-20,AIR_FILTER,359.0,5881.0,10,0,745,0,0,0
2025-05-21,AIR_FILTER,421.0,5460.0,10,0,829,0,0,0
2025-05-22,AIR_FILTER,467.0,4993.0,10,0,952,0,0,0
2025-05-23,AIR_FILTER,470.0,4523.0,10,0,889,0,0,0
2025-05-24,AIR_FILTER,431.0,4092.0,15,1,845,0,0,0
2025-05-25,AIR_FILTER,492.0,3600.0,10,0,866,0,0,0
2025-05-26,AIR_FILTER,434.0,3166.0,10,0,860,0,0,0
2025-05-27,AIR_FILTER,451.0,2715.0,10,0,962,0,0,0
2025-05-28,AIR_FILTER,430.0,6240.0,10,0,815,3955,0,0
2025-05-29,AIR_FILTER,483.0,5757.0,10,0,937,0,0,0
2025-05-30,AIR_FILTER,542.0,5215.0,10,0,1039,0,0,0
2025-05-31,AIR_FILTER,547.0,4668.0,10,0,1057,0,0,0
2025-06-01,AIR_FILTER,495.0,4173.0,10,0,1038,0,0,0
2025-06-02,AIR_FILTER,557.0,3616.0,10,0,1048,0,0,0
2025-06-03,AIR_FILTER,595.0,3021.0,10,0,1147,0,0,0
2025-06-04,AIR_FILTER,599.0,2422.0,10,0,1145,0,0,0
2025-06-05,AIR_FILTER,618.0,6240.0,10,0,1170,4436,0,0
2025-06-06,AIR_FILTER,651.0,5589.0,10,0,1191,0,0,0
2025-06-07,AIR_FILTER,646.0,4943.0,10,0,1266,0,0,0
2025-06-08,AIR_FILTER,627.0,4316.0,10,0,1175,0,0,0
2025-06-09,AIR_FILTER,672.0,3644.0,10,0,1217,0,0,0
2025-06-10,AIR_FILTER,556.0,3088.0,10,0,1222,0,1,0
2025-06-11,AIR_FILTER,504.0,2584.0,10,0,1099,0,1,0
2025-06-12,AIR_FILTER,511.0,6240.0,10,0,1120,4167,1,0
2025-06-13,AIR_FILTER,548.0,5692.0,10,0,1106,0,0,0
2025-06-14,AIR_FILTER,557.0,5135.0,10,0,1073,0,0,0
2025-06-15,AIR_FILTER,558.0,4577.0,10,0,1075,0,0,0
2025-06-16,AIR_FILTER,530.0,4047.0,10,0,937,0,0,0
2025-06-17,AIR_FILTER,529.0,3518.0,10,0,934,0,0,0
2025-06-18,AIR_FILTER,492.0,3026.0,10,0,910,0,0,0
2025-06-19,AIR_FILTER,496.0,2530.0,10,0,846,0,0,0
2025-06-20,AIR_FILTER,453.0,6240.0,10,0,845,4163,0,0
2025-06-21,AIR_FILTER,487.0,5753.0,10,0,849,0,0,0
2025-06-22,AIR_FILTER,499.0,5254.0,10,0,879,0,0,0
2025-06-23,AIR_FILTER,481.0,4773.0,10,0,836,0,0,0
2025-06-24,AIR_FILTER,429.0,4344.0,10,0,864,0,0,0
2025-06-25,AIR_FILTER,464.0,3880.0,10,0,890,0,0,0
2025-06-26,AIR_FILTER,437.0,3443.0,10,0,856,0,0,0
2025-06-27,AIR_FILTER,435.0,3008.0,10,0,797,0,0,0
2025-06-28,AIR_FILTER,511.0,2497.0,10,0,956,0,0,0
2025-06-29,AIR_FILTER,478.0,6240.0,10,0,925,4221,0,0
2025-06-30,AIR_FILTER,578.0,5662.0,10,0,984,0,0,0
2025-07-01,AIR_FILTER,537.0,5125.0,10,0,993,0,0,0
2025-07-02,AIR_FILTER,511.0,4614.0,10,0,1013,0,0,0
2025-07-03,AIR_FILTER,580.0,4034.0,10,0,1126,0,0,0
2025-07-04,AIR_FILTER,599.0,3435.0,10,0,1157,0,0,0
2025-07-05,AIR_FILTER,554.0,2881.0,10,0,1054,0,0,0
2025-07-06,AIR_FILTER,610.0,6240.0,10,0,1182,3969,0,0
2025-07-07,AIR_FILTER,603.0,5637.0,10,0,1085,0,0,0
2025-07-08,AIR_FILTER,571.0,5066.0,10,0,1133,0,0,0
2025-07-09,AIR_FILTER,570.0,4496.0,10,0,1062,0,0,0
2025-07-10,AIR_FILTER,468.0,4028.0,10,0,1058,0,1,0
2025-07-11,AIR_FILTER,455.0,3573.0,10,0,1085,0,1,0
2025-07-12,AIR_FILTER,489.0,3084.0,10,0,1130,0,1,0
2025-07-13,AIR_FILTER,553.0,2531.0,10,0,1036,0,0,0
2025-07-14,AIR_FILTER,423.0,6240.0,10,0,900,4132,0,0
2025-07-15,AIR_FILTER,502.0,5738.0,10,0,983,0,0,0
2025-07-16,AIR_FILTER,497.0,5241.0,10,0,994,0,0,0
2025-07-17,AIR_FILTER,427.0,4814.0,10,0,898,0,0,0
2025-07-18,AIR_FILTER,423.0,4391.0,10,0,888,0,0,0
2025-07-19,AIR_FILTER,506.0,3885.0,10,0,872,0,0,0
2025-07-20,AIR_FILTER,412.0,3473.0,10,0,843,0,0,0
2025-07-21,AIR_FILTER,423.0,3050.0,10,0,858,0,0,0
2025-07-22,AIR_FILTER,490.0,2560.0,10,0,900,0,0,0
2025-07-23,AIR_FILTER,428.0,6240.0,10,0,834,4108,0,0
2025-07-24,AIR_FILTER,484.0,5756.0,15,1,930,0,0,0
2025-07-25,AIR_FILTER,447.0,5309.0,10,0,847,0,0,0
2025-07-26,AIR_FILTER,487.0,4822.0,10,0,930,0,0,0
2025-07-27,AIR_FILTER,435.0,4387.0,10,0,921,0,0,0
2025-07-28,AIR_FILTER,465.0,3922.0,10,0,893,0,0,0
2025-07-29,AIR_FILTER,449.0,3473.0,10,0,924,0,0,0
2025-07-30,AIR_FILTER,529.0,2944.0,10,0,980,0,0,0
2025-07-31,AIR_FILTER,541.0,2403.0,10,0,1055,0,0,0
2025-08-01,AIR_FILTER,479.0,6240.0,10,0,959,4316,0,0
2025-08-02,AIR_FILTER,581.0,5659.0,10,0,1101,0,0,0
2025-08-03,AIR_FILTER,595.0,5064.0,10,0,1175,0,0,0
2025-08-04,AIR_FILTER,608.0,4456.0,10,0,1182,0,0,0
2025-08-05,AIR_FILTER,637.0,3819.0,10,0,1235,0,0,0
2025-08-06,AIR_FILTER,585.0,3234.0,10,0,1115,0,0,0
2025-08-07,AIR_FILTER,621.0,2613.0,10,0,1150,0,0,0
2025-08-08,AIR_FILTER,620.0,6240.0,10,0,1170,4247,0,0
2025-08-09,AIR_FILTER,649.0,5591.0,10,0,1158,0,0,0
2025-08-10,AIR_FILTER,429.0,5162.0,10,0,1050,0,1,0
2025-08-11,AIR_FILTER,482.0,4680.0,10,0,1083,0,1,0
2025-08-12,AIR_FILTER,476.0,4204.0,10,0,1078,0,1,0
2025-08-13,AIR_FILTER,550.0,3654.0,10,0,1101,0,0,0
2025-08-14,AIR_FILTER,546.0,3108.0,10,0,1043,0,0,0
2025-08-15,AIR_FILTER,517.0,2591.0,10,0,1020,0,0,0
2025-08-16,AIR_FILTER,506.0,6240.0,10,0,907,4155,0,0
2025-08-17,AIR_FILTER,395.0,5845.0,10,0,827,0,0,0
2025-08-18,AIR_FILTER,490.0,5355.0,10,0,959,0,0,0
2025-08-19,AIR_FILTER,433.0,4922.0,10,0,789,0,0,0
2025-08-20,AIR_FILTER,412.0,4510.0,10,0,870,0,0,0
2025-08-21,AIR_FILTER,408.0,4102.0,15,1,834,0,0,0
2025-08-22,AIR_FILTER,446.0,3656.0,10,0,884,0,0,0
2025-08-23,AIR_FILTER,495.0,3161.0,10,0,894,0,0,0
2025-08-24,AIR_FILTER,525.0,2636.0,10,0,972,0,0,0
2025-08-25,AIR_FILTER,481.0,6240.0,10,0,954,4085,0,0
2025-08-26,AIR_FILTER,450.0,5790.0,10,0,883,0,0,0
2025-08-27,AIR_FILTER,434.0,5356.0,10,0,929,0,0,0
2025-08-28,AIR_FILTER,493.0,4863.0,10,0,920,0,0,0
2025-08-29,AIR_FILTER,527.0,4336.0,10,0,947,0,0,0
2025-08-30,AIR_FILTER,558.0,3778.0,10,0,1029,0,0,0
2025-08-31,AIR_FILTER,597.0,3181.0,10,0,1147,0,0,0
2025-09-01,AIR_FILTER,549.0,2632.0,10,0,1143,0,0,0
2025-09-02,AIR_FILTER,557.0,6240.0,10,0,1134,4165,0,0
2025-09-03,AIR_FILTER,521.0,5719.0,10,0,1044,0,0,0
2025-09-04,AIR_FILTER,607.0,5112.0,10,0,1159,0,0,0
2025-09-05,AIR_FILTER,609.0,4503.0,10,0,1164,0,0,0
2025-09-06,AIR_FILTER,575.0,3928.0,10,0,1111,0,0,0
2025-09-07,AIR_FILTER,619.0,3309.0,10,0,1136,0,0,0
2025-09-08,AIR_FILTER,540.0,2769.0,10,0,1147,0,0,0
2025-09-09,AIR_FILTER,539.0,6240.0,10,0,1073,4010,0,0
2025-09-10,AIR_FILTER,535.0,5705.0,10,0,1100,0,1,0
2025-09-11,AIR_FILTER,498.0,5207.0,10,0,1085,0,1,0
2025-09-12,AIR_FILTER,452.0,4755.0,10,0,1085,0,1,0
2025-09-13,AIR_FILTER,492.0,4263.0,10,0,978,0,0,0
2025-09-14,AIR_FILTER,452.0,3811.0,10,0,919,0,0,0
2025-09-15,AIR_FILTER,442.0,3369.0,10,0,862,0,0,0
2025-09-16,AIR_FILTER,464.0,2905.0,10,0,862,0,0,0
2025-09-17,AIR_FILTER,443.0,2462.0,10,0,917,0,0,0
2025-09-18,AIR_FILTER,460.0,6240.0,10,0,841,4238,0,0
2025-09-19,AIR_FILTER,500.0,5740.0,10,0,875,0,0,0
2025-09-20,AIR_FILTER,423.0,5317.0,10,0,827,0,0,0
2025-09-21,AIR_FILTER,418.0,4899.0,10,0,902,0,0,0
2025-09-22,AIR_FILTER,374.0,4525.0,10,0,809,0,0,0
2025-09-23,AIR_FILTER,469.0,4056.0,10,0,914,0,0,0
2025-09-24,AIR_FILTER,490.0,3566.0,10,0,931,0,0,0
2025-09-25,AIR_FILTER,488.0,3078.0,10,0,911,0,0,0
2025-09-26,AIR_FILTER,522.0,2556.0,10,0,983,0,0,0
2025-09-27,AIR_FILTER,526.0,6240.0,10,0,966,4210,0,0
2025-09-28,AIR_FILTER,506.0,5734.0,10,0,936,0,0,0
2025-09-29,AIR_FILTER,562.0,5172.0,10,0,974,0,0,0
2025-09-30,AIR_FILTER,570.0,4602.0,10,0,1057,0,0,0
2025-10-01,AIR_FILTER,560.0,4042.0,10,0,1050,0,0,0
2025-10-02,AIR_FILTER,533.0,3509.0,10,0,1066,0,0,0
2025-10-03,AIR_FILTER,538.0,2971.0,10,0,1165,0,0,0
2025-10-04,AIR_FILTER,641.0,2330.0,10,0,1162,0,0,0
2025-10-05,AIR_FILTER,589.0,6240.0,10,0,1169,4499,0,0
2025-10-06,AIR_FILTER,568.0,5672.0,10,0,1110,0,0,0
2025-10-07,AIR_FILTER,597.0,5075.0,10,0,1210,0,0,0
2025-10-08,AIR_FILTER,562.0,4513.0,10,0,1089,0,0,0
2025-10-09,AIR_FILTER,548.0,3965.0,10,0,1100,0,0,0
2025-10-10,AIR_FILTER,438.0,3527.0,10,0,976,0,1,0
2025-10-11,AIR_FILTER,490.0,3037.0,10,0,1049,0,1,0
2025-10-12,AIR_FILTER,470.0,2567.0,10,0,1039,0,1,0
2025-10-13,AIR_FILTER,510.0,6240.0,10,0,935,4183,0,0
2025-10-14,AIR_FILTER,547.0,5693.0,10,0,1026,0,0,0
2025-10-15,AIR_FILTER,418.0,5275.0,10,0,852,0,0,0
2025-10-16,AIR_FILTER,483.0,4792.0,10,0,976,0,0,0
2025-10-17,AIR_FILTER,484.0,4308.0,10,0,886,0,0,0
2025-10-18,AIR_FILTER,410.0,3898.0,10,0,786,0,0,0
2025-10-19,AIR_FILTER,396.0,3502.0,10,0,731,0,0,0
2025-10-20,AIR_FILTER,517.0,2985.0,10,0,913,0,0,1
2025-10-21,AIR_FILTER,520.0,2465.0,10,0,883,0,0,1
2025-10-22,AIR_FILTER,493.0,6240.0,10,0,871,4268,0,1
2025-10-23,AIR_FILTER,475.0,5765.0,10,0,863,0,0,1
2025-10-24,AIR_FILTER,481.0,5284.0,10,0,900,0,0,1
2025-10-25,AIR_FILTER,537.0,4747.0,10,0,920,0,0,1
2025-10-26,AIR_FILTER,550.0,4197.0,10,0,969,0,0,1
2025-10-27,AIR_FILTER,507.0,3690.0,10,0,930,0,0,1
2025-10-28,AIR_FILTER,564.0,3126.0,10,0,997,0,0,1
2025-10-29,AIR_FILTER,595.0,2531.0,10,0,1077,0,0,1
2025-10-30,AIR_FILTER,630.0,6240.0,10,0,1143,4339,0,1
2025-10-31,AIR_FILTER,527.0,5713.0,10,0,1035,0,0,0
2025-11-01,AIR_FILTER,560.0,5153.0,10,0,1142,0,0,0
2025-11-02,AIR_FILTER,591.0,4562.0,15,1,1100,0,0,0
2025-11-03,AIR_FILTER,631.0,3931.0,10,0,1264,0,0,0
2025-11-04,AIR_FILTER,581.0,3350.0,10,0,1144,0,0,0
2025-11-05,AIR_FILTER,624.0,2726.0,10,0,1173,0,0,0
2025-11-06,AIR_FILTER,620.0,6240.0,10,0,1119,4134,0,0
2025-11-07,AIR_FILTER,575.0,5665.0,10,0,1067,0,0,0
2025-11-08,AIR_FILTER,618.0,5047.0,10,0,1120,0,0,0
2025-11-09,AIR_FILTER,552.0,4495.0,10,0,1078,0,0,0
2025-11-10,AIR_FILTER,465.0,4030.0,10,0,1042,0,1,0
2025-11-11,AIR_FILTER,456.0,3574.0,10,0,1001,0,1,0
2025-11-12,AIR_FILTER,457.0,3117.0,10,0,1081,0,1,0
2025-11-13,AIR_FILTER,483.0,2634.0,10,0,895,0,0,0
2025-11-14,AIR_FILTER,505.0,6240.0,10,0,904,4111,0,0
2025-11-15,AIR_FILTER,435.0,5805.0,10,0,844,0,0,0
2025-11-16,AIR_FILTER,453.0,5352.0,10,0,835,0,0,0
2025-11-17,AIR_FILTER,447.0,4905.0,15,1,801,0,0,0
2025-11-18,AIR_FILTER,439.0,4466.0,10,0,877,0,0,0
2025-11-19,AIR_FILTER,470.0,3996.0,10,0,892,0,0,0
2025-11-20,AIR_FILTER,428.0,3568.0,10,0,852,0,0,0
2025-11-21,AIR_FILTER,444.0,3124.0,10,0,832,0,0,0
2025-11-22,AIR_FILTER,422.0,2702.0,10,0,849,0,0,0
2025-11-23,AIR_FILTER,449.0,6240.0,10,0,915,3987,0,0
2025-11-24,AIR_FILTER,522.0,5718.0,10,0,957,0,0,0
2025-11-25,AIR_FILTER,483.0,5235.0,15,1,921,0,0,0
2025-11-26,AIR_FILTER,570.0,4665.0,10,0,1038,0,0,0
2025-11-27,AIR_FILTER,524.0,4141.0,10,0,969,0,0,0
2025-11-28,AIR_FILTER,572.0,3569.0,10,0,1100,0,0,0
2025-11-29,AIR_FILTER,574.0,2995.0,10,0,1097,0,0,0
2025-11-30,AIR_FILTER,550.0,2445.0,10,0,1098,0,0,0
2025-12-01,AIR_FILTER,518.0,6240.0,10,0,1077,4313,0,0
2025-12-02,AIR_FILTER,611.0,5629.0,15,1,1137,0,0,0
2025-12-03,AIR_FILTER,664.0,4965.0,10,0,1206,0,0,0
2025-12-04,AIR_FILTER,602.0,4363.0,10,0,1111,0,0,0
2025-12-05,AIR_FILTER,646.0,3717.0,10,0,1218,0,0,0
2025-12-06,AIR_FILTER,557.0,3160.0,10,0,1043,0,0,0
2025-12-07,AIR_FILTER,644.0,2516.0,10,0,1193,0,0,0
2025-12-08,AIR_FILTER,577.0,6240.0,10,0,1082,4301,0,0
2025-12-09,AIR_FILTER,501.0,5739.0,10,0,1049,0,0,0
2025-12-10,AIR_FILTER,476.0,5263.0,10,0,1089,0,1,0
2025-12-11,AIR_FILTER,422.0,4841.0,10,0,985,0,1,0
2025-12-12,AIR_FILTER,410.0,4431.0,10,0,974,0,1,0
2025-12-13,AIR_FILTER,528.0,3903.0,10,0,991,0,0,0
2025-12-14,AIR_FILTER,426.0,3477.0,10,0,827,0,0,0
2025-12-15,AIR_FILTER,379.0,3098.0,10,0,772,0,0,0
2025-12-16,AIR_FILTER,428.0,2670.0,10,0,856,0,0,0
2025-12-17,AIR_FILTER,452.0,6240.0,10,0,829,4022,0,0
2025-12-18,AIR_FILTER,476.0,5764.0,15,1,917,0,0,0
2025-12-19,AIR_FILTER,419.0,5345.0,10,0,795,0,0,0
2025-12-20,AIR_FILTER,445.0,4900.0,10,0,840,0,0,0
2025-12-21,AIR_FILTER,413.0,4487.0,10,0,805,0,0,0
2025-12-22,AIR_FILTER,547.0,3940.0,10,0,954,0,0,0
2025-12-23,AIR_FILTER,474.0,3466.0,10,0,947,0,0,0
2025-12-24,AIR_FILTER,460.0,3006.0,10,0,877,0,0,0
2025-12-25,AIR_FILTER,474.0,2532.0,10,0,910,0,0,0
2025-12-26,AIR_FILTER,552.0,6240.0,10,0,1011,4260,0,0
2025-12-27,AIR_FILTER,558.0,5682.0,10,0,1025,0,0,0
2025-12-28,AIR_FILTER,580.0,5102.0,10,0,1027,0,0,0
2025-12-29,AIR_FILTER,534.0,4568.0,10,0,1046,0,0,0
2025-12-30,AIR_FILTER,528.0,4040.0,10,0,995,0,0,0
2025-12-31,AIR_FILTER,626.0,3414.0,10,0,1147,0,0,0
2026-01-01,AIR_FILTER,613.0,2801.0,10,0,1149,0,0,0
2026-01-02,AIR_FILTER,611.0,6240.0,10,0,1151,4050,0,0
2026-01-03,AIR_FILTER,595.0,5645.0,10,0,1153,0,0,0
2026-01-04,AIR_FILTER,639.0,5006.0,10,0,1220,0,0,0
2026-01-05,AIR_FILTER,641.0,4365.0,10,0,1146,0,0,0
2026-01-06,AIR_FILTER,555.0,3810.0,10,0,1182,0,0,0
2026-01-07,AIR_FILTER,597.0,3213.0,10,0,1114,0,0,0
2026-01-08,AIR_FILTER,570.0,2643.0,10,0,1066,0,0,0
2026-01-09,AIR_FILTER,536.0,6240.0,10,0,1022,4133,0,0
2026-01-10,AIR_FILTER,513.0,5727.0,10,0,1098,0,1,0
2026-01-11,AIR_FILTER,398.0,5329.0,10,0,1003,0,1,0
2026-01-12,AIR_FILTER,485.0,4844.0,10,0,1070,0,1,0
2026-01-13,AIR_FILTER,505.0,4339.0,10,0,981,0,0,0
2026-01-14,AIR_FILTER,473.0,3866.0,15,1,881,0,0,0
2026-01-15,AIR_FILTER,476.0,3390.0,10,0,910,0,0,0
2026-01-16,AIR_FILTER,382.0,3008.0,10,0,796,0,0,0
2026-01-17,AIR_FILTER,442.0,2566.0,10,0,829,0,0,0
2026-01-18,AIR_FILTER,367.0,6240.0,10,0,779,4041,0,0
2026-01-19,AIR_FILTER,427.0,5813.0,10,0,882,0,0,0
2026-01-20,AIR_FILTER,455.0,5358.0,10,0,907,0,0,0
2026-01-21,AIR_FILTER,385.0,4973.0,10,0,771,0,0,0
2026-01-22,AIR_FILTER,476.0,4497.0,10,0,966,0,0,0
2026-01-23,AIR_FILTER,491.0,4006.0,10,0,919,0,0,0
2026-01-24,AIR_FILTER,473.0,3533.0,10,0,890,0,0,0
2026-01-25,AIR_FILTER,522.0,3011.0,10,0,1056,0,0,0
2026-01-26,AIR_FILTER,535.0,2476.0,10,0,970,0,0,0
2026-01-27,AIR_FILTER,467.0,3913.0,15,1,923,1904,0,0
2026-01-28,AIR_FILTER,487.0,3426.0,10,0,965,0,0,0
2026-01-29,AIR_FILTER,577.0,2849.0,10,0,1091,0,0,0
2026-01-30,AIR_FILTER,584.0,4054.0,15,1,1159,1789,0,0
2026-01-31,AIR_FILTER,610.0,3444.0,10,0,1121,0,0,0
2026-02-01,AIR_FILTER,599.0,2845.0,10,0,1135,0,0,0
2026-02-02,AIR_FILTER,592.0,6240.0,10,0,1173,3987,0,0
2026-02-03,AIR_FILTER,570.0,5670.0,10,0,1116,0,0,0
2026-02-04,AIR_FILTER,547.0,5123.0,10,0,1120,0,0,0
2026-02-05,AIR_FILTER,664.0,4459.0,10,0,1233,0,0,0
2026-02-06,AIR_FILTER,568.0,3891.0,15,1,1106,0,0,0
2026-02-07,AIR_FILTER,573.0,3318.0,10,0,1131,0,0,0
2026-02-08,AIR_FILTER,581.0,2737.0,10,0,1152,0,0,0
2026-02-09,AIR_FILTER,483.0,6240.0,10,0,957,3986,0,0
2026-02-10,AIR_FILTER,491.0,5749.0,10,0,1103,0,1,0
2026-02-11,AIR_FILTER,375.0,5374.0,10,0,977,0,1,0
2026-02-12,AIR_FILTER,414.0,4960.0,10,0,950,0,1,0
2026-02-13,AIR_FILTER,483.0,4477.0,10,0,919,0,0,0
2026-02-14,AIR_FILTER,471.0,4006.0,10,0,887,0,0,0
2026-02-15,AIR_FILTER,520.0,3486.0,10,0,906,0,0,0
2026-02-16,AIR_FILTER,502.0,2984.0,10,0,924,0,0,0
2026-02-17,AIR_FILTER,484.0,2500.0,10,0,852,0,0,0
2026-02-18,AIR_FILTER,462.0,6240.0,10,0,891,4202,0,0
2026-02-19,AIR_FILTER,459.0,5781.0,10,0,886,0,0,0
2026-02-20,AIR_FILTER,410.0,5371.0,10,0,842,0,0,0
2026-02-21,AIR_FILTER,413.0,4958.0,10,0,841,0,0,0
2026-02-22,AIR_FILTER,505.0,4453.0,10,0,974,0,0,0
2026-02-23,AIR_FILTER,470.0,3983.0,15,1,964,0,0,0
2026-02-24,AIR_FILTER,571.0,3412.0,10,0,1080,0,0,0
2026-02-25,AIR_FILTER,480.0,2932.0,10,0,957,0,0,0
2026-02-26,AIR_FILTER,530.0,2402.0,10,0,1036,0,0,0
2026-02-27,AIR_FILTER,520.0,6240.0,10,0,988,4358,0,0
2026-02-28,AIR_FILTER,537.0,5703.0,10,0,1111,0,0,0
2026-03-01,AIR_FILTER,594.0,5109.0,10,0,1107,0,0,0
2026-03-02,AIR_FILTER,637.0,4472.0,10,0,1175,0,0,0
2026-03-03,AIR_FILTER,670.0,3802.0,10,0,1233,0,0,0
2026-03-04,AIR_FILTER,606.0,3196.0,10,0,1174,0,0,0
2026-03-05,AIR_FILTER,555.0,2641.0,10,0,1106,0,0,0
2026-03-06,AIR_FILTER,641.0,6240.0,10,0,1173,4240,0,0
2026-03-07,AIR_FILTER,599.0,5641.0,10,0,1211,0,0,0
2026-03-08,AIR_FILTER,660.0,4981.0,10,0,1258,0,0,0
2026-03-09,AIR_FILTER,517.0,4464.0,10,0,1090,0,0,0
2026-03-10,AIR_FILTER,433.0,4031.0,10,0,1022,0,1,0
2026-03-11,AIR_FILTER,436.0,3595.0,10,0,1002,0,1,0
2026-03-12,AIR_FILTER,464.0,3131.0,10,0,1014,0,1,0
2026-03-13,AIR_FILTER,503.0,2628.0,10,0,945,0,0,0
2026-03-14,AIR_FILTER,451.0,6240.0,10,0,875,4063,0,0
2026-03-15,AIR_FILTER,485.0,5755.0,10,0,901,0,0,0
2026-03-16,AIR_FILTER,478.0,5277.0,10,0,914,0,0,0
2026-03-17,AIR_FILTER,409.0,4868.0,10,0,763,0,0,0
2026-03-18,AIR_FILTER,437.0,4431.0,10,0,808,0,0,0
2026-03-19,AIR_FILTER,481.0,3950.0,10,0,909,0,0,0
2026-03-20,AIR_FILTER,478.0,3472.0,10,0,898,0,0,0
2026-03-21,AIR_FILTER,388.0,3084.0,10,0,826,0,0,0
2026-03-22,AIR_FILTER,499.0,2585.0,10,0,911,0,0,0
2026-03-23,AIR_FILTER,477.0,6240.0,10,0,850,4132,0,0
2026-03-24,AIR_FILTER,488.0,5752.0,10,0,916,0,0,0
2026-03-25,AIR_FILTER,413.0,5339.0,10,0,887,0,0,0
2026-03-26,AIR_FILTER,508.0,4831.0,10,0,935,0,0,0
2026-03-27,AIR_FILTER,569.0,4262.0,10,0,1020,0,0,0
2026-03-28,AIR_FILTER,530.0,3732.0,10,0,1015,0,0,0
2026-03-29,AIR_FILTER,604.0,3128.0,10,0,1057,0,0,0
2026-03-30,AIR_FILTER,563.0,2565.0,10,0,1067,0,0,0
2026-03-31,AIR_FILTER,578.0,6240.0,10,0,1128,4253,0,0
2026-04-01,AIR_FILTER,476.0,5764.0,10,0,951,0,0,0
2026-04-02,AIR_FILTER,568.0,5196.0,10,0,1131,0,0,0
2026-04-03,AIR_FILTER,585.0,4611.0,10,0,1161,0,0,0
2026-04-04,AIR_FILTER,626.0,3985.0,10,0,1157,0,0,0
2026-04-05,AIR_FILTER,578.0,3407.0,10,0,1076,0,0,0
2026-04-06,AIR_FILTER,556.0,2851.0,10,0,1098,0,0,0
2026-04-07,AIR_FILTER,570.0,6240.0,10,0,1106,3959,0,0
2026-04-08,AIR_FILTER,574.0,5666.0,10,0,1037,0,0,0
2026-04-09,AIR_FILTER,528.0,5138.0,10,0,965,0,0,0
2026-04-10,AIR_FILTER,512.0,4626.0,10,0,1110,0,1,0
2026-04-11,AIR_FILTER,519.0,4107.0,10,0,1082,0,1,0
2026-04-12,AIR_FILTER,406.0,3701.0,10,0,960,0,1,0
2026-04-13,AIR_FILTER,559.0,3142.0,10,0,989,0,0,0
2026-04-14,AIR_FILTER,592.0,2550.0,10,0,984,0,0,0
2026-04-15,AIR_FILTER,471.0,6240.0,10,0,956,4161,0,0
2026-04-16,AIR_FILTER,389.0,5851.0,10,0,794,0,0,0
2026-04-17,AIR_FILTER,466.0,5385.0,10,0,926,0,0,0
2026-04-18,AIR_FILTER,460.0,4925.0,10,0,844,0,0,0
2026-04-19,AIR_FILTER,427.0,4498.0,10,0,807,0,0,0
2026-04-20,AIR_FILTER,416.0,4082.0,10,0,815,0,0,0
2026-04-21,AIR_FILTER,428.0,3654.0,10,0,820,0,0,0
2026-04-22,AIR_FILTER,494.0,3160.0,10,0,909,0,0,0
2026-04-23,AIR_FILTER,540.0,2620.0,10,0,1020,0,0,0
2026-04-24,AIR_FILTER,500.0,6240.0,10,0,900,4120,0,0
2026-04-25,AIR_FILTER,486.0,5754.0,10,0,983,0,0,0
2026-04-26,AIR_FILTER,505.0,5249.0,10,0,1037,0,0,0
2026-04-27,AIR_FILTER,547.0,4702.0,15,1,1032,0,0,0
2026-04-28,AIR_FILTER,518.0,4184.0,10,0,1039,0,0,0
2026-04-29,AIR_FILTER,598.0,3586.0,10,0,1120,0,0,0
2026-04-30,AIR_FILTER,592.0,2994.0,10,0,1171,0,0,0
2026-05-01,AIR_FILTER,539.0,2455.0,10,0,1045,0,0,0
2026-05-02,AIR_FILTER,569.0,6240.0,10,0,1137,4354,0,0
2026-05-03,AIR_FILTER,604.0,5636.0,10,0,1225,0,0,0
2026-05-04,AIR_FILTER,570.0,5066.0,10,0,1127,0,0,0
2026-05-05,AIR_FILTER,601.0,4465.0,10,0,1102,0,0,0
2026-05-06,AIR_FILTER,630.0,3835.0,10,0,1189,0,0,0
2026-05-07,AIR_FILTER,570.0,3265.0,10,0,1111,0,0,0
2026-05-08,AIR_FILTER,573.0,2692.0,10,0,1025,0,0,0
2026-05-09,AIR_FILTER,568.0,6240.0,10,0,1040,4116,0,0
2026-05-10,AIR_FILTER,479.0,5761.0,10,0,1092,0,1,0
2026-05-11,AIR_FILTER,451.0,5310.0,10,0,997,0,1,0
2026-05-12,AIR_FILTER,410.0,4900.0,10,0,934,0,1,0
2026-05-13,AIR_FILTER,474.0,4426.0,10,0,865,0,0,0
2026-05-14,AIR_FILTER,506.0,3920.0,10,0,875,0,0,0
2026-05-15,AIR_FILTER,473.0,3447.0,10,0,863,0,0,0
2026-05-16,AIR_FILTER,454.0,2993.0,10,0,838,0,0,0
2026-05-17,AIR_FILTER,441.0,2552.0,10,0,859,0,0,0
2026-05-18,AIR_FILTER,431.0,6240.0,10,0,794,4119,0,0
2026-05-19,AIR_FILTER,394.0,5846.0,10,0,833,0,0,0
2026-05-20,AIR_FILTER,472.0,5374.0,10,0,862,0,0,0
2026-05-21,AIR_FILTER,489.0,4885.0,10,0,833,0,0,0
2026-05-22,AIR_FILTER,469.0,4416.0,10,0,873,0,0,0
2026-05-23,AIR_FILTER,454.0,3962.0,10,0,823,0,0,0
2026-05-24,AIR_FILTER,495.0,3467.0,10,0,965,0,0,0
2026-05-25,AIR_FILTER,498.0,2969.0,10,0,905,0,0,0
2026-05-26,AIR_FILTER,569.0,2400.0,10,0,1019,0,0,0
2026-05-27,AIR_FILTER,536.0,6240.0,10,0,1018,4376,0,0
2026-05-28,AIR_FILTER,601.0,5639.0,10,0,1086,0,0,0
2026-05-29,AIR_FILTER,586.0,5053.0,10,0,1119,0,0,0
2026-05-30,AIR_FILTER,614.0,4439.0,10,0,1109,0,0,0
2026-05-31,AIR_FILTER,566.0,3873.0,10,0,1181,0,0,0
2026-06-01,AIR_FILTER,616.0,3257.0,10,0,1183,0,0,0
2026-06-02,AIR_FILTER,604.0,2653.0,10,0,1143,0,0,0
2026-06-03,AIR_FILTER,674.0,6240.0,10,0,1257,4261,0,0
2026-06-04,AIR_FILTER,638.0,5602.0,10,0,1260,0,0,0
2026-06-05,AIR_FILTER,631.0,4971.0,10,0,1142,0,0,0
2026-06-06,AIR_FILTER,587.0,4384.0,10,0,1172,0,0,0
2026-06-07,AIR_FILTER,468.0,3916.0,10,0,1085,0,0,0
2026-06-08,AIR_FILTER,519.0,3397.0,10,0,1025,0,0,0
2026-06-09,AIR_FILTER,519.0,2878.0,15,1,981,0,0,0
2026-06-10,AIR_FILTER,433.0,2445.0,10,0,977,0,1,0
2026-06-11,AIR_FILTER,403.0,6240.0,10,0,925,4198,1,0
2026-06-12,AIR_FILTER,455.0,5785.0,10,0,995,0,1,0
2026-06-13,AIR_FILTER,487.0,5298.0,10,0,917,0,0,0
2026-06-14,AIR_FILTER,464.0,4834.0,10,0,854,0,0,0
2026-06-15,AIR_FILTER,456.0,4378.0,10,0,850,0,0,0
2026-06-16,AIR_FILTER,454.0,3924.0,10,0,861,0,0,0
2026-06-17,AIR_FILTER,417.0,3507.0,10,0,819,0,0,0
2026-06-18,AIR_FILTER,500.0,3007.0,10,0,915,0,0,0
2026-06-19,AIR_FILTER,455.0,2552.0,10,0,871,0,0,0
2026-06-20,AIR_FILTER,408.0,6240.0,10,0,815,4096,0,0
2026-06-21,AIR_FILTER,471.0,5769.0,10,0,959,0,0,0
2026-06-22,AIR_FILTER,472.0,5297.0,10,0,915,0,0,0
2026-06-23,AIR_FILTER,474.0,4823.0,10,0,912,0,0,0
2026-06-24,AIR_FILTER,483.0,4340.0,10,0,980,0,0,0
2026-06-25,AIR_FILTER,561.0,3779.0,10,0,1005,0,0,0
2026-06-26,AIR_FILTER,508.0,3271.0,10,0,974,0,0,0
2026-06-27,AIR_FILTER,598.0,2673.0,10,0,1116,0,0,0
2026-06-28,AIR_FILTER,473.0,6240.0,10,0,1020,4040,0,0
2026-06-29,AIR_FILTER,609.0,5631.0,10,0,1104,0,0,0
2026-06-30,AIR_FILTER,589.0,5042.0,10,0,1208,0,0,0
2026-07-01,AIR_FILTER,616.0,4426.0,10,0,1161,0,0,0
2026-07-02,AIR_FILTER,606.0,3820.0,10,0,1208,0,0,0
2026-07-03,AIR_FILTER,655.0,3165.0,10,0,1146,0,0,0
2026-07-04,AIR_FILTER,586.0,2579.0,10,0,1150,0,0,0
2026-07-05,AIR_FILTER,518.0,6240.0,10,0,1053,4179,0,0
2026-07-06,AIR_FILTER,589.0,5651.0,10,0,1129,0,0,0
2026-07-07,AIR_FILTER,521.0,5130.0,10,0,1049,0,0,0
2026-07-08,AIR_FILTER,572.0,4558.0,10,0,1101,0,0,0
2026-07-09,AIR_FILTER,488.0,4070.0,10,0,1003,0,0,0
2026-07-10,AIR_FILTER,401.0,3669.0,10,0,923,0,1,0
2026-07-11,AIR_FILTER,453.0,3216.0,10,0,1024,0,1,0
2026-07-12,AIR_FILTER,481.0,2735.0,10,0,964,0,1,0
2026-07-13,AIR_FILTER,486.0,6240.0,10,0,925,3991,0,0
2026-07-14,AIR_FILTER,423.0,5817.0,10,0,758,0,0,0
2026-07-15,AIR_FILTER,485.0,5332.0,10,0,900,0,0,0
2026-07-16,AIR_FILTER,486.0,4846.0,10,0,913,0,0,0
2026-07-17,AIR_FILTER,460.0,4386.0,10,0,835,0,0,0
2026-07-18,AIR_FILTER,438.0,3948.0,15,1,877,0,0,0
2026-07-19,AIR_FILTER,470.0,3478.0,10,0,906,0,0,0
2026-07-20,AIR_FILTER,421.0,3057.0,10,0,867,0,0,0
2026-07-21,AIR_FILTER,459.0,2598.0,10,0,917,0,0,0
2026-07-22,AIR_FILTER,520.0,6240.0,10,0,956,4162,0,0
2026-07-23,AIR_FILTER,526.0,5714.0,10,0,944,0,0,0
2026-07-24,AIR_FILTER,538.0,5176.0,10,0,984,0,0,0
2026-07-25,AIR_FILTER,575.0,4601.0,10,0,1075,0,0,0
2026-07-26,AIR_FILTER,505.0,4096.0,10,0,1050,0,0,0
2026-07-27,AIR_FILTER,573.0,3523.0,10,0,1072,0,0,0
2026-07-28,AIR_FILTER,530.0,2993.0,10,0,1035,0,0,0
2026-07-29,AIR_FILTER,499.0,2494.0,10,0,1007,0,0,0
2026-07-30,AIR_FILTER,628.0,6240.0,10,0,1219,4374,0,0
2026-07-31,AIR_FILTER,632.0,5608.0,10,0,1166,0,0,0
2026-08-01,AIR_FILTER,607.0,5001.0,10,0,1161,0,0,0
2026-08-02,AIR_FILTER,569.0,4432.0,10,0,1178,0,0,0
2026-08-03,AIR_FILTER,595.0,3837.0,10,0,1128,0,0,0
2026-08-04,AIR_FILTER,529.0,3308.0,10,0,1059,0,0,0
2026-08-05,AIR_FILTER,584.0,2724.0,10,0,1142,0,0,0
2026-08-06,AIR_FILTER,563.0,6240.0,10,0,1040,4079,0,0
2026-08-07,AIR_FILTER,558.0,5682.0,10,0,1069,0,0,0
2026-08-08,AIR_FILTER,517.0,5165.0,10,0,1000,0,0,0
2026-08-09,AIR_FILTER,541.0,4624.0,10,0,1039,0,0,0
2026-08-10,AIR_FILTER,434.0,4190.0,10,0,1029,0,1,0
2026-08-11,AIR_FILTER,353.0,3837.0,10,0,874,0,1,0
2026-08-12,AIR_FILTER,445.0,3392.0,10,0,1012,0,1,0
2026-08-13,AIR_FILTER,503.0,2889.0,10,0,975,0,0,0
2026-08-14,AIR_FILTER,568.0,2321.0,10,0,970,0,0,0
2026-08-15,AIR_FILTER,501.0,6240.0,10,0,897,4420,0,0
2026-08-16,AIR_FILTER,440.0,5800.0,10,0,851,0,0,0
2026-08-17,AIR_FILTER,416.0,5384.0,10,0,801,0,0,0
2026-08-18,AIR_FILTER,551.0,4833.0,10,0,942,0,0,0
2026-08-19,AIR_FILTER,387.0,4446.0,10,0,762,0,0,0
2026-08-20,AIR_FILTER,463.0,3983.0,10,0,963,0,0,0
2026-08-21,AIR_FILTER,432.0,3551.0,10,0,900,0,0,0
2026-08-22,AIR_FILTER,545.0,3006.0,10,0,1039,0,0,0
2026-08-23,AIR_FILTER,479.0,2527.0,10,0,964,0,0,0
2026-08-24,AIR_FILTER,549.0,6240.0,10,0,984,4262,0,0
2026-08-25,AIR_FILTER,587.0,5653.0,10,0,1079,0,0,0
2026-08-26,AIR_FILTER,569.0,5084.0,10,0,1085,0,0,0
2026-08-27,AIR_FILTER,593.0,4491.0,10,0,1117,0,0,0
2026-08-28,AIR_FILTER,505.0,3986.0,10,0,1068,0,0,0
2026-08-29,AIR_FILTER,619.0,3367.0,10,0,1159,0,0,0
2026-08-30,AIR_FILTER,573.0,2794.0,10,0,1107,0,0,0
2026-08-31,AIR_FILTER,570.0,6240.0,10,0,1090,4016,0,0
2026-09-01,AIR_FILTER,583.0,5657.0,10,0,1069,0,0,0
2025-01-01,SPARK_PLUG,837.0,8163.0,7,0,1091,0,0,0
2025-01-02,SPARK_PLUG,755.0,7408.0,7,0,988,0,0,0
2025-01-03,SPARK_PLUG,888.0,6520.0,7,0,1149,0,0,0
2025-01-04,SPARK_PLUG,877.0,5643.0,7,0,1060,0,0,0
2025-01-05,SPARK_PLUG,865.0,4778.0,7,0,1035,0,0,0
2025-01-06,SPARK_PLUG,977.0,3801.0,7,0,1167,0,0,0
2025-01-07,SPARK_PLUG,835.0,9360.0,7,0,1074,6394,0,0
2025-01-08,SPARK_PLUG,910.0,8450.0,7,0,1180,0,0,0
2025-01-09,SPARK_PLUG,974.0,7476.0,7,0,1186,0,0,0
2025-01-10,SPARK_PLUG,830.0,6646.0,7,0,1204,0,1,0
2025-01-11,SPARK_PLUG,742.0,5904.0,7,0,1080,0,1,0
2025-01-12,SPARK_PLUG,690.0,5214.0,7,0,1070,0,1,0
2025-01-13,SPARK_PLUG,793.0,4421.0,7,0,1059,0,0,0
2025-01-14,SPARK_PLUG,797.0,3624.0,7,0,1017,0,0,0
2025-01-15,SPARK_PLUG,731.0,9360.0,7,0,958,6467,0,0
2025-01-16,SPARK_PLUG,761.0,8599.0,7,0,930,0,0,0
2025-01-17,SPARK_PLUG,747.0,7852.0,7,0,926,0,0,0
2025-01-18,SPARK_PLUG,799.0,7053.0,7,0,979,0,0,0
2025-01-19,SPARK_PLUG,838.0,6215.0,7,0,1015,0,0,0
2025-01-20,SPARK_PLUG,703.0,5512.0,7,0,904,0,0,0
2025-01-21,SPARK_PLUG,666.0,4846.0,7,0,892,0,0,0
2025-01-22,SPARK_PLUG,616.0,4230.0,7,0,786,0,0,0
2025-01-23,SPARK_PLUG,597.0,3633.0,7,0,818,0,0,0
2025-01-24,SPARK_PLUG,673.0,9360.0,7,0,816,6400,0,0
2025-01-25,SPARK_PLUG,608.0,8752.0,7,0,818,0,0,0
2025-01-26,SPARK_PLUG,693.0,8059.0,7,0,860,0,0,0
2025-01-27,SPARK_PLUG,663.0,7396.0,7,0,904,0,0,0
2025-01-28,SPARK_PLUG,753.0,6643.0,7,0,931,0,0,0
2025-01-29,SPARK_PLUG,653.0,5990.0,7,0,903,0,0,0
2025-01-30,SPARK_PLUG,689.0,5301.0,7,0,947,0,0,0
2025-01-31,SPARK_PLUG,697.0,4604.0,7,0,985,0,0,0
2025-02-01,SPARK_PLUG,868.0,3736.0,7,0,1011,0,0,0
2025-02-02,SPARK_PLUG,845.0,9360.0,7,0,1072,6469,0,0
2025-02-03,SPARK_PLUG,811.0,8549.0,7,0,1118,0,0,0
2025-02-04,SPARK_PLUG,915.0,7634.0,7,0,1177,0,0,0
2025-02-05,SPARK_PLUG,828.0,6806.0,7,0,1124,0,0,0
2025-02-06,SPARK_PLUG,940.0,5866.0,7,0,1169,0,0,0
2025-02-07,SPARK_PLUG,932.0,4934.0,7,0,1145,0,0,0
2025-02-08,SPARK_PLUG,838.0,4096.0,7,0,1129,0,0,0
2025-02-09,SPARK_PLUG,804.0,3292.0,7,0,1069,0,0,0
2025-02-10,SPARK_PLUG,736.0,9360.0,7,0,1112,6804,1,0
2025-02-11,SPARK_PLUG,646.0,8714.0,7,0,1111,0,1,0
2025-02-12,SPARK_PLUG,638.0,8076.0,7,0,1012,0,1,0
2025-02-13,SPARK_PLUG,815.0,7261.0,7,0,1049,0,0,0
2025-02-14,SPARK_PLUG,819.0,6442.0,7,0,965,0,0,0
2025-02-15,SPARK_PLUG,779.0,5663.0,7,0,1077,0,0,0
2025-02-16,SPARK_PLUG,769.0,4894.0,7,0,984,0,0,0
2025-02-17,SPARK_PLUG,685.0,4209.0,7,0,910,0,0,0
2025-02-18,SPARK_PLUG,701.0,3508.0,7,0,855,0,0,0
2025-02-19,SPARK_PLUG,697.0,9360.0,7,0,874,6549,0,0
2025-02-20,SPARK_PLUG,802.0,8558.0,7,0,987,0,0,0
2025-02-21,SPARK_PLUG,724.0,7834.0,12,1,859,0,0,0
2025-02-22,SPARK_PLUG,706.0,7128.0,7,0,883,0,0,0
2025-02-23,SPARK_PLUG,661.0,6467.0,7,0,893,0,0,0
2025-02-24,SPARK_PLUG,614.0,5853.0,7,0,875,0,0,0
2025-02-25,SPARK_PLUG,689.0,5164.0,7,0,857,0,0,0
2025-02-26,SPARK_PLUG,741.0,4423.0,7,0,968,0,0,0
2025-02-27,SPARK_PLUG,687.0,3736.0,7,0,846,0,0,0
2025-02-28,SPARK_PLUG,783.0,9360.0,7,0,977,6407,0,0
2025-03-01,SPARK_PLUG,859.0,8501.0,7,0,1033,0,0,0
2025-03-02,SPARK_PLUG,733.0,7768.0,12,1,964,0,0,0
2025-03-03,SPARK_PLUG,823.0,6945.0,7,0,1071,0,0,0
2025-03-04,SPARK_PLUG,804.0,6141.0,7,0,968,0,0,0
2025-03-05,SPARK_PLUG,917.0,5224.0,7,0,1134,0,0,0
2025-03-06,SPARK_PLUG,920.0,4304.0,7,0,1146,0,0,0
2025-03-07,SPARK_PLUG,858.0,3446.0,7,0,1097,0,0,0
2025-03-08,SPARK_PLUG,830.0,9360.0,7,0,1126,6744,0,0
2025-03-09,SPARK_PLUG,906.0,8454.0,7,0,1161,0,0,0
2025-03-10,SPARK_PLUG,871.0,7583.0,7,0,1287,0,1,0
2025-03-11,SPARK_PLUG,826.0,6757.0,7,0,1207,0,1,0
2025-03-12,SPARK_PLUG,849.0,5908.0,7,0,1183,0,1,0
2025-03-13,SPARK_PLUG,930.0,4978.0,7,0,1176,0,0,0
2025-03-14,SPARK_PLUG,797.0,4181.0,7,0,1011,0,0,0
2025-03-15,SPARK_PLUG,807.0,3374.0,7,0,1128,0,0,0
2025-03-16,SPARK_PLUG,868.0,5590.0,12,1,1163,3084,0,0
2025-03-17,SPARK_PLUG,817.0,4773.0,7,0,1057,0,0,0
2025-03-18,SPARK_PLUG,709.0,4064.0,7,0,964,0,0,0
2025-03-19,SPARK_PLUG,700.0,3364.0,7,0,904,0,0,0
2025-03-20,SPARK_PLUG,720.0,9360.0,7,0,870,6716,0,0
2025-03-21,SPARK_PLUG,712.0,8648.0,7,0,790,0,0,0
2025-03-22,SPARK_PLUG,810.0,7838.0,7,0,972,0,0,0
2025-03-23,SPARK_PLUG,756.0,7082.0,7,0,923,0,0,0
2025-03-24,SPARK_PLUG,756.0,6326.0,7,0,940,0,0,0
2025-03-25,SPARK_PLUG,678.0,5648.0,7,0,869,0,0,0
2025-03-26,SPARK_PLUG,721.0,4927.0,7,0,869,0,0,0
2025-03-27,SPARK_PLUG,665.0,4262.0,7,0,894,0,0,0
2025-03-28,SPARK_PLUG,647.0,3615.0,7,0,865,0,0,0
2025-03-29,SPARK_PLUG,793.0,9360.0,7,0,959,6538,0,0
2025-03-30,SPARK_PLUG,752.0,8608.0,7,0,907,0,0,0
2025-03-31,SPARK_PLUG,755.0,7853.0,7,0,975,0,0,0
2025-04-01,SPARK_PLUG,798.0,7055.0,7,0,990,0,0,0
2025-04-02,SPARK_PLUG,739.0,6316.0,7,0,968,0,0,0
2025-04-03,SPARK_PLUG,906.0,5410.0,7,0,1146,0,0,0
2025-04-04,SPARK_PLUG,867.0,4543.0,7,0,1079,0,0,0
2025-04-05,SPARK_PLUG,835.0,3708.0,7,0,1015,0,0,0
2025-04-06,SPARK_PLUG,892.0,9360.0,7,0,1103,6544,0,0
2025-04-07,SPARK_PLUG,931.0,8429.0,7,0,1130,0,0,0
2025-04-08,SPARK_PLUG,885.0,7544.0,7,0,1091,0,0,0
2025-04-09,SPARK_PLUG,840.0,6704.0,7,0,1088,0,0,0
2025-04-10,SPARK_PLUG,780.0,5924.0,7,0,1186,0,1,0
2025-04-11,SPARK_PLUG,761.0,5163.0,7,0,1106,0,1,0
2025-04-12,SPARK_PLUG,762.0,4401.0,7,0,1062,0,1,0
2025-04-13,SPARK_PLUG,812.0,3589.0,7,0,1051,0,0,0
2025-04-14,SPARK_PLUG,818.0,9360.0,7,0,1053,6589,0,0
2025-04-15,SPARK_PLUG,771.0,8589.0,7,0,1013,0,0,0
2025-04-16,SPARK_PLUG,818.0,7771.0,7,0,966,0,0,0
2025-04-17,SPARK_PLUG,821.0,6950.0,7,0,1004,0,0,0
2025-04-18,SPARK_PLUG,721.0,6229.0,7,0,860,0,0,0
2025-04-19,SPARK_PLUG,816.0,5413.0,7,0,1024,0,0,0
2025-04-20,SPARK_PLUG,728.0,4685.0,7,0,953,0,0,0
2025-04-21,SPARK_PLUG,643.0,4042.0,7,0,867,0,0,0
2025-04-22,SPARK_PLUG,659.0,3383.0,7,0,809,0,0,0
2025-04-23,SPARK_PLUG,690.0,9360.0,7,0,816,6667,0,0
2025-04-24,SPARK_PLUG,707.0,8653.0,7,0,911,0,0,0
2025-04-25,SPARK_PLUG,773.0,7880.0,7,0,944,0,0,0
2025-04-26,SPARK_PLUG,716.0,7164.0,7,0,968,0,0,0
2025-04-27,SPARK_PLUG,673.0,6491.0,7,0,827,0,0,0
2025-04-28,SPARK_PLUG,745.0,5746.0,7,0,934,0,0,0
2025-04-29,SPARK_PLUG,766.0,4980.0,7,0,923,0,0,0
2025-04-30,SPARK_PLUG,757.0,4223.0,7,0,969,0,0,0
2025-05-01,SPARK_PLUG,741.0,3482.0,7,0,950,0,0,0
2025-05-02,SPARK_PLUG,740.0,9360.0,7,0,986,6618,0,0
2025-05-03,SPARK_PLUG,781.0,8579.0,7,0,1025,0,0,0
2025-05-04,SPARK_PLUG,821.0,7758.0,7,0,1043,0,0,0
2025-05-05,SPARK_PLUG,940.0,6818.0,7,0,1171,0,0,0
2025-05-06,SPARK_PLUG,917.0,5901.0,7,0,1152,0,0,0
2025-05-07,SPARK_PLUG,853.0,5048.0,7,0,1145,0,0,0
2025-05-08,SPARK_PLUG,986.0,4062.0,7,0,1191,0,0,0
2025-05-09,SPARK_PLUG,942.0,9360.0,7,0,1195,6240,0,0
2025-05-10,SPARK_PLUG,637.0,8723.0,7,0,1111,0,1,0
2025-05-11,SPARK_PLUG,832.0,7891.0,7,0,1226,0,1,0
2025-05-12,SPARK_PLUG,738.0,7153.0,7,0,1133,0,1,0
2025-05-13,SPARK_PLUG,757.0,6396.0,7,0,981,0,0,0
2025-05-14,SPARK_PLUG,706.0,5690.0,7,0,959,0,0,0
2025-05-15,SPARK_PLUG,906.0,4784.0,7,0,1064,0,0,0
2025-05-16,SPARK_PLUG,762.0,4022.0,7,0,987,0,0,0
2025-05-17,SPARK_PLUG,722.0,3300.0,7,0,888,0,0,0
2025-05-18,SPARK_PLUG,699.0,9360.0,7,0,969,6759,0,0
2025-05-19,SPARK_PLUG,769.0,8591.0,7,0,944,0,0,0
2025-05-20,SPARK_PLUG,703.0,7888.0,7,0,875,0,0,0
2025-05-21,SPARK_PLUG,680.0,7208.0,7,0,870,0,0,0
2025-05-22,SPARK_PLUG,644.0,6564.0,7,0,855,0,0,0
2025-05-23,SPARK_PLUG,603.0,5961.0,7,0,819,0,0,0
2025-05-24,SPARK_PLUG,695.0,5266.0,7,0,839,0,0,0
2025-05-25,SPARK_PLUG,649.0,4617.0,7,0,873,0,0,0
2025-05-26,SPARK_PLUG,854.0,3763.0,7,0,995,0,0,0
2025-05-27,SPARK_PLUG,828.0,9360.0,7,0,988,6425,0,0
2025-05-28,SPARK_PLUG,721.0,8639.0,7,0,898,0,0,0
2025-05-29,SPARK_PLUG,657.0,7982.0,7,0,889,0,0,0
2025-05-30,SPARK_PLUG,778.0,7204.0,7,0,978,0,0,0
2025-05-31,SPARK_PLUG,711.0,6493.0,7,0,982,0,0,0
2025-06-01,SPARK_PLUG,802.0,5691.0,7,0,989,0,0,0
2025-06-02,SPARK_PLUG,842.0,4849.0,7,0,1081,0,0,0
2025-06-03,SPARK_PLUG,791.0,4058.0,7,0,1049,0,0,0
2025-06-04,SPARK_PLUG,905.0,3153.0,7,0,1132,0,0,0
2025-06-05,SPARK_PLUG,912.0,9360.0,7,0,1100,7119,0,0
2025-06-06,SPARK_PLUG,913.0,8447.0,7,0,1192,0,0,0
2025-06-07,SPARK_PLUG,1041.0,7406.0,7,0,1290,0,0,0
2025-06-08,SPARK_PLUG,917.0,6489.0,7,0,1166,0,0,0
2025-06-09,SPARK_PLUG,884.0,5605.0,7,0,1117,0,0,0
2025-06-10,SPARK_PLUG,858.0,4747.0,7,0,1264,0,1,0
2025-06-11,SPARK_PLUG,770.0,3977.0,7,0,1140,0,1,0
2025-06-12,SPARK_PLUG,775.0,3202.0,7,0,1180,0,1,0
2025-06-13,SPARK_PLUG,787.0,9360.0,7,0,966,6945,0,0
2025-06-14,SPARK_PLUG,737.0,8623.0,7,0,981,0,0,0
2025-06-15,SPARK_PLUG,829.0,7794.0,12,1,983,0,0,0
2025-06-16,SPARK_PLUG,752.0,7042.0,7,0,926,0,0,0
2025-06-17,SPARK_PLUG,784.0,6258.0,7,0,967,0,0,0
2025-06-18,SPARK_PLUG,685.0,5573.0,7,0,884,0,0,0
2025-06-19,SPARK_PLUG,659.0,4914.0,7,0,876,0,0,0
2025-06-20,SPARK_PLUG,789.0,4125.0,7,0,886,0,0,0
2025-06-21,SPARK_PLUG,779.0,3346.0,7,0,973,0,0,0
2025-06-22,SPARK_PLUG,668.0,9360.0,7,0,851,6682,0,0
2025-06-23,SPARK_PLUG,672.0,8688.0,7,0,849,0,0,0
2025-06-24,SPARK_PLUG,664.0,8024.0,12,1,855,0,0,0
2025-06-25,SPARK_PLUG,685.0,7339.0,7,0,852,0,0,0
2025-06-26,SPARK_PLUG,740.0,6599.0,7,0,958,0,0,0
2025-06-27,SPARK_PLUG,818.0,5781.0,7,0,943,0,0,0
2025-06-28,SPARK_PLUG,709.0,5072.0,7,0,953,0,0,0
2025-06-29,SPARK_PLUG,726.0,4346.0,7,0,913,0,0,0
2025-06-30,SPARK_PLUG,769.0,3577.0,7,0,1017,0,0,0
2025-07-01,SPARK_PLUG,696.0,9360.0,7,0,957,6479,0,0
2025-07-02,SPARK_PLUG,791.0,8569.0,7,0,992,0,0,0
2025-07-03,SPARK_PLUG,983.0,7586.0,7,0,1188,0,0,0
2025-07-04,SPARK_PLUG,990.0,6596.0,7,0,1144,0,0,0
2025-07-05,SPARK_PLUG,817.0,5779.0,7,0,1064,0,0,0
2025-07-06,SPARK_PLUG,956.0,4823.0,7,0,1187,0,0,0
2025-07-07,SPARK_PLUG,941.0,3882.0,7,0,1178,0,0,0
2025-07-08,SPARK_PLUG,988.0,9360.0,7,0,1190,6466,0,0
2025-07-09,SPARK_PLUG,860.0,8500.0,7,0,1140,0,0,0
2025-07-10,SPARK_PLUG,686.0,7814.0,7,0,1082,0,1,0
2025-07-11,SPARK_PLUG,804.0,7010.0,7,0,1144,0,1,0
2025-07-12,SPARK_PLUG,664.0,6346.0,7,0,1005,0,1,0
2025-07-13,SPARK_PLUG,845.0,5501.0,7,0,1031,0,0,0
2025-07-14,SPARK_PLUG,789.0,4712.0,7,0,1068,0,0,0
2025-07-15,SPARK_PLUG,689.0,4023.0,7,0,947,0,0,0
2025-07-16,SPARK_PLUG,769.0,3254.0,7,0,963,0,0,0
2025-07-17,SPARK_PLUG,713.0,9360.0,7,0,976,6819,0,0
2025-07-18,SPARK_PLUG,788.0,8572.0,12,1,952,0,0,0
2025-07-19,SPARK_PLUG,680.0,7892.0,7,0,896,0,0,0
2025-07-20,SPARK_PLUG,738.0,7154.0,7,0,890,0,0,0
2025-07-21,SPARK_PLUG,681.0,6473.0,7,0,884,0,0,0
2025-07-22,SPARK_PLUG,669.0,5804.0,7,0,924,0,0,0
2025-07-23,SPARK_PLUG,647.0,5157.0,7,0,833,0,0,0
2025-07-24,SPARK_PLUG,632.0,4525.0,7,0,872,0,0,0
2025-07-25,SPARK_PLUG,697.0,3828.0,7,0,828,0,0,0
2025-07-26,SPARK_PLUG,736.0,9360.0,7,0,945,6268,0,0
2025-07-27,SPARK_PLUG,785.0,8575.0,7,0,973,0,0,0
2025-07-28,SPARK_PLUG,774.0,7801.0,7,0,990,0,0,0
2025-07-29,SPARK_PLUG,803.0,6998.0,7,0,956,0,0,0
2025-07-30,SPARK_PLUG,814.0,6184.0,7,0,978,0,0,0
2025-07-31,SPARK_PLUG,738.0,5446.0,7,0,954,0,0,0
2025-08-01,SPARK_PLUG,840.0,4606.0,7,0,1066,0,0,0
2025-08-02,SPARK_PLUG,938.0,3668.0,7,0,1101,0,0,0
2025-08-03,SPARK_PLUG,827.0,9360.0,7,0,1133,6519,0,0
2025-08-04,SPARK_PLUG,897.0,8463.0,7,0,1057,0,0,0
2025-08-05,SPARK_PLUG,804.0,7659.0,7,0,1092,0,0,0
2025-08-06,SPARK_PLUG,849.0,6810.0,7,0,1113,0,0,0
2025-08-07,SPARK_PLUG,772.0,6038.0,7,0,1084,0,0,0
2025-08-08,SPARK_PLUG,933.0,5105.0,7,0,1166,0,0,0
2025-08-09,SPARK_PLUG,873.0,4232.0,7,0,1084,0,0,0
2025-08-10,SPARK_PLUG,712.0,3520.0,7,0,1112,0,1,0
2025-08-11,SPARK_PLUG,772.0,9360.0,7,0,1098,6612,1,0
2025-08-12,SPARK_PLUG,652.0,8708.0,7,0,1048,0,1,0
2025-08-13,SPARK_PLUG,860.0,7848.0,7,0,1068,0,0,0
2025-08-14,SPARK_PLUG,1009.0,6839.0,7,0,1148,0,0,0
2025-08-15,SPARK_PLUG,744.0,6095.0,7,0,993,0,0,0
2025-08-16,SPARK_PLUG,802.0,5293.0,7,0,1057,0,0,0
2025-08-17,SPARK_PLUG,703.0,4590.0,7,0,902,0,0,0
2025-08-18,SPARK_PLUG,663.0,3927.0,7,0,906,0,0,0
2025-08-19,SPARK_PLUG,684.0,3243.0,7,0,902,0,0,0
2025-08-20,SPARK_PLUG,618.0,9360.0,7,0,911,6735,0,0
2025-08-21,SPARK_PLUG,620.0,8740.0,7,0,862,0,0,0
2025-08-22,SPARK_PLUG,615.0,8125.0,7,0,765,0,0,0
2025-08-23,SPARK_PLUG,709.0,7416.0,7,0,858,0,0,0
2025-08-24,SPARK_PLUG,701.0,6715.0,7,0,959,0,0,0
2025-08-25,SPARK_PLUG,766.0,5949.0,7,0,919,0,0,0
2025-08-26,SPARK_PLUG,686.0,5263.0,7,0,830,0,0,0
2025-08-27,SPARK_PLUG,789.0,4474.0,7,0,986,0,0,0
2025-08-28,SPARK_PLUG,685.0,3789.0,7,0,930,0,0,0
2025-08-29,SPARK_PLUG,726.0,9360.0,7,0,962,6297,0,0
2025-08-30,SPARK_PLUG,735.0,8625.0,7,0,1007,0,0,0
2025-08-31,SPARK_PLUG,917.0,7708.0,7,0,1159,0,0,0
2025-09-01,SPARK_PLUG,787.0,6921.0,7,0,1000,0,0,0
2025-09-02,SPARK_PLUG,883.0,6038.0,12,1,1089,0,0,0
2025-09-03,SPARK_PLUG,761.0,5277.0,7,0,982,0,0,0
2025-09-04,SPARK_PLUG,873.0,4404.0,7,0,1136,0,0,0
2025-09-05,SPARK_PLUG,961.0,3443.0,7,0,1199,0,0,0
2025-09-06,SPARK_PLUG,899.0,9360.0,7,0,1115,6816,0,0
2025-09-07,SPARK_PLUG,1004.0,8356.0,7,0,1225,0,0,0
2025-09-08,SPARK_PLUG,940.0,7416.0,7,0,1260,0,0,0
2025-09-09,SPARK_PLUG,859.0,6557.0,7,0,1114,0,0,0
2025-09-10,SPARK_PLUG,784.0,5773.0,12,1,1163,0,1,0
2025-09-11,SPARK_PLUG,700.0,5073.0,7,0,1043,0,1,0
2025-09-12,SPARK_PLUG,582.0,4491.0,7,0,951,0,1,0
2025-09-13,SPARK_PLUG,804.0,3687.0,7,0,980,0,0,0
2025-09-14,SPARK_PLUG,746.0,9360.0,7,0,1020,6419,0,0
2025-09-15,SPARK_PLUG,723.0,8637.0,7,0,934,0,0,0
2025-09-16,SPARK_PLUG,755.0,7882.0,7,0,944,0,0,0
2025-09-17,SPARK_PLUG,733.0,7149.0,7,0,951,0,0,0
2025-09-18,SPARK_PLUG,692.0,6457.0,7,0,914,0,0,0
2025-09-19,SPARK_PLUG,605.0,5852.0,7,0,876,0,0,0
2025-09-20,SPARK_PLUG,694.0,5158.0,7,0,873,0,0,0
2025-09-21,SPARK_PLUG,587.0,4571.0,7,0,774,0,0,0
2025-09-22,SPARK_PLUG,673.0,3898.0,7,0,917,0,0,0
2025-09-23,SPARK_PLUG,723.0,3175.0,7,0,888,0,0,0
2025-09-24,SPARK_PLUG,750.0,9360.0,7,0,838,6935,0,0
2025-09-25,SPARK_PLUG,637.0,8723.0,7,0,900,0,0,0
2025-09-26,SPARK_PLUG,686.0,8037.0,7,0,896,0,0,0
2025-09-27,SPARK_PLUG,729.0,7308.0,7,0,1000,0,0,0
2025-09-28,SPARK_PLUG,790.0,6518.0,7,0,1051,0,0,0
2025-09-29,SPARK_PLUG,774.0,5744.0,7,0,1043,0,0,0
2025-09-30,SPARK_PLUG,859.0,4885.0,7,0,1068,0,0,0
2025-10-01,SPARK_PLUG,934.0,3951.0,7,0,1147,0,0,0
2025-10-02,SPARK_PLUG,938.0,9360.0,7,0,1178,6347,0,0
2025-10-03,SPARK_PLUG,831.0,8529.0,7,0,1138,0,0,0
2025-10-04,SPARK_PLUG,922.0,7607.0,7,0,1129,0,0,0
2025-10-05,SPARK_PLUG,836.0,6771.0,7,0,1144,0,0,0
2025-10-06,SPARK_PLUG,928.0,5843.0,7,0,1140,0,0,0
2025-10-07,SPARK_PLUG,901.0,4942.0,7,0,1173,0,0,0
2025-10-08,SPARK_PLUG,717.0,4225.0,7,0,1042,0,0,0
2025-10-09,SPARK_PLUG,837.0,3388.0,7,0,1095,0,0,0
2025-10-10,SPARK_PLUG,834.0,9360.0,7,0,1197,6806,1,0
2025-10-11,SPARK_PLUG,697.0,8663.0,7,0,1015,0,1,0
2025-10-12,SPARK_PLUG,690.0,7973.0,7,0,984,0,1,0
2025-10-13,SPARK_PLUG,769.0,7204.0,7,0,970,0,0,0
2025-10-14,SPARK_PLUG,673.0,6531.0,7,0,914,0,0,0
2025-10-15,SPARK_PLUG,777.0,5754.0,7,0,982,0,0,0
2025-10-16,SPARK_PLUG,611.0,5143.0,7,0,842,0,0,0
2025-10-17,SPARK_PLUG,696.0,4447.0,7,0,874,0,0,0
2025-10-18,SPARK_PLUG,580.0,3867.0,7,0,781,0,0,0
2025-10-19,SPARK_PLUG,686.0,3181.0,7,0,884,0,0,0
2025-10-20,SPARK_PLUG,636.0,9360.0,7,0,814,6815,0,1
2025-10-21,SPARK_PLUG,690.0,8670.0,7,0,831,0,0,1
2025-10-22,SPARK_PLUG,663.0,8007.0,7,0,819,0,0,1
2025-10-23,SPARK_PLUG,781.0,7226.0,7,0,822,0,0,1
2025-10-24,SPARK_PLUG,775.0,6451.0,7,0,886,0,0,1
2025-10-25,SPARK_PLUG,702.0,5749.0,7,0,863,0,0,1
2025-10-26,SPARK_PLUG,719.0,5030.0,7,0,914,0,0,1
2025-10-27,SPARK_PLUG,785.0,4245.0,7,0,934,0,0,1
2025-10-28,SPARK_PLUG,884.0,3361.0,7,0,1006,0,0,1
2025-10-29,SPARK_PLUG,846.0,9360.0,7,0,997,6845,0,1
2025-10-30,SPARK_PLUG,955.0,8405.0,7,0,1033,0,0,1
2025-10-31,SPARK_PLUG,951.0,7454.0,7,0,1128,0,0,0
2025-11-01,SPARK_PLUG,857.0,6597.0,7,0,1123,0,0,0
2025-11-02,SPARK_PLUG,891.0,5706.0,7,0,1167,0,0,0
2025-11-03,SPARK_PLUG,908.0,4798.0,7,0,1148,0,0,0
2025-11-04,SPARK_PLUG,867.0,3931.0,7,0,1134,0,0,0
2025-11-05,SPARK_PLUG,894.0,9360.0,7,0,1132,6323,0,0
2025-11-06,SPARK_PLUG,926.0,8434.0,7,0,1215,0,0,0
2025-11-07,SPARK_PLUG,898.0,7536.0,7,0,1127,0,0,0
2025-11-08,SPARK_PLUG,869.0,6667.0,7,0,1114,0,0,0
2025-11-09,SPARK_PLUG,879.0,5788.0,7,0,1111,0,0,0
2025-11-10,SPARK_PLUG,672.0,5116.0,7,0,982,0,1,0
2025-11-11,SPARK_PLUG,782.0,4334.0,7,0,1113,0,1,0
2025-11-12,SPARK_PLUG,679.0,3655.0,12,1,1047,0,1,0
2025-11-13,SPARK_PLUG,684.0,9360.0,7,0,915,6389,0,0
2025-11-14,SPARK_PLUG,625.0,8735.0,7,0,876,0,0,0
2025-11-15,SPARK_PLUG,731.0,8004.0,7,0,919,0,0,0
2025-11-16,SPARK_PLUG,760.0,7244.0,7,0,911,0,0,0
2025-11-17,SPARK_PLUG,719.0,6525.0,7,0,917,0,0,0
2025-11-18,SPARK_PLUG,739.0,5786.0,7,0,843,0,0,0
2025-11-19,SPARK_PLUG,639.0,5147.0,7,0,791,0,0,0
2025-11-20,SPARK_PLUG,734.0,4413.0,7,0,904,0,0,0
2025-11-21,SPARK_PLUG,780.0,3633.0,7,0,927,0,0,0
2025-11-22,SPARK_PLUG,713.0,9360.0,7,0,914,6440,0,0
2025-11-23,SPARK_PLUG,704.0,8656.0,7,0,904,0,0,0
2025-11-24,SPARK_PLUG,803.0,7853.0,7,0,990,0,0,0
2025-11-25,SPARK_PLUG,703.0,7150.0,7,0,955,0,0,0
2025-11-26,SPARK_PLUG,687.0,6463.0,7,0,884,0,0,0
2025-11-27,SPARK_PLUG,765.0,5698.0,7,0,959,0,0,0
2025-11-28,SPARK_PLUG,760.0,4938.0,7,0,1023,0,0,0
2025-11-29,SPARK_PLUG,805.0,4133.0,7,0,1049,0,0,0
2025-11-30,SPARK_PLUG,843.0,3290.0,12,1,1029,0,0,0
2025-12-01,SPARK_PLUG,855.0,9360.0,7,0,1113,6925,0,0
2025-12-02,SPARK_PLUG,781.0,8579.0,7,0,1085,0,0,0
2025-12-03,SPARK_PLUG,941.0,7638.0,7,0,1202,0,0,0
2025-12-04,SPARK_PLUG,879.0,6759.0,7,0,1164,0,0,0
2025-12-05,SPARK_PLUG,982.0,5777.0,7,0,1133,0,0,0
2025-12-06,SPARK_PLUG,985.0,4792.0,7,0,1194,0,0,0
2025-12-07,SPARK_PLUG,921.0,3871.0,7,0,1192,0,0,0
2025-12-08,SPARK_PLUG,858.0,9360.0,7,0,1111,6347,0,0
2025-12-09,SPARK_PLUG,886.0,8474.0,7,0,1083,0,0,0
2025-12-10,SPARK_PLUG,584.0,7890.0,7,0,989,0,1,0
2025-12-11,SPARK_PLUG,663.0,7227.0,7,0,980,0,1,0
2025-12-12,SPARK_PLUG,705.0,6522.0,7,0,984,0,1,0
2025-12-13,SPARK_PLUG,735.0,5787.0,7,0,965,0,0,0
2025-12-14,SPARK_PLUG,827.0,4960.0,7,0,970,0,0,0
2025-12-15,SPARK_PLUG,725.0,4235.0,7,0,969,0,0,0
2025-12-16,SPARK_PLUG,731.0,3504.0,7,0,910,0,0,0
2025-12-17,SPARK_PLUG,665.0,9360.0,7,0,852,6521,0,0
2025-12-18,SPARK_PLUG,710.0,8650.0,7,0,978,0,0,0
2025-12-19,SPARK_PLUG,760.0,7890.0,7,0,955,0,0,0
2025-12-20,SPARK_PLUG,618.0,7272.0,7,0,883,0,0,0
2025-12-21,SPARK_PLUG,682.0,6590.0,7,0,855,0,0,0
2025-12-22,SPARK_PLUG,746.0,5844.0,7,0,956,0,0,0
2025-12-23,SPARK_PLUG,736.0,5108.0,7,0,948,0,0,0
2025-12-24,SPARK_PLUG,609.0,4499.0,7,0,901,0,0,0
2025-12-25,SPARK_PLUG,749.0,3750.0,7,0,953,0,0,0
2025-12-26,SPARK_PLUG,691.0,9360.0,7,0,986,6301,0,0
2025-12-27,SPARK_PLUG,821.0,8539.0,7,0,1083,0,0,0
2025-12-28,SPARK_PLUG,868.0,7671.0,7,0,1099,0,0,0
2025-12-29,SPARK_PLUG,854.0,6817.0,7,0,1099,0,0,0
2025-12-30,SPARK_PLUG,860.0,5957.0,7,0,1153,0,0,0
2025-12-31,SPARK_PLUG,895.0,5062.0,7,0,1115,0,0,0
2026-01-01,SPARK_PLUG,864.0,4198.0,7,0,1061,0,0,0
2026-01-02,SPARK_PLUG,764.0,3434.0,7,0,1089,0,0,0
2026-01-03,SPARK_PLUG,948.0,9360.0,7,0,1200,6874,0,0
2026-01-04,SPARK_PLUG,869.0,8491.0,7,0,1164,0,0,0
2026-01-05,SPARK_PLUG,863.0,7628.0,7,0,1120,0,0,0
2026-01-06,SPARK_PLUG,833.0,6795.0,7,0,1142,0,0,0
2026-01-07,SPARK_PLUG,831.0,5964.0,7,0,1111,0,0,0
2026-01-08,SPARK_PLUG,842.0,5122.0,7,0,1079,0,0,0
2026-01-09,SPARK_PLUG,842.0,4280.0,7,0,1095,0,0,0
2026-01-10,SPARK_PLUG,649.0,3631.0,7,0,973,0,1,0
2026-01-11,SPARK_PLUG,679.0,9360.0,7,0,950,6408,1,0
2026-01-12,SPARK_PLUG,591.0,8769.0,7,0,936,0,1,0
2026-01-13,SPARK_PLUG,649.0,8120.0,7,0,855,0,0,0
2026-01-14,SPARK_PLUG,663.0,7457.0,7,0,869,0,0,0
2026-01-15,SPARK_PLUG,617.0,6840.0,7,0,854,0,0,0
2026-01-16,SPARK_PLUG,614.0,6226.0,7,0,793,0,0,0
2026-01-17,SPARK_PLUG,665.0,5561.0,7,0,846,0,0,0
2026-01-18,SPARK_PLUG,596.0,4965.0,7,0,848,0,0,0
2026-01-19,SPARK_PLUG,647.0,4318.0,7,0,816,0,0,0
2026-01-20,SPARK_PLUG,592.0,3726.0,7,0,767,0,0,0
2026-01-21,SPARK_PLUG,664.0,9360.0,7,0,868,6298,0,0
2026-01-22,SPARK_PLUG,654.0,8706.0,7,0,855,0,0,0
2026-01-23,SPARK_PLUG,766.0,7940.0,7,0,983,0,0,0
2026-01-24,SPARK_PLUG,711.0,7229.0,7,0,932,0,0,0
2026-01-25,SPARK_PLUG,801.0,6428.0,7,0,974,0,0,0
2026-01-26,SPARK_PLUG,775.0,5653.0,7,0,1053,0,0,0
2026-01-27,SPARK_PLUG,793.0,4860.0,7,0,1042,0,0,0
2026-01-28,SPARK_PLUG,827.0,4033.0,7,0,1026,0,0,0
2026-01-29,SPARK_PLUG,870.0,3163.0,7,0,1141,0,0,0
2026-01-30,SPARK_PLUG,875.0,9360.0,7,0,1159,7072,0,0
2026-01-31,SPARK_PLUG,837.0,8523.0,7,0,1099,0,0,0
2026-02-01,SPARK_PLUG,950.0,7573.0,7,0,1186,0,0,0
2026-02-02,SPARK_PLUG,863.0,6710.0,7,0,1114,0,0,0
2026-02-03,SPARK_PLUG,870.0,5840.0,7,0,1138,0,0,0
2026-02-04,SPARK_PLUG,870.0,4970.0,7,0,1114,0,0,0
2026-02-05,SPARK_PLUG,861.0,4109.0,7,0,1124,0,0,0
2026-02-06,SPARK_PLUG,812.0,3297.0,7,0,1079,0,0,0
2026-02-07,SPARK_PLUG,750.0,9360.0,7,0,976,6813,0,0
2026-02-08,SPARK_PLUG,698.0,8662.0,7,0,1032,0,0,0
2026-02-09,SPARK_PLUG,841.0,7821.0,7,0,1110,0,0,0
2026-02-10,SPARK_PLUG,668.0,7153.0,7,0,977,0,1,0
2026-02-11,SPARK_PLUG,704.0,6449.0,7,0,937,0,1,0
2026-02-12,SPARK_PLUG,661.0,5788.0,12,1,987,0,1,0
2026-02-13,SPARK_PLUG,654.0,5134.0,7,0,943,0,0,0
2026-02-14,SPARK_PLUG,673.0,4461.0,7,0,871,0,0,0
2026-02-15,SPARK_PLUG,656.0,3805.0,7,0,909,0,0,0
2026-02-16,SPARK_PLUG,674.0,3131.0,7,0,823,0,0,0
2026-02-17,SPARK_PLUG,759.0,9360.0,7,0,932,6988,0,0
2026-02-18,SPARK_PLUG,690.0,8670.0,7,0,886,0,0,0
2026-02-19,SPARK_PLUG,609.0,8061.0,7,0,837,0,0,0
2026-02-20,SPARK_PLUG,676.0,7385.0,7,0,887,0,0,0
2026-02-21,SPARK_PLUG,684.0,6701.0,7,0,922,0,0,0
2026-02-22,SPARK_PLUG,661.0,6040.0,7,0,899,0,0,0
2026-02-23,SPARK_PLUG,711.0,5329.0,7,0,949,0,0,0
2026-02-24,SPARK_PLUG,748.0,4581.0,7,0,954,0,0,0
2026-02-25,SPARK_PLUG,723.0,3858.0,7,0,932,0,0,0
2026-02-26,SPARK_PLUG,742.0,9360.0,7,0,1003,6244,0,0
2026-02-27,SPARK_PLUG,850.0,8510.0,7,0,1024,0,0,0
2026-02-28,SPARK_PLUG,890.0,7620.0,7,0,1182,0,0,0
2026-03-01,SPARK_PLUG,868.0,6752.0,7,0,1115,0,0,0
2026-03-02,SPARK_PLUG,839.0,5913.0,7,0,1124,0,0,0
2026-03-03,SPARK_PLUG,882.0,5031.0,7,0,1152,0,0,0
2026-03-04,SPARK_PLUG,806.0,4225.0,7,0,1062,0,0,0
2026-03-05,SPARK_PLUG,938.0,3287.0,7,0,1196,0,0,0
2026-03-06,SPARK_PLUG,813.0,9360.0,7,0,1142,6886,0,0
2026-03-07,SPARK_PLUG,860.0,8500.0,7,0,1114,0,0,0
2026-03-08,SPARK_PLUG,820.0,7680.0,7,0,1068,0,0,0
2026-03-09,SPARK_PLUG,857.0,6823.0,7,0,1127,0,0,0
2026-03-10,SPARK_PLUG,719.0,6104.0,7,0,1059,0,1,0
2026-03-11,SPARK_PLUG,784.0,5320.0,7,0,1114,0,1,0
2026-03-12,SPARK_PLUG,541.0,4779.0,7,0,942,0,1,0
2026-03-13,SPARK_PLUG,662.0,4117.0,7,0,976,0,0,0
2026-03-14,SPARK_PLUG,761.0,3356.0,7,0,948,0,0,0
2026-03-15,SPARK_PLUG,665.0,9360.0,7,0,852,6669,0,0
2026-03-16,SPARK_PLUG,731.0,8629.0,7,0,918,0,0,0
2026-03-17,SPARK_PLUG,733.0,7896.0,7,0,926,0,0,0
2026-03-18,SPARK_PLUG,674.0,7222.0,7,0,920,0,0,0
2026-03-19,SPARK_PLUG,741.0,6481.0,7,0,885,0,0,0
2026-03-20,SPARK_PLUG,667.0,5814.0,7,0,887,0,0,0
2026-03-21,SPARK_PLUG,712.0,5102.0,7,0,828,0,0,0
2026-03-22,SPARK_PLUG,622.0,4480.0,7,0,816,0,0,0
2026-03-23,SPARK_PLUG,699.0,3781.0,7,0,850,0,0,0
2026-03-24,SPARK_PLUG,756.0,9360.0,7,0,944,6335,0,0
2026-03-25,SPARK_PLUG,688.0,8672.0,7,0,887,0,0,0
2026-03-26,SPARK_PLUG,701.0,7971.0,7,0,928,0,0,0
2026-03-27,SPARK_PLUG,812.0,7159.0,7,0,989,0,0,0
2026-03-28,SPARK_PLUG,820.0,6339.0,7,0,998,0,0,0
2026-03-29,SPARK_PLUG,792.0,5547.0,7,0,1039,0,0,0
2026-03-30,SPARK_PLUG,853.0,4694.0,7,0,1115,0,0,0
2026-03-31,SPARK_PLUG,866.0,3828.0,7,0,1114,0,0,0
2026-04-01,SPARK_PLUG,943.0,9360.0,7,0,1162,6475,0,0
2026-04-02,SPARK_PLUG,833.0,8527.0,7,0,1124,0,0,0
2026-04-03,SPARK_PLUG,891.0,7636.0,7,0,1129,0,0,0
2026-04-04,SPARK_PLUG,811.0,6825.0,7,0,1120,0,0,0
2026-04-05,SPARK_PLUG,842.0,5983.0,7,0,1101,0,0,0
2026-04-06,SPARK_PLUG,869.0,5114.0,7,0,1082,0,0,0
2026-04-07,SPARK_PLUG,851.0,4263.0,7,0,1107,0,0,0
2026-04-08,SPARK_PLUG,992.0,3271.0,7,0,1198,0,0,0
2026-04-09,SPARK_PLUG,734.0,9360.0,7,0,973,6823,0,0
2026-04-10,SPARK_PLUG,714.0,8646.0,7,0,1058,0,1,0
2026-04-11,SPARK_PLUG,658.0,7988.0,7,0,956,0,1,0
2026-04-12,SPARK_PLUG,671.0,7317.0,7,0,1005,0,1,0
2026-04-13,SPARK_PLUG,803.0,6514.0,7,0,941,0,0,0
2026-04-14,SPARK_PLUG,740.0,5774.0,7,0,948,0,0,0
2026-04-15,SPARK_PLUG,661.0,5113.0,7,0,886,0,0,0
2026-04-16,SPARK_PLUG,620.0,4493.0,7,0,830,0,0,0
2026-04-17,SPARK_PLUG,732.0,3761.0,7,0,898,0,0,0
2026-04-18,SPARK_PLUG,670.0,9360.0,7,0,883,6269,0,0
2026-04-19,SPARK_PLUG,619.0,8741.0,7,0,871,0,0,0
2026-04-20,SPARK_PLUG,772.0,7969.0,7,0,942,0,0,0
2026-04-21,SPARK_PLUG,697.0,7272.0,7,0,910,0,0,0
2026-04-22,SPARK_PLUG,651.0,6621.0,7,0,883,0,0,0
2026-04-23,SPARK_PLUG,696.0,5925.0,7,0,859,0,0,0
2026-04-24,SPARK_PLUG,695.0,5230.0,7,0,896,0,0,0
2026-04-25,SPARK_PLUG,676.0,4554.0,7,0,918,0,0,0
2026-04-26,SPARK_PLUG,809.0,3745.0,7,0,1013,0,0,0
2026-04-27,SPARK_PLUG,796.0,9360.0,7,0,1062,6411,0,0
2026-04-28,SPARK_PLUG,878.0,8482.0,7,0,1080,0,0,0
2026-04-29,SPARK_PLUG,845.0,7637.0,7,0,1107,0,0,0
2026-04-30,SPARK_PLUG,911.0,6726.0,7,0,1165,0,0,0
2026-05-01,SPARK_PLUG,899.0,5827.0,7,0,1155,0,0,0
2026-05-02,SPARK_PLUG,907.0,4920.0,7,0,1187,0,0,0
2026-05-03,SPARK_PLUG,934.0,3986.0,7,0,1178,0,0,0
2026-05-04,SPARK_PLUG,923.0,9360.0,7,0,1190,6297,0,0
2026-05-05,SPARK_PLUG,902.0,8458.0,7,0,1184,0,0,0
2026-05-06,SPARK_PLUG,904.0,7554.0,7,0,1130,0,0,0
2026-05-07,SPARK_PLUG,920.0,6634.0,7,0,1173,0,0,0
2026-05-08,SPARK_PLUG,849.0,5785.0,7,0,1077,0,0,0
2026-05-09,SPARK_PLUG,762.0,5023.0,7,0,1022,0,0,0
2026-05-10,SPARK_PLUG,687.0,4336.0,7,0,1061,0,1,0
2026-05-11,SPARK_PLUG,709.0,3627.0,7,0,1002,0,1,0
2026-05-12,SPARK_PLUG,600.0,9360.0,7,0,947,6333,1,0
2026-05-13,SPARK_PLUG,807.0,8553.0,7,0,980,0,0,0
2026-05-14,SPARK_PLUG,817.0,7736.0,7,0,985,0,0,0
2026-05-15,SPARK_PLUG,733.0,7003.0,7,0,970,0,0,0
2026-05-16,SPARK_PLUG,561.0,6442.0,7,0,795,0,0,0
2026-05-17,SPARK_PLUG,531.0,5911.0,7,0,768,0,0,0
2026-05-18,SPARK_PLUG,608.0,5303.0,7,0,864,0,0,0
2026-05-19,SPARK_PLUG,589.0,4714.0,7,0,849,0,0,0
2026-05-20,SPARK_PLUG,627.0,4087.0,7,0,822,0,0,0
2026-05-21,SPARK_PLUG,750.0,3337.0,7,0,854,0,0,0
2026-05-22,SPARK_PLUG,672.0,9360.0,7,0,873,6695,0,0
2026-05-23,SPARK_PLUG,743.0,8617.0,7,0,922,0,0,0
2026-05-24,SPARK_PLUG,799.0,7818.0,7,0,1050,0,0,0
2026-05-25,SPARK_PLUG,847.0,6971.0,7,0,1046,0,0,0
2026-05-26,SPARK_PLUG,880.0,6091.0,7,0,1032,0,0,0
2026-05-27,SPARK_PLUG,790.0,5301.0,7,0,1048,0,0,0
2026-05-28,SPARK_PLUG,932.0,4369.0,7,0,1170,0,0,0
2026-05-29,SPARK_PLUG,785.0,3584.0,7,0,962,0,0,0
2026-05-30,SPARK_PLUG,836.0,9360.0,7,0,1113,6612,0,0
2026-05-31,SPARK_PLUG,792.0,8568.0,7,0,1030,0,0,0
2026-06-01,SPARK_PLUG,855.0,7713.0,7,0,1067,0,0,0
2026-06-02,SPARK_PLUG,890.0,6823.0,7,0,1139,0,0,0
2026-06-03,SPARK_PLUG,898.0,5925.0,7,0,1114,0,0,0
2026-06-04,SPARK_PLUG,905.0,5020.0,7,0,1194,0,0,0
2026-06-05,SPARK_PLUG,879.0,4141.0,7,0,1162,0,0,0
2026-06-06,SPARK_PLUG,902.0,3239.0,7,0,1088,0,0,0
2026-06-07,SPARK_PLUG,824.0,9360.0,7,0,998,6945,0,0
2026-06-08,SPARK_PLUG,851.0,8509.0,7,0,1071,0,0,0
2026-06-09,SPARK_PLUG,722.0,7787.0,7,0,999,0,0,0
2026-06-10,SPARK_PLUG,608.0,7179.0,7,0,913,0,1,0
2026-06-11,SPARK_PLUG,617.0,6562.0,7,0,979,0,1,0
2026-06-12,SPARK_PLUG,605.0,5957.0,7,0,924,0,1,0
2026-06-13,SPARK_PLUG,689.0,5268.0,7,0,874,0,0,0
2026-06-14,SPARK_PLUG,702.0,4566.0,7,0,908,0,0,0
2026-06-15,SPARK_PLUG,636.0,3930.0,7,0,862,0,0,0
2026-06-16,SPARK_PLUG,571.0,3359.0,7,0,764,0,0,0
2026-06-17,SPARK_PLUG,616.0,9360.0,7,0,797,6617,0,0
2026-06-18,SPARK_PLUG,552.0,8808.0,7,0,788,0,0,0
2026-06-19,SPARK_PLUG,676.0,8132.0,7,0,853,0,0,0
2026-06-20,SPARK_PLUG,653.0,7479.0,7,0,838,0,0,0
2026-06-21,SPARK_PLUG,683.0,6796.0,7,0,956,0,0,0
2026-06-22,SPARK_PLUG,650.0,6146.0,12,1,924,0,0,0
2026-06-23,SPARK_PLUG,752.0,5394.0,7,0,886,0,0,0
2026-06-24,SPARK_PLUG,801.0,4593.0,7,0,1004,0,0,0
2026-06-25,SPARK_PLUG,716.0,3877.0,7,0,898,0,0,0
2026-06-26,SPARK_PLUG,809.0,9360.0,7,0,1039,6292,0,0
2026-06-27,SPARK_PLUG,874.0,8486.0,7,0,1078,0,0,0
2026-06-28,SPARK_PLUG,928.0,7558.0,7,0,1104,0,0,0
2026-06-29,SPARK_PLUG,873.0,6685.0,7,0,1153,0,0,0
2026-06-30,SPARK_PLUG,810.0,5875.0,7,0,1050,0,0,0
2026-07-01,SPARK_PLUG,945.0,4930.0,7,0,1216,0,0,0
2026-07-02,SPARK_PLUG,905.0,4025.0,7,0,1169,0,0,0
2026-07-03,SPARK_PLUG,970.0,9360.0,7,0,1167,6305,0,0
2026-07-04,SPARK_PLUG,952.0,8408.0,7,0,1144,0,0,0
2026-07-05,SPARK_PLUG,892.0,7516.0,7,0,1076,0,0,0
2026-07-06,SPARK_PLUG,843.0,6673.0,7,0,1186,0,0,0
2026-07-07,SPARK_PLUG,822.0,5851.0,7,0,1036,0,0,0
2026-07-08,SPARK_PLUG,825.0,5026.0,7,0,1027,0,0,0
2026-07-09,SPARK_PLUG,832.0,4194.0,7,0,1023,0,0,0
2026-07-10,SPARK_PLUG,708.0,3486.0,7,0,1026,0,1,0
2026-07-11,SPARK_PLUG,652.0,9360.0,7,0,974,6526,1,0
2026-07-12,SPARK_PLUG,684.0,8676.0,7,0,1005,0,1,0
2026-07-13,SPARK_PLUG,741.0,7935.0,7,0,892,0,0,0
2026-07-14,SPARK_PLUG,756.0,7179.0,7,0,933,0,0,0
2026-07-15,SPARK_PLUG,669.0,6510.0,7,0,900,0,0,0
2026-07-16,SPARK_PLUG,600.0,5910.0,7,0,778,0,0,0
2026-07-17,SPARK_PLUG,654.0,5256.0,7,0,891,0,0,0
2026-07-18,SPARK_PLUG,637.0,4619.0,7,0,863,0,0,0
2026-07-19,SPARK_PLUG,624.0,3995.0,7,0,778,0,0,0
2026-07-20,SPARK_PLUG,707.0,3288.0,7,0,898,0,0,0
2026-07-21,SPARK_PLUG,641.0,9360.0,7,0,820,6713,0,0
2026-07-22,SPARK_PLUG,680.0,8680.0,7,0,925,0,0,0
2026-07-23,SPARK_PLUG,687.0,7993.0,7,0,921,0,0,0
2026-07-24,SPARK_PLUG,752.0,7241.0,7,0,976,0,0,0
2026-07-25,SPARK_PLUG,765.0,6476.0,7,0,1013,0,0,0
2026-07-26,SPARK_PLUG,893.0,5583.0,7,0,1103,0,0,0
2026-07-27,SPARK_PLUG,833.0,4750.0,7,0,1116,0,0,0
2026-07-28,SPARK_PLUG,825.0,3925.0,7,0,1073,0,0,0
2026-07-29,SPARK_PLUG,910.0,9360.0,7,0,1149,6345,0,0
2026-07-30,SPARK_PLUG,775.0,8585.0,7,0,1129,0,0,0
2026-07-31,SPARK_PLUG,869.0,7716.0,7,0,1207,0,0,0
2026-08-01,SPARK_PLUG,943.0,6773.0,7,0,1171,0,0,0
2026-08-02,SPARK_PLUG,906.0,5867.0,7,0,1205,0,0,0
2026-08-03,SPARK_PLUG,797.0,5070.0,7,0,1127,0,0,0
2026-08-04,SPARK_PLUG,921.0,4149.0,7,0,1136,0,0,0
2026-08-05,SPARK_PLUG,788.0,3361.0,7,0,1147,0,0,0
2026-08-06,SPARK_PLUG,964.0,9360.0,7,0,1169,6963,0,0
2026-08-07,SPARK_PLUG,851.0,8509.0,7,0,1002,0,0,0
2026-08-08,SPARK_PLUG,789.0,7720.0,7,0,985,0,0,0
2026-08-09,SPARK_PLUG,819.0,6901.0,7,0,1039,0,0,0
2026-08-10,SPARK_PLUG,635.0,6266.0,7,0,916,0,1,0
2026-08-11,SPARK_PLUG,465.0,5801.0,7,0,848,0,1,0
2026-08-12,SPARK_PLUG,667.0,5134.0,7,0,964,0,1,0
2026-08-13,SPARK_PLUG,731.0,4403.0,7,0,914,0,0,0
2026-08-14,SPARK_PLUG,761.0,3642.0,7,0,866,0,0,0
2026-08-15,SPARK_PLUG,600.0,9360.0,7,0,790,6318,0,0
2026-08-16,SPARK_PLUG,609.0,8751.0,7,0,827,0,0,0
2026-08-17,SPARK_PLUG,715.0,8036.0,7,0,894,0,0,0
2026-08-18,SPARK_PLUG,712.0,7324.0,7,0,889,0,0,0
2026-08-19,SPARK_PLUG,703.0,6621.0,7,0,918,0,0,0
2026-08-20,SPARK_PLUG,747.0,5874.0,7,0,913,0,0,0
2026-08-21,SPARK_PLUG,603.0,5271.0,12,1,826,0,0,0
2026-08-22,SPARK_PLUG,744.0,4527.0,7,0,967,0,0,0
2026-08-23,SPARK_PLUG,722.0,3805.0,7,0,932,0,0,0
2026-08-24,SPARK_PLUG,874.0,9360.0,7,0,1071,6429,0,0
2026-08-25,SPARK_PLUG,823.0,8537.0,7,0,1043,0,0,0
2026-08-26,SPARK_PLUG,781.0,7756.0,7,0,1037,0,0,0
2026-08-27,SPARK_PLUG,793.0,6963.0,7,0,1088,0,0,0
2026-08-28,SPARK_PLUG,875.0,6088.0,7,0,1089,0,0,0
2026-08-29,SPARK_PLUG,832.0,5256.0,7,0,1129,0,0,0
2026-08-30,SPARK_PLUG,876.0,4380.0,7,0,1097,0,0,0
2026-08-31,SPARK_PLUG,896.0,3484.0,7,0,1161,0,0,0
2026-09-01,SPARK_PLUG,949.0,9360.0,7,0,1225,6825,0,0
2026-09-02,BRAKE_PAD_FRONT,,,12,0,1143,0,0,0
2026-09-03,BRAKE_PAD_FRONT,,,12,0,1130,0,0,0
2026-09-04,BRAKE_PAD_FRONT,,,12,0,1111,0,0,0
2026-09-05,BRAKE_PAD_FRONT,,,12,0,1088,0,0,0
2026-09-06,BRAKE_PAD_FRONT,,,12,0,1061,3297,0,0
2026-09-07,BRAKE_PAD_FRONT,,,12,0,1031,0,0,0
2026-09-08,BRAKE_PAD_FRONT,,,12,0,1000,0,0,0
2026-09-09,BRAKE_PAD_FRONT,,,12,0,969,0,0,0
2026-09-10,BRAKE_PAD_FRONT,,,12,0,939,0,1,0
2026-09-11,BRAKE_PAD_FRONT,,,12,0,912,0,1,0
2026-09-12,BRAKE_PAD_FRONT,,,12,0,889,0,1,0
2026-09-13,BRAKE_PAD_FRONT,,,12,0,870,0,0,0
2026-09-14,BRAKE_PAD_FRONT,,,12,0,857,0,0,0
2026-09-15,BRAKE_PAD_FRONT,,,12,0,851,3320,0,0
2026-09-16,BRAKE_PAD_FRONT,,,12,0,851,0,0,0
2026-09-17,BRAKE_PAD_FRONT,,,12,0,857,0,0,0
2026-09-18,BRAKE_PAD_FRONT,,,12,0,870,0,0,0
2026-09-19,BRAKE_PAD_FRONT,,,12,0,889,0,0,0
2026-09-20,BRAKE_PAD_FRONT,,,12,0,912,0,0,0
2026-09-21,BRAKE_PAD_FRONT,,,12,0,939,0,0,0
2026-09-22,BRAKE_PAD_FRONT,,,12,0,969,0,0,0
2026-09-23,BRAKE_PAD_FRONT,,,12,0,1000,0,0,0
2026-09-24,BRAKE_PAD_FRONT,,,12,0,1031,3492,0,0
2026-09-25,BRAKE_PAD_FRONT,,,12,0,1061,0,0,0
2026-09-26,BRAKE_PAD_FRONT,,,12,0,1088,0,0,0
2026-09-27,BRAKE_PAD_FRONT,,,12,0,1111,0,0,0
2026-09-28,BRAKE_PAD_FRONT,,,12,0,1130,0,0,0
2026-09-29,BRAKE_PAD_FRONT,,,12,0,1143,0,0,0
2026-09-30,BRAKE_PAD_FRONT,,,12,0,1149,0,0,0
2026-10-01,BRAKE_PAD_FRONT,,,12,0,1149,3291,0,0
2026-10-02,BRAKE_PAD_FRONT,,,12,0,1143,0,0,0
2026-10-03,BRAKE_PAD_FRONT,,,12,0,1130,0,0,0
2026-10-04,BRAKE_PAD_FRONT,,,12,0,1111,0,0,0
2026-10-05,BRAKE_PAD_FRONT,,,12,0,1088,0,0,0
2026-10-06,BRAKE_PAD_FRONT,,,12,0,1061,0,0,0
2026-10-07,BRAKE_PAD_FRONT,,,12,0,1031,0,0,0
2026-10-08,BRAKE_PAD_FRONT,,,12,0,1000,3178,0,0
2026-10-09,BRAKE_PAD_FRONT,,,12,0,969,0,0,0
2026-10-10,BRAKE_PAD_FRONT,,,12,0,939,0,1,0
2026-10-11,BRAKE_PAD_FRONT,,,12,0,912,0,1,0
2026-10-12,BRAKE_PAD_FRONT,,,12,0,889,0,1,0
2026-10-13,BRAKE_PAD_FRONT,,,12,0,870,0,0,0
2026-10-14,BRAKE_PAD_FRONT,,,12,0,857,0,0,0
2026-10-15,BRAKE_PAD_FRONT,,,12,0,851,0,0,0
2026-10-16,BRAKE_PAD_FRONT,,,12,0,851,0,0,0
2026-10-17,BRAKE_PAD_FRONT,,,12,0,857,3184,0,0
2026-10-18,BRAKE_PAD_FRONT,,,12,0,870,0,0,0
2026-10-19,BRAKE_PAD_FRONT,,,12,0,889,0,0,0
2026-10-20,BRAKE_PAD_FRONT,,,12,0,912,0,0,1
2026-10-21,BRAKE_PAD_FRONT,,,12,0,939,0,0,1
2026-10-22,BRAKE_PAD_FRONT,,,12,0,969,0,0,1
2026-10-23,BRAKE_PAD_FRONT,,,17,1,1000,0,0,1
2026-10-24,BRAKE_PAD_FRONT,,,12,0,1031,0,0,1
2026-10-25,BRAKE_PAD_FRONT,,,12,0,1061,3421,0,1
2026-10-26,BRAKE_PAD_FRONT,,,12,0,1088,0,0,1
2026-10-27,BRAKE_PAD_FRONT,,,12,0,1111,0,0,1
2026-10-28,BRAKE_PAD_FRONT,,,12,0,1130,0,0,1
2026-10-29,BRAKE_PAD_FRONT,,,12,0,1143,0,0,1
2026-10-30,BRAKE_PAD_FRONT,,,12,0,1149,0,0,1
2026-10-31,BRAKE_PAD_FRONT,,,12,0,1149,0,0,0
2026-09-02,BRAKE_PAD_REAR,,,14,0,1143,0,0,0
2026-09-03,BRAKE_PAD_REAR,,,14,0,1130,0,0,0
2026-09-04,BRAKE_PAD_REAR,,,14,0,1111,0,0,0
2026-09-05,BRAKE_PAD_REAR,,,14,0,1088,0,0,0
2026-09-06,BRAKE_PAD_REAR,,,14,0,1061,2775,0,0
2026-09-07,BRAKE_PAD_REAR,,,14,0,1031,0,0,0
2026-09-08,BRAKE_PAD_REAR,,,14,0,1000,0,0,0
2026-09-09,BRAKE_PAD_REAR,,,14,0,969,0,0,0
2026-09-10,BRAKE_PAD_REAR,,,14,0,939,0,1,0
2026-09-11,BRAKE_PAD_REAR,,,14,0,912,0,1,0
2026-09-12,BRAKE_PAD_REAR,,,14,0,889,0,1,0
2026-09-13,BRAKE_PAD_REAR,,,14,0,870,0,0,0
2026-09-14,BRAKE_PAD_REAR,,,14,0,857,2540,0,0
2026-09-15,BRAKE_PAD_REAR,,,14,0,851,0,0,0
2026-09-16,BRAKE_PAD_REAR,,,14,0,851,0,0,0
2026-09-17,BRAKE_PAD_REAR,,,14,0,857,0,0,0
2026-09-18,BRAKE_PAD_REAR,,,14,0,870,0,0,0
2026-09-19,BRAKE_PAD_REAR,,,14,0,889,0,0,0
2026-09-20,BRAKE_PAD_REAR,,,14,0,912,0,0,0
2026-09-21,BRAKE_PAD_REAR,,,14,0,939,0,0,0
2026-09-22,BRAKE_PAD_REAR,,,14,0,969,2569,0,0
2026-09-23,BRAKE_PAD_REAR,,,14,0,1000,0,0,0
2026-09-24,BRAKE_PAD_REAR,,,14,0,1031,0,0,0
2026-09-25,BRAKE_PAD_REAR,,,14,0,1061,0,0,0
2026-09-26,BRAKE_PAD_REAR,,,14,0,1088,0,0,0
2026-09-27,BRAKE_PAD_REAR,,,14,0,1111,0,0,0
2026-09-28,BRAKE_PAD_REAR,,,14,0,1130,0,0,0
2026-09-29,BRAKE_PAD_REAR,,,14,0,1143,2723,0,0
2026-09-30,BRAKE_PAD_REAR,,,14,0,1149,0,0,0
2026-10-01,BRAKE_PAD_REAR,,,14,0,1149,0,0,0
2026-10-02,BRAKE_PAD_REAR,,,14,0,1143,0,0,0
2026-10-03,BRAKE_PAD_REAR,,,14,0,1130,0,0,0
2026-10-04,BRAKE_PAD_REAR,,,14,0,1111,0,0,0
2026-10-05,BRAKE_PAD_REAR,,,14,0,1088,0,0,0
2026-10-06,BRAKE_PAD_REAR,,,14,0,1061,2820,0,0
2026-10-07,BRAKE_PAD_REAR,,,14,0,1031,0,0,0
2026-10-08,BRAKE_PAD_REAR,,,14,0,1000,0,0,0
2026-10-09,BRAKE_PAD_REAR,,,14,0,969,0,0,0
2026-10-10,BRAKE_PAD_REAR,,,14,0,939,0,1,0
2026-10-11,BRAKE_PAD_REAR,,,14,0,912,0,1,0
2026-10-12,BRAKE_PAD_REAR,,,14,0,889,0,1,0
2026-10-13,BRAKE_PAD_REAR,,,14,0,870,0,0,0
2026-10-14,BRAKE_PAD_REAR,,,14,0,857,2540,0,0
2026-10-15,BRAKE_PAD_REAR,,,14,0,851,0,0,0
2026-10-16,BRAKE_PAD_REAR,,,14,0,851,0,0,0
2026-10-17,BRAKE_PAD_REAR,,,14,0,857,0,0,0
2026-10-18,BRAKE_PAD_REAR,,,14,0,870,0,0,0
2026-10-19,BRAKE_PAD_REAR,,,14,0,889,0,0,0
2026-10-20,BRAKE_PAD_REAR,,,14,0,912,0,0,1
2026-10-21,BRAKE_PAD_REAR,,,14,0,939,0,0,1
2026-10-22,BRAKE_PAD_REAR,,,14,0,969,2651,0,1
2026-10-23,BRAKE_PAD_REAR,,,19,1,1000,0,0,1
2026-10-24,BRAKE_PAD_REAR,,,14,0,1031,0,0,1
2026-10-25,BRAKE_PAD_REAR,,,14,0,1061,0,0,1
2026-10-26,BRAKE_PAD_REAR,,,14,0,1088,0,0,1
2026-10-27,BRAKE_PAD_REAR,,,14,0,1111,0,0,1
2026-10-28,BRAKE_PAD_REAR,,,14,0,1130,0,0,1
2026-10-29,BRAKE_PAD_REAR,,,14,0,1143,2941,0,1
2026-10-30,BRAKE_PAD_REAR,,,14,0,1149,0,0,1
2026-10-31,BRAKE_PAD_REAR,,,14,0,1149,0,0,0
2026-09-02,OIL_FILTER,,,8,0,1143,5795,0,0
2026-09-03,OIL_FILTER,,,8,0,1130,0,0,0
2026-09-04,OIL_FILTER,,,8,0,1111,0,0,0
2026-09-05,OIL_FILTER,,,8,0,1088,0,0,0
2026-09-06,OIL_FILTER,,,8,0,1061,0,0,0
2026-09-07,OIL_FILTER,,,8,0,1031,0,0,0
2026-09-08,OIL_FILTER,,,8,0,1000,0,0,0
2026-09-09,OIL_FILTER,,,8,0,969,0,0,0
2026-09-10,OIL_FILTER,,,8,0,939,5322,1,0
2026-09-11,OIL_FILTER,,,8,0,912,0,1,0
2026-09-12,OIL_FILTER,,,8,0,889,0,1,0
2026-09-13,OIL_FILTER,,,8,0,870,0,0,0
2026-09-14,OIL_FILTER,,,8,0,857,0,0,0
2026-09-15,OIL_FILTER,,,8,0,851,0,0,0
2026-09-16,OIL_FILTER,,,8,0,851,0,0,0
2026-09-17,OIL_FILTER,,,8,0,857,0,0,0
2026-09-18,OIL_FILTER,,,8,0,870,0,0,0
2026-09-19,OIL_FILTER,,,8,0,889,0,0,0
2026-09-20,OIL_FILTER,,,8,0,912,5518,0,0
2026-09-21,OIL_FILTER,,,8,0,939,0,0,0
2026-09-22,OIL_FILTER,,,8,0,969,0,0,0
2026-09-23,OIL_FILTER,,,8,0,1000,0,0,0
2026-09-24,OIL_FILTER,,,8,0,1031,0,0,0
2026-09-25,OIL_FILTER,,,8,0,1061,0,0,0
2026-09-26,OIL_FILTER,,,8,0,1088,0,0,0
2026-09-27,OIL_FILTER,,,8,0,1111,0,0,0
2026-09-28,OIL_FILTER,,,8,0,1130,5413,0,0
2026-09-29,OIL_FILTER,,,8,0,1143,0,0,0
2026-09-30,OIL_FILTER,,,8,0,1149,0,0,0
2026-10-01,OIL_FILTER,,,8,0,1149,0,0,0
2026-10-02,OIL_FILTER,,,8,0,1143,0,0,0
2026-10-03,OIL_FILTER,,,8,0,1130,0,0,0
2026-10-04,OIL_FILTER,,,8,0,1111,0,0,0
2026-10-05,OIL_FILTER,,,8,0,1088,5143,0,0
2026-10-06,OIL_FILTER,,,8,0,1061,0,0,0
2026-10-07,OIL_FILTER,,,8,0,1031,0,0,0
2026-10-08,OIL_FILTER,,,8,0,1000,0,0,0
2026-10-09,OIL_FILTER,,,8,0,969,0,0,0
2026-10-10,OIL_FILTER,,,8,0,939,0,1,0
2026-10-11,OIL_FILTER,,,8,0,912,0,1,0
2026-10-12,OIL_FILTER,,,8,0,889,0,1,0
2026-10-13,OIL_FILTER,,,8,0,870,0,0,0
2026-10-14,OIL_FILTER,,,8,0,857,5277,0,0
2026-10-15,OIL_FILTER,,,8,0,851,0,0,0
2026-10-16,OIL_FILTER,,,8,0,851,0,0,0
2026-10-17,OIL_FILTER,,,8,0,857,0,0,0
2026-10-18,OIL_FILTER,,,8,0,870,0,0,0
2026-10-19,OIL_FILTER,,,8,0,889,0,0,0
2026-10-20,OIL_FILTER,,,8,0,912,0,0,1
2026-10-21,OIL_FILTER,,,8,0,939,0,0,1
2026-10-22,OIL_FILTER,,,8,0,969,0,0,1
2026-10-23,OIL_FILTER,,,13,1,1000,2470,0,1
2026-10-24,OIL_FILTER,,,8,0,1031,0,0,1
2026-10-25,OIL_FILTER,,,8,0,1061,0,0,1
2026-10-26,OIL_FILTER,,,8,0,1088,5251,0,1
2026-10-27,OIL_FILTER,,,8,0,1111,0,0,1
2026-10-28,OIL_FILTER,,,8,0,1130,0,0,1
2026-10-29,OIL_FILTER,,,8,0,1143,0,0,1
2026-10-30,OIL_FILTER,,,8,0,1149,0,0,1
2026-10-31,OIL_FILTER,,,8,0,1149,0,0,0
2026-09-02,AIR_FILTER,,,10,0,1143,0,0,0
2026-09-03,AIR_FILTER,,,10,0,1130,0,0,0
2026-09-04,AIR_FILTER,,,10,0,1111,0,0,0
2026-09-05,AIR_FILTER,,,10,0,1088,0,0,0
2026-09-06,AIR_FILTER,,,10,0,1061,0,0,0
2026-09-07,AIR_FILTER,,,10,0,1031,3997,0,0
2026-09-08,AIR_FILTER,,,10,0,1000,0,0,0
2026-09-09,AIR_FILTER,,,10,0,969,0,0,0
2026-09-10,AIR_FILTER,,,10,0,939,0,1,0
2026-09-11,AIR_FILTER,,,10,0,912,0,1,0
2026-09-12,AIR_FILTER,,,10,0,889,0,1,0
2026-09-13,AIR_FILTER,,,10,0,870,0,0,0
2026-09-14,AIR_FILTER,,,10,0,857,0,0,0
2026-09-15,AIR_FILTER,,,10,0,851,0,0,0
2026-09-16,AIR_FILTER,,,10,0,851,4019,0,0
2026-09-17,AIR_FILTER,,,10,0,857,0,0,0
2026-09-18,AIR_FILTER,,,10,0,870,0,0,0
2026-09-19,AIR_FILTER,,,10,0,889,0,0,0
2026-09-20,AIR_FILTER,,,10,0,912,0,0,0
2026-09-21,AIR_FILTER,,,10,0,939,0,0,0
2026-09-22,AIR_FILTER,,,10,0,969,0,0,0
2026-09-23,AIR_FILTER,,,10,0,1000,0,0,0
2026-09-24,AIR_FILTER,,,10,0,1031,0,0,0
2026-09-25,AIR_FILTER,,,10,0,1061,4434,0,0
2026-09-26,AIR_FILTER,,,10,0,1088,0,0,0
2026-09-27,AIR_FILTER,,,10,0,1111,0,0,0
2026-09-28,AIR_FILTER,,,10,0,1130,0,0,0
2026-09-29,AIR_FILTER,,,10,0,1143,0,0,0
2026-09-30,AIR_FILTER,,,10,0,1149,0,0,0
2026-10-01,AIR_FILTER,,,10,0,1149,0,0,0
2026-10-02,AIR_FILTER,,,10,0,1143,4114,0,0
2026-10-03,AIR_FILTER,,,10,0,1130,0,0,0
2026-10-04,AIR_FILTER,,,10,0,1111,0,0,0
2026-10-05,AIR_FILTER,,,10,0,1088,0,0,0
2026-10-06,AIR_FILTER,,,10,0,1061,0,0,0
2026-10-07,AIR_FILTER,,,10,0,1031,0,0,0
2026-10-08,AIR_FILTER,,,10,0,1000,0,0,0
2026-10-09,AIR_FILTER,,,10,0,969,0,0,0
2026-10-10,AIR_FILTER,,,10,0,939,4259,1,0
2026-10-11,AIR_FILTER,,,10,0,912,0,1,0
2026-10-12,AIR_FILTER,,,10,0,889,0,1,0
2026-10-13,AIR_FILTER,,,10,0,870,0,0,0
2026-10-14,AIR_FILTER,,,10,0,857,0,0,0
2026-10-15,AIR_FILTER,,,10,0,851,0,0,0
2026-10-16,AIR_FILTER,,,10,0,851,0,0,0
2026-10-17,AIR_FILTER,,,10,0,857,0,0,0
2026-10-18,AIR_FILTER,,,10,0,870,0,0,0
2026-10-19,AIR_FILTER,,,10,0,889,3940,0,0
2026-10-20,AIR_FILTER,,,10,0,912,0,0,1
2026-10-21,AIR_FILTER,,,10,0,939,0,0,1
2026-10-22,AIR_FILTER,,,10,0,969,0,0,1
2026-10-23,AIR_FILTER,,,15,1,1000,0,0,1
2026-10-24,AIR_FILTER,,,10,0,1031,0,0,1
2026-10-25,AIR_FILTER,,,10,0,1061,0,0,1
2026-10-26,AIR_FILTER,,,10,0,1088,0,0,1
2026-10-27,AIR_FILTER,,,10,0,1111,4555,0,1
2026-10-28,AIR_FILTER,,,10,0,1130,0,0,1
2026-10-29,AIR_FILTER,,,10,0,1143,0,0,1
2026-10-30,AIR_FILTER,,,10,0,1149,0,0,1
2026-10-31,AIR_FILTER,,,10,0,1149,0,0,0
2026-09-02,SPARK_PLUG,,,7,0,1143,0,0,0
2026-09-03,SPARK_PLUG,,,7,0,1130,0,0,0
2026-09-04,SPARK_PLUG,,,7,0,1111,0,0,0
2026-09-05,SPARK_PLUG,,,7,0,1088,0,0,0
2026-09-06,SPARK_PLUG,,,7,0,1061,0,0,0
2026-09-07,SPARK_PLUG,,,7,0,1031,0,0,0
2026-09-08,SPARK_PLUG,,,7,0,1000,0,0,0
2026-09-09,SPARK_PLUG,,,7,0,969,6657,0,0
2026-09-10,SPARK_PLUG,,,7,0,939,0,1,0
2026-09-11,SPARK_PLUG,,,7,0,912,0,1,0
2026-09-12,SPARK_PLUG,,,7,0,889,0,1,0
2026-09-13,SPARK_PLUG,,,7,0,870,0,0,0
2026-09-14,SPARK_PLUG,,,7,0,857,0,0,0
2026-09-15,SPARK_PLUG,,,7,0,851,0,0,0
2026-09-16,SPARK_PLUG,,,7,0,851,0,0,0
2026-09-17,SPARK_PLUG,,,7,0,857,0,0,0
2026-09-18,SPARK_PLUG,,,7,0,870,0,0,0
2026-09-19,SPARK_PLUG,,,7,0,889,6532,0,0
2026-09-20,SPARK_PLUG,,,7,0,912,0,0,0
2026-09-21,SPARK_PLUG,,,7,0,939,0,0,0
2026-09-22,SPARK_PLUG,,,7,0,969,0,0,0
2026-09-23,SPARK_PLUG,,,7,0,1000,0,0,0
2026-09-24,SPARK_PLUG,,,7,0,1031,0,0,0
2026-09-25,SPARK_PLUG,,,7,0,1061,0,0,0
2026-09-26,SPARK_PLUG,,,7,0,1088,0,0,0
2026-09-27,SPARK_PLUG,,,7,0,1111,6327,0,0
2026-09-28,SPARK_PLUG,,,7,0,1130,0,0,0
2026-09-29,SPARK_PLUG,,,7,0,1143,0,0,0
2026-09-30,SPARK_PLUG,,,7,0,1149,0,0,0
2026-10-01,SPARK_PLUG,,,7,0,1149,0,0,0
2026-10-02,SPARK_PLUG,,,7,0,1143,0,0,0
2026-10-03,SPARK_PLUG,,,7,0,1130,0,0,0
2026-10-04,SPARK_PLUG,,,7,0,1111,0,0,0
2026-10-05,SPARK_PLUG,,,7,0,1088,7054,0,0
2026-10-06,SPARK_PLUG,,,7,0,1061,0,0,0
2026-10-07,SPARK_PLUG,,,7,0,1031,0,0,0
2026-10-08,SPARK_PLUG,,,7,0,1000,0,0,0
2026-10-09,SPARK_PLUG,,,7,0,969,0,0,0
2026-10-10,SPARK_PLUG,,,7,0,939,0,1,0
2026-10-11,SPARK_PLUG,,,7,0,912,0,1,0
2026-10-12,SPARK_PLUG,,,7,0,889,0,1,0
2026-10-13,SPARK_PLUG,,,7,0,870,0,0,0
2026-10-14,SPARK_PLUG,,,7,0,857,6332,0,0
2026-10-15,SPARK_PLUG,,,7,0,851,0,0,0
2026-10-16,SPARK_PLUG,,,7,0,851,0,0,0
2026-10-17,SPARK_PLUG,,,7,0,857,0,0,0
2026-10-18,SPARK_PLUG,,,7,0,870,0,0,0
2026-10-19,SPARK_PLUG,,,7,0,889,0,0,0
2026-10-20,SPARK_PLUG,,,7,0,912,0,0,1
2026-10-21,SPARK_PLUG,,,7,0,939,0,0,1
2026-10-22,SPARK_PLUG,,,7,0,969,0,0,1
2026-10-23,SPARK_PLUG,,,12,1,1000,2963,0,1
2026-10-24,SPARK_PLUG,,,7,0,1031,0,0,1
2026-10-25,SPARK_PLUG,,,7,0,1061,0,0,1
2026-10-26,SPARK_PLUG,,,7,0,1088,6302,0,1
2026-10-27,SPARK_PLUG,,,7,0,1111,0,0,1
2026-10-28,SPARK_PLUG,,,7,0,1130,0,0,1
2026-10-29,SPARK_PLUG,,,7,0,1143,0,0,1
2026-10-30,SPARK_PLUG,,,7,0,1149,0,0,1
2026-10-31,SPARK_PLUG,,,7,0,1149,0,0,0
