date,content_id,watch_hours,release_active,marketing_campaign,festival,holiday,competitor_major_release
2025-01-01,CONTENT_001,7000.51,1,1,0,1,0
2025-01-02,CONTENT_001,6292.99,1,1,0,0,0
2025-01-03,CONTENT_001,6444.18,1,1,0,0,0
2025-01-04,CONTENT_001,7660.45,1,1,0,0,0
2025-01-05,CONTENT_001,7721.27,1,1,0,0,0
2025-01-06,CONTENT_001,6524.28,1,1,0,0,0
2025-01-07,CONTENT_001,6365.05,1,1,0,0,0
2025-01-08,CONTENT_001,5352.67,1,0,0,0,0
2025-01-09,CONTENT_001,5889.87,1,0,0,0,0
2025-01-10,CONTENT_001,4797.14,1,0,0,0,1
2025-01-11,CONTENT_001,5527.26,1,0,0,0,1
2025-01-12,CONTENT_001,5454.39,1,0,0,0,1
2025-01-13,CONTENT_001,5385.83,1,0,0,0,0
2025-01-14,CONTENT_001,5657.4,1,0,0,0,0
2025-01-15,CONTENT_001,4079.05,0,0,0,0,0
2025-01-16,CONTENT_001,4510.28,0,0,0,0,0
2025-01-17,CONTENT_001,4198.47,0,0,0,0,0
2025-01-18,CONTENT_001,5189.01,0,0,0,0,0
2025-01-19,CONTENT_001,4796.88,0,0,0,0,0
2025-01-20,CONTENT_001,4044.13,0,0,0,0,0
2025-01-21,CONTENT_001,4219.12,0,0,0,0,0
2025-01-22,CONTENT_001,4301.34,0,0,0,0,0
2025-01-23,CONTENT_001,4162.42,0,0,0,0,0
2025-01-24,CONTENT_001,4261.42,0,0,0,0,0
2025-01-25,CONTENT_001,5079.58,0,0,0,0,0
2025-01-26,CONTENT_001,5252.41,0,0,0,1,0
2025-01-27,CONTENT_001,4128.4,0,0,0,0,0
2025-01-28,CONTENT_001,4091.08,0,0,0,0,0
2025-01-29,CONTENT_001,4101.27,0,0,0,0,0
2025-01-30,CONTENT_001,4285.44,0,0,0,0,0
2025-01-31,CONTENT_001,4093.99,0,0,0,0,0
2025-02-01,CONTENT_001,5427.01,0,1,0,0,0
2025-02-02,CONTENT_001,5798.41,0,1,0,0,0
2025-02-03,CONTENT_001,4732.47,0,1,0,0,0
2025-02-04,CONTENT_001,5060.23,0,1,0,0,0
2025-02-05,CONTENT_001,5125.2,0,1,0,0,0
2025-02-06,CONTENT_001,4499.29,0,1,0,0,0
2025-02-07,CONTENT_001,4793.41,0,1,0,0,0
2025-02-08,CONTENT_001,5030.21,0,0,0,0,0
2025-02-09,CONTENT_001,4660.14,0,0,0,0,0
2025-02-10,CONTENT_001,3944.36,0,0,0,0,1
2025-02-11,CONTENT_001,4000.36,0,0,0,0,1
2025-02-12,CONTENT_001,3745.98,0,0,0,0,1
2025-02-13,CONTENT_001,4037.48,0,0,0,0,0
2025-02-14,CONTENT_001,3714.78,0,0,0,0,0
2025-02-15,CONTENT_001,5126.95,0,0,0,0,0
2025-02-16,CONTENT_001,5376.53,0,0,0,0,0
2025-02-17,CONTENT_001,4577.09,0,0,0,0,0
2025-02-18,CONTENT_001,4159.06,0,0,0,0,0
2025-02-19,CONTENT_001,3970.54,0,0,0,0,0
2025-02-20,CONTENT_001,4375.9,0,0,0,0,0
2025-02-21,CONTENT_001,4173.36,0,0,0,0,0
2025-02-22,CONTENT_001,5056.41,0,0,0,0,0
2025-02-23,CONTENT_001,5019.58,0,0,0,0,0
2025-02-24,CONTENT_001,4219.53,0,0,0,0,0
2025-02-25,CONTENT_001,4415.99,0,0,0,0,0
2025-02-26,CONTENT_001,4423.79,0,0,0,0,0
2025-02-27,CONTENT_001,4090.24,0,0,0,0,0
2025-02-28,CONTENT_001,4006.15,0,0,0,0,0
2025-03-01,CONTENT_001,5323.27,0,1,0,0,0
2025-03-02,CONTENT_001,5775.39,0,1,0,0,0
2025-03-03,CONTENT_001,4726.4,0,1,0,0,0
2025-03-04,CONTENT_001,5044.03,0,1,0,0,0
2025-03-05,CONTENT_001,4885.47,0,1,0,0,0
2025-03-06,CONTENT_001,4908.24,0,1,0,0,0
2025-03-07,CONTENT_001,5126.51,0,1,0,0,0
2025-03-08,CONTENT_001,5039.42,0,0,0,0,0
2025-03-09,CONTENT_001,4931.5,0,0,0,0,0
2025-03-10,CONTENT_001,4134.15,0,0,0,0,1
2025-03-11,CONTENT_001,3935.01,0,0,0,0,1
2025-03-12,CONTENT_001,3692.67,0,0,0,0,1
2025-03-13,CONTENT_001,4122.04,0,0,0,0,0
2025-03-14,CONTENT_001,4365.56,0,0,0,0,0
2025-03-15,CONTENT_001,4998.6,0,0,0,0,0
2025-03-16,CONTENT_001,4720.56,0,0,0,0,0
2025-03-17,CONTENT_001,4387.89,0,0,0,0,0
2025-03-18,CONTENT_001,4464.02,0,0,0,0,0
2025-03-19,CONTENT_001,4448.09,0,0,0,0,0
2025-03-20,CONTENT_001,4523.98,0,0,0,0,0
2025-03-21,CONTENT_001,4634.53,0,0,0,0,0
2025-03-22,CONTENT_001,5319.29,0,0,0,0,0
2025-03-23,CONTENT_001,5027.54,0,0,0,0,0
2025-03-24,CONTENT_001,4156.23,0,0,0,0,0
2025-03-25,CONTENT_001,3815.78,0,0,0,0,0
2025-03-26,CONTENT_001,4202.28,0,0,0,0,0
2025-03-27,CONTENT_001,4309.02,0,0,0,0,0
2025-03-28,CONTENT_001,4209.15,0,0,0,0,0
2025-03-29,CONTENT_001,4559.47,0,0,0,0,0
2025-03-30,CONTENT_001,4895.81,0,0,0,0,0
2025-03-31,CONTENT_001,4335.52,0,0,0,0,0
2025-04-01,CONTENT_001,6227.36,1,1,0,0,0
2025-04-02,CONTENT_001,4990.8,0,1,0,0,0
2025-04-03,CONTENT_001,5046.64,0,1,0,0,0
2025-04-04,CONTENT_001,5190.77,0,1,0,0,0
2025-04-05,CONTENT_001,6207.73,0,1,0,0,0
2025-04-06,CONTENT_001,5768.74,0,1,0,0,0
2025-04-07,CONTENT_001,4994.59,0,1,0,0,0
2025-04-08,CONTENT_001,4245.16,0,0,0,0,0
2025-04-09,CONTENT_001,4336.37,0,0,0,0,0
2025-04-10,CONTENT_001,3892.85,0,0,0,0,1
2025-04-11,CONTENT_001,4079.25,0,0,0,0,1
2025-04-12,CONTENT_001,3970.83,0,0,0,0,1
2025-04-13,CONTENT_001,5043.78,0,0,0,0,0
2025-04-14,CONTENT_001,4302.36,0,0,0,0,0
2025-04-15,CONTENT_001,4150.6,0,0,0,0,0
2025-04-16,CONTENT_001,3724.56,0,0,0,0,0
2025-04-17,CONTENT_001,4187.19,0,0,0,0,0
2025-04-18,CONTENT_001,4050.78,0,0,0,0,0
2025-04-19,CONTENT_001,5308.37,0,0,0,0,0
2025-04-20,CONTENT_001,5034.81,0,0,0,0,0
2025-04-21,CONTENT_001,4032.95,0,0,0,0,0
2025-04-22,CONTENT_001,3768.94,0,0,0,0,0
2025-04-23,CONTENT_001,4324.03,0,0,0,0,0
2025-04-24,CONTENT_001,4346.19,0,0,0,0,0
2025-04-25,CONTENT_001,4154.69,0,0,0,0,0
2025-04-26,CONTENT_001,5082.77,0,0,0,0,0
2025-04-27,CONTENT_001,4882.86,0,0,0,0,0
2025-04-28,CONTENT_001,4424.12,0,0,0,0,0
2025-04-29,CONTENT_001,4408.46,0,0,0,0,0
2025-04-30,CONTENT_001,3855.83,0,0,0,0,0
2025-05-01,CONTENT_001,4663.01,0,1,0,0,0
2025-05-02,CONTENT_001,5382.57,0,1,0,0,0
2025-05-03,CONTENT_001,6043.84,0,1,0,0,0
2025-05-04,CONTENT_001,5582.98,0,1,0,0,0
2025-05-05,CONTENT_001,4626.22,0,1,0,0,0
2025-05-06,CONTENT_001,4999.63,0,1,0,0,0
2025-05-07,CONTENT_001,4716.11,0,1,0,0,0
2025-05-08,CONTENT_001,4133.49,0,0,0,0,0
2025-05-09,CONTENT_001,4190.07,0,0,0,0,0
2025-05-10,CONTENT_001,4441.41,0,0,0,0,1
2025-05-11,CONTENT_001,4696.97,0,0,0,0,1
2025-05-12,CONTENT_001,4165.3,0,0,0,0,1
2025-05-13,CONTENT_001,4099.43,0,0,0,0,0
2025-05-14,CONTENT_001,3962.56,0,0,0,0,0
2025-05-15,CONTENT_001,4281.66,0,0,0,0,0
2025-05-16,CONTENT_001,4542.61,0,0,0,0,0
2025-05-17,CONTENT_001,4871.32,0,0,0,0,0
2025-05-18,CONTENT_001,5134.58,0,0,0,0,0
2025-05-19,CONTENT_001,4024.2,0,0,0,0,0
2025-05-20,CONTENT_001,4204.47,0,0,0,0,0
2025-05-21,CONTENT_001,3955.99,0,0,0,0,0
2025-05-22,CONTENT_001,4202.27,0,0,0,0,0
2025-05-23,CONTENT_001,4175.54,0,0,0,0,0
2025-05-24,CONTENT_001,5083.71,0,0,0,0,0
2025-05-25,CONTENT_001,5329.39,0,0,0,0,0
2025-05-26,CONTENT_001,4118.33,0,0,0,0,0
2025-05-27,CONTENT_001,3780.06,0,0,0,0,0
2025-05-28,CONTENT_001,4157.56,0,0,0,0,0
2025-05-29,CONTENT_001,4262.86,0,0,0,0,0
2025-05-30,CONTENT_001,4242.4,0,0,0,0,0
2025-05-31,CONTENT_001,4922.94,0,0,0,0,0
2025-06-01,CONTENT_001,6160.5,0,1,0,0,0
2025-06-02,CONTENT_001,4984.61,0,1,0,0,0
2025-06-03,CONTENT_001,4933.99,0,1,0,0,0
2025-06-04,CONTENT_001,4792.68,0,1,0,0,0
2025-06-05,CONTENT_001,4589.19,0,1,0,0,0
2025-06-06,CONTENT_001,5025.14,0,1,0,0,0
2025-06-07,CONTENT_001,5899.62,0,1,0,0,0
2025-06-08,CONTENT_001,4733.54,0,0,0,0,0
2025-06-09,CONTENT_001,4190.68,0,0,0,0,0
2025-06-10,CONTENT_001,3749.79,0,0,0,0,1
2025-06-11,CONTENT_001,3648.85,0,0,0,0,1
2025-06-12,CONTENT_001,3613.4,0,0,0,0,1
2025-06-13,CONTENT_001,4285.07,0,0,0,0,0
2025-06-14,CONTENT_001,4908.58,0,0,0,0,0
2025-06-15,CONTENT_001,4831.89,0,0,0,0,0
2025-06-16,CONTENT_001,4019.05,0,0,0,0,0
2025-06-17,CONTENT_001,4172.7,0,0,0,0,0
2025-06-18,CONTENT_001,4394.14,0,0,0,0,0
2025-06-19,CONTENT_001,4243.39,0,0,0,0,0
2025-06-20,CONTENT_001,4150.2,0,0,0,0,0
2025-06-21,CONTENT_001,5020.78,0,0,0,0,0
2025-06-22,CONTENT_001,5242.52,0,0,0,0,0
2025-06-23,CONTENT_001,4302.99,0,0,0,0,0
2025-06-24,CONTENT_001,4254.64,0,0,0,0,0
2025-06-25,CONTENT_001,4334.09,0,0,0,0,0
2025-06-26,CONTENT_001,4166.82,0,0,0,0,0
2025-06-27,CONTENT_001,4238.65,0,0,0,0,0
2025-06-28,CONTENT_001,4853.32,0,0,0,0,0
2025-06-29,CONTENT_001,4630.38,0,0,0,0,0
2025-06-30,CONTENT_001,5532.0,1,0,0,0,0
2025-07-01,CONTENT_001,5028.8,0,1,0,0,0
2025-07-02,CONTENT_001,4895.58,0,1,0,0,0
2025-07-03,CONTENT_001,5173.52,0,1,0,0,0
2025-07-04,CONTENT_001,4804.46,0,1,0,0,0
2025-07-05,CONTENT_001,5476.09,0,1,0,0,0
2025-07-06,CONTENT_001,5701.69,0,1,0,0,0
2025-07-07,CONTENT_001,4632.4,0,1,0,0,0
2025-07-08,CONTENT_001,4270.99,0,0,0,0,0
2025-07-09,CONTENT_001,4042.06,0,0,0,0,0
2025-07-10,CONTENT_001,3986.78,0,0,0,0,1
2025-07-11,CONTENT_001,3982.4,0,0,0,0,1
2025-07-12,CONTENT_001,4266.16,0,0,0,0,1
2025-07-13,CONTENT_001,4786.3,0,0,0,0,0
2025-07-14,CONTENT_001,4312.23,0,0,0,0,0
2025-07-15,CONTENT_001,4405.77,0,0,0,0,0
2025-07-16,CONTENT_001,3777.35,0,0,0,0,0
2025-07-17,CONTENT_001,4259.15,0,0,0,0,0
2025-07-18,CONTENT_001,3738.51,0,0,0,0,0
2025-07-19,CONTENT_001,4840.81,0,0,0,0,0
2025-07-20,CONTENT_001,5185.67,0,0,0,0,0
2025-07-21,CONTENT_001,4832.05,0,0,0,0,0
2025-07-22,CONTENT_001,4149.85,0,0,0,0,0
2025-07-23,CONTENT_001,3938.11,0,0,0,0,0
2025-07-24,CONTENT_001,4092.17,0,0,0,0,0
2025-07-25,CONTENT_001,4213.87,0,0,0,0,0
2025-07-26,CONTENT_001,4815.25,0,0,0,0,0
2025-07-27,CONTENT_001,4761.79,0,0,0,0,0
2025-07-28,CONTENT_001,4110.36,0,0,0,0,0
2025-07-29,CONTENT_001,4283.07,0,0,0,0,0
2025-07-30,CONTENT_001,4164.42,0,0,0,0,0
2025-07-31,CONTENT_001,4014.86,0,0,0,0,0
2025-08-01,CONTENT_001,4815.29,0,1,0,0,0
2025-08-02,CONTENT_001,5761.17,0,1,0,0,0
2025-08-03,CONTENT_001,5638.2,0,1,0,0,0
2025-08-04,CONTENT_001,4807.5,0,1,0,0,0
2025-08-05,CONTENT_001,5091.16,0,1,0,0,0
2025-08-06,CONTENT_001,4907.63,0,1,0,0,0
2025-08-07,CONTENT_001,4587.77,0,1,0,0,0
2025-08-08,CONTENT_001,4415.24,0,0,0,0,0
2025-08-09,CONTENT_001,5043.51,0,0,0,0,0
2025-08-10,CONTENT_001,4169.94,0,0,0,0,1
2025-08-11,CONTENT_001,3703.27,0,0,0,0,1
2025-08-12,CONTENT_001,3613.66,0,0,0,0,1
2025-08-13,CONTENT_001,4342.15,0,0,0,0,0
2025-08-14,CONTENT_001,4121.95,0,0,0,0,0
2025-08-15,CONTENT_001,5159.12,0,0,1,1,0
2025-08-16,CONTENT_001,5411.87,0,0,1,0,0
2025-08-17,CONTENT_001,5140.77,0,0,1,0,0
2025-08-18,CONTENT_001,4915.13,0,0,1,0,0
2025-08-19,CONTENT_001,4759.09,0,0,1,0,0
2025-08-20,CONTENT_001,4463.05,0,0,1,0,0
2025-08-21,CONTENT_001,4240.29,0,0,0,0,0
2025-08-22,CONTENT_001,4404.56,0,0,0,0,0
2025-08-23,CONTENT_001,4967.71,0,0,0,0,0
2025-08-24,CONTENT_001,5282.92,0,0,0,0,0
2025-08-25,CONTENT_001,4812.75,0,0,0,0,0
2025-08-26,CONTENT_001,4173.51,0,0,0,0,0
2025-08-27,CONTENT_001,4077.67,0,0,0,0,0
2025-08-28,CONTENT_001,3992.22,0,0,0,0,0
2025-08-29,CONTENT_001,3735.15,0,0,0,0,0
2025-08-30,CONTENT_001,5218.11,0,0,0,0,0
2025-08-31,CONTENT_001,4881.77,0,0,0,0,0
2025-09-01,CONTENT_001,5139.82,0,1,0,0,0
2025-09-02,CONTENT_001,5182.05,0,1,0,0,0
2025-09-03,CONTENT_001,4729.0,0,1,0,0,0
2025-09-04,CONTENT_001,4760.53,0,1,0,0,0
2025-09-05,CONTENT_001,5322.38,0,1,0,0,0
2025-09-06,CONTENT_001,5833.37,0,1,0,0,0
2025-09-07,CONTENT_001,5709.42,0,1,0,0,0
2025-09-08,CONTENT_001,3980.51,0,0,0,0,0
2025-09-09,CONTENT_001,4170.29,0,0,0,0,0
2025-09-10,CONTENT_001,4096.66,0,0,0,0,1
2025-09-11,CONTENT_001,3923.94,0,0,0,0,1
2025-09-12,CONTENT_001,3818.17,0,0,0,0,1
2025-09-13,CONTENT_001,5289.59,0,0,0,0,0
2025-09-14,CONTENT_001,5249.11,0,0,0,0,0
2025-09-15,CONTENT_001,4270.17,0,0,0,0,0
2025-09-16,CONTENT_001,4782.99,0,0,0,0,0
2025-09-17,CONTENT_001,4148.04,0,0,0,0,0
2025-09-18,CONTENT_001,4430.59,0,0,0,0,0
2025-09-19,CONTENT_001,4117.47,0,0,0,0,0
2025-09-20,CONTENT_001,5145.6,0,0,0,0,0
2025-09-21,CONTENT_001,4903.84,0,0,0,0,0
2025-09-22,CONTENT_001,4296.89,0,0,0,0,0
2025-09-23,CONTENT_001,4701.93,0,0,0,0,0
2025-09-24,CONTENT_001,4399.89,0,0,0,0,0
2025-09-25,CONTENT_001,4300.14,0,0,0,0,0
2025-09-26,CONTENT_001,4037.31,0,0,0,0,0
2025-09-27,CONTENT_001,4995.53,0,0,0,0,0
2025-09-28,CONTENT_001,6231.12,1,0,0,0,0
2025-09-29,CONTENT_001,4386.27,0,0,0,0,0
2025-09-30,CONTENT_001,4380.99,0,0,0,0,0
2025-10-01,CONTENT_001,4918.28,0,1,0,0,0
2025-10-02,CONTENT_001,5900.06,0,1,0,1,0
2025-10-03,CONTENT_001,5275.81,0,1,0,0,0
2025-10-04,CONTENT_001,5879.51,0,1,0,0,0
2025-10-05,CONTENT_001,5966.84,0,1,0,0,0
2025-10-06,CONTENT_001,4832.42,0,1,0,0,0
2025-10-07,CONTENT_001,4898.84,0,1,0,0,0
2025-10-08,CONTENT_001,3973.62,0,0,0,0,0
2025-10-09,CONTENT_001,4099.55,0,0,0,0,0
2025-10-10,CONTENT_001,3758.08,0,0,0,0,1
2025-10-11,CONTENT_001,4111.72,0,0,0,0,1
2025-10-12,CONTENT_001,4581.53,0,0,0,0,1
2025-10-13,CONTENT_001,4414.65,0,0,0,0,0
2025-10-14,CONTENT_001,4198.34,0,0,0,0,0
2025-10-15,CONTENT_001,3633.58,0,0,0,0,0
2025-10-16,CONTENT_001,4146.87,0,0,0,0,0
2025-10-17,CONTENT_001,3907.39,0,0,0,0,0
2025-10-18,CONTENT_001,4827.98,0,0,0,0,0
2025-10-19,CONTENT_001,5260.91,0,0,0,0,0
2025-10-20,CONTENT_001,4108.76,0,0,1,0,0
2025-10-21,CONTENT_001,4448.56,0,0,1,0,0
2025-10-22,CONTENT_001,4794.21,0,0,1,0,0
2025-10-23,CONTENT_001,4472.6,0,0,1,0,0
2025-10-24,CONTENT_001,4456.53,0,0,1,0,0
2025-10-25,CONTENT_001,5878.41,0,0,1,0,0
2025-10-26,CONTENT_001,5531.06,0,0,1,0,0
2025-10-27,CONTENT_001,4816.2,0,0,1,0,0
2025-10-28,CONTENT_001,4723.88,0,0,1,0,0
2025-10-29,CONTENT_001,4653.96,0,0,1,0,0
2025-10-30,CONTENT_001,4885.45,0,0,1,0,0
2025-10-31,CONTENT_001,4600.12,0,0,0,0,0
2025-11-01,CONTENT_001,5494.54,0,1,0,0,0
2025-11-02,CONTENT_001,5840.66,0,1,0,0,0
2025-11-03,CONTENT_001,4946.93,0,1,0,0,0
2025-11-04,CONTENT_001,4865.85,0,1,0,0,0
2025-11-05,CONTENT_001,5162.02,0,1,0,0,0
2025-11-06,CONTENT_001,5009.95,0,1,0,0,0
2025-11-07,CONTENT_001,5360.35,0,1,0,0,0
2025-11-08,CONTENT_001,5187.06,0,0,0,0,0
2025-11-09,CONTENT_001,5242.59,0,0,0,0,0
2025-11-10,CONTENT_001,3528.18,0,0,0,0,1
2025-11-11,CONTENT_001,3610.72,0,0,0,0,1
2025-11-12,CONTENT_001,3628.02,0,0,0,0,1
2025-11-13,CONTENT_001,4477.85,0,0,0,0,0
2025-11-14,CONTENT_001,3996.89,0,0,0,0,0
2025-11-15,CONTENT_001,4759.03,0,0,0,0,0
2025-11-16,CONTENT_001,4720.52,0,0,0,0,0
2025-11-17,CONTENT_001,4778.14,0,0,0,0,0
2025-11-18,CONTENT_001,4170.13,0,0,0,0,0
2025-11-19,CONTENT_001,4311.28,0,0,0,0,0
2025-11-20,CONTENT_001,3960.47,0,0,0,0,0
2025-11-21,CONTENT_001,4401.44,0,0,0,0,0
2025-11-22,CONTENT_001,4583.53,0,0,0,0,0
2025-11-23,CONTENT_001,4750.41,0,0,0,0,0
2025-11-24,CONTENT_001,4046.41,0,0,0,0,0
2025-11-25,CONTENT_001,4245.96,0,0,0,0,0
2025-11-26,CONTENT_001,4033.45,0,0,0,0,0
2025-11-27,CONTENT_001,4520.04,0,0,0,0,0
2025-11-28,CONTENT_001,4305.68,0,0,0,0,0
2025-11-29,CONTENT_001,4811.18,0,0,0,0,0
2025-11-30,CONTENT_001,5165.5,0,0,0,0,0
2025-12-01,CONTENT_001,4873.41,0,1,0,0,0
2025-12-02,CONTENT_001,4832.01,0,1,0,0,0
2025-12-03,CONTENT_001,5144.12,0,1,0,0,0
2025-12-04,CONTENT_001,4440.91,0,1,0,0,0
2025-12-05,CONTENT_001,5110.31,0,1,0,0,0
2025-12-06,CONTENT_001,5698.33,0,1,0,0,0
2025-12-07,CONTENT_001,5698.01,0,1,0,0,0
2025-12-08,CONTENT_001,4611.21,0,0,0,0,0
2025-12-09,CONTENT_001,4088.45,0,0,0,0,0
2025-12-10,CONTENT_001,3980.74,0,0,0,0,1
2025-12-11,CONTENT_001,3838.64,0,0,0,0,1
2025-12-12,CONTENT_001,3860.43,0,0,0,0,1
2025-12-13,CONTENT_001,4903.39,0,0,0,0,0
2025-12-14,CONTENT_001,4892.43,0,0,0,0,0
2025-12-15,CONTENT_001,4520.88,0,0,0,0,0
2025-12-16,CONTENT_001,4395.4,0,0,0,0,0
2025-12-17,CONTENT_001,4095.07,0,0,0,0,0
2025-12-18,CONTENT_001,3980.37,0,0,0,0,0
2025-12-19,CONTENT_001,4077.26,0,0,0,0,0
2025-12-20,CONTENT_001,5162.11,0,0,0,0,0
2025-12-21,CONTENT_001,5203.53,0,0,0,0,0
2025-12-22,CONTENT_001,4316.54,0,0,0,0,0
2025-12-23,CONTENT_001,3860.48,0,0,0,0,0
2025-12-24,CONTENT_001,4358.29,0,0,0,0,0
2025-12-25,CONTENT_001,4977.75,0,0,0,1,0
2025-12-26,CONTENT_001,4236.45,0,0,0,0,0
2025-12-27,CONTENT_001,5371.76,0,0,0,0,0
2025-12-28,CONTENT_001,4678.6,0,0,0,0,0
2025-12-29,CONTENT_001,4343.81,0,0,0,0,0
2025-12-30,CONTENT_001,3985.75,0,0,0,0,0
2025-12-31,CONTENT_001,4422.29,0,0,0,0,0
2026-01-01,CONTENT_001,7344.64,1,1,0,1,0
2026-01-02,CONTENT_001,5334.28,0,1,0,0,0
2026-01-03,CONTENT_001,5953.02,0,1,0,0,0
2026-01-04,CONTENT_001,5763.24,0,1,0,0,0
2026-01-05,CONTENT_001,4852.88,0,1,0,0,0
2026-01-06,CONTENT_001,4903.46,0,1,0,0,0
2026-01-07,CONTENT_001,4848.75,0,1,0,0,0
2026-01-08,CONTENT_001,4482.89,0,0,0,0,0
2026-01-09,CONTENT_001,4467.88,0,0,0,0,0
2026-01-10,CONTENT_001,4146.12,0,0,0,0,1
2026-01-11,CONTENT_001,4468.46,0,0,0,0,1
2026-01-12,CONTENT_001,3793.12,0,0,0,0,1
2026-01-13,CONTENT_001,4035.93,0,0,0,0,0
2026-01-14,CONTENT_001,4292.03,0,0,0,0,0
2026-01-15,CONTENT_001,4506.78,0,0,0,0,0
2026-01-16,CONTENT_001,4387.28,0,0,0,0,0
2026-01-17,CONTENT_001,5238.88,0,0,0,0,0
2026-01-18,CONTENT_001,4805.12,0,0,0,0,0
2026-01-19,CONTENT_001,4207.67,0,0,0,0,0
2026-01-20,CONTENT_001,4039.21,0,0,0,0,0
2026-01-21,CONTENT_001,4250.28,0,0,0,0,0
2026-01-22,CONTENT_001,4269.18,0,0,0,0,0
2026-01-23,CONTENT_001,4401.57,0,0,0,0,0
2026-01-24,CONTENT_001,5231.83,0,0,0,0,0
2026-01-25,CONTENT_001,5100.69,0,0,0,0,0
2026-01-26,CONTENT_001,4523.36,0,0,0,1,0
2026-01-27,CONTENT_001,3916.04,0,0,0,0,0
2026-01-28,CONTENT_001,4309.2,0,0,0,0,0
2026-01-29,CONTENT_001,4515.11,0,0,0,0,0
2026-01-30,CONTENT_001,4194.79,0,0,0,0,0
2026-01-31,CONTENT_001,4635.25,0,0,0,0,0
2026-02-01,CONTENT_001,6285.88,0,1,0,0,0
2026-02-02,CONTENT_001,5058.77,0,1,0,0,0
2026-02-03,CONTENT_001,4991.94,0,1,0,0,0
2026-02-04,CONTENT_001,4710.73,0,1,0,0,0
2026-02-05,CONTENT_001,4959.41,0,1,0,0,0
2026-02-06,CONTENT_001,5100.25,0,1,0,0,0
2026-02-07,CONTENT_001,5953.71,0,1,0,0,0
2026-02-08,CONTENT_001,4813.22,0,0,0,0,0
2026-02-09,CONTENT_001,4188.02,0,0,0,0,0
2026-02-10,CONTENT_001,3650.64,0,0,0,0,1
2026-02-11,CONTENT_001,4129.47,0,0,0,0,1
2026-02-12,CONTENT_001,3967.92,0,0,0,0,1
2026-02-13,CONTENT_001,4089.89,0,0,0,0,0
2026-02-14,CONTENT_001,4710.62,0,0,0,0,0
2026-02-15,CONTENT_001,5014.34,0,0,0,0,0
2026-02-16,CONTENT_001,4096.51,0,0,0,0,0
2026-02-17,CONTENT_001,4112.16,0,0,0,0,0
2026-02-18,CONTENT_001,3961.61,0,0,0,0,0
2026-02-19,CONTENT_001,3987.6,0,0,0,0,0
2026-02-20,CONTENT_001,4234.16,0,0,0,0,0
2026-02-21,CONTENT_001,4899.96,0,0,0,0,0
2026-02-22,CONTENT_001,5480.27,0,0,0,0,0
2026-02-23,CONTENT_001,4324.79,0,0,0,0,0
2026-02-24,CONTENT_001,3958.14,0,0,0,0,0
2026-02-25,CONTENT_001,3877.52,0,0,0,0,0
2026-02-26,CONTENT_001,4283.62,0,0,0,0,0
2026-02-27,CONTENT_001,4116.66,0,0,0,0,0
2026-02-28,CONTENT_001,5235.61,0,0,0,0,0
2026-03-01,CONTENT_001,5907.27,0,1,0,0,0
2026-03-02,CONTENT_001,4539.67,0,1,0,0,0
2026-03-03,CONTENT_001,4741.92,0,1,0,0,0
2026-03-04,CONTENT_001,4814.19,0,1,0,0,0
2026-03-05,CONTENT_001,5048.83,0,1,0,0,0
2026-03-06,CONTENT_001,4734.92,0,1,0,0,0
2026-03-07,CONTENT_001,5880.17,0,1,0,0,0
2026-03-08,CONTENT_001,4675.41,0,0,0,0,0
2026-03-09,CONTENT_001,4201.3,0,0,0,0,0
2026-03-10,CONTENT_001,3857.71,0,0,0,0,1
2026-03-11,CONTENT_001,4086.92,0,0,0,0,1
2026-03-12,CONTENT_001,3831.57,0,0,0,0,1
2026-03-13,CONTENT_001,4028.49,0,0,0,0,0
2026-03-14,CONTENT_001,5269.53,0,0,0,0,0
2026-03-15,CONTENT_001,4917.53,0,0,0,0,0
2026-03-16,CONTENT_001,4362.45,0,0,0,0,0
2026-03-17,CONTENT_001,4071.29,0,0,0,0,0
2026-03-18,CONTENT_001,4219.06,0,0,0,0,0
2026-03-19,CONTENT_001,4031.73,0,0,0,0,0
2026-03-20,CONTENT_001,4267.67,0,0,0,0,0
2026-03-21,CONTENT_001,5124.8,0,0,0,0,0
2026-03-22,CONTENT_001,4852.09,0,0,0,0,0
2026-03-23,CONTENT_001,4084.29,0,0,0,0,0
2026-03-24,CONTENT_001,4274.93,0,0,0,0,0
2026-03-25,CONTENT_001,4026.75,0,0,0,0,0
2026-03-26,CONTENT_001,3881.23,0,0,0,0,0
2026-03-27,CONTENT_001,5534.17,1,0,0,0,0
2026-03-28,CONTENT_001,4933.38,0,0,0,0,0
2026-03-29,CONTENT_001,4928.94,0,0,0,0,0
2026-03-30,CONTENT_001,4309.42,0,0,0,0,0
2026-03-31,CONTENT_001,4338.76,0,0,0,0,0
2026-04-01,CONTENT_001,4922.19,0,1,0,0,0
2026-04-02,CONTENT_001,4720.24,0,1,0,0,0
2026-04-03,CONTENT_001,4821.9,0,1,0,0,0
2026-04-04,CONTENT_001,5970.92,0,1,0,0,0
2026-04-05,CONTENT_001,5876.72,0,1,0,0,0
2026-04-06,CONTENT_001,4840.55,0,1,0,0,0
2026-04-07,CONTENT_001,4791.28,0,1,0,0,0
2026-04-08,CONTENT_001,4329.74,0,0,0,0,0
2026-04-09,CONTENT_001,4153.45,0,0,0,0,0
2026-04-10,CONTENT_001,3938.07,0,0,0,0,1
2026-04-11,CONTENT_001,4645.06,0,0,0,0,1
2026-04-12,CONTENT_001,4394.7,0,0,0,0,1
2026-04-13,CONTENT_001,4399.43,0,0,0,0,0
2026-04-14,CONTENT_001,4229.07,0,0,0,0,0
2026-04-15,CONTENT_001,4256.23,0,0,0,0,0
2026-04-16,CONTENT_001,3740.36,0,0,0,0,0
2026-04-17,CONTENT_001,3996.11,0,0,0,0,0
2026-04-18,CONTENT_001,4763.49,0,0,0,0,0
2026-04-19,CONTENT_001,4889.08,0,0,0,0,0
2026-04-20,CONTENT_001,4224.01,0,0,0,0,0
2026-04-21,CONTENT_001,4232.6,0,0,0,0,0
2026-04-22,CONTENT_001,4260.01,0,0,0,0,0
2026-04-23,CONTENT_001,4056.16,0,0,0,0,0
2026-04-24,CONTENT_001,4345.19,0,0,0,0,0
2026-04-25,CONTENT_001,5335.95,0,0,0,0,0
2026-04-26,CONTENT_001,4881.8,0,0,0,0,0
2026-04-27,CONTENT_001,4060.63,0,0,0,0,0
2026-04-28,CONTENT_001,4056.08,0,0,0,0,0
2026-04-29,CONTENT_001,4217.95,0,0,0,0,0
2026-04-30,CONTENT_001,4089.59,0,0,0,0,0
2026-05-01,CONTENT_001,4592.63,0,1,0,0,0
2026-05-02,CONTENT_001,5542.16,0,1,0,0,0
2026-05-03,CONTENT_001,6062.32,0,1,0,0,0
2026-05-04,CONTENT_001,5225.18,0,1,0,0,0
2026-05-05,CONTENT_001,5291.98,0,1,0,0,0
2026-05-06,CONTENT_001,5003.52,0,1,0,0,0
2026-05-07,CONTENT_001,4747.91,0,1,0,0,0
2026-05-08,CONTENT_001,4108.02,0,0,0,0,0
2026-05-09,CONTENT_001,4642.81,0,0,0,0,0
2026-05-10,CONTENT_001,4139.12,0,0,0,0,1
2026-05-11,CONTENT_001,3833.61,0,0,0,0,1
2026-05-12,CONTENT_001,3893.19,0,0,0,0,1
2026-05-13,CONTENT_001,4611.26,0,0,0,0,0
2026-05-14,CONTENT_001,4182.55,0,0,0,0,0
2026-05-15,CONTENT_001,3914.85,0,0,0,0,0
2026-05-16,CONTENT_001,4930.4,0,0,0,0,0
2026-05-17,CONTENT_001,4896.68,0,0,0,0,0
2026-05-18,CONTENT_001,4096.84,0,0,0,0,0
2026-05-19,CONTENT_001,4272.19,0,0,0,0,0
2026-05-20,CONTENT_001,3944.96,0,0,0,0,0
2026-05-21,CONTENT_001,4227.45,0,0,0,0,0
2026-05-22,CONTENT_001,4336.83,0,0,0,0,0
2026-05-23,CONTENT_001,5254.14,0,0,0,0,0
2026-05-24,CONTENT_001,5021.18,0,0,0,0,0
2026-05-25,CONTENT_001,4419.06,0,0,0,0,0
2026-05-26,CONTENT_001,4106.78,0,0,0,0,0
2026-05-27,CONTENT_001,4136.1,0,0,0,0,0
2026-05-28,CONTENT_001,4483.05,0,0,0,0,0
2026-05-29,CONTENT_001,3911.97,0,0,0,0,0
2026-05-30,CONTENT_001,4871.34,0,0,0,0,0
2026-05-31,CONTENT_001,5192.97,0,0,0,0,0
2026-06-01,CONTENT_001,4911.67,0,1,0,0,0
2026-06-02,CONTENT_001,4896.02,0,1,0,0,0
2026-06-03,CONTENT_001,4900.28,0,1,0,0,0
2026-06-04,CONTENT_001,4980.6,0,1,0,0,0
2026-06-05,CONTENT_001,5184.08,0,1,0,0,0
2026-06-06,CONTENT_001,6042.17,0,1,0,0,0
2026-06-07,CONTENT_001,5850.49,0,1,0,0,0
2026-06-08,CONTENT_001,4429.4,0,0,0,0,0
2026-06-09,CONTENT_001,4271.78,0,0,0,0,0
2026-06-10,CONTENT_001,3960.42,0,0,0,0,1
2026-06-11,CONTENT_001,3564.04,0,0,0,0,1
2026-06-12,CONTENT_001,4145.1,0,0,0,0,1
2026-06-13,CONTENT_001,5002.24,0,0,0,0,0
2026-06-14,CONTENT_001,4378.86,0,0,0,0,0
2026-06-15,CONTENT_001,4548.5,0,0,0,0,0
2026-06-16,CONTENT_001,4201.06,0,0,0,0,0
2026-06-17,CONTENT_001,4116.95,0,0,0,0,0
2026-06-18,CONTENT_001,4072.81,0,0,0,0,0
2026-06-19,CONTENT_001,4292.3,0,0,0,0,0
2026-06-20,CONTENT_001,4769.44,0,0,0,0,0
2026-06-21,CONTENT_001,4834.85,0,0,0,0,0
2026-06-22,CONTENT_001,4083.9,0,0,0,0,0
2026-06-23,CONTENT_001,4138.63,0,0,0,0,0
2026-06-24,CONTENT_001,4091.81,0,0,0,0,0
2026-06-25,CONTENT_001,4379.09,0,0,0,0,0
2026-06-26,CONTENT_001,4256.92,0,0,0,0,0
2026-06-27,CONTENT_001,5038.54,0,0,0,0,0
2026-06-28,CONTENT_001,5084.23,0,0,0,0,0
2026-06-29,CONTENT_001,4180.45,0,0,0,0,0
2026-06-30,CONTENT_001,3985.74,0,0,0,0,0
2026-07-01,CONTENT_001,5335.09,0,1,0,0,0
2026-07-02,CONTENT_001,5150.78,0,1,0,0,0
2026-07-03,CONTENT_001,5294.69,0,1,0,0,0
2026-07-04,CONTENT_001,6065.33,0,1,0,0,0
2026-07-05,CONTENT_001,5751.4,0,1,0,0,0
2026-07-06,CONTENT_001,4462.92,0,1,0,0,0
2026-07-07,CONTENT_001,4697.89,0,1,0,0,0
2026-07-08,CONTENT_001,4333.67,0,0,0,0,0
2026-07-09,CONTENT_001,4178.63,0,0,0,0,0
2026-07-10,CONTENT_001,3691.83,0,0,0,0,1
2026-07-11,CONTENT_001,3936.33,0,0,0,0,1
2026-07-12,CONTENT_001,4457.64,0,0,0,0,1
2026-07-13,CONTENT_001,3972.83,0,0,0,0,0
2026-07-14,CONTENT_001,4047.88,0,0,0,0,0
2026-07-15,CONTENT_001,4378.52,0,0,0,0,0
2026-07-16,CONTENT_001,3983.88,0,0,0,0,0
2026-07-17,CONTENT_001,4003.93,0,0,0,0,0
2026-07-18,CONTENT_001,4994.97,0,0,0,0,0
2026-07-19,CONTENT_001,5139.2,0,0,0,0,0
2026-07-20,CONTENT_001,4115.43,0,0,0,0,0
2026-07-21,CONTENT_001,4508.12,0,0,0,0,0
2026-07-22,CONTENT_001,3931.48,0,0,0,0,0
2026-07-23,CONTENT_001,3894.65,0,0,0,0,0
2026-07-24,CONTENT_001,3876.75,0,0,0,0,0
2026-07-25,CONTENT_001,4609.04,0,0,0,0,0
2026-07-26,CONTENT_001,5026.68,0,0,0,0,0
2026-07-27,CONTENT_001,3994.66,0,0,0,0,0
2026-07-28,CONTENT_001,3903.86,0,0,0,0,0
2026-07-29,CONTENT_001,4279.76,0,0,0,0,0
2026-07-30,CONTENT_001,4373.03,0,0,0,0,0
2026-07-31,CONTENT_001,4420.68,0,0,0,0,0
2026-08-01,CONTENT_001,6031.89,0,1,0,0,0
2026-08-02,CONTENT_001,5655.28,0,1,0,0,0
2026-08-03,CONTENT_001,5013.98,0,1,0,0,0
2026-08-04,CONTENT_001,5060.34,0,1,0,0,0
2026-08-05,CONTENT_001,4856.27,0,1,0,0,0
2026-08-06,CONTENT_001,4990.6,0,1,0,0,0
2026-08-07,CONTENT_001,4693.16,0,1,0,0,0
2026-08-08,CONTENT_001,4824.2,0,0,0,0,0
2026-08-09,CONTENT_001,5034.08,0,0,0,0,0
2026-08-10,CONTENT_001,4096.58,0,0,0,0,1
2026-08-11,CONTENT_001,4021.8,0,0,0,0,1
2026-08-12,CONTENT_001,3918.78,0,0,0,0,1
2026-08-13,CONTENT_001,4216.74,0,0,0,0,0
2026-08-14,CONTENT_001,4184.2,0,0,0,0,0
2026-08-15,CONTENT_001,5801.8,0,0,1,1,0
2026-08-16,CONTENT_001,5276.14,0,0,1,0,0
2026-08-17,CONTENT_001,4451.4,0,0,1,0,0
2026-08-18,CONTENT_001,4740.7,0,0,1,0,0
2026-08-19,CONTENT_001,4818.44,0,0,1,0,0
2026-08-20,CONTENT_001,4774.68,0,0,1,0,0
2026-08-21,CONTENT_001,4448.36,0,0,0,0,0
2026-08-22,CONTENT_001,4971.17,0,0,0,0,0
2026-08-23,CONTENT_001,4749.58,0,0,0,0,0
2026-08-24,CONTENT_001,4189.51,0,0,0,0,0
2026-08-25,CONTENT_001,4047.78,0,0,0,0,0
2026-08-26,CONTENT_001,4338.15,0,0,0,0,0
2026-08-27,CONTENT_001,4124.59,0,0,0,0,0
2026-08-28,CONTENT_001,4179.31,0,0,0,0,0
2026-08-29,CONTENT_001,5101.66,0,0,0,0,0
2026-08-30,CONTENT_001,4800.37,0,0,0,0,0
2026-08-31,CONTENT_001,4402.44,0,0,0,0,0
2026-09-01,CONTENT_001,4673.0,0,1,0,0,0
2025-01-01,CONTENT_002,6240.27,1,1,0,1,0
2025-01-02,CONTENT_002,5506.04,1,1,0,0,0
2025-01-03,CONTENT_002,5671.32,1,1,0,0,0
2025-01-04,CONTENT_002,6269.04,1,1,0,0,0
2025-01-05,CONTENT_002,6240.89,1,1,0,0,0
2025-01-06,CONTENT_002,5657.41,1,1,0,0,0
2025-01-07,CONTENT_002,5452.03,1,1,0,0,0
2025-01-08,CONTENT_002,4663.66,1,0,0,0,0
2025-01-09,CONTENT_002,4561.25,1,0,0,0,0
2025-01-10,CONTENT_002,4376.31,1,0,0,0,1
2025-01-11,CONTENT_002,5024.02,1,0,0,0,1
2025-01-12,CONTENT_002,5013.48,1,0,0,0,1
2025-01-13,CONTENT_002,4469.47,1,0,0,0,0
2025-01-14,CONTENT_002,4770.27,1,0,0,0,0
2025-01-15,CONTENT_002,3421.4,0,0,0,0,0
2025-01-16,CONTENT_002,3481.46,0,0,0,0,0
2025-01-17,CONTENT_002,3354.24,0,0,0,0,0
2025-01-18,CONTENT_002,4219.82,0,0,0,0,0
2025-01-19,CONTENT_002,4439.61,0,0,0,0,0
2025-01-20,CONTENT_002,3640.81,0,0,0,0,0
2025-01-21,CONTENT_002,3520.47,0,0,0,0,0
2025-01-22,CONTENT_002,3619.65,0,0,0,0,0
2025-01-23,CONTENT_002,3618.65,0,0,0,0,0
2025-01-24,CONTENT_002,3611.89,0,0,0,0,0
2025-01-25,CONTENT_002,4279.92,0,0,0,0,0
2025-01-26,CONTENT_002,4570.56,0,0,0,1,0
2025-01-27,CONTENT_002,3619.18,0,0,0,0,0
2025-01-28,CONTENT_002,3284.06,0,0,0,0,0
2025-01-29,CONTENT_002,3703.61,0,0,0,0,0
2025-01-30,CONTENT_002,3401.51,0,0,0,0,0
2025-01-31,CONTENT_002,3811.97,0,0,0,0,0
2025-02-01,CONTENT_002,4572.5,0,1,0,0,0
2025-02-02,CONTENT_002,5314.04,0,1,0,0,0
2025-02-03,CONTENT_002,3952.94,0,1,0,0,0
2025-02-04,CONTENT_002,4032.01,0,1,0,0,0
2025-02-05,CONTENT_002,4301.83,0,1,0,0,0
2025-02-06,CONTENT_002,4359.37,0,1,0,0,0
2025-02-07,CONTENT_002,4196.99,0,1,0,0,0
2025-02-08,CONTENT_002,4408.67,0,0,0,0,0
2025-02-09,CONTENT_002,4104.62,0,0,0,0,0
2025-02-10,CONTENT_002,3168.06,0,0,0,0,1
2025-02-11,CONTENT_002,3185.63,0,0,0,0,1
2025-02-12,CONTENT_002,3143.09,0,0,0,0,1
2025-02-13,CONTENT_002,3251.85,0,0,0,0,0
2025-02-14,CONTENT_002,3595.56,0,0,0,0,0
2025-02-15,CONTENT_002,4227.3,0,0,0,0,0
2025-02-16,CONTENT_002,4442.07,0,0,0,0,0
2025-02-17,CONTENT_002,3368.53,0,0,0,0,0
2025-02-18,CONTENT_002,3484.91,0,0,0,0,0
2025-02-19,CONTENT_002,3816.63,0,0,0,0,0
2025-02-20,CONTENT_002,3652.79,0,0,0,0,0
2025-02-21,CONTENT_002,3698.89,0,0,0,0,0
2025-02-22,CONTENT_002,4329.62,0,0,0,0,0
2025-02-23,CONTENT_002,4330.42,0,0,0,0,0
2025-02-24,CONTENT_002,3927.79,0,0,0,0,0
2025-02-25,CONTENT_002,3616.48,0,0,0,0,0
2025-02-26,CONTENT_002,3417.96,0,0,0,0,0
2025-02-27,CONTENT_002,3714.98,0,0,0,0,0
2025-02-28,CONTENT_002,3498.02,0,0,0,0,0
2025-03-01,CONTENT_002,4992.85,0,1,0,0,0
2025-03-02,CONTENT_002,5079.27,0,1,0,0,0
2025-03-03,CONTENT_002,4100.16,0,1,0,0,0
2025-03-04,CONTENT_002,4156.15,0,1,0,0,0
2025-03-05,CONTENT_002,4333.65,0,1,0,0,0
2025-03-06,CONTENT_002,4149.24,0,1,0,0,0
2025-03-07,CONTENT_002,4423.21,0,1,0,0,0
2025-03-08,CONTENT_002,4070.49,0,0,0,0,0
2025-03-09,CONTENT_002,4069.89,0,0,0,0,0
2025-03-10,CONTENT_002,3583.09,0,0,0,0,1
2025-03-11,CONTENT_002,2964.56,0,0,0,0,1
2025-03-12,CONTENT_002,3235.19,0,0,0,0,1
2025-03-13,CONTENT_002,3933.27,0,0,0,0,0
2025-03-14,CONTENT_002,3594.85,0,0,0,0,0
2025-03-15,CONTENT_002,4490.42,0,0,0,0,0
2025-03-16,CONTENT_002,4365.45,0,0,0,0,0
2025-03-17,CONTENT_002,3598.7,0,0,0,0,0
2025-03-18,CONTENT_002,3576.48,0,0,0,0,0
2025-03-19,CONTENT_002,3218.52,0,0,0,0,0
2025-03-20,CONTENT_002,3542.56,0,0,0,0,0
2025-03-21,CONTENT_002,3641.8,0,0,0,0,0
2025-03-22,CONTENT_002,4289.7,0,0,0,0,0
2025-03-23,CONTENT_002,4691.85,0,0,0,0,0
2025-03-24,CONTENT_002,3650.57,0,0,0,0,0
2025-03-25,CONTENT_002,3713.43,0,0,0,0,0
2025-03-26,CONTENT_002,3809.69,0,0,0,0,0
2025-03-27,CONTENT_002,3697.29,0,0,0,0,0
2025-03-28,CONTENT_002,3584.51,0,0,0,0,0
2025-03-29,CONTENT_002,4233.39,0,0,0,0,0
2025-03-30,CONTENT_002,4184.88,0,0,0,0,0
2025-03-31,CONTENT_002,3679.96,0,0,0,0,0
2025-04-01,CONTENT_002,5491.74,1,1,0,0,0
2025-04-02,CONTENT_002,4360.49,0,1,0,0,0
2025-04-03,CONTENT_002,4066.36,0,1,0,0,0
2025-04-04,CONTENT_002,4274.43,0,1,0,0,0
2025-04-05,CONTENT_002,5292.01,0,1,0,0,0
2025-04-06,CONTENT_002,4972.21,0,1,0,0,0
2025-04-07,CONTENT_002,4579.74,0,1,0,0,0
2025-04-08,CONTENT_002,3629.46,0,0,0,0,0
2025-04-09,CONTENT_002,3589.83,0,0,0,0,0
2025-04-10,CONTENT_002,3260.99,0,0,0,0,1
2025-04-11,CONTENT_002,3183.94,0,0,0,0,1
2025-04-12,CONTENT_002,3466.7,0,0,0,0,1
2025-04-13,CONTENT_002,4406.43,0,0,0,0,0
2025-04-14,CONTENT_002,3994.69,0,0,0,0,0
2025-04-15,CONTENT_002,3686.48,0,0,0,0,0
2025-04-16,CONTENT_002,3697.44,0,0,0,0,0
2025-04-17,CONTENT_002,3567.13,0,0,0,0,0
2025-04-18,CONTENT_002,3808.4,0,0,0,0,0
2025-04-19,CONTENT_002,4240.93,0,0,0,0,0
2025-04-20,CONTENT_002,4296.1,0,0,0,0,0
2025-04-21,CONTENT_002,3318.26,0,0,0,0,0
2025-04-22,CONTENT_002,3504.72,0,0,0,0,0
2025-04-23,CONTENT_002,3666.12,0,0,0,0,0
2025-04-24,CONTENT_002,3763.3,0,0,0,0,0
2025-04-25,CONTENT_002,3768.29,0,0,0,0,0
2025-04-26,CONTENT_002,3963.75,0,0,0,0,0
2025-04-27,CONTENT_002,3982.0,0,0,0,0,0
2025-04-28,CONTENT_002,3705.14,0,0,0,0,0
2025-04-29,CONTENT_002,3465.57,0,0,0,0,0
2025-04-30,CONTENT_002,3761.03,0,0,0,0,0
2025-05-01,CONTENT_002,3954.57,0,1,0,0,0
2025-05-02,CONTENT_002,4230.29,0,1,0,0,0
2025-05-03,CONTENT_002,5006.48,0,1,0,0,0
2025-05-04,CONTENT_002,5099.12,0,1,0,0,0
2025-05-05,CONTENT_002,4062.39,0,1,0,0,0
2025-05-06,CONTENT_002,3893.98,0,1,0,0,0
2025-05-07,CONTENT_002,4278.83,0,1,0,0,0
2025-05-08,CONTENT_002,3694.76,0,0,0,0,0
2025-05-09,CONTENT_002,3781.34,0,0,0,0,0
2025-05-10,CONTENT_002,3758.66,0,0,0,0,1
2025-05-11,CONTENT_002,3962.82,0,0,0,0,1
2025-05-12,CONTENT_002,3327.44,0,0,0,0,1
2025-05-13,CONTENT_002,3838.03,0,0,0,0,0
2025-05-14,CONTENT_002,3590.03,0,0,0,0,0
2025-05-15,CONTENT_002,3288.62,0,0,0,0,0
2025-05-16,CONTENT_002,3587.82,0,0,0,0,0
2025-05-17,CONTENT_002,4263.92,0,0,0,0,0
2025-05-18,CONTENT_002,4341.27,0,0,0,0,0
2025-05-19,CONTENT_002,3324.12,0,0,0,0,0
2025-05-20,CONTENT_002,3543.83,0,0,0,0,0
2025-05-21,CONTENT_002,3756.26,0,0,0,0,0
2025-05-22,CONTENT_002,3581.26,0,0,0,0,0
2025-05-23,CONTENT_002,3544.97,0,0,0,0,0
2025-05-24,CONTENT_002,4591.14,0,0,0,0,0
2025-05-25,CONTENT_002,4055.4,0,0,0,0,0
2025-05-26,CONTENT_002,3821.97,0,0,0,0,0
2025-05-27,CONTENT_002,3783.82,0,0,0,0,0
2025-05-28,CONTENT_002,3559.47,0,0,0,0,0
2025-05-29,CONTENT_002,3594.08,0,0,0,0,0
2025-05-30,CONTENT_002,3593.44,0,0,0,0,0
2025-05-31,CONTENT_002,4280.75,0,0,0,0,0
2025-06-01,CONTENT_002,4905.62,0,1,0,0,0
2025-06-02,CONTENT_002,4170.93,0,1,0,0,0
2025-06-03,CONTENT_002,4184.06,0,1,0,0,0
2025-06-04,CONTENT_002,4189.81,0,1,0,0,0
2025-06-05,CONTENT_002,4192.06,0,1,0,0,0
2025-06-06,CONTENT_002,3844.65,0,1,0,0,0
2025-06-07,CONTENT_002,5030.22,0,1,0,0,0
2025-06-08,CONTENT_002,4153.06,0,0,0,0,0
2025-06-09,CONTENT_002,3263.97,0,0,0,0,0
2025-06-10,CONTENT_002,3176.99,0,0,0,0,1
2025-06-11,CONTENT_002,3171.43,0,0,0,0,1
2025-06-12,CONTENT_002,3469.54,0,0,0,0,1
2025-06-13,CONTENT_002,3502.94,0,0,0,0,0
2025-06-14,CONTENT_002,4368.2,0,0,0,0,0
2025-06-15,CONTENT_002,4496.91,0,0,0,0,0
2025-06-16,CONTENT_002,3486.95,0,0,0,0,0
2025-06-17,CONTENT_002,3591.45,0,0,0,0,0
2025-06-18,CONTENT_002,3911.16,0,0,0,0,0
2025-06-19,CONTENT_002,3641.22,0,0,0,0,0
2025-06-20,CONTENT_002,3667.27,0,0,0,0,0
2025-06-21,CONTENT_002,4174.69,0,0,0,0,0
2025-06-22,CONTENT_002,4371.67,0,0,0,0,0
2025-06-23,CONTENT_002,3592.86,0,0,0,0,0
2025-06-24,CONTENT_002,3270.22,0,0,0,0,0
2025-06-25,CONTENT_002,3536.06,0,0,0,0,0
2025-06-26,CONTENT_002,3387.03,0,0,0,0,0
2025-06-27,CONTENT_002,3620.2,0,0,0,0,0
2025-06-28,CONTENT_002,4082.97,0,0,0,0,0
2025-06-29,CONTENT_002,4334.06,0,0,0,0,0
2025-06-30,CONTENT_002,4688.06,1,0,0,0,0
2025-07-01,CONTENT_002,4023.36,0,1,0,0,0
2025-07-02,CONTENT_002,4159.34,0,1,0,0,0
2025-07-03,CONTENT_002,4359.7,0,1,0,0,0
2025-07-04,CONTENT_002,4454.64,0,1,0,0,0
2025-07-05,CONTENT_002,4850.2,0,1,0,0,0
2025-07-06,CONTENT_002,4815.1,0,1,0,0,0
2025-07-07,CONTENT_002,4599.18,0,1,0,0,0
2025-07-08,CONTENT_002,3598.24,0,0,0,0,0
2025-07-09,CONTENT_002,3616.46,0,0,0,0,0
2025-07-10,CONTENT_002,3106.91,0,0,0,0,1
2025-07-11,CONTENT_002,3278.74,0,0,0,0,1
2025-07-12,CONTENT_002,4131.92,0,0,0,0,1
2025-07-13,CONTENT_002,4293.79,0,0,0,0,0
2025-07-14,CONTENT_002,3791.69,0,0,0,0,0
2025-07-15,CONTENT_002,3605.22,0,0,0,0,0
2025-07-16,CONTENT_002,3415.36,0,0,0,0,0
2025-07-17,CONTENT_002,3477.02,0,0,0,0,0
2025-07-18,CONTENT_002,3398.8,0,0,0,0,0
2025-07-19,CONTENT_002,4287.2,0,0,0,0,0
2025-07-20,CONTENT_002,4468.3,0,0,0,0,0
2025-07-21,CONTENT_002,3628.98,0,0,0,0,0
2025-07-22,CONTENT_002,3544.6,0,0,0,0,0
2025-07-23,CONTENT_002,3457.86,0,0,0,0,0
2025-07-24,CONTENT_002,3663.98,0,0,0,0,0
2025-07-25,CONTENT_002,3377.14,0,0,0,0,0
2025-07-26,CONTENT_002,4043.86,0,0,0,0,0
2025-07-27,CONTENT_002,4410.03,0,0,0,0,0
2025-07-28,CONTENT_002,3550.01,0,0,0,0,0
2025-07-29,CONTENT_002,3546.46,0,0,0,0,0
2025-07-30,CONTENT_002,3569.57,0,0,0,0,0
2025-07-31,CONTENT_002,3730.66,0,0,0,0,0
2025-08-01,CONTENT_002,4277.79,0,1,0,0,0
2025-08-02,CONTENT_002,4878.89,0,1,0,0,0
2025-08-03,CONTENT_002,4885.36,0,1,0,0,0
2025-08-04,CONTENT_002,4212.88,0,1,0,0,0
2025-08-05,CONTENT_002,4302.4,0,1,0,0,0
2025-08-06,CONTENT_002,4241.61,0,1,0,0,0
2025-08-07,CONTENT_002,4225.59,0,1,0,0,0
2025-08-08,CONTENT_002,3608.33,0,0,0,0,0
2025-08-09,CONTENT_002,4241.48,0,0,0,0,0
2025-08-10,CONTENT_002,3682.73,0,0,0,0,1
2025-08-11,CONTENT_002,3439.27,0,0,0,0,1
2025-08-12,CONTENT_002,3153.18,0,0,0,0,1
2025-08-13,CONTENT_002,3623.26,0,0,0,0,0
2025-08-14,CONTENT_002,3229.14,0,0,0,0,0
2025-08-15,CONTENT_002,4396.47,0,0,1,1,0
2025-08-16,CONTENT_002,4474.87,0,0,1,0,0
2025-08-17,CONTENT_002,4496.58,0,0,1,0,0
2025-08-18,CONTENT_002,4395.99,0,0,1,0,0
2025-08-19,CONTENT_002,4004.91,0,0,1,0,0
2025-08-20,CONTENT_002,4180.68,0,0,1,0,0
2025-08-21,CONTENT_002,3753.95,0,0,0,0,0
2025-08-22,CONTENT_002,3776.98,0,0,0,0,0
2025-08-23,CONTENT_002,4212.17,0,0,0,0,0
2025-08-24,CONTENT_002,4537.15,0,0,0,0,0
2025-08-25,CONTENT_002,3752.4,0,0,0,0,0
2025-08-26,CONTENT_002,3607.44,0,0,0,0,0
2025-08-27,CONTENT_002,3647.39,0,0,0,0,0
2025-08-28,CONTENT_002,3575.39,0,0,0,0,0
2025-08-29,CONTENT_002,3609.4,0,0,0,0,0
2025-08-30,CONTENT_002,4240.15,0,0,0,0,0
2025-08-31,CONTENT_002,4316.68,0,0,0,0,0
2025-09-01,CONTENT_002,4561.2,0,1,0,0,0
2025-09-02,CONTENT_002,4031.06,0,1,0,0,0
2025-09-03,CONTENT_002,4453.62,0,1,0,0,0
2025-09-04,CONTENT_002,4181.72,0,1,0,0,0
2025-09-05,CONTENT_002,4476.54,0,1,0,0,0
2025-09-06,CONTENT_002,4952.62,0,1,0,0,0
2025-09-07,CONTENT_002,5086.94,0,1,0,0,0
2025-09-08,CONTENT_002,3571.41,0,0,0,0,0
2025-09-09,CONTENT_002,3288.49,0,0,0,0,0
2025-09-10,CONTENT_002,3553.02,0,0,0,0,1
2025-09-11,CONTENT_002,3070.3,0,0,0,0,1
2025-09-12,CONTENT_002,3255.1,0,0,0,0,1
2025-09-13,CONTENT_002,4058.56,0,0,0,0,0
2025-09-14,CONTENT_002,4007.34,0,0,0,0,0
2025-09-15,CONTENT_002,3563.11,0,0,0,0,0
2025-09-16,CONTENT_002,3493.17,0,0,0,0,0
2025-09-17,CONTENT_002,3389.61,0,0,0,0,0
2025-09-18,CONTENT_002,3593.62,0,0,0,0,0
2025-09-19,CONTENT_002,3333.26,0,0,0,0,0
2025-09-20,CONTENT_002,4270.59,0,0,0,0,0
2025-09-21,CONTENT_002,4225.08,0,0,0,0,0
2025-09-22,CONTENT_002,3153.53,0,0,0,0,0
2025-09-23,CONTENT_002,3505.84,0,0,0,0,0
2025-09-24,CONTENT_002,3684.31,0,0,0,0,0
2025-09-25,CONTENT_002,3408.56,0,0,0,0,0
2025-09-26,CONTENT_002,3692.12,0,0,0,0,0
2025-09-27,CONTENT_002,4325.88,0,0,0,0,0
2025-09-28,CONTENT_002,5339.21,1,0,0,0,0
2025-09-29,CONTENT_002,3597.79,0,0,0,0,0
2025-09-30,CONTENT_002,3748.5,0,0,0,0,0
2025-10-01,CONTENT_002,4090.24,0,1,0,0,0
2025-10-02,CONTENT_002,4720.71,0,1,0,1,0
2025-10-03,CONTENT_002,4455.04,0,1,0,0,0
2025-10-04,CONTENT_002,4858.27,0,1,0,0,0
2025-10-05,CONTENT_002,5095.29,0,1,0,0,0
2025-10-06,CONTENT_002,4053.75,0,1,0,0,0
2025-10-07,CONTENT_002,4219.03,0,1,0,0,0
2025-10-08,CONTENT_002,3680.41,0,0,0,0,0
2025-10-09,CONTENT_002,3167.19,0,0,0,0,0
2025-10-10,CONTENT_002,3143.82,0,0,0,0,1
2025-10-11,CONTENT_002,3900.48,0,0,0,0,1
2025-10-12,CONTENT_002,3863.85,0,0,0,0,1
2025-10-13,CONTENT_002,3505.97,0,0,0,0,0
2025-10-14,CONTENT_002,3401.18,0,0,0,0,0
2025-10-15,CONTENT_002,3713.12,0,0,0,0,0
2025-10-16,CONTENT_002,3541.97,0,0,0,0,0
2025-10-17,CONTENT_002,3698.16,0,0,0,0,0
2025-10-18,CONTENT_002,4316.44,0,0,0,0,0
2025-10-19,CONTENT_002,4167.46,0,0,0,0,0
2025-10-20,CONTENT_002,4153.06,0,0,1,0,0
2025-10-21,CONTENT_002,3853.03,0,0,1,0,0
2025-10-22,CONTENT_002,4174.28,0,0,1,0,0
2025-10-23,CONTENT_002,4197.83,0,0,1,0,0
2025-10-24,CONTENT_002,4149.02,0,0,1,0,0
2025-10-25,CONTENT_002,4640.3,0,0,1,0,0
2025-10-26,CONTENT_002,5131.27,0,0,1,0,0
2025-10-27,CONTENT_002,3987.33,0,0,1,0,0
2025-10-28,CONTENT_002,4003.39,0,0,1,0,0
2025-10-29,CONTENT_002,3956.03,0,0,1,0,0
2025-10-30,CONTENT_002,3756.64,0,0,1,0,0
2025-10-31,CONTENT_002,3833.11,0,0,0,0,0
2025-11-01,CONTENT_002,4909.61,0,1,0,0,0
2025-11-02,CONTENT_002,5178.17,0,1,0,0,0
2025-11-03,CONTENT_002,4456.72,0,1,0,0,0
2025-11-04,CONTENT_002,4356.6,0,1,0,0,0
2025-11-05,CONTENT_002,4123.45,0,1,0,0,0
2025-11-06,CONTENT_002,4186.61,0,1,0,0,0
2025-11-07,CONTENT_002,3766.13,0,1,0,0,0
2025-11-08,CONTENT_002,4227.04,0,0,0,0,0
2025-11-09,CONTENT_002,4392.49,0,0,0,0,0
2025-11-10,CONTENT_002,3197.25,0,0,0,0,1
2025-11-11,CONTENT_002,3133.79,0,0,0,0,1
2025-11-12,CONTENT_002,3186.41,0,0,0,0,1
2025-11-13,CONTENT_002,3818.77,0,0,0,0,0
2025-11-14,CONTENT_002,3590.21,0,0,0,0,0
2025-11-15,CONTENT_002,4582.42,0,0,0,0,0
2025-11-16,CONTENT_002,4145.27,0,0,0,0,0
2025-11-17,CONTENT_002,3639.1,0,0,0,0,0
2025-11-18,CONTENT_002,3521.99,0,0,0,0,0
2025-11-19,CONTENT_002,3973.41,0,0,0,0,0
2025-11-20,CONTENT_002,3632.35,0,0,0,0,0
2025-11-21,CONTENT_002,3983.05,0,0,0,0,0
2025-11-22,CONTENT_002,4172.38,0,0,0,0,0
2025-11-23,CONTENT_002,4522.96,0,0,0,0,0
2025-11-24,CONTENT_002,3621.24,0,0,0,0,0
2025-11-25,CONTENT_002,3750.6,0,0,0,0,0
2025-11-26,CONTENT_002,3380.45,0,0,0,0,0
2025-11-27,CONTENT_002,3662.71,0,0,0,0,0
2025-11-28,CONTENT_002,3407.56,0,0,0,0,0
2025-11-29,CONTENT_002,4294.28,0,0,0,0,0
2025-11-30,CONTENT_002,3974.69,0,0,0,0,0
2025-12-01,CONTENT_002,4231.07,0,1,0,0,0
2025-12-02,CONTENT_002,4445.21,0,1,0,0,0
2025-12-03,CONTENT_002,4346.56,0,1,0,0,0
2025-12-04,CONTENT_002,4025.89,0,1,0,0,0
2025-12-05,CONTENT_002,3906.29,0,1,0,0,0
2025-12-06,CONTENT_002,5102.09,0,1,0,0,0
2025-12-07,CONTENT_002,5297.26,0,1,0,0,0
2025-12-08,CONTENT_002,3426.49,0,0,0,0,0
2025-12-09,CONTENT_002,3977.53,0,0,0,0,0
2025-12-10,CONTENT_002,3238.83,0,0,0,0,1
2025-12-11,CONTENT_002,2887.44,0,0,0,0,1
2025-12-12,CONTENT_002,2959.04,0,0,0,0,1
2025-12-13,CONTENT_002,4386.59,0,0,0,0,0
2025-12-14,CONTENT_002,4271.32,0,0,0,0,0
2025-12-15,CONTENT_002,3866.8,0,0,0,0,0
2025-12-16,CONTENT_002,3384.34,0,0,0,0,0
2025-12-17,CONTENT_002,3621.33,0,0,0,0,0
2025-12-18,CONTENT_002,3601.22,0,0,0,0,0
2025-12-19,CONTENT_002,3574.26,0,0,0,0,0
2025-12-20,CONTENT_002,4179.13,0,0,0,0,0
2025-12-21,CONTENT_002,4182.71,0,0,0,0,0
2025-12-22,CONTENT_002,3631.44,0,0,0,0,0
2025-12-23,CONTENT_002,3654.46,0,0,0,0,0
2025-12-24,CONTENT_002,3645.46,0,0,0,0,0
2025-12-25,CONTENT_002,4249.08,0,0,0,1,0
2025-12-26,CONTENT_002,3383.77,0,0,0,0,0
2025-12-27,CONTENT_002,3921.9,0,0,0,0,0
2025-12-28,CONTENT_002,4431.05,0,0,0,0,0
2025-12-29,CONTENT_002,3430.17,0,0,0,0,0
2025-12-30,CONTENT_002,3531.69,0,0,0,0,0
2025-12-31,CONTENT_002,3489.82,0,0,0,0,0
2026-01-01,CONTENT_002,6071.06,1,1,0,1,0
2026-01-02,CONTENT_002,3985.51,0,1,0,0,0
2026-01-03,CONTENT_002,4910.13,0,1,0,0,0
2026-01-04,CONTENT_002,5129.52,0,1,0,0,0
2026-01-05,CONTENT_002,4247.29,0,1,0,0,0
2026-01-06,CONTENT_002,4338.81,0,1,0,0,0
2026-01-07,CONTENT_002,4158.71,0,1,0,0,0
2026-01-08,CONTENT_002,3762.51,0,0,0,0,0
2026-01-09,CONTENT_002,3508.49,0,0,0,0,0
2026-01-10,CONTENT_002,3443.66,0,0,0,0,1
2026-01-11,CONTENT_002,3880.19,0,0,0,0,1
2026-01-12,CONTENT_002,3378.13,0,0,0,0,1
2026-01-13,CONTENT_002,3499.34,0,0,0,0,0
2026-01-14,CONTENT_002,3815.86,0,0,0,0,0
2026-01-15,CONTENT_002,3446.88,0,0,0,0,0
2026-01-16,CONTENT_002,3720.73,0,0,0,0,0
2026-01-17,CONTENT_002,4562.06,0,0,0,0,0
2026-01-18,CONTENT_002,4254.61,0,0,0,0,0
2026-01-19,CONTENT_002,3559.23,0,0,0,0,0
2026-01-20,CONTENT_002,3580.98,0,0,0,0,0
2026-01-21,CONTENT_002,3893.09,0,0,0,0,0
2026-01-22,CONTENT_002,3672.5,0,0,0,0,0
2026-01-23,CONTENT_002,3985.96,0,0,0,0,0
2026-01-24,CONTENT_002,4298.27,0,0,0,0,0
2026-01-25,CONTENT_002,4130.32,0,0,0,0,0
2026-01-26,CONTENT_002,3926.97,0,0,0,1,0
2026-01-27,CONTENT_002,3611.09,0,0,0,0,0
2026-01-28,CONTENT_002,3232.56,0,0,0,0,0
2026-01-29,CONTENT_002,3514.5,0,0,0,0,0
2026-01-30,CONTENT_002,3518.5,0,0,0,0,0
2026-01-31,CONTENT_002,4291.16,0,0,0,0,0
2026-02-01,CONTENT_002,5362.17,0,1,0,0,0
2026-02-02,CONTENT_002,4257.87,0,1,0,0,0
2026-02-03,CONTENT_002,3901.92,0,1,0,0,0
2026-02-04,CONTENT_002,4083.5,0,1,0,0,0
2026-02-05,CONTENT_002,4295.21,0,1,0,0,0
2026-02-06,CONTENT_002,4264.74,0,1,0,0,0
2026-02-07,CONTENT_002,5305.04,0,1,0,0,0
2026-02-08,CONTENT_002,4420.81,0,0,0,0,0
2026-02-09,CONTENT_002,3767.42,0,0,0,0,0
2026-02-10,CONTENT_002,3200.92,0,0,0,0,1
2026-02-11,CONTENT_002,3437.84,0,0,0,0,1
2026-02-12,CONTENT_002,3078.73,0,0,0,0,1
2026-02-13,CONTENT_002,3774.29,0,0,0,0,0
2026-02-14,CONTENT_002,4197.16,0,0,0,0,0
2026-02-15,CONTENT_002,3987.36,0,0,0,0,0
2026-02-16,CONTENT_002,3706.78,0,0,0,0,0
2026-02-17,CONTENT_002,3851.56,0,0,0,0,0
2026-02-18,CONTENT_002,3526.81,0,0,0,0,0
2026-02-19,CONTENT_002,3881.3,0,0,0,0,0
2026-02-20,CONTENT_002,3301.93,0,0,0,0,0
2026-02-21,CONTENT_002,4032.58,0,0,0,0,0
2026-02-22,CONTENT_002,4221.59,0,0,0,0,0
2026-02-23,CONTENT_002,3533.26,0,0,0,0,0
2026-02-24,CONTENT_002,3479.92,0,0,0,0,0
2026-02-25,CONTENT_002,3624.06,0,0,0,0,0
2026-02-26,CONTENT_002,3504.85,0,0,0,0,0
2026-02-27,CONTENT_002,3535.38,0,0,0,0,0
2026-02-28,CONTENT_002,4298.12,0,0,0,0,0
2026-03-01,CONTENT_002,4892.48,0,1,0,0,0
2026-03-02,CONTENT_002,4228.92,0,1,0,0,0
2026-03-03,CONTENT_002,4131.8,0,1,0,0,0
2026-03-04,CONTENT_002,4030.99,0,1,0,0,0
2026-03-05,CONTENT_002,4385.47,0,1,0,0,0
2026-03-06,CONTENT_002,4555.4,0,1,0,0,0
2026-03-07,CONTENT_002,5204.26,0,1,0,0,0
2026-03-08,CONTENT_002,4307.71,0,0,0,0,0
2026-03-09,CONTENT_002,3484.52,0,0,0,0,0
2026-03-10,CONTENT_002,3188.35,0,0,0,0,1
2026-03-11,CONTENT_002,3430.26,0,0,0,0,1
2026-03-12,CONTENT_002,2829.33,0,0,0,0,1
2026-03-13,CONTENT_002,3534.61,0,0,0,0,0
2026-03-14,CONTENT_002,4380.14,0,0,0,0,0
2026-03-15,CONTENT_002,4043.11,0,0,0,0,0
2026-03-16,CONTENT_002,3676.21,0,0,0,0,0
2026-03-17,CONTENT_002,3667.86,0,0,0,0,0
2026-03-18,CONTENT_002,3338.22,0,0,0,0,0
2026-03-19,CONTENT_002,3615.66,0,0,0,0,0
2026-03-20,CONTENT_002,3488.86,0,0,0,0,0
2026-03-21,CONTENT_002,4322.9,0,0,0,0,0
2026-03-22,CONTENT_002,4368.56,0,0,0,0,0
2026-03-23,CONTENT_002,3671.81,0,0,0,0,0
2026-03-24,CONTENT_002,3613.07,0,0,0,0,0
2026-03-25,CONTENT_002,3652.0,0,0,0,0,0
2026-03-26,CONTENT_002,3388.31,0,0,0,0,0
2026-03-27,CONTENT_002,4674.46,1,0,0,0,0
2026-03-28,CONTENT_002,4104.63,0,0,0,0,0
2026-03-29,CONTENT_002,4433.68,0,0,0,0,0
2026-03-30,CONTENT_002,3722.98,0,0,0,0,0
2026-03-31,CONTENT_002,3722.47,0,0,0,0,0
2026-04-01,CONTENT_002,4556.43,0,1,0,0,0
2026-04-02,CONTENT_002,4188.6,0,1,0,0,0
2026-04-03,CONTENT_002,4149.18,0,1,0,0,0
2026-04-04,CONTENT_002,4948.99,0,1,0,0,0
2026-04-05,CONTENT_002,4724.24,0,1,0,0,0
2026-04-06,CONTENT_002,3973.76,0,1,0,0,0
2026-04-07,CONTENT_002,4359.8,0,1,0,0,0
2026-04-08,CONTENT_002,3348.87,0,0,0,0,0
2026-04-09,CONTENT_002,3406.52,0,0,0,0,0
2026-04-10,CONTENT_002,3221.69,0,0,0,0,1
2026-04-11,CONTENT_002,3749.0,0,0,0,0,1
2026-04-12,CONTENT_002,3982.62,0,0,0,0,1
2026-04-13,CONTENT_002,3610.88,0,0,0,0,0
2026-04-14,CONTENT_002,3456.28,0,0,0,0,0
2026-04-15,CONTENT_002,3774.89,0,0,0,0,0
2026-04-16,CONTENT_002,3731.18,0,0,0,0,0
2026-04-17,CONTENT_002,3346.02,0,0,0,0,0
2026-04-18,CONTENT_002,4293.41,0,0,0,0,0
2026-04-19,CONTENT_002,4119.29,0,0,0,0,0
2026-04-20,CONTENT_002,3466.54,0,0,0,0,0
2026-04-21,CONTENT_002,3936.51,0,0,0,0,0
2026-04-22,CONTENT_002,3622.37,0,0,0,0,0
2026-04-23,CONTENT_002,3560.84,0,0,0,0,0
2026-04-24,CONTENT_002,3615.29,0,0,0,0,0
2026-04-25,CONTENT_002,4405.36,0,0,0,0,0
2026-04-26,CONTENT_002,4121.71,0,0,0,0,0
2026-04-27,CONTENT_002,3504.45,0,0,0,0,0
2026-04-28,CONTENT_002,3718.2,0,0,0,0,0
2026-04-29,CONTENT_002,3327.05,0,0,0,0,0
2026-04-30,CONTENT_002,3778.34,0,0,0,0,0
2026-05-01,CONTENT_002,3959.07,0,1,0,0,0
2026-05-02,CONTENT_002,4968.4,0,1,0,0,0
2026-05-03,CONTENT_002,4724.85,0,1,0,0,0
2026-05-04,CONTENT_002,4057.87,0,1,0,0,0
2026-05-05,CONTENT_002,4481.58,0,1,0,0,0
2026-05-06,CONTENT_002,4436.0,0,1,0,0,0
2026-05-07,CONTENT_002,4455.24,0,1,0,0,0
2026-05-08,CONTENT_002,3339.18,0,0,0,0,0
2026-05-09,CONTENT_002,4058.81,0,0,0,0,0
2026-05-10,CONTENT_002,3884.38,0,0,0,0,1
2026-05-11,CONTENT_002,3368.76,0,0,0,0,1
2026-05-12,CONTENT_002,3096.09,0,0,0,0,1
2026-05-13,CONTENT_002,3495.79,0,0,0,0,0
2026-05-14,CONTENT_002,3396.36,0,0,0,0,0
2026-05-15,CONTENT_002,3898.48,0,0,0,0,0
2026-05-16,CONTENT_002,4162.51,0,0,0,0,0
2026-05-17,CONTENT_002,4253.63,0,0,0,0,0
2026-05-18,CONTENT_002,3615.06,0,0,0,0,0
2026-05-19,CONTENT_002,3799.01,0,0,0,0,0
2026-05-20,CONTENT_002,3428.56,0,0,0,0,0
2026-05-21,CONTENT_002,3810.29,0,0,0,0,0
2026-05-22,CONTENT_002,3369.83,0,0,0,0,0
2026-05-23,CONTENT_002,4457.83,0,0,0,0,0
2026-05-24,CONTENT_002,3939.25,0,0,0,0,0
2026-05-25,CONTENT_002,3581.18,0,0,0,0,0
2026-05-26,CONTENT_002,3892.58,0,0,0,0,0
2026-05-27,CONTENT_002,3725.51,0,0,0,0,0
2026-05-28,CONTENT_002,3675.82,0,0,0,0,0
2026-05-29,CONTENT_002,3411.29,0,0,0,0,0
2026-05-30,CONTENT_002,4115.74,0,0,0,0,0
2026-05-31,CONTENT_002,4489.99,0,0,0,0,0
2026-06-01,CONTENT_002,4333.02,0,1,0,0,0
2026-06-02,CONTENT_002,4408.24,0,1,0,0,0
2026-06-03,CONTENT_002,4261.28,0,1,0,0,0
2026-06-04,CONTENT_002,4197.29,0,1,0,0,0
2026-06-05,CONTENT_002,4386.0,0,1,0,0,0
2026-06-06,CONTENT_002,5059.32,0,1,0,0,0
2026-06-07,CONTENT_002,4982.05,0,1,0,0,0
2026-06-08,CONTENT_002,3345.48,0,0,0,0,0
2026-06-09,CONTENT_002,3771.7,0,0,0,0,0
2026-06-10,CONTENT_002,3319.2,0,0,0,0,1
2026-06-11,CONTENT_002,3130.87,0,0,0,0,1
2026-06-12,CONTENT_002,3452.27,0,0,0,0,1
2026-06-13,CONTENT_002,4291.89,0,0,0,0,0
2026-06-14,CONTENT_002,4295.41,0,0,0,0,0
2026-06-15,CONTENT_002,3759.1,0,0,0,0,0
2026-06-16,CONTENT_002,3720.37,0,0,0,0,0
2026-06-17,CONTENT_002,3652.86,0,0,0,0,0
2026-06-18,CONTENT_002,3566.05,0,0,0,0,0
2026-06-19,CONTENT_002,3957.06,0,0,0,0,0
2026-06-20,CONTENT_002,4115.92,0,0,0,0,0
2026-06-21,CONTENT_002,4382.27,0,0,0,0,0
2026-06-22,CONTENT_002,3584.91,0,0,0,0,0
2026-06-23,CONTENT_002,3681.85,0,0,0,0,0
2026-06-24,CONTENT_002,3822.02,0,0,0,0,0
2026-06-25,CONTENT_002,3543.92,0,0,0,0,0
2026-06-26,CONTENT_002,3708.33,0,0,0,0,0
2026-06-27,CONTENT_002,4295.8,0,0,0,0,0
2026-06-28,CONTENT_002,4132.57,0,0,0,0,0
2026-06-29,CONTENT_002,3826.46,0,0,0,0,0
2026-06-30,CONTENT_002,3728.01,0,0,0,0,0
2026-07-01,CONTENT_002,4169.78,0,1,0,0,0
2026-07-02,CONTENT_002,4446.65,0,1,0,0,0
2026-07-03,CONTENT_002,4098.34,0,1,0,0,0
2026-07-04,CONTENT_002,5007.43,0,1,0,0,0
2026-07-05,CONTENT_002,4935.38,0,1,0,0,0
2026-07-06,CONTENT_002,4383.24,0,1,0,0,0
2026-07-07,CONTENT_002,4161.66,0,1,0,0,0
2026-07-08,CONTENT_002,3736.53,0,0,0,0,0
2026-07-09,CONTENT_002,3707.0,0,0,0,0,0
2026-07-10,CONTENT_002,3172.46,0,0,0,0,1
2026-07-11,CONTENT_002,4152.55,0,0,0,0,1
2026-07-12,CONTENT_002,3689.06,0,0,0,0,1
2026-07-13,CONTENT_002,3346.38,0,0,0,0,0
2026-07-14,CONTENT_002,3754.1,0,0,0,0,0
2026-07-15,CONTENT_002,3213.11,0,0,0,0,0
2026-07-16,CONTENT_002,3868.53,0,0,0,0,0
2026-07-17,CONTENT_002,3618.32,0,0,0,0,0
2026-07-18,CONTENT_002,3991.14,0,0,0,0,0
2026-07-19,CONTENT_002,4077.28,0,0,0,0,0
2026-07-20,CONTENT_002,3305.86,0,0,0,0,0
2026-07-21,CONTENT_002,3668.92,0,0,0,0,0
2026-07-22,CONTENT_002,3361.16,0,0,0,0,0
2026-07-23,CONTENT_002,3690.38,0,0,0,0,0
2026-07-24,CONTENT_002,3545.13,0,0,0,0,0
2026-07-25,CONTENT_002,4162.43,0,0,0,0,0
2026-07-26,CONTENT_002,4339.68,0,0,0,0,0
2026-07-27,CONTENT_002,3712.23,0,0,0,0,0
2026-07-28,CONTENT_002,3806.24,0,0,0,0,0
2026-07-29,CONTENT_002,3485.92,0,0,0,0,0
2026-07-30,CONTENT_002,3594.63,0,0,0,0,0
2026-07-31,CONTENT_002,3485.64,0,0,0,0,0
2026-08-01,CONTENT_002,5041.98,0,1,0,0,0
2026-08-02,CONTENT_002,4872.55,0,1,0,0,0
2026-08-03,CONTENT_002,4171.66,0,1,0,0,0
2026-08-04,CONTENT_002,4172.58,0,1,0,0,0
2026-08-05,CONTENT_002,4300.8,0,1,0,0,0
2026-08-06,CONTENT_002,4248.53,0,1,0,0,0
2026-08-07,CONTENT_002,4339.13,0,1,0,0,0
2026-08-08,CONTENT_002,4228.74,0,0,0,0,0
2026-08-09,CONTENT_002,4143.64,0,0,0,0,0
2026-08-10,CONTENT_002,3274.43,0,0,0,0,1
2026-08-11,CONTENT_002,3074.91,0,0,0,0,1
2026-08-12,CONTENT_002,3342.45,0,0,0,0,1
2026-08-13,CONTENT_002,3548.62,0,0,0,0,0
2026-08-14,CONTENT_002,3636.81,0,0,0,0,0
2026-08-15,CONTENT_002,5273.14,0,0,1,1,0
2026-08-16,CONTENT_002,4961.08,0,0,1,0,0
2026-08-17,CONTENT_002,4028.69,0,0,1,0,0
2026-08-18,CONTENT_002,3973.18,0,0,1,0,0
2026-08-19,CONTENT_002,3835.37,0,0,1,0,0
2026-08-20,CONTENT_002,4104.43,0,0,1,0,0
2026-08-21,CONTENT_002,3551.36,0,0,0,0,0
2026-08-22,CONTENT_002,3973.41,0,0,0,0,0
2026-08-23,CONTENT_002,4212.88,0,0,0,0,0
2026-08-24,CONTENT_002,3634.47,0,0,0,0,0
2026-08-25,CONTENT_002,3452.67,0,0,0,0,0
2026-08-26,CONTENT_002,3578.73,0,0,0,0,0
2026-08-27,CONTENT_002,3587.13,0,0,0,0,0
2026-08-28,CONTENT_002,3589.94,0,0,0,0,0
2026-08-29,CONTENT_002,4470.24,0,0,0,0,0
2026-08-30,CONTENT_002,4011.92,0,0,0,0,0
2026-08-31,CONTENT_002,3966.08,0,0,0,0,0
2026-09-01,CONTENT_002,4242.09,0,1,0,0,0
2025-01-01,CONTENT_003,5241.27,1,1,0,1,0
2025-01-02,CONTENT_003,4621.18,1,1,0,0,0
2025-01-03,CONTENT_003,4343.1,1,1,0,0,0
2025-01-04,CONTENT_003,5271.87,1,1,0,0,0
2025-01-05,CONTENT_003,5351.72,1,1,0,0,0
2025-01-06,CONTENT_003,4751.06,1,1,0,0,0
2025-01-07,CONTENT_003,4394.35,1,1,0,0,0
2025-01-08,CONTENT_003,3771.64,1,0,0,0,0
2025-01-09,CONTENT_003,3924.73,1,0,0,0,0
2025-01-10,CONTENT_003,3580.93,1,0,0,0,1
2025-01-11,CONTENT_003,4208.21,1,0,0,0,1
2025-01-12,CONTENT_003,3994.2,1,0,0,0,1
2025-01-13,CONTENT_003,3660.3,1,0,0,0,0
2025-01-14,CONTENT_003,3980.86,1,0,0,0,0
2025-01-15,CONTENT_003,3214.97,0,0,0,0,0
2025-01-16,CONTENT_003,2948.2,0,0,0,0,0
2025-01-17,CONTENT_003,2828.3,0,0,0,0,0
2025-01-18,CONTENT_003,3475.52,0,0,0,0,0
2025-01-19,CONTENT_003,3599.11,0,0,0,0,0
2025-01-20,CONTENT_003,2965.03,0,0,0,0,0
2025-01-21,CONTENT_003,3211.08,0,0,0,0,0
2025-01-22,CONTENT_003,3138.75,0,0,0,0,0
2025-01-23,CONTENT_003,3027.65,0,0,0,0,0
2025-01-24,CONTENT_003,2706.85,0,0,0,0,0
2025-01-25,CONTENT_003,3436.16,0,0,0,0,0
2025-01-26,CONTENT_003,3882.6,0,0,0,1,0
2025-01-27,CONTENT_003,2888.01,0,0,0,0,0
2025-01-28,CONTENT_003,3028.62,0,0,0,0,0
2025-01-29,CONTENT_003,3031.72,0,0,0,0,0
2025-01-30,CONTENT_003,2748.89,0,0,0,0,0
2025-01-31,CONTENT_003,3120.69,0,0,0,0,0
2025-02-01,CONTENT_003,4179.62,0,1,0,0,0
2025-02-02,CONTENT_003,4230.85,0,1,0,0,0
2025-02-03,CONTENT_003,3651.72,0,1,0,0,0
2025-02-04,CONTENT_003,3424.95,0,1,0,0,0
2025-02-05,CONTENT_003,3728.84,0,1,0,0,0
2025-02-06,CONTENT_003,3518.73,0,1,0,0,0
2025-02-07,CONTENT_003,3766.88,0,1,0,0,0
2025-02-08,CONTENT_003,3405.91,0,0,0,0,0
2025-02-09,CONTENT_003,3755.74,0,0,0,0,0
2025-02-10,CONTENT_003,2564.4,0,0,0,0,1
2025-02-11,CONTENT_003,3082.32,0,0,0,0,1
2025-02-12,CONTENT_003,2557.22,0,0,0,0,1
2025-02-13,CONTENT_003,3158.49,0,0,0,0,0
2025-02-14,CONTENT_003,2945.64,0,0,0,0,0
2025-02-15,CONTENT_003,3647.25,0,0,0,0,0
2025-02-16,CONTENT_003,3533.92,0,0,0,0,0
2025-02-17,CONTENT_003,2836.32,0,0,0,0,0
2025-02-18,CONTENT_003,2580.48,0,0,0,0,0
2025-02-19,CONTENT_003,3376.14,0,0,0,0,0
2025-02-20,CONTENT_003,3010.95,0,0,0,0,0
2025-02-21,CONTENT_003,2558.47,0,0,0,0,0
2025-02-22,CONTENT_003,3585.39,0,0,0,0,0
2025-02-23,CONTENT_003,3643.44,0,0,0,0,0
2025-02-24,CONTENT_003,2892.74,0,0,0,0,0
2025-02-25,CONTENT_003,2893.75,0,0,0,0,0
2025-02-26,CONTENT_003,2997.02,0,0,0,0,0
2025-02-27,CONTENT_003,3180.39,0,0,0,0,0
2025-02-28,CONTENT_003,3014.99,0,0,0,0,0
2025-03-01,CONTENT_003,4396.68,0,1,0,0,0
2025-03-02,CONTENT_003,4346.88,0,1,0,0,0
2025-03-03,CONTENT_003,3505.68,0,1,0,0,0
2025-03-04,CONTENT_003,3304.42,0,1,0,0,0
2025-03-05,CONTENT_003,3506.0,0,1,0,0,0
2025-03-06,CONTENT_003,3618.97,0,1,0,0,0
2025-03-07,CONTENT_003,3548.98,0,1,0,0,0
2025-03-08,CONTENT_003,3635.16,0,0,0,0,0
2025-03-09,CONTENT_003,3669.51,0,0,0,0,0
2025-03-10,CONTENT_003,2779.63,0,0,0,0,1
2025-03-11,CONTENT_003,2658.7,0,0,0,0,1
2025-03-12,CONTENT_003,2777.98,0,0,0,0,1
2025-03-13,CONTENT_003,3335.32,0,0,0,0,0
2025-03-14,CONTENT_003,2776.52,0,0,0,0,0
2025-03-15,CONTENT_003,3613.09,0,0,0,0,0
2025-03-16,CONTENT_003,3814.8,0,0,0,0,0
2025-03-17,CONTENT_003,2823.81,0,0,0,0,0
2025-03-18,CONTENT_003,3150.17,0,0,0,0,0
2025-03-19,CONTENT_003,3170.21,0,0,0,0,0
2025-03-20,CONTENT_003,2778.47,0,0,0,0,0
2025-03-21,CONTENT_003,3106.85,0,0,0,0,0
2025-03-22,CONTENT_003,3499.3,0,0,0,0,0
2025-03-23,CONTENT_003,3530.93,0,0,0,0,0
2025-03-24,CONTENT_003,2951.26,0,0,0,0,0
2025-03-25,CONTENT_003,3196.9,0,0,0,0,0
2025-03-26,CONTENT_003,2983.18,0,0,0,0,0
2025-03-27,CONTENT_003,2930.5,0,0,0,0,0
2025-03-28,CONTENT_003,2933.04,0,0,0,0,0
2025-03-29,CONTENT_003,3488.85,0,0,0,0,0
2025-03-30,CONTENT_003,3378.07,0,0,0,0,0
2025-03-31,CONTENT_003,2929.18,0,0,0,0,0
2025-04-01,CONTENT_003,4619.65,1,1,0,0,0
2025-04-02,CONTENT_003,3600.66,0,1,0,0,0
2025-04-03,CONTENT_003,3720.61,0,1,0,0,0
2025-04-04,CONTENT_003,3576.15,0,1,0,0,0
2025-04-05,CONTENT_003,4106.03,0,1,0,0,0
2025-04-06,CONTENT_003,4025.54,0,1,0,0,0
2025-04-07,CONTENT_003,3584.17,0,1,0,0,0
2025-04-08,CONTENT_003,2982.39,0,0,0,0,0
2025-04-09,CONTENT_003,2987.35,0,0,0,0,0
2025-04-10,CONTENT_003,2739.38,0,0,0,0,1
2025-04-11,CONTENT_003,2777.91,0,0,0,0,1
2025-04-12,CONTENT_003,3226.46,0,0,0,0,1
2025-04-13,CONTENT_003,3514.42,0,0,0,0,0
2025-04-14,CONTENT_003,2879.79,0,0,0,0,0
2025-04-15,CONTENT_003,2908.08,0,0,0,0,0
2025-04-16,CONTENT_003,3127.24,0,0,0,0,0
2025-04-17,CONTENT_003,2936.46,0,0,0,0,0
2025-04-18,CONTENT_003,2798.09,0,0,0,0,0
2025-04-19,CONTENT_003,3713.94,0,0,0,0,0
2025-04-20,CONTENT_003,3398.64,0,0,0,0,0
2025-04-21,CONTENT_003,3005.29,0,0,0,0,0
2025-04-22,CONTENT_003,3073.67,0,0,0,0,0
2025-04-23,CONTENT_003,3000.48,0,0,0,0,0
2025-04-24,CONTENT_003,2628.28,0,0,0,0,0
2025-04-25,CONTENT_003,3058.57,0,0,0,0,0
2025-04-26,CONTENT_003,3738.97,0,0,0,0,0
2025-04-27,CONTENT_003,3657.98,0,0,0,0,0
2025-04-28,CONTENT_003,2681.4,0,0,0,0,0
2025-04-29,CONTENT_003,3319.09,0,0,0,0,0
2025-04-30,CONTENT_003,2801.12,0,0,0,0,0
2025-05-01,CONTENT_003,3378.24,0,1,0,0,0
2025-05-02,CONTENT_003,3657.28,0,1,0,0,0
2025-05-03,CONTENT_003,4245.13,0,1,0,0,0
2025-05-04,CONTENT_003,4189.25,0,1,0,0,0
2025-05-05,CONTENT_003,3454.59,0,1,0,0,0
2025-05-06,CONTENT_003,3739.63,0,1,0,0,0
2025-05-07,CONTENT_003,3534.1,0,1,0,0,0
2025-05-08,CONTENT_003,2765.13,0,0,0,0,0
2025-05-09,CONTENT_003,3184.84,0,0,0,0,0
2025-05-10,CONTENT_003,3218.89,0,0,0,0,1
2025-05-11,CONTENT_003,3353.25,0,0,0,0,1
2025-05-12,CONTENT_003,2785.88,0,0,0,0,1
2025-05-13,CONTENT_003,3358.74,0,0,0,0,0
2025-05-14,CONTENT_003,2953.5,0,0,0,0,0
2025-05-15,CONTENT_003,3002.41,0,0,0,0,0
2025-05-16,CONTENT_003,3107.97,0,0,0,0,0
2025-05-17,CONTENT_003,3494.43,0,0,0,0,0
2025-05-18,CONTENT_003,3660.4,0,0,0,0,0
2025-05-19,CONTENT_003,2557.89,0,0,0,0,0
2025-05-20,CONTENT_003,2989.08,0,0,0,0,0
2025-05-21,CONTENT_003,2984.55,0,0,0,0,0
2025-05-22,CONTENT_003,2979.12,0,0,0,0,0
2025-05-23,CONTENT_003,2868.46,0,0,0,0,0
2025-05-24,CONTENT_003,3675.92,0,0,0,0,0
2025-05-25,CONTENT_003,3464.33,0,0,0,0,0
2025-05-26,CONTENT_003,3030.04,0,0,0,0,0
2025-05-27,CONTENT_003,2994.43,0,0,0,0,0
2025-05-28,CONTENT_003,3075.05,0,0,0,0,0
2025-05-29,CONTENT_003,3214.64,0,0,0,0,0
2025-05-30,CONTENT_003,3029.27,0,0,0,0,0
2025-05-31,CONTENT_003,3666.21,0,0,0,0,0
2025-06-01,CONTENT_003,4198.93,0,1,0,0,0
2025-06-02,CONTENT_003,3464.1,0,1,0,0,0
2025-06-03,CONTENT_003,3518.77,0,1,0,0,0
2025-06-04,CONTENT_003,3497.47,0,1,0,0,0
2025-06-05,CONTENT_003,3625.22,0,1,0,0,0
2025-06-06,CONTENT_003,3556.0,0,1,0,0,0
2025-06-07,CONTENT_003,4058.06,0,1,0,0,0
2025-06-08,CONTENT_003,3506.71,0,0,0,0,0
2025-06-09,CONTENT_003,2771.11,0,0,0,0,0
2025-06-10,CONTENT_003,2672.31,0,0,0,0,1
2025-06-11,CONTENT_003,2700.2,0,0,0,0,1
2025-06-12,CONTENT_003,2971.27,0,0,0,0,1
2025-06-13,CONTENT_003,3202.27,0,0,0,0,0
2025-06-14,CONTENT_003,3384.89,0,0,0,0,0
2025-06-15,CONTENT_003,3570.27,0,0,0,0,0
2025-06-16,CONTENT_003,3032.9,0,0,0,0,0
2025-06-17,CONTENT_003,2965.43,0,0,0,0,0
2025-06-18,CONTENT_003,2975.0,0,0,0,0,0
2025-06-19,CONTENT_003,2946.91,0,0,0,0,0
2025-06-20,CONTENT_003,3280.91,0,0,0,0,0
2025-06-21,CONTENT_003,3477.57,0,0,0,0,0
2025-06-22,CONTENT_003,3591.14,0,0,0,0,0
2025-06-23,CONTENT_003,2620.65,0,0,0,0,0
2025-06-24,CONTENT_003,3123.54,0,0,0,0,0
2025-06-25,CONTENT_003,3177.64,0,0,0,0,0
2025-06-26,CONTENT_003,2842.2,0,0,0,0,0
2025-06-27,CONTENT_003,2923.22,0,0,0,0,0
2025-06-28,CONTENT_003,3607.73,0,0,0,0,0
2025-06-29,CONTENT_003,3542.92,0,0,0,0,0
2025-06-30,CONTENT_003,3969.96,1,0,0,0,0
2025-07-01,CONTENT_003,3496.91,0,1,0,0,0
2025-07-02,CONTENT_003,3819.49,0,1,0,0,0
2025-07-03,CONTENT_003,3439.54,0,1,0,0,0
2025-07-04,CONTENT_003,3943.74,0,1,0,0,0
2025-07-05,CONTENT_003,4363.49,0,1,0,0,0
2025-07-06,CONTENT_003,4302.02,0,1,0,0,0
2025-07-07,CONTENT_003,3383.93,0,1,0,0,0
2025-07-08,CONTENT_003,3136.45,0,0,0,0,0
2025-07-09,CONTENT_003,3090.59,0,0,0,0,0
2025-07-10,CONTENT_003,2382.06,0,0,0,0,1
2025-07-11,CONTENT_003,2489.31,0,0,0,0,1
2025-07-12,CONTENT_003,3239.64,0,0,0,0,1
2025-07-13,CONTENT_003,3520.01,0,0,0,0,0
2025-07-14,CONTENT_003,2922.53,0,0,0,0,0
2025-07-15,CONTENT_003,3161.84,0,0,0,0,0
2025-07-16,CONTENT_003,2867.43,0,0,0,0,0
2025-07-17,CONTENT_003,2931.71,0,0,0,0,0
2025-07-18,CONTENT_003,2902.95,0,0,0,0,0
2025-07-19,CONTENT_003,3616.53,0,0,0,0,0
2025-07-20,CONTENT_003,3282.08,0,0,0,0,0
2025-07-21,CONTENT_003,2925.35,0,0,0,0,0
2025-07-22,CONTENT_003,2741.59,0,0,0,0,0
2025-07-23,CONTENT_003,2953.07,0,0,0,0,0
2025-07-24,CONTENT_003,3108.46,0,0,0,0,0
2025-07-25,CONTENT_003,3111.13,0,0,0,0,0
2025-07-26,CONTENT_003,3430.86,0,0,0,0,0
2025-07-27,CONTENT_003,3620.0,0,0,0,0,0
2025-07-28,CONTENT_003,2972.23,0,0,0,0,0
2025-07-29,CONTENT_003,3204.16,0,0,0,0,0
2025-07-30,CONTENT_003,2980.51,0,0,0,0,0
2025-07-31,CONTENT_003,2554.04,0,0,0,0,0
2025-08-01,CONTENT_003,3674.2,0,1,0,0,0
2025-08-02,CONTENT_003,4108.34,0,1,0,0,0
2025-08-03,CONTENT_003,4136.07,0,1,0,0,0
2025-08-04,CONTENT_003,3590.39,0,1,0,0,0
2025-08-05,CONTENT_003,3326.29,0,1,0,0,0
2025-08-06,CONTENT_003,3551.2,0,1,0,0,0
2025-08-07,CONTENT_003,3620.17,0,1,0,0,0
2025-08-08,CONTENT_003,3054.61,0,0,0,0,0
2025-08-09,CONTENT_003,3450.16,0,0,0,0,0
2025-08-10,CONTENT_003,3334.79,0,0,0,0,1
2025-08-11,CONTENT_003,2550.38,0,0,0,0,1
2025-08-12,CONTENT_003,2606.17,0,0,0,0,1
2025-08-13,CONTENT_003,2979.6,0,0,0,0,0
2025-08-14,CONTENT_003,3044.32,0,0,0,0,0
2025-08-15,CONTENT_003,3647.32,0,0,1,1,0
2025-08-16,CONTENT_003,4078.29,0,0,1,0,0
2025-08-17,CONTENT_003,3938.29,0,0,1,0,0
2025-08-18,CONTENT_003,3311.35,0,0,1,0,0
2025-08-19,CONTENT_003,3339.02,0,0,1,0,0
2025-08-20,CONTENT_003,3409.94,0,0,1,0,0
2025-08-21,CONTENT_003,3036.12,0,0,0,0,0
2025-08-22,CONTENT_003,2728.57,0,0,0,0,0
2025-08-23,CONTENT_003,3703.43,0,0,0,0,0
2025-08-24,CONTENT_003,3557.95,0,0,0,0,0
2025-08-25,CONTENT_003,3102.73,0,0,0,0,0
2025-08-26,CONTENT_003,2939.11,0,0,0,0,0
2025-08-27,CONTENT_003,2725.99,0,0,0,0,0
2025-08-28,CONTENT_003,2658.16,0,0,0,0,0
2025-08-29,CONTENT_003,2858.34,0,0,0,0,0
2025-08-30,CONTENT_003,3617.59,0,0,0,0,0
2025-08-31,CONTENT_003,3734.68,0,0,0,0,0
2025-09-01,CONTENT_003,3585.3,0,1,0,0,0
2025-09-02,CONTENT_003,3382.17,0,1,0,0,0
2025-09-03,CONTENT_003,3422.38,0,1,0,0,0
2025-09-04,CONTENT_003,3744.12,0,1,0,0,0
2025-09-05,CONTENT_003,3343.38,0,1,0,0,0
2025-09-06,CONTENT_003,4492.47,0,1,0,0,0
2025-09-07,CONTENT_003,4458.61,0,1,0,0,0
2025-09-08,CONTENT_003,3320.21,0,0,0,0,0
2025-09-09,CONTENT_003,3057.11,0,0,0,0,0
2025-09-10,CONTENT_003,2648.77,0,0,0,0,1
2025-09-11,CONTENT_003,2753.45,0,0,0,0,1
2025-09-12,CONTENT_003,2836.29,0,0,0,0,1
2025-09-13,CONTENT_003,3442.38,0,0,0,0,0
2025-09-14,CONTENT_003,3374.82,0,0,0,0,0
2025-09-15,CONTENT_003,2957.41,0,0,0,0,0
2025-09-16,CONTENT_003,2884.15,0,0,0,0,0
2025-09-17,CONTENT_003,3186.13,0,0,0,0,0
2025-09-18,CONTENT_003,2907.54,0,0,0,0,0
2025-09-19,CONTENT_003,3014.35,0,0,0,0,0
2025-09-20,CONTENT_003,3687.46,0,0,0,0,0
2025-09-21,CONTENT_003,3731.98,0,0,0,0,0
2025-09-22,CONTENT_003,3031.28,0,0,0,0,0
2025-09-23,CONTENT_003,3057.64,0,0,0,0,0
2025-09-24,CONTENT_003,2847.45,0,0,0,0,0
2025-09-25,CONTENT_003,3153.46,0,0,0,0,0
2025-09-26,CONTENT_003,3189.53,0,0,0,0,0
2025-09-27,CONTENT_003,3259.45,0,0,0,0,0
2025-09-28,CONTENT_003,4866.44,1,0,0,0,0
2025-09-29,CONTENT_003,2894.9,0,0,0,0,0
2025-09-30,CONTENT_003,3089.19,0,0,0,0,0
2025-10-01,CONTENT_003,3551.63,0,1,0,0,0
2025-10-02,CONTENT_003,3955.74,0,1,0,1,0
2025-10-03,CONTENT_003,3509.02,0,1,0,0,0
2025-10-04,CONTENT_003,4028.32,0,1,0,0,0
2025-10-05,CONTENT_003,4255.77,0,1,0,0,0
2025-10-06,CONTENT_003,3497.09,0,1,0,0,0
2025-10-07,CONTENT_003,3343.59,0,1,0,0,0
2025-10-08,CONTENT_003,2844.75,0,0,0,0,0
2025-10-09,CONTENT_003,2806.13,0,0,0,0,0
2025-10-10,CONTENT_003,2621.31,0,0,0,0,1
2025-10-11,CONTENT_003,3258.76,0,0,0,0,1
2025-10-12,CONTENT_003,3079.33,0,0,0,0,1
2025-10-13,CONTENT_003,3146.32,0,0,0,0,0
2025-10-14,CONTENT_003,2982.12,0,0,0,0,0
2025-10-15,CONTENT_003,2956.59,0,0,0,0,0
2025-10-16,CONTENT_003,3002.51,0,0,0,0,0
2025-10-17,CONTENT_003,3209.27,0,0,0,0,0
2025-10-18,CONTENT_003,3334.3,0,0,0,0,0
2025-10-19,CONTENT_003,3788.46,0,0,0,0,0
2025-10-20,CONTENT_003,3444.02,0,0,1,0,0
2025-10-21,CONTENT_003,3296.75,0,0,1,0,0
2025-10-22,CONTENT_003,3477.45,0,0,1,0,0
2025-10-23,CONTENT_003,3251.63,0,0,1,0,0
2025-10-24,CONTENT_003,3342.85,0,0,1,0,0
2025-10-25,CONTENT_003,3812.79,0,0,1,0,0
2025-10-26,CONTENT_003,4038.97,0,0,1,0,0
2025-10-27,CONTENT_003,3193.91,0,0,1,0,0
2025-10-28,CONTENT_003,3292.29,0,0,1,0,0
2025-10-29,CONTENT_003,3401.87,0,0,1,0,0
2025-10-30,CONTENT_003,3457.23,0,0,1,0,0
2025-10-31,CONTENT_003,2876.83,0,0,0,0,0
2025-11-01,CONTENT_003,4290.17,0,1,0,0,0
2025-11-02,CONTENT_003,4029.9,0,1,0,0,0
2025-11-03,CONTENT_003,3217.45,0,1,0,0,0
2025-11-04,CONTENT_003,3427.79,0,1,0,0,0
2025-11-05,CONTENT_003,3665.2,0,1,0,0,0
2025-11-06,CONTENT_003,3538.17,0,1,0,0,0
2025-11-07,CONTENT_003,3459.75,0,1,0,0,0
2025-11-08,CONTENT_003,3548.32,0,0,0,0,0
2025-11-09,CONTENT_003,3543.36,0,0,0,0,0
2025-11-10,CONTENT_003,2793.28,0,0,0,0,1
2025-11-11,CONTENT_003,2458.24,0,0,0,0,1
2025-11-12,CONTENT_003,2684.65,0,0,0,0,1
2025-11-13,CONTENT_003,3018.64,0,0,0,0,0
2025-11-14,CONTENT_003,2795.19,0,0,0,0,0
2025-11-15,CONTENT_003,3333.14,0,0,0,0,0
2025-11-16,CONTENT_003,3485.29,0,0,0,0,0
2025-11-17,CONTENT_003,3001.28,0,0,0,0,0
2025-11-18,CONTENT_003,3001.81,0,0,0,0,0
2025-11-19,CONTENT_003,2916.55,0,0,0,0,0
2025-11-20,CONTENT_003,2910.4,0,0,0,0,0
2025-11-21,CONTENT_003,2940.72,0,0,0,0,0
2025-11-22,CONTENT_003,3584.78,0,0,0,0,0
2025-11-23,CONTENT_003,3726.69,0,0,0,0,0
2025-11-24,CONTENT_003,2666.94,0,0,0,0,0
2025-11-25,CONTENT_003,3093.45,0,0,0,0,0
2025-11-26,CONTENT_003,2983.33,0,0,0,0,0
2025-11-27,CONTENT_003,3078.86,0,0,0,0,0
2025-11-28,CONTENT_003,3177.83,0,0,0,0,0
2025-11-29,CONTENT_003,3426.73,0,0,0,0,0
2025-11-30,CONTENT_003,3681.65,0,0,0,0,0
2025-12-01,CONTENT_003,3351.89,0,1,0,0,0
2025-12-02,CONTENT_003,3559.14,0,1,0,0,0
2025-12-03,CONTENT_003,3503.62,0,1,0,0,0
2025-12-04,CONTENT_003,3546.94,0,1,0,0,0
2025-12-05,CONTENT_003,3391.64,0,1,0,0,0
2025-12-06,CONTENT_003,4242.73,0,1,0,0,0
2025-12-07,CONTENT_003,4415.14,0,1,0,0,0
2025-12-08,CONTENT_003,2854.22,0,0,0,0,0
2025-12-09,CONTENT_003,3028.45,0,0,0,0,0
2025-12-10,CONTENT_003,2828.38,0,0,0,0,1
2025-12-11,CONTENT_003,2655.49,0,0,0,0,1
2025-12-12,CONTENT_003,2904.06,0,0,0,0,1
2025-12-13,CONTENT_003,3475.55,0,0,0,0,0
2025-12-14,CONTENT_003,3522.56,0,0,0,0,0
2025-12-15,CONTENT_003,2851.03,0,0,0,0,0
2025-12-16,CONTENT_003,3018.99,0,0,0,0,0
2025-12-17,CONTENT_003,3000.45,0,0,0,0,0
2025-12-18,CONTENT_003,3095.39,0,0,0,0,0
2025-12-19,CONTENT_003,2904.57,0,0,0,0,0
2025-12-20,CONTENT_003,3437.7,0,0,0,0,0
2025-12-21,CONTENT_003,3609.37,0,0,0,0,0
2025-12-22,CONTENT_003,3209.58,0,0,0,0,0
2025-12-23,CONTENT_003,3094.35,0,0,0,0,0
2025-12-24,CONTENT_003,3277.11,0,0,0,0,0
2025-12-25,CONTENT_003,3443.3,0,0,0,1,0
2025-12-26,CONTENT_003,3077.89,0,0,0,0,0
2025-12-27,CONTENT_003,3641.89,0,0,0,0,0
2025-12-28,CONTENT_003,3763.23,0,0,0,0,0
2025-12-29,CONTENT_003,3185.64,0,0,0,0,0
2025-12-30,CONTENT_003,2837.27,0,0,0,0,0
2025-12-31,CONTENT_003,3120.09,0,0,0,0,0
2026-01-01,CONTENT_003,5194.04,1,1,0,1,0
2026-01-02,CONTENT_003,3510.89,0,1,0,0,0
2026-01-03,CONTENT_003,3911.26,0,1,0,0,0
2026-01-04,CONTENT_003,3946.18,0,1,0,0,0
2026-01-05,CONTENT_003,3485.33,0,1,0,0,0
2026-01-06,CONTENT_003,3320.31,0,1,0,0,0
2026-01-07,CONTENT_003,3488.44,0,1,0,0,0
2026-01-08,CONTENT_003,3107.15,0,0,0,0,0
2026-01-09,CONTENT_003,2912.86,0,0,0,0,0
2026-01-10,CONTENT_003,3198.52,0,0,0,0,1
2026-01-11,CONTENT_003,3025.51,0,0,0,0,1
2026-01-12,CONTENT_003,2744.82,0,0,0,0,1
2026-01-13,CONTENT_003,3076.22,0,0,0,0,0
2026-01-14,CONTENT_003,2786.56,0,0,0,0,0
2026-01-15,CONTENT_003,2887.22,0,0,0,0,0
2026-01-16,CONTENT_003,2809.92,0,0,0,0,0
2026-01-17,CONTENT_003,3616.38,0,0,0,0,0
2026-01-18,CONTENT_003,3564.6,0,0,0,0,0
2026-01-19,CONTENT_003,2992.54,0,0,0,0,0
2026-01-20,CONTENT_003,2980.76,0,0,0,0,0
2026-01-21,CONTENT_003,3048.43,0,0,0,0,0
2026-01-22,CONTENT_003,3051.43,0,0,0,0,0
2026-01-23,CONTENT_003,2925.66,0,0,0,0,0
2026-01-24,CONTENT_003,3444.66,0,0,0,0,0
2026-01-25,CONTENT_003,3531.15,0,0,0,0,0
2026-01-26,CONTENT_003,3331.54,0,0,0,1,0
2026-01-27,CONTENT_003,3309.1,0,0,0,0,0
2026-01-28,CONTENT_003,2942.42,0,0,0,0,0
2026-01-29,CONTENT_003,3043.45,0,0,0,0,0
2026-01-30,CONTENT_003,3069.89,0,0,0,0,0
2026-01-31,CONTENT_003,3750.08,0,0,0,0,0
2026-02-01,CONTENT_003,4055.52,0,1,0,0,0
2026-02-02,CONTENT_003,3740.95,0,1,0,0,0
2026-02-03,CONTENT_003,3517.89,0,1,0,0,0
2026-02-04,CONTENT_003,3915.2,0,1,0,0,0
2026-02-05,CONTENT_003,3594.39,0,1,0,0,0
2026-02-06,CONTENT_003,3355.66,0,1,0,0,0
2026-02-07,CONTENT_003,4147.63,0,1,0,0,0
2026-02-08,CONTENT_003,3740.44,0,0,0,0,0
2026-02-09,CONTENT_003,3012.23,0,0,0,0,0
2026-02-10,CONTENT_003,2691.06,0,0,0,0,1
2026-02-11,CONTENT_003,2807.85,0,0,0,0,1
2026-02-12,CONTENT_003,2648.25,0,0,0,0,1
2026-02-13,CONTENT_003,2968.39,0,0,0,0,0
2026-02-14,CONTENT_003,3398.3,0,0,0,0,0
2026-02-15,CONTENT_003,3799.32,0,0,0,0,0
2026-02-16,CONTENT_003,2816.61,0,0,0,0,0
2026-02-17,CONTENT_003,3025.42,0,0,0,0,0
2026-02-18,CONTENT_003,3071.98,0,0,0,0,0
2026-02-19,CONTENT_003,2997.95,0,0,0,0,0
2026-02-20,CONTENT_003,2811.92,0,0,0,0,0
2026-02-21,CONTENT_003,3390.19,0,0,0,0,0
2026-02-22,CONTENT_003,3618.38,0,0,0,0,0
2026-02-23,CONTENT_003,2883.02,0,0,0,0,0
2026-02-24,CONTENT_003,2689.2,0,0,0,0,0
2026-02-25,CONTENT_003,3058.05,0,0,0,0,0
2026-02-26,CONTENT_003,2869.13,0,0,0,0,0
2026-02-27,CONTENT_003,3094.68,0,0,0,0,0
2026-02-28,CONTENT_003,3509.76,0,0,0,0,0
2026-03-01,CONTENT_003,4139.73,0,1,0,0,0
2026-03-02,CONTENT_003,3547.84,0,1,0,0,0
2026-03-03,CONTENT_003,3369.23,0,1,0,0,0
2026-03-04,CONTENT_003,3416.18,0,1,0,0,0
2026-03-05,CONTENT_003,3501.01,0,1,0,0,0
2026-03-06,CONTENT_003,3368.35,0,1,0,0,0
2026-03-07,CONTENT_003,4284.27,0,1,0,0,0
2026-03-08,CONTENT_003,3493.89,0,0,0,0,0
2026-03-09,CONTENT_003,2782.58,0,0,0,0,0
2026-03-10,CONTENT_003,2616.15,0,0,0,0,1
2026-03-11,CONTENT_003,2715.18,0,0,0,0,1
2026-03-12,CONTENT_003,2633.09,0,0,0,0,1
2026-03-13,CONTENT_003,3059.97,0,0,0,0,0
2026-03-14,CONTENT_003,3626.11,0,0,0,0,0
2026-03-15,CONTENT_003,3900.26,0,0,0,0,0
2026-03-16,CONTENT_003,3172.6,0,0,0,0,0
2026-03-17,CONTENT_003,2754.54,0,0,0,0,0
2026-03-18,CONTENT_003,2945.97,0,0,0,0,0
2026-03-19,CONTENT_003,2960.0,0,0,0,0,0
2026-03-20,CONTENT_003,3086.26,0,0,0,0,0
2026-03-21,CONTENT_003,3399.96,0,0,0,0,0
2026-03-22,CONTENT_003,3460.31,0,0,0,0,0
2026-03-23,CONTENT_003,2813.34,0,0,0,0,0
2026-03-24,CONTENT_003,2909.66,0,0,0,0,0
2026-03-25,CONTENT_003,2915.26,0,0,0,0,0
2026-03-26,CONTENT_003,2953.05,0,0,0,0,0
2026-03-27,CONTENT_003,3722.02,1,0,0,0,0
2026-03-28,CONTENT_003,3687.3,0,0,0,0,0
2026-03-29,CONTENT_003,3610.83,0,0,0,0,0
2026-03-30,CONTENT_003,2782.68,0,0,0,0,0
2026-03-31,CONTENT_003,3003.9,0,0,0,0,0
2026-04-01,CONTENT_003,3305.21,0,1,0,0,0
2026-04-02,CONTENT_003,3741.34,0,1,0,0,0
2026-04-03,CONTENT_003,3782.12,0,1,0,0,0
2026-04-04,CONTENT_003,4168.84,0,1,0,0,0
2026-04-05,CONTENT_003,4049.3,0,1,0,0,0
2026-04-06,CONTENT_003,3440.36,0,1,0,0,0
2026-04-07,CONTENT_003,3471.94,0,1,0,0,0
2026-04-08,CONTENT_003,2983.98,0,0,0,0,0
2026-04-09,CONTENT_003,3205.57,0,0,0,0,0
2026-04-10,CONTENT_003,2843.34,0,0,0,0,1
2026-04-11,CONTENT_003,3331.65,0,0,0,0,1
2026-04-12,CONTENT_003,3211.59,0,0,0,0,1
2026-04-13,CONTENT_003,2826.96,0,0,0,0,0
2026-04-14,CONTENT_003,2884.49,0,0,0,0,0
2026-04-15,CONTENT_003,3009.11,0,0,0,0,0
2026-04-16,CONTENT_003,2819.83,0,0,0,0,0
2026-04-17,CONTENT_003,3045.6,0,0,0,0,0
2026-04-18,CONTENT_003,3660.77,0,0,0,0,0
2026-04-19,CONTENT_003,3621.8,0,0,0,0,0
2026-04-20,CONTENT_003,3075.78,0,0,0,0,0
2026-04-21,CONTENT_003,2720.06,0,0,0,0,0
2026-04-22,CONTENT_003,3200.0,0,0,0,0,0
2026-04-23,CONTENT_003,2764.89,0,0,0,0,0
2026-04-24,CONTENT_003,2977.09,0,0,0,0,0
2026-04-25,CONTENT_003,3632.78,0,0,0,0,0
2026-04-26,CONTENT_003,3593.79,0,0,0,0,0
2026-04-27,CONTENT_003,2808.32,0,0,0,0,0
2026-04-28,CONTENT_003,2835.25,0,0,0,0,0
2026-04-29,CONTENT_003,3043.06,0,0,0,0,0
2026-04-30,CONTENT_003,3076.63,0,0,0,0,0
2026-05-01,CONTENT_003,3373.92,0,1,0,0,0
2026-05-02,CONTENT_003,4236.09,0,1,0,0,0
2026-05-03,CONTENT_003,3949.91,0,1,0,0,0
2026-05-04,CONTENT_003,3633.66,0,1,0,0,0
2026-05-05,CONTENT_003,3407.42,0,1,0,0,0
2026-05-06,CONTENT_003,3552.08,0,1,0,0,0
2026-05-07,CONTENT_003,3526.89,0,1,0,0,0
2026-05-08,CONTENT_003,3174.1,0,0,0,0,0
2026-05-09,CONTENT_003,3576.32,0,0,0,0,0
2026-05-10,CONTENT_003,3096.13,0,0,0,0,1
2026-05-11,CONTENT_003,2753.94,0,0,0,0,1
2026-05-12,CONTENT_003,3021.36,0,0,0,0,1
2026-05-13,CONTENT_003,3111.02,0,0,0,0,0
2026-05-14,CONTENT_003,2991.12,0,0,0,0,0
2026-05-15,CONTENT_003,2874.96,0,0,0,0,0
2026-05-16,CONTENT_003,3447.53,0,0,0,0,0
2026-05-17,CONTENT_003,3642.0,0,0,0,0,0
2026-05-18,CONTENT_003,2867.13,0,0,0,0,0
2026-05-19,CONTENT_003,3000.4,0,0,0,0,0
2026-05-20,CONTENT_003,3215.64,0,0,0,0,0
2026-05-21,CONTENT_003,3022.56,0,0,0,0,0
2026-05-22,CONTENT_003,2838.13,0,0,0,0,0
2026-05-23,CONTENT_003,3866.68,0,0,0,0,0
2026-05-24,CONTENT_003,3804.37,0,0,0,0,0
2026-05-25,CONTENT_003,3075.18,0,0,0,0,0
2026-05-26,CONTENT_003,3191.36,0,0,0,0,0
2026-05-27,CONTENT_003,2959.95,0,0,0,0,0
2026-05-28,CONTENT_003,3108.67,0,0,0,0,0
2026-05-29,CONTENT_003,2936.47,0,0,0,0,0
2026-05-30,CONTENT_003,3336.69,0,0,0,0,0
2026-05-31,CONTENT_003,3928.79,0,0,0,0,0
2026-06-01,CONTENT_003,3329.02,0,1,0,0,0
2026-06-02,CONTENT_003,3584.63,0,1,0,0,0
2026-06-03,CONTENT_003,3582.88,0,1,0,0,0
2026-06-04,CONTENT_003,3617.4,0,1,0,0,0
2026-06-05,CONTENT_003,3526.55,0,1,0,0,0
2026-06-06,CONTENT_003,4165.31,0,1,0,0,0
2026-06-07,CONTENT_003,4197.96,0,1,0,0,0
2026-06-08,CONTENT_003,3071.98,0,0,0,0,0
2026-06-09,CONTENT_003,2999.73,0,0,0,0,0
2026-06-10,CONTENT_003,2689.75,0,0,0,0,1
2026-06-11,CONTENT_003,2501.83,0,0,0,0,1
2026-06-12,CONTENT_003,3002.05,0,0,0,0,1
2026-06-13,CONTENT_003,3620.35,0,0,0,0,0
2026-06-14,CONTENT_003,3571.34,0,0,0,0,0
2026-06-15,CONTENT_003,2906.33,0,0,0,0,0
2026-06-16,CONTENT_003,2849.46,0,0,0,0,0
2026-06-17,CONTENT_003,3129.0,0,0,0,0,0
2026-06-18,CONTENT_003,2976.02,0,0,0,0,0
2026-06-19,CONTENT_003,3093.16,0,0,0,0,0
2026-06-20,CONTENT_003,3337.18,0,0,0,0,0
2026-06-21,CONTENT_003,3772.03,0,0,0,0,0
2026-06-22,CONTENT_003,3135.21,0,0,0,0,0
2026-06-23,CONTENT_003,2987.84,0,0,0,0,0
2026-06-24,CONTENT_003,3070.14,0,0,0,0,0
2026-06-25,CONTENT_003,3111.15,0,0,0,0,0
2026-06-26,CONTENT_003,2799.45,0,0,0,0,0
2026-06-27,CONTENT_003,3791.67,0,0,0,0,0
2026-06-28,CONTENT_003,3612.49,0,0,0,0,0
2026-06-29,CONTENT_003,2894.38,0,0,0,0,0
2026-06-30,CONTENT_003,2835.51,0,0,0,0,0
2026-07-01,CONTENT_003,3688.06,0,1,0,0,0
2026-07-02,CONTENT_003,3571.67,0,1,0,0,0
2026-07-03,CONTENT_003,3612.39,0,1,0,0,0
2026-07-04,CONTENT_003,4181.2,0,1,0,0,0
2026-07-05,CONTENT_003,4026.79,0,1,0,0,0
2026-07-06,CONTENT_003,3616.29,0,1,0,0,0
2026-07-07,CONTENT_003,3510.37,0,1,0,0,0
2026-07-08,CONTENT_003,2996.75,0,0,0,0,0
2026-07-09,CONTENT_003,3356.55,0,0,0,0,0
2026-07-10,CONTENT_003,2830.36,0,0,0,0,1
2026-07-11,CONTENT_003,3325.01,0,0,0,0,1
2026-07-12,CONTENT_003,3594.08,0,0,0,0,1
2026-07-13,CONTENT_003,3057.69,0,0,0,0,0
2026-07-14,CONTENT_003,3017.96,0,0,0,0,0
2026-07-15,CONTENT_003,2898.12,0,0,0,0,0
2026-07-16,CONTENT_003,2932.12,0,0,0,0,0
2026-07-17,CONTENT_003,2692.93,0,0,0,0,0
2026-07-18,CONTENT_003,3658.56,0,0,0,0,0
2026-07-19,CONTENT_003,3349.96,0,0,0,0,0
2026-07-20,CONTENT_003,3135.41,0,0,0,0,0
2026-07-21,CONTENT_003,2993.55,0,0,0,0,0
2026-07-22,CONTENT_003,3019.21,0,0,0,0,0
2026-07-23,CONTENT_003,2993.64,0,0,0,0,0
2026-07-24,CONTENT_003,3207.91,0,0,0,0,0
2026-07-25,CONTENT_003,3721.42,0,0,0,0,0
2026-07-26,CONTENT_003,3535.67,0,0,0,0,0
2026-07-27,CONTENT_003,2865.15,0,0,0,0,0
2026-07-28,CONTENT_003,3138.58,0,0,0,0,0
2026-07-29,CONTENT_003,2853.81,0,0,0,0,0
2026-07-30,CONTENT_003,2766.77,0,0,0,0,0
2026-07-31,CONTENT_003,3074.75,0,0,0,0,0
2026-08-01,CONTENT_003,4359.97,0,1,0,0,0
2026-08-02,CONTENT_003,4116.44,0,1,0,0,0
2026-08-03,CONTENT_003,3600.68,0,1,0,0,0
2026-08-04,CONTENT_003,3477.65,0,1,0,0,0
2026-08-05,CONTENT_003,3648.3,0,1,0,0,0
2026-08-06,CONTENT_003,3704.25,0,1,0,0,0
2026-08-07,CONTENT_003,3500.57,0,1,0,0,0
2026-08-08,CONTENT_003,3385.86,0,0,0,0,0
2026-08-09,CONTENT_003,3321.45,0,0,0,0,0
2026-08-10,CONTENT_003,2838.85,0,0,0,0,1
2026-08-11,CONTENT_003,2529.52,0,0,0,0,1
2026-08-12,CONTENT_003,2755.8,0,0,0,0,1
2026-08-13,CONTENT_003,3116.61,0,0,0,0,0
2026-08-14,CONTENT_003,2924.8,0,0,0,0,0
2026-08-15,CONTENT_003,4336.35,0,0,1,1,0
2026-08-16,CONTENT_003,4043.86,0,0,1,0,0
2026-08-17,CONTENT_003,3178.77,0,0,1,0,0
2026-08-18,CONTENT_003,3163.54,0,0,1,0,0
2026-08-19,CONTENT_003,3264.84,0,0,1,0,0
2026-08-20,CONTENT_003,3491.69,0,0,1,0,0
2026-08-21,CONTENT_003,3241.61,0,0,0,0,0
2026-08-22,CONTENT_003,3525.18,0,0,0,0,0
2026-08-23,CONTENT_003,3433.18,0,0,0,0,0
2026-08-24,CONTENT_003,3159.62,0,0,0,0,0
2026-08-25,CONTENT_003,2749.61,0,0,0,0,0
2026-08-26,CONTENT_003,3037.14,0,0,0,0,0
2026-08-27,CONTENT_003,2993.41,0,0,0,0,0
2026-08-28,CONTENT_003,3194.07,0,0,0,0,0
2026-08-29,CONTENT_003,3749.25,0,0,0,0,0
2026-08-30,CONTENT_003,3398.62,0,0,0,0,0
2026-08-31,CONTENT_003,3025.15,0,0,0,0,0
2026-09-01,CONTENT_003,3454.41,0,1,0,0,0
2025-01-01,CONTENT_004,4258.53,1,1,0,1,0
2025-01-02,CONTENT_004,3912.17,1,1,0,0,0
2025-01-03,CONTENT_004,3793.14,1,1,0,0,0
2025-01-04,CONTENT_004,4549.54,1,1,0,0,0
2025-01-05,CONTENT_004,4644.96,1,1,0,0,0
2025-01-06,CONTENT_004,4024.4,1,1,0,0,0
2025-01-07,CONTENT_004,3871.09,1,1,0,0,0
2025-01-08,CONTENT_004,3264.72,1,0,0,0,0
2025-01-09,CONTENT_004,3111.59,1,0,0,0,0
2025-01-10,CONTENT_004,3123.22,1,0,0,0,1
2025-01-11,CONTENT_004,3513.46,1,0,0,0,1
2025-01-12,CONTENT_004,3468.53,1,0,0,0,1
2025-01-13,CONTENT_004,3260.63,1,0,0,0,0
2025-01-14,CONTENT_004,3295.08,1,0,0,0,0
2025-01-15,CONTENT_004,2596.47,0,0,0,0,0
2025-01-16,CONTENT_004,2611.94,0,0,0,0,0
2025-01-17,CONTENT_004,2701.35,0,0,0,0,0
2025-01-18,CONTENT_004,2980.34,0,0,0,0,0
2025-01-19,CONTENT_004,3169.28,0,0,0,0,0
2025-01-20,CONTENT_004,2632.22,0,0,0,0,0
2025-01-21,CONTENT_004,2492.48,0,0,0,0,0
2025-01-22,CONTENT_004,2291.58,0,0,0,0,0
2025-01-23,CONTENT_004,2510.7,0,0,0,0,0
2025-01-24,CONTENT_004,2694.81,0,0,0,0,0
2025-01-25,CONTENT_004,2853.09,0,0,0,0,0
2025-01-26,CONTENT_004,3314.31,0,0,0,1,0
2025-01-27,CONTENT_004,2520.65,0,0,0,0,0
2025-01-28,CONTENT_004,2617.77,0,0,0,0,0
2025-01-29,CONTENT_004,2451.52,0,0,0,0,0
2025-01-30,CONTENT_004,2391.33,0,0,0,0,0
2025-01-31,CONTENT_004,2571.25,0,0,0,0,0
2025-02-01,CONTENT_004,3388.08,0,1,0,0,0
2025-02-02,CONTENT_004,3251.56,0,1,0,0,0
2025-02-03,CONTENT_004,3180.05,0,1,0,0,0
2025-02-04,CONTENT_004,3065.88,0,1,0,0,0
2025-02-05,CONTENT_004,3185.42,0,1,0,0,0
2025-02-06,CONTENT_004,3059.25,0,1,0,0,0
2025-02-07,CONTENT_004,3035.05,0,1,0,0,0
2025-02-08,CONTENT_004,2996.19,0,0,0,0,0
2025-02-09,CONTENT_004,2926.75,0,0,0,0,0
2025-02-10,CONTENT_004,2314.01,0,0,0,0,1
2025-02-11,CONTENT_004,2180.85,0,0,0,0,1
2025-02-12,CONTENT_004,2116.35,0,0,0,0,1
2025-02-13,CONTENT_004,2458.47,0,0,0,0,0
2025-02-14,CONTENT_004,2661.44,0,0,0,0,0
2025-02-15,CONTENT_004,2795.95,0,0,0,0,0
2025-02-16,CONTENT_004,2797.94,0,0,0,0,0
2025-02-17,CONTENT_004,2573.91,0,0,0,0,0
2025-02-18,CONTENT_004,2448.12,0,0,0,0,0
2025-02-19,CONTENT_004,2560.69,0,0,0,0,0
2025-02-20,CONTENT_004,2623.73,0,0,0,0,0
2025-02-21,CONTENT_004,2557.69,0,0,0,0,0
2025-02-22,CONTENT_004,2870.97,0,0,0,0,0
2025-02-23,CONTENT_004,3110.37,0,0,0,0,0
2025-02-24,CONTENT_004,2592.77,0,0,0,0,0
2025-02-25,CONTENT_004,2503.35,0,0,0,0,0
2025-02-26,CONTENT_004,2497.3,0,0,0,0,0
2025-02-27,CONTENT_004,2546.75,0,0,0,0,0
2025-02-28,CONTENT_004,2461.0,0,0,0,0,0
2025-03-01,CONTENT_004,3277.1,0,1,0,0,0
2025-03-02,CONTENT_004,3574.77,0,1,0,0,0
2025-03-03,CONTENT_004,3036.34,0,1,0,0,0
2025-03-04,CONTENT_004,2662.37,0,1,0,0,0
2025-03-05,CONTENT_004,3013.83,0,1,0,0,0
2025-03-06,CONTENT_004,3169.56,0,1,0,0,0
2025-03-07,CONTENT_004,2809.05,0,1,0,0,0
2025-03-08,CONTENT_004,2940.84,0,0,0,0,0
2025-03-09,CONTENT_004,2927.25,0,0,0,0,0
2025-03-10,CONTENT_004,2457.55,0,0,0,0,1
2025-03-11,CONTENT_004,2390.12,0,0,0,0,1
2025-03-12,CONTENT_004,2140.2,0,0,0,0,1
2025-03-13,CONTENT_004,2542.76,0,0,0,0,0
2025-03-14,CONTENT_004,2787.83,0,0,0,0,0
2025-03-15,CONTENT_004,2871.91,0,0,0,0,0
2025-03-16,CONTENT_004,2948.61,0,0,0,0,0
2025-03-17,CONTENT_004,2564.19,0,0,0,0,0
2025-03-18,CONTENT_004,2423.74,0,0,0,0,0
2025-03-19,CONTENT_004,2720.4,0,0,0,0,0
2025-03-20,CONTENT_004,2440.92,0,0,0,0,0
2025-03-21,CONTENT_004,2326.37,0,0,0,0,0
2025-03-22,CONTENT_004,2884.38,0,0,0,0,0
2025-03-23,CONTENT_004,3031.63,0,0,0,0,0
2025-03-24,CONTENT_004,2400.23,0,0,0,0,0
2025-03-25,CONTENT_004,2537.77,0,0,0,0,0
2025-03-26,CONTENT_004,2570.32,0,0,0,0,0
2025-03-27,CONTENT_004,2348.88,0,0,0,0,0
2025-03-28,CONTENT_004,2429.54,0,0,0,0,0
2025-03-29,CONTENT_004,2993.62,0,0,0,0,0
2025-03-30,CONTENT_004,3037.8,0,0,0,0,0
2025-03-31,CONTENT_004,2432.65,0,0,0,0,0
2025-04-01,CONTENT_004,3853.97,1,1,0,0,0
2025-04-02,CONTENT_004,2914.51,0,1,0,0,0
2025-04-03,CONTENT_004,3040.98,0,1,0,0,0
2025-04-04,CONTENT_004,3014.93,0,1,0,0,0
2025-04-05,CONTENT_004,3434.31,0,1,0,0,0
2025-04-06,CONTENT_004,3540.81,0,1,0,0,0
2025-04-07,CONTENT_004,2898.43,0,1,0,0,0
2025-04-08,CONTENT_004,2557.17,0,0,0,0,0
2025-04-09,CONTENT_004,2558.91,0,0,0,0,0
2025-04-10,CONTENT_004,2546.38,0,0,0,0,1
2025-04-11,CONTENT_004,2207.97,0,0,0,0,1
2025-04-12,CONTENT_004,2637.34,0,0,0,0,1
2025-04-13,CONTENT_004,2869.1,0,0,0,0,0
2025-04-14,CONTENT_004,2370.9,0,0,0,0,0
2025-04-15,CONTENT_004,2442.94,0,0,0,0,0
2025-04-16,CONTENT_004,2583.14,0,0,0,0,0
2025-04-17,CONTENT_004,2592.18,0,0,0,0,0
2025-04-18,CONTENT_004,2536.96,0,0,0,0,0
2025-04-19,CONTENT_004,2913.03,0,0,0,0,0
2025-04-20,CONTENT_004,2888.33,0,0,0,0,0
2025-04-21,CONTENT_004,2385.4,0,0,0,0,0
2025-04-22,CONTENT_004,2430.39,0,0,0,0,0
2025-04-23,CONTENT_004,2338.11,0,0,0,0,0
2025-04-24,CONTENT_004,2669.73,0,0,0,0,0
2025-04-25,CONTENT_004,2729.64,0,0,0,0,0
2025-04-26,CONTENT_004,2708.02,0,0,0,0,0
2025-04-27,CONTENT_004,2986.16,0,0,0,0,0
2025-04-28,CONTENT_004,2534.09,0,0,0,0,0
2025-04-29,CONTENT_004,2526.1,0,0,0,0,0
2025-04-30,CONTENT_004,2425.91,0,0,0,0,0
2025-05-01,CONTENT_004,3077.81,0,1,0,0,0
2025-05-02,CONTENT_004,3001.31,0,1,0,0,0
2025-05-03,CONTENT_004,3610.27,0,1,0,0,0
2025-05-04,CONTENT_004,3388.81,0,1,0,0,0
2025-05-05,CONTENT_004,2777.1,0,1,0,0,0
2025-05-06,CONTENT_004,3004.36,0,1,0,0,0
2025-05-07,CONTENT_004,2829.63,0,1,0,0,0
2025-05-08,CONTENT_004,2631.82,0,0,0,0,0
2025-05-09,CONTENT_004,2234.17,0,0,0,0,0
2025-05-10,CONTENT_004,2596.43,0,0,0,0,1
2025-05-11,CONTENT_004,2578.01,0,0,0,0,1
2025-05-12,CONTENT_004,2208.45,0,0,0,0,1
2025-05-13,CONTENT_004,2532.64,0,0,0,0,0
2025-05-14,CONTENT_004,2549.53,0,0,0,0,0
2025-05-15,CONTENT_004,2579.97,0,0,0,0,0
2025-05-16,CONTENT_004,2594.37,0,0,0,0,0
2025-05-17,CONTENT_004,2928.56,0,0,0,0,0
2025-05-18,CONTENT_004,3213.59,0,0,0,0,0
2025-05-19,CONTENT_004,2673.39,0,0,0,0,0
2025-05-20,CONTENT_004,2461.0,0,0,0,0,0
2025-05-21,CONTENT_004,2482.89,0,0,0,0,0
2025-05-22,CONTENT_004,2458.37,0,0,0,0,0
2025-05-23,CONTENT_004,2545.41,0,0,0,0,0
2025-05-24,CONTENT_004,2828.51,0,0,0,0,0
2025-05-25,CONTENT_004,2851.31,0,0,0,0,0
2025-05-26,CONTENT_004,2229.08,0,0,0,0,0
2025-05-27,CONTENT_004,2450.17,0,0,0,0,0
2025-05-28,CONTENT_004,2633.09,0,0,0,0,0
2025-05-29,CONTENT_004,2480.99,0,0,0,0,0
2025-05-30,CONTENT_004,2487.98,0,0,0,0,0
2025-05-31,CONTENT_004,2984.77,0,0,0,0,0
2025-06-01,CONTENT_004,3355.72,0,1,0,0,0
2025-06-02,CONTENT_004,2953.16,0,1,0,0,0
2025-06-03,CONTENT_004,3061.29,0,1,0,0,0
2025-06-04,CONTENT_004,2988.32,0,1,0,0,0
2025-06-05,CONTENT_004,3072.27,0,1,0,0,0
2025-06-06,CONTENT_004,3108.02,0,1,0,0,0
2025-06-07,CONTENT_004,3563.82,0,1,0,0,0
2025-06-08,CONTENT_004,2860.83,0,0,0,0,0
2025-06-09,CONTENT_004,2456.98,0,0,0,0,0
2025-06-10,CONTENT_004,2491.44,0,0,0,0,1
2025-06-11,CONTENT_004,2289.27,0,0,0,0,1
2025-06-12,CONTENT_004,2272.62,0,0,0,0,1
2025-06-13,CONTENT_004,2392.51,0,0,0,0,0
2025-06-14,CONTENT_004,2938.57,0,0,0,0,0
2025-06-15,CONTENT_004,3039.55,0,0,0,0,0
2025-06-16,CONTENT_004,2501.86,0,0,0,0,0
2025-06-17,CONTENT_004,2435.08,0,0,0,0,0
2025-06-18,CONTENT_004,2464.08,0,0,0,0,0
2025-06-19,CONTENT_004,2648.98,0,0,0,0,0
2025-06-20,CONTENT_004,2583.47,0,0,0,0,0
2025-06-21,CONTENT_004,3016.76,0,0,0,0,0
2025-06-22,CONTENT_004,3005.11,0,0,0,0,0
2025-06-23,CONTENT_004,2352.12,0,0,0,0,0
2025-06-24,CONTENT_004,2534.04,0,0,0,0,0
2025-06-25,CONTENT_004,2633.5,0,0,0,0,0
2025-06-26,CONTENT_004,2467.38,0,0,0,0,0
2025-06-27,CONTENT_004,2622.18,0,0,0,0,0
2025-06-28,CONTENT_004,3018.15,0,0,0,0,0
2025-06-29,CONTENT_004,3053.46,0,0,0,0,0
2025-06-30,CONTENT_004,3256.37,1,0,0,0,0
2025-07-01,CONTENT_004,3060.82,0,1,0,0,0
2025-07-02,CONTENT_004,2766.91,0,1,0,0,0
2025-07-03,CONTENT_004,2954.14,0,1,0,0,0
2025-07-04,CONTENT_004,3039.13,0,1,0,0,0
2025-07-05,CONTENT_004,3518.04,0,1,0,0,0
2025-07-06,CONTENT_004,3617.95,0,1,0,0,0
2025-07-07,CONTENT_004,2930.36,0,1,0,0,0
2025-07-08,CONTENT_004,2431.57,0,0,0,0,0
2025-07-09,CONTENT_004,2295.12,0,0,0,0,0
2025-07-10,CONTENT_004,2215.88,0,0,0,0,1
2025-07-11,CONTENT_004,2314.61,0,0,0,0,1
2025-07-12,CONTENT_004,2750.13,0,0,0,0,1
2025-07-13,CONTENT_004,2775.1,0,0,0,0,0
2025-07-14,CONTENT_004,2646.92,0,0,0,0,0
2025-07-15,CONTENT_004,2378.2,0,0,0,0,0
2025-07-16,CONTENT_004,2484.86,0,0,0,0,0
2025-07-17,CONTENT_004,2428.9,0,0,0,0,0
2025-07-18,CONTENT_004,2552.16,0,0,0,0,0
2025-07-19,CONTENT_004,2961.76,0,0,0,0,0
2025-07-20,CONTENT_004,3034.75,0,0,0,0,0
2025-07-21,CONTENT_004,2730.48,0,0,0,0,0
2025-07-22,CONTENT_004,2549.73,0,0,0,0,0
2025-07-23,CONTENT_004,2427.92,0,0,0,0,0
2025-07-24,CONTENT_004,2557.63,0,0,0,0,0
2025-07-25,CONTENT_004,2743.14,0,0,0,0,0
2025-07-26,CONTENT_004,3032.04,0,0,0,0,0
2025-07-27,CONTENT_004,3068.21,0,0,0,0,0
2025-07-28,CONTENT_004,2300.8,0,0,0,0,0
2025-07-29,CONTENT_004,2548.36,0,0,0,0,0
2025-07-30,CONTENT_004,2466.5,0,0,0,0,0
2025-07-31,CONTENT_004,2414.98,0,0,0,0,0
2025-08-01,CONTENT_004,2947.21,0,1,0,0,0
2025-08-02,CONTENT_004,3494.58,0,1,0,0,0
2025-08-03,CONTENT_004,3402.95,0,1,0,0,0
2025-08-04,CONTENT_004,2973.56,0,1,0,0,0
2025-08-05,CONTENT_004,2928.31,0,1,0,0,0
2025-08-06,CONTENT_004,3037.8,0,1,0,0,0
2025-08-07,CONTENT_004,2978.45,0,1,0,0,0
2025-08-08,CONTENT_004,2546.99,0,0,0,0,0
2025-08-09,CONTENT_004,3072.42,0,0,0,0,0
2025-08-10,CONTENT_004,2724.37,0,0,0,0,1
2025-08-11,CONTENT_004,2249.24,0,0,0,0,1
2025-08-12,CONTENT_004,1989.13,0,0,0,0,1
2025-08-13,CONTENT_004,2564.22,0,0,0,0,0
2025-08-14,CONTENT_004,2386.01,0,0,0,0,0
2025-08-15,CONTENT_004,3069.22,0,0,1,1,0
2025-08-16,CONTENT_004,3291.38,0,0,1,0,0
2025-08-17,CONTENT_004,3411.63,0,0,1,0,0
2025-08-18,CONTENT_004,2980.29,0,0,1,0,0
2025-08-19,CONTENT_004,2634.85,0,0,1,0,0
2025-08-20,CONTENT_004,2585.52,0,0,1,0,0
2025-08-21,CONTENT_004,2540.71,0,0,0,0,0
2025-08-22,CONTENT_004,2530.3,0,0,0,0,0
2025-08-23,CONTENT_004,2799.77,0,0,0,0,0
2025-08-24,CONTENT_004,2947.92,0,0,0,0,0
2025-08-25,CONTENT_004,2574.69,0,0,0,0,0
2025-08-26,CONTENT_004,2346.23,0,0,0,0,0
2025-08-27,CONTENT_004,2375.68,0,0,0,0,0
2025-08-28,CONTENT_004,2419.48,0,0,0,0,0
2025-08-29,CONTENT_004,2473.47,0,0,0,0,0
2025-08-30,CONTENT_004,3036.75,0,0,0,0,0
2025-08-31,CONTENT_004,2909.19,0,0,0,0,0
2025-09-01,CONTENT_004,2956.91,0,1,0,0,0
2025-09-02,CONTENT_004,3230.77,0,1,0,0,0
2025-09-03,CONTENT_004,2830.46,0,1,0,0,0
2025-09-04,CONTENT_004,2868.38,0,1,0,0,0
2025-09-05,CONTENT_004,3034.76,0,1,0,0,0
2025-09-06,CONTENT_004,3604.51,0,1,0,0,0
2025-09-07,CONTENT_004,3532.85,0,1,0,0,0
2025-09-08,CONTENT_004,2726.12,0,0,0,0,0
2025-09-09,CONTENT_004,2539.68,0,0,0,0,0
2025-09-10,CONTENT_004,2002.99,0,0,0,0,1
2025-09-11,CONTENT_004,2262.12,0,0,0,0,1
2025-09-12,CONTENT_004,2178.63,0,0,0,0,1
2025-09-13,CONTENT_004,3122.98,0,0,0,0,0
2025-09-14,CONTENT_004,3070.58,0,0,0,0,0
2025-09-15,CONTENT_004,2301.29,0,0,0,0,0
2025-09-16,CONTENT_004,2668.79,0,0,0,0,0
2025-09-17,CONTENT_004,2617.42,0,0,0,0,0
2025-09-18,CONTENT_004,2459.44,0,0,0,0,0
2025-09-19,CONTENT_004,2490.19,0,0,0,0,0
2025-09-20,CONTENT_004,3124.02,0,0,0,0,0
2025-09-21,CONTENT_004,2703.56,0,0,0,0,0
2025-09-22,CONTENT_004,2555.67,0,0,0,0,0
2025-09-23,CONTENT_004,2636.68,0,0,0,0,0
2025-09-24,CONTENT_004,2488.91,0,0,0,0,0
2025-09-25,CONTENT_004,2580.99,0,0,0,0,0
2025-09-26,CONTENT_004,2512.89,0,0,0,0,0
2025-09-27,CONTENT_004,2852.0,0,0,0,0,0
2025-09-28,CONTENT_004,3733.87,1,0,0,0,0
2025-09-29,CONTENT_004,2588.99,0,0,0,0,0
2025-09-30,CONTENT_004,2420.54,0,0,0,0,0
2025-10-01,CONTENT_004,2759.43,0,1,0,0,0
2025-10-02,CONTENT_004,3319.3,0,1,0,1,0
2025-10-03,CONTENT_004,2885.86,0,1,0,0,0
2025-10-04,CONTENT_004,3331.11,0,1,0,0,0
2025-10-05,CONTENT_004,3489.97,0,1,0,0,0
2025-10-06,CONTENT_004,3045.91,0,1,0,0,0
2025-10-07,CONTENT_004,2952.52,0,1,0,0,0
2025-10-08,CONTENT_004,2366.72,0,0,0,0,0
2025-10-09,CONTENT_004,2560.23,0,0,0,0,0
2025-10-10,CONTENT_004,2379.39,0,0,0,0,1
2025-10-11,CONTENT_004,2931.63,0,0,0,0,1
2025-10-12,CONTENT_004,2835.23,0,0,0,0,1
2025-10-13,CONTENT_004,2374.33,0,0,0,0,0
2025-10-14,CONTENT_004,2607.26,0,0,0,0,0
2025-10-15,CONTENT_004,2532.07,0,0,0,0,0
2025-10-16,CONTENT_004,2355.99,0,0,0,0,0
2025-10-17,CONTENT_004,2535.47,0,0,0,0,0
2025-10-18,CONTENT_004,3189.83,0,0,0,0,0
2025-10-19,CONTENT_004,3099.48,0,0,0,0,0
2025-10-20,CONTENT_004,2623.32,0,0,1,0,0
2025-10-21,CONTENT_004,2751.71,0,0,1,0,0
2025-10-22,CONTENT_004,2811.46,0,0,1,0,0
2025-10-23,CONTENT_004,2533.76,0,0,1,0,0
2025-10-24,CONTENT_004,2538.07,0,0,1,0,0
2025-10-25,CONTENT_004,3264.33,0,0,1,0,0
2025-10-26,CONTENT_004,3265.96,0,0,1,0,0
2025-10-27,CONTENT_004,2520.15,0,0,1,0,0
2025-10-28,CONTENT_004,2798.5,0,0,1,0,0
2025-10-29,CONTENT_004,2885.87,0,0,1,0,0
2025-10-30,CONTENT_004,2722.71,0,0,1,0,0
2025-10-31,CONTENT_004,2507.48,0,0,0,0,0
2025-11-01,CONTENT_004,3552.43,0,1,0,0,0
2025-11-02,CONTENT_004,3535.88,0,1,0,0,0
2025-11-03,CONTENT_004,2741.42,0,1,0,0,0
2025-11-04,CONTENT_004,2836.86,0,1,0,0,0
2025-11-05,CONTENT_004,2900.52,0,1,0,0,0
2025-11-06,CONTENT_004,2842.4,0,1,0,0,0
2025-11-07,CONTENT_004,3133.37,0,1,0,0,0
2025-11-08,CONTENT_004,3029.31,0,0,0,0,0
2025-11-09,CONTENT_004,2811.28,0,0,0,0,0
2025-11-10,CONTENT_004,2223.21,0,0,0,0,1
2025-11-11,CONTENT_004,2391.3,0,0,0,0,1
2025-11-12,CONTENT_004,2169.22,0,0,0,0,1
2025-11-13,CONTENT_004,2606.45,0,0,0,0,0
2025-11-14,CONTENT_004,2672.9,0,0,0,0,0
2025-11-15,CONTENT_004,3102.02,0,0,0,0,0
2025-11-16,CONTENT_004,2972.55,0,0,0,0,0
2025-11-17,CONTENT_004,2656.38,0,0,0,0,0
2025-11-18,CONTENT_004,2434.72,0,0,0,0,0
2025-11-19,CONTENT_004,2810.74,0,0,0,0,0
2025-11-20,CONTENT_004,2530.11,0,0,0,0,0
2025-11-21,CONTENT_004,2643.35,0,0,0,0,0
2025-11-22,CONTENT_004,2904.75,0,0,0,0,0
2025-11-23,CONTENT_004,3012.43,0,0,0,0,0
2025-11-24,CONTENT_004,2567.93,0,0,0,0,0
2025-11-25,CONTENT_004,2383.9,0,0,0,0,0
2025-11-26,CONTENT_004,2380.19,0,0,0,0,0
2025-11-27,CONTENT_004,2474.44,0,0,0,0,0
2025-11-28,CONTENT_004,2638.17,0,0,0,0,0
2025-11-29,CONTENT_004,2721.07,0,0,0,0,0
2025-11-30,CONTENT_004,2904.64,0,0,0,0,0
2025-12-01,CONTENT_004,3113.73,0,1,0,0,0
2025-12-02,CONTENT_004,2795.98,0,1,0,0,0
2025-12-03,CONTENT_004,3106.74,0,1,0,0,0
2025-12-04,CONTENT_004,2809.03,0,1,0,0,0
2025-12-05,CONTENT_004,2835.43,0,1,0,0,0
2025-12-06,CONTENT_004,3462.6,0,1,0,0,0
2025-12-07,CONTENT_004,3715.18,0,1,0,0,0
2025-12-08,CONTENT_004,2420.0,0,0,0,0,0
2025-12-09,CONTENT_004,2283.38,0,0,0,0,0
2025-12-10,CONTENT_004,2074.76,0,0,0,0,1
2025-12-11,CONTENT_004,2366.49,0,0,0,0,1
2025-12-12,CONTENT_004,2080.66,0,0,0,0,1
2025-12-13,CONTENT_004,3098.5,0,0,0,0,0
2025-12-14,CONTENT_004,2958.72,0,0,0,0,0
2025-12-15,CONTENT_004,2495.97,0,0,0,0,0
2025-12-16,CONTENT_004,2537.16,0,0,0,0,0
2025-12-17,CONTENT_004,2399.88,0,0,0,0,0
2025-12-18,CONTENT_004,2517.23,0,0,0,0,0
2025-12-19,CONTENT_004,2350.87,0,0,0,0,0
2025-12-20,CONTENT_004,3118.61,0,0,0,0,0
2025-12-21,CONTENT_004,2821.59,0,0,0,0,0
2025-12-22,CONTENT_004,2554.86,0,0,0,0,0
2025-12-23,CONTENT_004,2370.66,0,0,0,0,0
2025-12-24,CONTENT_004,2433.35,0,0,0,0,0
2025-12-25,CONTENT_004,2753.27,0,0,0,1,0
2025-12-26,CONTENT_004,2872.67,0,0,0,0,0
2025-12-27,CONTENT_004,2948.19,0,0,0,0,0
2025-12-28,CONTENT_004,2847.31,0,0,0,0,0
2025-12-29,CONTENT_004,2444.43,0,0,0,0,0
2025-12-30,CONTENT_004,2311.92,0,0,0,0,0
2025-12-31,CONTENT_004,2479.65,0,0,0,0,0
2026-01-01,CONTENT_004,4526.59,1,1,0,1,0
2026-01-02,CONTENT_004,2992.0,0,1,0,0,0
2026-01-03,CONTENT_004,3593.93,0,1,0,0,0
2026-01-04,CONTENT_004,3367.26,0,1,0,0,0
2026-01-05,CONTENT_004,2924.58,0,1,0,0,0
2026-01-06,CONTENT_004,2975.49,0,1,0,0,0
2026-01-07,CONTENT_004,2859.34,0,1,0,0,0
2026-01-08,CONTENT_004,2550.0,0,0,0,0,0
2026-01-09,CONTENT_004,2576.93,0,0,0,0,0
2026-01-10,CONTENT_004,2722.86,0,0,0,0,1
2026-01-11,CONTENT_004,2636.11,0,0,0,0,1
2026-01-12,CONTENT_004,2386.36,0,0,0,0,1
2026-01-13,CONTENT_004,2467.8,0,0,0,0,0
2026-01-14,CONTENT_004,2456.4,0,0,0,0,0
2026-01-15,CONTENT_004,2680.19,0,0,0,0,0
2026-01-16,CONTENT_004,2361.63,0,0,0,0,0
2026-01-17,CONTENT_004,2737.13,0,0,0,0,0
2026-01-18,CONTENT_004,2841.52,0,0,0,0,0
2026-01-19,CONTENT_004,2548.41,0,0,0,0,0
2026-01-20,CONTENT_004,2660.45,0,0,0,0,0
2026-01-21,CONTENT_004,2417.44,0,0,0,0,0
2026-01-22,CONTENT_004,2726.85,0,0,0,0,0
2026-01-23,CONTENT_004,2503.4,0,0,0,0,0
2026-01-24,CONTENT_004,2935.56,0,0,0,0,0
2026-01-25,CONTENT_004,2843.76,0,0,0,0,0
2026-01-26,CONTENT_004,3043.92,0,0,0,1,0
2026-01-27,CONTENT_004,2481.21,0,0,0,0,0
2026-01-28,CONTENT_004,2333.5,0,0,0,0,0
2026-01-29,CONTENT_004,2807.21,0,0,0,0,0
2026-01-30,CONTENT_004,2549.21,0,0,0,0,0
2026-01-31,CONTENT_004,3049.85,0,0,0,0,0
2026-02-01,CONTENT_004,3691.2,0,1,0,0,0
2026-02-02,CONTENT_004,3026.81,0,1,0,0,0
2026-02-03,CONTENT_004,3071.86,0,1,0,0,0
2026-02-04,CONTENT_004,2956.79,0,1,0,0,0
2026-02-05,CONTENT_004,3041.72,0,1,0,0,0
2026-02-06,CONTENT_004,2945.73,0,1,0,0,0
2026-02-07,CONTENT_004,3478.47,0,1,0,0,0
2026-02-08,CONTENT_004,2964.96,0,0,0,0,0
2026-02-09,CONTENT_004,2450.4,0,0,0,0,0
2026-02-10,CONTENT_004,2313.05,0,0,0,0,1
2026-02-11,CONTENT_004,2312.73,0,0,0,0,1
2026-02-12,CONTENT_004,2352.36,0,0,0,0,1
2026-02-13,CONTENT_004,2579.95,0,0,0,0,0
2026-02-14,CONTENT_004,3200.01,0,0,0,0,0
2026-02-15,CONTENT_004,3081.58,0,0,0,0,0
2026-02-16,CONTENT_004,2474.09,0,0,0,0,0
2026-02-17,CONTENT_004,2556.63,0,0,0,0,0
2026-02-18,CONTENT_004,2676.59,0,0,0,0,0
2026-02-19,CONTENT_004,2381.25,0,0,0,0,0
2026-02-20,CONTENT_004,2751.78,0,0,0,0,0
2026-02-21,CONTENT_004,2853.17,0,0,0,0,0
2026-02-22,CONTENT_004,3062.53,0,0,0,0,0
2026-02-23,CONTENT_004,2500.83,0,0,0,0,0
2026-02-24,CONTENT_004,2493.63,0,0,0,0,0
2026-02-25,CONTENT_004,2337.14,0,0,0,0,0
2026-02-26,CONTENT_004,2613.44,0,0,0,0,0
2026-02-27,CONTENT_004,2338.96,0,0,0,0,0
2026-02-28,CONTENT_004,2769.65,0,0,0,0,0
2026-03-01,CONTENT_004,3625.96,0,1,0,0,0
2026-03-02,CONTENT_004,3173.7,0,1,0,0,0
2026-03-03,CONTENT_004,2866.59,0,1,0,0,0
2026-03-04,CONTENT_004,3075.39,0,1,0,0,0
2026-03-05,CONTENT_004,3049.57,0,1,0,0,0
2026-03-06,CONTENT_004,2938.56,0,1,0,0,0
2026-03-07,CONTENT_004,3647.98,0,1,0,0,0
2026-03-08,CONTENT_004,2929.55,0,0,0,0,0
2026-03-09,CONTENT_004,2564.69,0,0,0,0,0
2026-03-10,CONTENT_004,2093.28,0,0,0,0,1
2026-03-11,CONTENT_004,2098.62,0,0,0,0,1
2026-03-12,CONTENT_004,2396.13,0,0,0,0,1
2026-03-13,CONTENT_004,2568.9,0,0,0,0,0
2026-03-14,CONTENT_004,2932.19,0,0,0,0,0
2026-03-15,CONTENT_004,3188.48,0,0,0,0,0
2026-03-16,CONTENT_004,2737.16,0,0,0,0,0
2026-03-17,CONTENT_004,2554.9,0,0,0,0,0
2026-03-18,CONTENT_004,2318.04,0,0,0,0,0
2026-03-19,CONTENT_004,2486.05,0,0,0,0,0
2026-03-20,CONTENT_004,2395.93,0,0,0,0,0
2026-03-21,CONTENT_004,2961.19,0,0,0,0,0
2026-03-22,CONTENT_004,2832.96,0,0,0,0,0
2026-03-23,CONTENT_004,2350.47,0,0,0,0,0
2026-03-24,CONTENT_004,2217.17,0,0,0,0,0
2026-03-25,CONTENT_004,2520.91,0,0,0,0,0
2026-03-26,CONTENT_004,2212.65,0,0,0,0,0
2026-03-27,CONTENT_004,3209.97,1,0,0,0,0
2026-03-28,CONTENT_004,3036.8,0,0,0,0,0
2026-03-29,CONTENT_004,2859.74,0,0,0,0,0
2026-03-30,CONTENT_004,2364.4,0,0,0,0,0
2026-03-31,CONTENT_004,2491.52,0,0,0,0,0
2026-04-01,CONTENT_004,2846.42,0,1,0,0,0
2026-04-02,CONTENT_004,2973.21,0,1,0,0,0
2026-04-03,CONTENT_004,2820.9,0,1,0,0,0
2026-04-04,CONTENT_004,3467.94,0,1,0,0,0
2026-04-05,CONTENT_004,3437.7,0,1,0,0,0
2026-04-06,CONTENT_004,2948.56,0,1,0,0,0
2026-04-07,CONTENT_004,3154.39,0,1,0,0,0
2026-04-08,CONTENT_004,2524.98,0,0,0,0,0
2026-04-09,CONTENT_004,2563.06,0,0,0,0,0
2026-04-10,CONTENT_004,2171.9,0,0,0,0,1
2026-04-11,CONTENT_004,2682.91,0,0,0,0,1
2026-04-12,CONTENT_004,2620.65,0,0,0,0,1
2026-04-13,CONTENT_004,2503.71,0,0,0,0,0
2026-04-14,CONTENT_004,2581.12,0,0,0,0,0
2026-04-15,CONTENT_004,2437.47,0,0,0,0,0
2026-04-16,CONTENT_004,2450.24,0,0,0,0,0
2026-04-17,CONTENT_004,2439.2,0,0,0,0,0
2026-04-18,CONTENT_004,2886.79,0,0,0,0,0
2026-04-19,CONTENT_004,2971.65,0,0,0,0,0
2026-04-20,CONTENT_004,2454.5,0,0,0,0,0
2026-04-21,CONTENT_004,2687.24,0,0,0,0,0
2026-04-22,CONTENT_004,2834.9,0,0,0,0,0
2026-04-23,CONTENT_004,2429.01,0,0,0,0,0
2026-04-24,CONTENT_004,2536.75,0,0,0,0,0
2026-04-25,CONTENT_004,3079.75,0,0,0,0,0
2026-04-26,CONTENT_004,2916.78,0,0,0,0,0
2026-04-27,CONTENT_004,2375.7,0,0,0,0,0
2026-04-28,CONTENT_004,2717.27,0,0,0,0,0
2026-04-29,CONTENT_004,2585.77,0,0,0,0,0
2026-04-30,CONTENT_004,2539.84,0,0,0,0,0
2026-05-01,CONTENT_004,3131.32,0,1,0,0,0
2026-05-02,CONTENT_004,3577.28,0,1,0,0,0
2026-05-03,CONTENT_004,3475.01,0,1,0,0,0
2026-05-04,CONTENT_004,2827.92,0,1,0,0,0
2026-05-05,CONTENT_004,2888.33,0,1,0,0,0
2026-05-06,CONTENT_004,3100.6,0,1,0,0,0
2026-05-07,CONTENT_004,3035.26,0,1,0,0,0
2026-05-08,CONTENT_004,2476.67,0,0,0,0,0
2026-05-09,CONTENT_004,3170.82,0,0,0,0,0
2026-05-10,CONTENT_004,2635.35,0,0,0,0,1
2026-05-11,CONTENT_004,2373.44,0,0,0,0,1
2026-05-12,CONTENT_004,2277.5,0,0,0,0,1
2026-05-13,CONTENT_004,2741.62,0,0,0,0,0
2026-05-14,CONTENT_004,2594.13,0,0,0,0,0
2026-05-15,CONTENT_004,2505.77,0,0,0,0,0
2026-05-16,CONTENT_004,2927.65,0,0,0,0,0
2026-05-17,CONTENT_004,2948.08,0,0,0,0,0
2026-05-18,CONTENT_004,2409.33,0,0,0,0,0
2026-05-19,CONTENT_004,2329.16,0,0,0,0,0
2026-05-20,CONTENT_004,2538.59,0,0,0,0,0
2026-05-21,CONTENT_004,2433.31,0,0,0,0,0
2026-05-22,CONTENT_004,2432.98,0,0,0,0,0
2026-05-23,CONTENT_004,2938.89,0,0,0,0,0
2026-05-24,CONTENT_004,2956.53,0,0,0,0,0
2026-05-25,CONTENT_004,2500.92,0,0,0,0,0
2026-05-26,CONTENT_004,2717.29,0,0,0,0,0
2026-05-27,CONTENT_004,2582.8,0,0,0,0,0
2026-05-28,CONTENT_004,2763.48,0,0,0,0,0
2026-05-29,CONTENT_004,2445.13,0,0,0,0,0
2026-05-30,CONTENT_004,3047.97,0,0,0,0,0
2026-05-31,CONTENT_004,2902.07,0,0,0,0,0
2026-06-01,CONTENT_004,2879.86,0,1,0,0,0
2026-06-02,CONTENT_004,3218.19,0,1,0,0,0
2026-06-03,CONTENT_004,2853.98,0,1,0,0,0
2026-06-04,CONTENT_004,2671.03,0,1,0,0,0
2026-06-05,CONTENT_004,2861.51,0,1,0,0,0
2026-06-06,CONTENT_004,3229.96,0,1,0,0,0
2026-06-07,CONTENT_004,3362.08,0,1,0,0,0
2026-06-08,CONTENT_004,2392.67,0,0,0,0,0
2026-06-09,CONTENT_004,2504.41,0,0,0,0,0
2026-06-10,CONTENT_004,1993.8,0,0,0,0,1
2026-06-11,CONTENT_004,2399.49,0,0,0,0,1
2026-06-12,CONTENT_004,2015.53,0,0,0,0,1
2026-06-13,CONTENT_004,2934.03,0,0,0,0,0
2026-06-14,CONTENT_004,2909.48,0,0,0,0,0
2026-06-15,CONTENT_004,2603.17,0,0,0,0,0
2026-06-16,CONTENT_004,2543.94,0,0,0,0,0
2026-06-17,CONTENT_004,2648.36,0,0,0,0,0
2026-06-18,CONTENT_004,2454.82,0,0,0,0,0
2026-06-19,CONTENT_004,2441.91,0,0,0,0,0
2026-06-20,CONTENT_004,3001.6,0,0,0,0,0
2026-06-21,CONTENT_004,3078.65,0,0,0,0,0
2026-06-22,CONTENT_004,2603.13,0,0,0,0,0
2026-06-23,CONTENT_004,2540.23,0,0,0,0,0
2026-06-24,CONTENT_004,2529.08,0,0,0,0,0
2026-06-25,CONTENT_004,2495.46,0,0,0,0,0
2026-06-26,CONTENT_004,2551.24,0,0,0,0,0
2026-06-27,CONTENT_004,3204.37,0,0,0,0,0
2026-06-28,CONTENT_004,2919.68,0,0,0,0,0
2026-06-29,CONTENT_004,2454.44,0,0,0,0,0
2026-06-30,CONTENT_004,2444.87,0,0,0,0,0
2026-07-01,CONTENT_004,2998.67,0,1,0,0,0
2026-07-02,CONTENT_004,2684.78,0,1,0,0,0
2026-07-03,CONTENT_004,2933.12,0,1,0,0,0
2026-07-04,CONTENT_004,3591.08,0,1,0,0,0
2026-07-05,CONTENT_004,3415.22,0,1,0,0,0
2026-07-06,CONTENT_004,2973.34,0,1,0,0,0
2026-07-07,CONTENT_004,3213.67,0,1,0,0,0
2026-07-08,CONTENT_004,2541.45,0,0,0,0,0
2026-07-09,CONTENT_004,2220.1,0,0,0,0,0
2026-07-10,CONTENT_004,2073.76,0,0,0,0,1
2026-07-11,CONTENT_004,2623.62,0,0,0,0,1
2026-07-12,CONTENT_004,2554.52,0,0,0,0,1
2026-07-13,CONTENT_004,2512.92,0,0,0,0,0
2026-07-14,CONTENT_004,2463.18,0,0,0,0,0
2026-07-15,CONTENT_004,2645.76,0,0,0,0,0
2026-07-16,CONTENT_004,2363.58,0,0,0,0,0
2026-07-17,CONTENT_004,2474.06,0,0,0,0,0
2026-07-18,CONTENT_004,2977.16,0,0,0,0,0
2026-07-19,CONTENT_004,2992.64,0,0,0,0,0
2026-07-20,CONTENT_004,2518.35,0,0,0,0,0
2026-07-21,CONTENT_004,2198.59,0,0,0,0,0
2026-07-22,CONTENT_004,2510.41,0,0,0,0,0
2026-07-23,CONTENT_004,2481.16,0,0,0,0,0
2026-07-24,CONTENT_004,2608.01,0,0,0,0,0
2026-07-25,CONTENT_004,3040.37,0,0,0,0,0
2026-07-26,CONTENT_004,2980.11,0,0,0,0,0
2026-07-27,CONTENT_004,2539.15,0,0,0,0,0
2026-07-28,CONTENT_004,2669.05,0,0,0,0,0
2026-07-29,CONTENT_004,2643.79,0,0,0,0,0
2026-07-30,CONTENT_004,2534.42,0,0,0,0,0
2026-07-31,CONTENT_004,2768.18,0,0,0,0,0
2026-08-01,CONTENT_004,3402.48,0,1,0,0,0
2026-08-02,CONTENT_004,3332.82,0,1,0,0,0
2026-08-03,CONTENT_004,2948.65,0,1,0,0,0
2026-08-04,CONTENT_004,2903.27,0,1,0,0,0
2026-08-05,CONTENT_004,2641.83,0,1,0,0,0
2026-08-06,CONTENT_004,2868.45,0,1,0,0,0
2026-08-07,CONTENT_004,2992.95,0,1,0,0,0
2026-08-08,CONTENT_004,2942.75,0,0,0,0,0
2026-08-09,CONTENT_004,2852.94,0,0,0,0,0
2026-08-10,CONTENT_004,2255.29,0,0,0,0,1
2026-08-11,CONTENT_004,2265.38,0,0,0,0,1
2026-08-12,CONTENT_004,2339.38,0,0,0,0,1
2026-08-13,CONTENT_004,2419.81,0,0,0,0,0
2026-08-14,CONTENT_004,2609.23,0,0,0,0,0
2026-08-15,CONTENT_004,3498.07,0,0,1,1,0
2026-08-16,CONTENT_004,3182.08,0,0,1,0,0
2026-08-17,CONTENT_004,2962.37,0,0,1,0,0
2026-08-18,CONTENT_004,2622.02,0,0,1,0,0
2026-08-19,CONTENT_004,2667.65,0,0,1,0,0
2026-08-20,CONTENT_004,2593.36,0,0,1,0,0
2026-08-21,CONTENT_004,2396.59,0,0,0,0,0
2026-08-22,CONTENT_004,2967.3,0,0,0,0,0
2026-08-23,CONTENT_004,3038.32,0,0,0,0,0
2026-08-24,CONTENT_004,2497.67,0,0,0,0,0
2026-08-25,CONTENT_004,2459.41,0,0,0,0,0
2026-08-26,CONTENT_004,2344.65,0,0,0,0,0
2026-08-27,CONTENT_004,2409.11,0,0,0,0,0
2026-08-28,CONTENT_004,2306.75,0,0,0,0,0
2026-08-29,CONTENT_004,3042.07,0,0,0,0,0
2026-08-30,CONTENT_004,3050.76,0,0,0,0,0
2026-08-31,CONTENT_004,2494.94,0,0,0,0,0
2026-09-01,CONTENT_004,3005.18,0,1,0,0,0
2025-01-01,CONTENT_005,3699.97,1,1,0,1,0
2025-01-02,CONTENT_005,3232.03,1,1,0,0,0
2025-01-03,CONTENT_005,3367.73,1,1,0,0,0
2025-01-04,CONTENT_005,3693.75,1,1,0,0,0
2025-01-05,CONTENT_005,3764.64,1,1,0,0,0
2025-01-06,CONTENT_005,3172.29,1,1,0,0,0
2025-01-07,CONTENT_005,3289.36,1,1,0,0,0
2025-01-08,CONTENT_005,2579.42,1,0,0,0,0
2025-01-09,CONTENT_005,2882.04,1,0,0,0,0
2025-01-10,CONTENT_005,2515.99,1,0,0,0,1
2025-01-11,CONTENT_005,3083.04,1,0,0,0,1
2025-01-12,CONTENT_005,2895.0,1,0,0,0,1
2025-01-13,CONTENT_005,2672.22,1,0,0,0,0
2025-01-14,CONTENT_005,2799.0,1,0,0,0,0
2025-01-15,CONTENT_005,2208.21,0,0,0,0,0
2025-01-16,CONTENT_005,2024.99,0,0,0,0,0
2025-01-17,CONTENT_005,1890.25,0,0,0,0,0
2025-01-18,CONTENT_005,2286.24,0,0,0,0,0
2025-01-19,CONTENT_005,2505.45,0,0,0,0,0
2025-01-20,CONTENT_005,2261.72,0,0,0,0,0
2025-01-21,CONTENT_005,1963.41,0,0,0,0,0
2025-01-22,CONTENT_005,2071.4,0,0,0,0,0
2025-01-23,CONTENT_005,2063.41,0,0,0,0,0
2025-01-24,CONTENT_005,2301.66,0,0,0,0,0
2025-01-25,CONTENT_005,2715.16,0,0,0,0,0
2025-01-26,CONTENT_005,2819.93,0,0,0,1,0
2025-01-27,CONTENT_005,2194.29,0,0,0,0,0
2025-01-28,CONTENT_005,2191.37,0,0,0,0,0
2025-01-29,CONTENT_005,1965.57,0,0,0,0,0
2025-01-30,CONTENT_005,2173.34,0,0,0,0,0
2025-01-31,CONTENT_005,1992.94,0,0,0,0,0
2025-02-01,CONTENT_005,2906.03,0,1,0,0,0
2025-02-02,CONTENT_005,3043.71,0,1,0,0,0
2025-02-03,CONTENT_005,2486.5,0,1,0,0,0
2025-02-04,CONTENT_005,2593.76,0,1,0,0,0
2025-02-05,CONTENT_005,2614.42,0,1,0,0,0
2025-02-06,CONTENT_005,2293.52,0,1,0,0,0
2025-02-07,CONTENT_005,2249.34,0,1,0,0,0
2025-02-08,CONTENT_005,2600.02,0,0,0,0,0
2025-02-09,CONTENT_005,2604.25,0,0,0,0,0
2025-02-10,CONTENT_005,1916.94,0,0,0,0,1
2025-02-11,CONTENT_005,1931.18,0,0,0,0,1
2025-02-12,CONTENT_005,1983.77,0,0,0,0,1
2025-02-13,CONTENT_005,2191.81,0,0,0,0,0
2025-02-14,CONTENT_005,2068.06,0,0,0,0,0
2025-02-15,CONTENT_005,2578.36,0,0,0,0,0
2025-02-16,CONTENT_005,2441.62,0,0,0,0,0
2025-02-17,CONTENT_005,2125.57,0,0,0,0,0
2025-02-18,CONTENT_005,2121.0,0,0,0,0,0
2025-02-19,CONTENT_005,2009.76,0,0,0,0,0
2025-02-20,CONTENT_005,2021.99,0,0,0,0,0
2025-02-21,CONTENT_005,2334.58,0,0,0,0,0
2025-02-22,CONTENT_005,2384.35,0,0,0,0,0
2025-02-23,CONTENT_005,2516.85,0,0,0,0,0
2025-02-24,CONTENT_005,2160.88,0,0,0,0,0
2025-02-25,CONTENT_005,2094.31,0,0,0,0,0
2025-02-26,CONTENT_005,2170.51,0,0,0,0,0
2025-02-27,CONTENT_005,2134.54,0,0,0,0,0
2025-02-28,CONTENT_005,2008.62,0,0,0,0,0
2025-03-01,CONTENT_005,2980.41,0,1,0,0,0
2025-03-02,CONTENT_005,2866.85,0,1,0,0,0
2025-03-03,CONTENT_005,2660.77,0,1,0,0,0
2025-03-04,CONTENT_005,2523.06,0,1,0,0,0
2025-03-05,CONTENT_005,2404.48,0,1,0,0,0
2025-03-06,CONTENT_005,2513.94,0,1,0,0,0
2025-03-07,CONTENT_005,2380.89,0,1,0,0,0
2025-03-08,CONTENT_005,2505.07,0,0,0,0,0
2025-03-09,CONTENT_005,2454.3,0,0,0,0,0
2025-03-10,CONTENT_005,1803.18,0,0,0,0,1
2025-03-11,CONTENT_005,1801.86,0,0,0,0,1
2025-03-12,CONTENT_005,2145.67,0,0,0,0,1
2025-03-13,CONTENT_005,2109.6,0,0,0,0,0
2025-03-14,CONTENT_005,2054.67,0,0,0,0,0
2025-03-15,CONTENT_005,2414.48,0,0,0,0,0
2025-03-16,CONTENT_005,2527.47,0,0,0,0,0
2025-03-17,CONTENT_005,2032.96,0,0,0,0,0
2025-03-18,CONTENT_005,1985.07,0,0,0,0,0
2025-03-19,CONTENT_005,2096.6,0,0,0,0,0
2025-03-20,CONTENT_005,2095.8,0,0,0,0,0
2025-03-21,CONTENT_005,2056.21,0,0,0,0,0
2025-03-22,CONTENT_005,2384.41,0,0,0,0,0
2025-03-23,CONTENT_005,2436.95,0,0,0,0,0
2025-03-24,CONTENT_005,2050.69,0,0,0,0,0
2025-03-25,CONTENT_005,2036.12,0,0,0,0,0
2025-03-26,CONTENT_005,2129.03,0,0,0,0,0
2025-03-27,CONTENT_005,2333.75,0,0,0,0,0
2025-03-28,CONTENT_005,2239.84,0,0,0,0,0
2025-03-29,CONTENT_005,2681.9,0,0,0,0,0
2025-03-30,CONTENT_005,2418.39,0,0,0,0,0
2025-03-31,CONTENT_005,2275.84,0,0,0,0,0
2025-04-01,CONTENT_005,3245.26,1,1,0,0,0
2025-04-02,CONTENT_005,2581.57,0,1,0,0,0
2025-04-03,CONTENT_005,2526.06,0,1,0,0,0
2025-04-04,CONTENT_005,2441.96,0,1,0,0,0
2025-04-05,CONTENT_005,2999.59,0,1,0,0,0
2025-04-06,CONTENT_005,2974.96,0,1,0,0,0
2025-04-07,CONTENT_005,2292.34,0,1,0,0,0
2025-04-08,CONTENT_005,2086.97,0,0,0,0,0
2025-04-09,CONTENT_005,2191.6,0,0,0,0,0
2025-04-10,CONTENT_005,1919.13,0,0,0,0,1
2025-04-11,CONTENT_005,1939.29,0,0,0,0,1
2025-04-12,CONTENT_005,2151.3,0,0,0,0,1
2025-04-13,CONTENT_005,2504.9,0,0,0,0,0
2025-04-14,CONTENT_005,2089.88,0,0,0,0,0
2025-04-15,CONTENT_005,2078.64,0,0,0,0,0
2025-04-16,CONTENT_005,2028.68,0,0,0,0,0
2025-04-17,CONTENT_005,2196.06,0,0,0,0,0
2025-04-18,CONTENT_005,2136.27,0,0,0,0,0
2025-04-19,CONTENT_005,2503.68,0,0,0,0,0
2025-04-20,CONTENT_005,2693.33,0,0,0,0,0
2025-04-21,CONTENT_005,2149.75,0,0,0,0,0
2025-04-22,CONTENT_005,2226.05,0,0,0,0,0
2025-04-23,CONTENT_005,2128.66,0,0,0,0,0
2025-04-24,CONTENT_005,2062.92,0,0,0,0,0
2025-04-25,CONTENT_005,1988.79,0,0,0,0,0
2025-04-26,CONTENT_005,2503.35,0,0,0,0,0
2025-04-27,CONTENT_005,2198.33,0,0,0,0,0
2025-04-28,CONTENT_005,2128.61,0,0,0,0,0
2025-04-29,CONTENT_005,2133.12,0,0,0,0,0
2025-04-30,CONTENT_005,2077.16,0,0,0,0,0
2025-05-01,CONTENT_005,2468.3,0,1,0,0,0
2025-05-02,CONTENT_005,2346.63,0,1,0,0,0
2025-05-03,CONTENT_005,3069.53,0,1,0,0,0
2025-05-04,CONTENT_005,2888.63,0,1,0,0,0
2025-05-05,CONTENT_005,2375.93,0,1,0,0,0
2025-05-06,CONTENT_005,2535.19,0,1,0,0,0
2025-05-07,CONTENT_005,2489.63,0,1,0,0,0
2025-05-08,CONTENT_005,2062.37,0,0,0,0,0
2025-05-09,CONTENT_005,2051.28,0,0,0,0,0
2025-05-10,CONTENT_005,2229.61,0,0,0,0,1
2025-05-11,CONTENT_005,2371.51,0,0,0,0,1
2025-05-12,CONTENT_005,1939.3,0,0,0,0,1
2025-05-13,CONTENT_005,2096.39,0,0,0,0,0
2025-05-14,CONTENT_005,2189.51,0,0,0,0,0
2025-05-15,CONTENT_005,2102.89,0,0,0,0,0
2025-05-16,CONTENT_005,2142.16,0,0,0,0,0
2025-05-17,CONTENT_005,2493.87,0,0,0,0,0
2025-05-18,CONTENT_005,2539.93,0,0,0,0,0
2025-05-19,CONTENT_005,2053.36,0,0,0,0,0
2025-05-20,CONTENT_005,1980.37,0,0,0,0,0
2025-05-21,CONTENT_005,2195.22,0,0,0,0,0
2025-05-22,CONTENT_005,2258.02,0,0,0,0,0
2025-05-23,CONTENT_005,1985.35,0,0,0,0,0
2025-05-24,CONTENT_005,2496.83,0,0,0,0,0
2025-05-25,CONTENT_005,2430.87,0,0,0,0,0
2025-05-26,CONTENT_005,2192.75,0,0,0,0,0
2025-05-27,CONTENT_005,2125.9,0,0,0,0,0
2025-05-28,CONTENT_005,2449.38,0,0,0,0,0
2025-05-29,CONTENT_005,2068.35,0,0,0,0,0
2025-05-30,CONTENT_005,2261.42,0,0,0,0,0
2025-05-31,CONTENT_005,2649.64,0,0,0,0,0
2025-06-01,CONTENT_005,2980.07,0,1,0,0,0
2025-06-02,CONTENT_005,2481.89,0,1,0,0,0
2025-06-03,CONTENT_005,2487.96,0,1,0,0,0
2025-06-04,CONTENT_005,2479.07,0,1,0,0,0
2025-06-05,CONTENT_005,2597.0,0,1,0,0,0
2025-06-06,CONTENT_005,2386.37,0,1,0,0,0
2025-06-07,CONTENT_005,2907.14,0,1,0,0,0
2025-06-08,CONTENT_005,2448.37,0,0,0,0,0
2025-06-09,CONTENT_005,1918.75,0,0,0,0,0
2025-06-10,CONTENT_005,1980.19,0,0,0,0,1
2025-06-11,CONTENT_005,2001.61,0,0,0,0,1
2025-06-12,CONTENT_005,1823.41,0,0,0,0,1
2025-06-13,CONTENT_005,2208.16,0,0,0,0,0
2025-06-14,CONTENT_005,2311.72,0,0,0,0,0
2025-06-15,CONTENT_005,2480.52,0,0,0,0,0
2025-06-16,CONTENT_005,2086.74,0,0,0,0,0
2025-06-17,CONTENT_005,2109.21,0,0,0,0,0
2025-06-18,CONTENT_005,2108.67,0,0,0,0,0
2025-06-19,CONTENT_005,2091.91,0,0,0,0,0
2025-06-20,CONTENT_005,2059.28,0,0,0,0,0
2025-06-21,CONTENT_005,2466.59,0,0,0,0,0
2025-06-22,CONTENT_005,2621.14,0,0,0,0,0
2025-06-23,CONTENT_005,2039.23,0,0,0,0,0
2025-06-24,CONTENT_005,2336.81,0,0,0,0,0
2025-06-25,CONTENT_005,2033.31,0,0,0,0,0
2025-06-26,CONTENT_005,2125.21,0,0,0,0,0
2025-06-27,CONTENT_005,2159.98,0,0,0,0,0
2025-06-28,CONTENT_005,2447.37,0,0,0,0,0
2025-06-29,CONTENT_005,2623.15,0,0,0,0,0
2025-06-30,CONTENT_005,2787.25,1,0,0,0,0
2025-07-01,CONTENT_005,2456.49,0,1,0,0,0
2025-07-02,CONTENT_005,2621.98,0,1,0,0,0
2025-07-03,CONTENT_005,2371.37,0,1,0,0,0
2025-07-04,CONTENT_005,2418.62,0,1,0,0,0
2025-07-05,CONTENT_005,2983.11,0,1,0,0,0
2025-07-06,CONTENT_005,3008.19,0,1,0,0,0
2025-07-07,CONTENT_005,2511.88,0,1,0,0,0
2025-07-08,CONTENT_005,2086.64,0,0,0,0,0
2025-07-09,CONTENT_005,2073.6,0,0,0,0,0
2025-07-10,CONTENT_005,2008.8,0,0,0,0,1
2025-07-11,CONTENT_005,1915.24,0,0,0,0,1
2025-07-12,CONTENT_005,2138.61,0,0,0,0,1
2025-07-13,CONTENT_005,2380.36,0,0,0,0,0
2025-07-14,CONTENT_005,2258.91,0,0,0,0,0
2025-07-15,CONTENT_005,2024.53,0,0,0,0,0
2025-07-16,CONTENT_005,2128.64,0,0,0,0,0
2025-07-17,CONTENT_005,2241.85,0,0,0,0,0
2025-07-18,CONTENT_005,2156.92,0,0,0,0,0
2025-07-19,CONTENT_005,2398.45,0,0,0,0,0
2025-07-20,CONTENT_005,2371.35,0,0,0,0,0
2025-07-21,CONTENT_005,2296.34,0,0,0,0,0
2025-07-22,CONTENT_005,1990.68,0,0,0,0,0
2025-07-23,CONTENT_005,2041.91,0,0,0,0,0
2025-07-24,CONTENT_005,2139.11,0,0,0,0,0
2025-07-25,CONTENT_005,2077.02,0,0,0,0,0
2025-07-26,CONTENT_005,2538.25,0,0,0,0,0
2025-07-27,CONTENT_005,2323.88,0,0,0,0,0
2025-07-28,CONTENT_005,2077.91,0,0,0,0,0
2025-07-29,CONTENT_005,2171.16,0,0,0,0,0
2025-07-30,CONTENT_005,2171.51,0,0,0,0,0
2025-07-31,CONTENT_005,2039.89,0,0,0,0,0
2025-08-01,CONTENT_005,2370.72,0,1,0,0,0
2025-08-02,CONTENT_005,2946.48,0,1,0,0,0
2025-08-03,CONTENT_005,2786.23,0,1,0,0,0
2025-08-04,CONTENT_005,2612.85,0,1,0,0,0
2025-08-05,CONTENT_005,2494.53,0,1,0,0,0
2025-08-06,CONTENT_005,2404.83,0,1,0,0,0
2025-08-07,CONTENT_005,2367.28,0,1,0,0,0
2025-08-08,CONTENT_005,2033.53,0,0,0,0,0
2025-08-09,CONTENT_005,2314.0,0,0,0,0,0
2025-08-10,CONTENT_005,2282.15,0,0,0,0,1
2025-08-11,CONTENT_005,1805.7,0,0,0,0,1
2025-08-12,CONTENT_005,1931.97,0,0,0,0,1
2025-08-13,CONTENT_005,2156.44,0,0,0,0,0
2025-08-14,CONTENT_005,2201.43,0,0,0,0,0
2025-08-15,CONTENT_005,2613.64,0,0,1,1,0
2025-08-16,CONTENT_005,2843.95,0,0,1,0,0
2025-08-17,CONTENT_005,2871.34,0,0,1,0,0
2025-08-18,CONTENT_005,2337.11,0,0,1,0,0
2025-08-19,CONTENT_005,2343.45,0,0,1,0,0
2025-08-20,CONTENT_005,2251.47,0,0,1,0,0
2025-08-21,CONTENT_005,1996.3,0,0,0,0,0
2025-08-22,CONTENT_005,2234.62,0,0,0,0,0
2025-08-23,CONTENT_005,2541.6,0,0,0,0,0
2025-08-24,CONTENT_005,2550.12,0,0,0,0,0
2025-08-25,CONTENT_005,2037.98,0,0,0,0,0
2025-08-26,CONTENT_005,2270.51,0,0,0,0,0
2025-08-27,CONTENT_005,2076.0,0,0,0,0,0
2025-08-28,CONTENT_005,2015.81,0,0,0,0,0
2025-08-29,CONTENT_005,2039.76,0,0,0,0,0
2025-08-30,CONTENT_005,2642.98,0,0,0,0,0
2025-08-31,CONTENT_005,2361.34,0,0,0,0,0
2025-09-01,CONTENT_005,2399.13,0,1,0,0,0
2025-09-02,CONTENT_005,2782.34,0,1,0,0,0
2025-09-03,CONTENT_005,2576.81,0,1,0,0,0
2025-09-04,CONTENT_005,2401.03,0,1,0,0,0
2025-09-05,CONTENT_005,2364.45,0,1,0,0,0
2025-09-06,CONTENT_005,2748.41,0,1,0,0,0
2025-09-07,CONTENT_005,2934.24,0,1,0,0,0
2025-09-08,CONTENT_005,2176.44,0,0,0,0,0
2025-09-09,CONTENT_005,2259.47,0,0,0,0,0
2025-09-10,CONTENT_005,1691.13,0,0,0,0,1
2025-09-11,CONTENT_005,1750.83,0,0,0,0,1
2025-09-12,CONTENT_005,1877.45,0,0,0,0,1
2025-09-13,CONTENT_005,2770.71,0,0,0,0,0
2025-09-14,CONTENT_005,2571.02,0,0,0,0,0
2025-09-15,CONTENT_005,2139.14,0,0,0,0,0
2025-09-16,CONTENT_005,1971.38,0,0,0,0,0
2025-09-17,CONTENT_005,1877.4,0,0,0,0,0
2025-09-18,CONTENT_005,2104.08,0,0,0,0,0
2025-09-19,CONTENT_005,2089.57,0,0,0,0,0
2025-09-20,CONTENT_005,2449.88,0,0,0,0,0
2025-09-21,CONTENT_005,2438.05,0,0,0,0,0
2025-09-22,CONTENT_005,2021.42,0,0,0,0,0
2025-09-23,CONTENT_005,1997.35,0,0,0,0,0
2025-09-24,CONTENT_005,2245.9,0,0,0,0,0
2025-09-25,CONTENT_005,2006.91,0,0,0,0,0
2025-09-26,CONTENT_005,2071.0,0,0,0,0,0
2025-09-27,CONTENT_005,2473.9,0,0,0,0,0
2025-09-28,CONTENT_005,3295.56,1,0,0,0,0
2025-09-29,CONTENT_005,2010.56,0,0,0,0,0
2025-09-30,CONTENT_005,2202.7,0,0,0,0,0
2025-10-01,CONTENT_005,2417.14,0,1,0,0,0
2025-10-02,CONTENT_005,2758.36,0,1,0,1,0
2025-10-03,CONTENT_005,2650.53,0,1,0,0,0
2025-10-04,CONTENT_005,2822.27,0,1,0,0,0
2025-10-05,CONTENT_005,2999.73,0,1,0,0,0
2025-10-06,CONTENT_005,2583.48,0,1,0,0,0
2025-10-07,CONTENT_005,2510.54,0,1,0,0,0
2025-10-08,CONTENT_005,2087.66,0,0,0,0,0
2025-10-09,CONTENT_005,2323.2,0,0,0,0,0
2025-10-10,CONTENT_005,1888.55,0,0,0,0,1
2025-10-11,CONTENT_005,2251.63,0,0,0,0,1
2025-10-12,CONTENT_005,2194.86,0,0,0,0,1
2025-10-13,CONTENT_005,2115.86,0,0,0,0,0
2025-10-14,CONTENT_005,2201.23,0,0,0,0,0
2025-10-15,CONTENT_005,2071.09,0,0,0,0,0
2025-10-16,CONTENT_005,1878.6,0,0,0,0,0
2025-10-17,CONTENT_005,2153.92,0,0,0,0,0
2025-10-18,CONTENT_005,2364.77,0,0,0,0,0
2025-10-19,CONTENT_005,2555.9,0,0,0,0,0
2025-10-20,CONTENT_005,2309.86,0,0,1,0,0
2025-10-21,CONTENT_005,2409.03,0,0,1,0,0
2025-10-22,CONTENT_005,2210.42,0,0,1,0,0
2025-10-23,CONTENT_005,2253.8,0,0,1,0,0
2025-10-24,CONTENT_005,2274.3,0,0,1,0,0
2025-10-25,CONTENT_005,2570.16,0,0,1,0,0
2025-10-26,CONTENT_005,2842.5,0,0,1,0,0
2025-10-27,CONTENT_005,2139.33,0,0,1,0,0
2025-10-28,CONTENT_005,2425.22,0,0,1,0,0
2025-10-29,CONTENT_005,2354.56,0,0,1,0,0
2025-10-30,CONTENT_005,2289.12,0,0,1,0,0
2025-10-31,CONTENT_005,2136.24,0,0,0,0,0
2025-11-01,CONTENT_005,2957.4,0,1,0,0,0
2025-11-02,CONTENT_005,2882.0,0,1,0,0,0
2025-11-03,CONTENT_005,2509.31,0,1,0,0,0
2025-11-04,CONTENT_005,2554.77,0,1,0,0,0
2025-11-05,CONTENT_005,2378.81,0,1,0,0,0
2025-11-06,CONTENT_005,2514.35,0,1,0,0,0
2025-11-07,CONTENT_005,2202.24,0,1,0,0,0
2025-11-08,CONTENT_005,2275.39,0,0,0,0,0
2025-11-09,CONTENT_005,2537.28,0,0,0,0,0
2025-11-10,CONTENT_005,1846.13,0,0,0,0,1
2025-11-11,CONTENT_005,1800.39,0,0,0,0,1
2025-11-12,CONTENT_005,1884.43,0,0,0,0,1
2025-11-13,CONTENT_005,2058.43,0,0,0,0,0
2025-11-14,CONTENT_005,1996.2,0,0,0,0,0
2025-11-15,CONTENT_005,2305.9,0,0,0,0,0
2025-11-16,CONTENT_005,2271.34,0,0,0,0,0
2025-11-17,CONTENT_005,2177.57,0,0,0,0,0
2025-11-18,CONTENT_005,2055.64,0,0,0,0,0
2025-11-19,CONTENT_005,2201.8,0,0,0,0,0
2025-11-20,CONTENT_005,2054.57,0,0,0,0,0
2025-11-21,CONTENT_005,2137.27,0,0,0,0,0
2025-11-22,CONTENT_005,2464.83,0,0,0,0,0
2025-11-23,CONTENT_005,2482.67,0,0,0,0,0
2025-11-24,CONTENT_005,2109.77,0,0,0,0,0
2025-11-25,CONTENT_005,2053.2,0,0,0,0,0
2025-11-26,CONTENT_005,1970.89,0,0,0,0,0
2025-11-27,CONTENT_005,2180.44,0,0,0,0,0
2025-11-28,CONTENT_005,2267.32,0,0,0,0,0
2025-11-29,CONTENT_005,2652.22,0,0,0,0,0
2025-11-30,CONTENT_005,2419.91,0,0,0,0,0
2025-12-01,CONTENT_005,2401.02,0,1,0,0,0
2025-12-02,CONTENT_005,2419.8,0,1,0,0,0
2025-12-03,CONTENT_005,2459.54,0,1,0,0,0
2025-12-04,CONTENT_005,2472.49,0,1,0,0,0
2025-12-05,CONTENT_005,2373.22,0,1,0,0,0
2025-12-06,CONTENT_005,2768.67,0,1,0,0,0
2025-12-07,CONTENT_005,2929.28,0,1,0,0,0
2025-12-08,CONTENT_005,1729.31,0,0,0,0,0
2025-12-09,CONTENT_005,2089.43,0,0,0,0,0
2025-12-10,CONTENT_005,1790.8,0,0,0,0,1
2025-12-11,CONTENT_005,1971.92,0,0,0,0,1
2025-12-12,CONTENT_005,2000.0,0,0,0,0,1
2025-12-13,CONTENT_005,2590.48,0,0,0,0,0
2025-12-14,CONTENT_005,2441.62,0,0,0,0,0
2025-12-15,CONTENT_005,1980.81,0,0,0,0,0
2025-12-16,CONTENT_005,2014.47,0,0,0,0,0
2025-12-17,CONTENT_005,2130.2,0,0,0,0,0
2025-12-18,CONTENT_005,1927.18,0,0,0,0,0
2025-12-19,CONTENT_005,2246.32,0,0,0,0,0
2025-12-20,CONTENT_005,2443.28,0,0,0,0,0
2025-12-21,CONTENT_005,2530.52,0,0,0,0,0
2025-12-22,CONTENT_005,1912.95,0,0,0,0,0
2025-12-23,CONTENT_005,2002.77,0,0,0,0,0
2025-12-24,CONTENT_005,1899.9,0,0,0,0,0
2025-12-25,CONTENT_005,2459.22,0,0,0,1,0
2025-12-26,CONTENT_005,2083.18,0,0,0,0,0
2025-12-27,CONTENT_005,2537.99,0,0,0,0,0
2025-12-28,CONTENT_005,2484.66,0,0,0,0,0
2025-12-29,CONTENT_005,2149.19,0,0,0,0,0
2025-12-30,CONTENT_005,2064.57,0,0,0,0,0
2025-12-31,CONTENT_005,2078.63,0,0,0,0,0
2026-01-01,CONTENT_005,3598.34,1,1,0,1,0
2026-01-02,CONTENT_005,2520.59,0,1,0,0,0
2026-01-03,CONTENT_005,2969.41,0,1,0,0,0
2026-01-04,CONTENT_005,3219.24,0,1,0,0,0
2026-01-05,CONTENT_005,2654.57,0,1,0,0,0
2026-01-06,CONTENT_005,2291.23,0,1,0,0,0
2026-01-07,CONTENT_005,2462.97,0,1,0,0,0
2026-01-08,CONTENT_005,2057.38,0,0,0,0,0
2026-01-09,CONTENT_005,2234.41,0,0,0,0,0
2026-01-10,CONTENT_005,2197.05,0,0,0,0,1
2026-01-11,CONTENT_005,2278.95,0,0,0,0,1
2026-01-12,CONTENT_005,1644.61,0,0,0,0,1
2026-01-13,CONTENT_005,1941.07,0,0,0,0,0
2026-01-14,CONTENT_005,2319.69,0,0,0,0,0
2026-01-15,CONTENT_005,2105.28,0,0,0,0,0
2026-01-16,CONTENT_005,1995.16,0,0,0,0,0
2026-01-17,CONTENT_005,2503.5,0,0,0,0,0
2026-01-18,CONTENT_005,2367.43,0,0,0,0,0
2026-01-19,CONTENT_005,2070.25,0,0,0,0,0
2026-01-20,CONTENT_005,1947.48,0,0,0,0,0
2026-01-21,CONTENT_005,2017.18,0,0,0,0,0
2026-01-22,CONTENT_005,2056.28,0,0,0,0,0
2026-01-23,CONTENT_005,2217.67,0,0,0,0,0
2026-01-24,CONTENT_005,2526.72,0,0,0,0,0
2026-01-25,CONTENT_005,2545.05,0,0,0,0,0
2026-01-26,CONTENT_005,2349.29,0,0,0,1,0
2026-01-27,CONTENT_005,2186.4,0,0,0,0,0
2026-01-28,CONTENT_005,2008.28,0,0,0,0,0
2026-01-29,CONTENT_005,2023.07,0,0,0,0,0
2026-01-30,CONTENT_005,2142.8,0,0,0,0,0
2026-01-31,CONTENT_005,2448.69,0,0,0,0,0
2026-02-01,CONTENT_005,2922.59,0,1,0,0,0
2026-02-02,CONTENT_005,2460.77,0,1,0,0,0
2026-02-03,CONTENT_005,2609.61,0,1,0,0,0
2026-02-04,CONTENT_005,2615.08,0,1,0,0,0
2026-02-05,CONTENT_005,2412.25,0,1,0,0,0
2026-02-06,CONTENT_005,2293.21,0,1,0,0,0
2026-02-07,CONTENT_005,2849.33,0,1,0,0,0
2026-02-08,CONTENT_005,2383.82,0,0,0,0,0
2026-02-09,CONTENT_005,2187.33,0,0,0,0,0
2026-02-10,CONTENT_005,1986.65,0,0,0,0,1
2026-02-11,CONTENT_005,1781.74,0,0,0,0,1
2026-02-12,CONTENT_005,1810.78,0,0,0,0,1
2026-02-13,CONTENT_005,1944.7,0,0,0,0,0
2026-02-14,CONTENT_005,2492.11,0,0,0,0,0
2026-02-15,CONTENT_005,2473.28,0,0,0,0,0
2026-02-16,CONTENT_005,2182.86,0,0,0,0,0
2026-02-17,CONTENT_005,2152.2,0,0,0,0,0
2026-02-18,CONTENT_005,2164.07,0,0,0,0,0
2026-02-19,CONTENT_005,1938.09,0,0,0,0,0
2026-02-20,CONTENT_005,2034.24,0,0,0,0,0
2026-02-21,CONTENT_005,2577.63,0,0,0,0,0
2026-02-22,CONTENT_005,2421.45,0,0,0,0,0
2026-02-23,CONTENT_005,1929.11,0,0,0,0,0
2026-02-24,CONTENT_005,2184.84,0,0,0,0,0
2026-02-25,CONTENT_005,2039.39,0,0,0,0,0
2026-02-26,CONTENT_005,2211.58,0,0,0,0,0
2026-02-27,CONTENT_005,2098.07,0,0,0,0,0
2026-02-28,CONTENT_005,2448.89,0,0,0,0,0
2026-03-01,CONTENT_005,3067.18,0,1,0,0,0
2026-03-02,CONTENT_005,2341.22,0,1,0,0,0
2026-03-03,CONTENT_005,2628.59,0,1,0,0,0
2026-03-04,CONTENT_005,2410.87,0,1,0,0,0
2026-03-05,CONTENT_005,2495.05,0,1,0,0,0
2026-03-06,CONTENT_005,2496.04,0,1,0,0,0
2026-03-07,CONTENT_005,2879.19,0,1,0,0,0
2026-03-08,CONTENT_005,2397.98,0,0,0,0,0
2026-03-09,CONTENT_005,2061.17,0,0,0,0,0
2026-03-10,CONTENT_005,1783.47,0,0,0,0,1
2026-03-11,CONTENT_005,2096.01,0,0,0,0,1
2026-03-12,CONTENT_005,1839.48,0,0,0,0,1
2026-03-13,CONTENT_005,2221.69,0,0,0,0,0
2026-03-14,CONTENT_005,2585.85,0,0,0,0,0
2026-03-15,CONTENT_005,2516.11,0,0,0,0,0
2026-03-16,CONTENT_005,2085.75,0,0,0,0,0
2026-03-17,CONTENT_005,2120.35,0,0,0,0,0
2026-03-18,CONTENT_005,2160.08,0,0,0,0,0
2026-03-19,CONTENT_005,2110.55,0,0,0,0,0
2026-03-20,CONTENT_005,1935.49,0,0,0,0,0
2026-03-21,CONTENT_005,2287.08,0,0,0,0,0
2026-03-22,CONTENT_005,2636.44,0,0,0,0,0
2026-03-23,CONTENT_005,1823.36,0,0,0,0,0
2026-03-24,CONTENT_005,2120.55,0,0,0,0,0
2026-03-25,CONTENT_005,2075.33,0,0,0,0,0
2026-03-26,CONTENT_005,2116.88,0,0,0,0,0
2026-03-27,CONTENT_005,2610.3,1,0,0,0,0
2026-03-28,CONTENT_005,2514.82,0,0,0,0,0
2026-03-29,CONTENT_005,2499.63,0,0,0,0,0
2026-03-30,CONTENT_005,2389.91,0,0,0,0,0
2026-03-31,CONTENT_005,2113.65,0,0,0,0,0
2026-04-01,CONTENT_005,2619.56,0,1,0,0,0
2026-04-02,CONTENT_005,2320.64,0,1,0,0,0
2026-04-03,CONTENT_005,2585.11,0,1,0,0,0
2026-04-04,CONTENT_005,2947.8,0,1,0,0,0
2026-04-05,CONTENT_005,2952.36,0,1,0,0,0
2026-04-06,CONTENT_005,2507.77,0,1,0,0,0
2026-04-07,CONTENT_005,2657.17,0,1,0,0,0
2026-04-08,CONTENT_005,2126.79,0,0,0,0,0
2026-04-09,CONTENT_005,2017.67,0,0,0,0,0
2026-04-10,CONTENT_005,1825.33,0,0,0,0,1
2026-04-11,CONTENT_005,2316.0,0,0,0,0,1
2026-04-12,CONTENT_005,2277.18,0,0,0,0,1
2026-04-13,CONTENT_005,1939.3,0,0,0,0,0
2026-04-14,CONTENT_005,2154.04,0,0,0,0,0
2026-04-15,CONTENT_005,1986.35,0,0,0,0,0
2026-04-16,CONTENT_005,2146.02,0,0,0,0,0
2026-04-17,CONTENT_005,2015.42,0,0,0,0,0
2026-04-18,CONTENT_005,2448.44,0,0,0,0,0
2026-04-19,CONTENT_005,2420.8,0,0,0,0,0
2026-04-20,CONTENT_005,2259.49,0,0,0,0,0
2026-04-21,CONTENT_005,2142.19,0,0,0,0,0
2026-04-22,CONTENT_005,2232.42,0,0,0,0,0
2026-04-23,CONTENT_005,2404.0,0,0,0,0,0
2026-04-24,CONTENT_005,2104.91,0,0,0,0,0
2026-04-25,CONTENT_005,2635.71,0,0,0,0,0
2026-04-26,CONTENT_005,2404.56,0,0,0,0,0
2026-04-27,CONTENT_005,2231.76,0,0,0,0,0
2026-04-28,CONTENT_005,2015.21,0,0,0,0,0
2026-04-29,CONTENT_005,2098.07,0,0,0,0,0
2026-04-30,CONTENT_005,2156.37,0,0,0,0,0
2026-05-01,CONTENT_005,2550.89,0,1,0,0,0
2026-05-02,CONTENT_005,2790.42,0,1,0,0,0
2026-05-03,CONTENT_005,2833.0,0,1,0,0,0
2026-05-04,CONTENT_005,2542.2,0,1,0,0,0
2026-05-05,CONTENT_005,2439.39,0,1,0,0,0
2026-05-06,CONTENT_005,2331.28,0,1,0,0,0
2026-05-07,CONTENT_005,2470.55,0,1,0,0,0
2026-05-08,CONTENT_005,2087.51,0,0,0,0,0
2026-05-09,CONTENT_005,2496.58,0,0,0,0,0
2026-05-10,CONTENT_005,2285.77,0,0,0,0,1
2026-05-11,CONTENT_005,1938.89,0,0,0,0,1
2026-05-12,CONTENT_005,1809.34,0,0,0,0,1
2026-05-13,CONTENT_005,2056.86,0,0,0,0,0
2026-05-14,CONTENT_005,2197.42,0,0,0,0,0
2026-05-15,CONTENT_005,2042.97,0,0,0,0,0
2026-05-16,CONTENT_005,2436.52,0,0,0,0,0
2026-05-17,CONTENT_005,2320.05,0,0,0,0,0
2026-05-18,CONTENT_005,2096.99,0,0,0,0,0
2026-05-19,CONTENT_005,2136.25,0,0,0,0,0
2026-05-20,CONTENT_005,1892.57,0,0,0,0,0
2026-05-21,CONTENT_005,1987.62,0,0,0,0,0
2026-05-22,CONTENT_005,1950.72,0,0,0,0,0
2026-05-23,CONTENT_005,2560.78,0,0,0,0,0
2026-05-24,CONTENT_005,2277.2,0,0,0,0,0
2026-05-25,CONTENT_005,2091.74,0,0,0,0,0
2026-05-26,CONTENT_005,2175.38,0,0,0,0,0
2026-05-27,CONTENT_005,2119.72,0,0,0,0,0
2026-05-28,CONTENT_005,2053.8,0,0,0,0,0
2026-05-29,CONTENT_005,2136.38,0,0,0,0,0
2026-05-30,CONTENT_005,2586.88,0,0,0,0,0
2026-05-31,CONTENT_005,2466.7,0,0,0,0,0
2026-06-01,CONTENT_005,2242.91,0,1,0,0,0
2026-06-02,CONTENT_005,2598.51,0,1,0,0,0
2026-06-03,CONTENT_005,2520.03,0,1,0,0,0
2026-06-04,CONTENT_005,2474.53,0,1,0,0,0
2026-06-05,CONTENT_005,2270.06,0,1,0,0,0
2026-06-06,CONTENT_005,2892.72,0,1,0,0,0
2026-06-07,CONTENT_005,2832.11,0,1,0,0,0
2026-06-08,CONTENT_005,1972.29,0,0,0,0,0
2026-06-09,CONTENT_005,2085.67,0,0,0,0,0
2026-06-10,CONTENT_005,1833.72,0,0,0,0,1
2026-06-11,CONTENT_005,1840.64,0,0,0,0,1
2026-06-12,CONTENT_005,1967.66,0,0,0,0,1
2026-06-13,CONTENT_005,2504.84,0,0,0,0,0
2026-06-14,CONTENT_005,2425.97,0,0,0,0,0
2026-06-15,CONTENT_005,2034.65,0,0,0,0,0
2026-06-16,CONTENT_005,2052.24,0,0,0,0,0
2026-06-17,CONTENT_005,2074.02,0,0,0,0,0
2026-06-18,CONTENT_005,2161.33,0,0,0,0,0
2026-06-19,CONTENT_005,1990.53,0,0,0,0,0
2026-06-20,CONTENT_005,2631.14,0,0,0,0,0
2026-06-21,CONTENT_005,2539.4,0,0,0,0,0
2026-06-22,CONTENT_005,1812.52,0,0,0,0,0
2026-06-23,CONTENT_005,2108.96,0,0,0,0,0
2026-06-24,CONTENT_005,2209.28,0,0,0,0,0
2026-06-25,CONTENT_005,2140.81,0,0,0,0,0
2026-06-26,CONTENT_005,2056.7,0,0,0,0,0
2026-06-27,CONTENT_005,2471.59,0,0,0,0,0
2026-06-28,CONTENT_005,2496.72,0,0,0,0,0
2026-06-29,CONTENT_005,2180.81,0,0,0,0,0
2026-06-30,CONTENT_005,1951.42,0,0,0,0,0
2026-07-01,CONTENT_005,2414.47,0,1,0,0,0
2026-07-02,CONTENT_005,2650.05,0,1,0,0,0
2026-07-03,CONTENT_005,2481.46,0,1,0,0,0
2026-07-04,CONTENT_005,3084.47,0,1,0,0,0
2026-07-05,CONTENT_005,3237.53,0,1,0,0,0
2026-07-06,CONTENT_005,2426.34,0,1,0,0,0
2026-07-07,CONTENT_005,2352.29,0,1,0,0,0
2026-07-08,CONTENT_005,2072.12,0,0,0,0,0
2026-07-09,CONTENT_005,2215.39,0,0,0,0,0
2026-07-10,CONTENT_005,2020.08,0,0,0,0,1
2026-07-11,CONTENT_005,2468.76,0,0,0,0,1
2026-07-12,CONTENT_005,2226.34,0,0,0,0,1
2026-07-13,CONTENT_005,2151.25,0,0,0,0,0
2026-07-14,CONTENT_005,2025.26,0,0,0,0,0
2026-07-15,CONTENT_005,1836.77,0,0,0,0,0
2026-07-16,CONTENT_005,2095.84,0,0,0,0,0
2026-07-17,CONTENT_005,1978.86,0,0,0,0,0
2026-07-18,CONTENT_005,2545.55,0,0,0,0,0
2026-07-19,CONTENT_005,2280.45,0,0,0,0,0
2026-07-20,CONTENT_005,2022.37,0,0,0,0,0
2026-07-21,CONTENT_005,2128.11,0,0,0,0,0
2026-07-22,CONTENT_005,2139.1,0,0,0,0,0
2026-07-23,CONTENT_005,2095.02,0,0,0,0,0
2026-07-24,CONTENT_005,2296.07,0,0,0,0,0
2026-07-25,CONTENT_005,2642.79,0,0,0,0,0
2026-07-26,CONTENT_005,2406.15,0,0,0,0,0
2026-07-27,CONTENT_005,2268.99,0,0,0,0,0
2026-07-28,CONTENT_005,2285.03,0,0,0,0,0
2026-07-29,CONTENT_005,2086.99,0,0,0,0,0
2026-07-30,CONTENT_005,2104.77,0,0,0,0,0
2026-07-31,CONTENT_005,2094.67,0,0,0,0,0
2026-08-01,CONTENT_005,2856.32,0,1,0,0,0
2026-08-02,CONTENT_005,2866.74,0,1,0,0,0
2026-08-03,CONTENT_005,2616.53,0,1,0,0,0
2026-08-04,CONTENT_005,2523.92,0,1,0,0,0
2026-08-05,CONTENT_005,2419.81,0,1,0,0,0
2026-08-06,CONTENT_005,2380.77,0,1,0,0,0
2026-08-07,CONTENT_005,2398.4,0,1,0,0,0
2026-08-08,CONTENT_005,2460.8,0,0,0,0,0
2026-08-09,CONTENT_005,2573.88,0,0,0,0,0
2026-08-10,CONTENT_005,1799.69,0,0,0,0,1
2026-08-11,CONTENT_005,1984.68,0,0,0,0,1
2026-08-12,CONTENT_005,1910.68,0,0,0,0,1
2026-08-13,CONTENT_005,2115.0,0,0,0,0,0
2026-08-14,CONTENT_005,2207.71,0,0,0,0,0
2026-08-15,CONTENT_005,3141.45,0,0,1,1,0
2026-08-16,CONTENT_005,2578.33,0,0,1,0,0
2026-08-17,CONTENT_005,2196.18,0,0,1,0,0
2026-08-18,CONTENT_005,2285.9,0,0,1,0,0
2026-08-19,CONTENT_005,2347.38,0,0,1,0,0
2026-08-20,CONTENT_005,2453.28,0,0,1,0,0
2026-08-21,CONTENT_005,2106.83,0,0,0,0,0
2026-08-22,CONTENT_005,2656.89,0,0,0,0,0
2026-08-23,CONTENT_005,2403.8,0,0,0,0,0
2026-08-24,CONTENT_005,2043.55,0,0,0,0,0
2026-08-25,CONTENT_005,2067.9,0,0,0,0,0
2026-08-26,CONTENT_005,2014.19,0,0,0,0,0
2026-08-27,CONTENT_005,2221.74,0,0,0,0,0
2026-08-28,CONTENT_005,1809.17,0,0,0,0,0
2026-08-29,CONTENT_005,2425.13,0,0,0,0,0
2026-08-30,CONTENT_005,2598.56,0,0,0,0,0
2026-08-31,CONTENT_005,2067.21,0,0,0,0,0
2026-09-01,CONTENT_005,2590.65,0,1,0,0,0
