date,product_name,units_sold,revenue,temperature_c,footfall_index,festival,holiday,promotion_active
2025-01-01,Vanilla,1383,60037.2,27.5,96,0,1,0
2025-01-02,Vanilla,1145,47546.85,24.2,95,0,0,0
2025-01-03,Vanilla,1248,53872.03,27.2,97,0,0,0
2025-01-04,Vanilla,1456,59275.31,27.5,123,0,0,0
2025-01-05,Vanilla,1471,61671.84,28.0,115,0,0,0
2025-01-06,Vanilla,1279,53421.54,27.3,98,0,0,0
2025-01-07,Vanilla,1231,52376.79,27.1,99,0,0,0
2025-01-08,Vanilla,1381,57160.11,28.5,103,0,0,0
2025-01-09,Vanilla,1236,54005.11,27.2,98,0,0,0
2025-01-10,Vanilla,1152,49508.22,27.9,98,0,0,0
2025-01-11,Vanilla,1423,60261.55,29.3,122,0,0,0
2025-01-12,Vanilla,1506,63757.1,28.5,120,0,0,0
2025-01-13,Vanilla,1275,54757.34,29.5,102,0,0,0
2025-01-14,Vanilla,1154,47362.1,26.4,100,0,0,0
2025-01-15,Vanilla,1190,51708.38,28.3,108,0,0,0
2025-01-16,Vanilla,1197,51326.56,26.3,101,0,0,0
2025-01-17,Vanilla,1255,51839.62,30.0,105,0,0,0
2025-01-18,Vanilla,1403,56541.0,30.3,120,0,0,0
2025-01-19,Vanilla,1449,62358.77,27.8,122,0,0,0
2025-01-20,Vanilla,1288,53498.34,28.6,103,0,0,0
2025-01-21,Vanilla,1241,51411.39,30.0,100,0,0,0
2025-01-22,Vanilla,1199,50380.47,27.7,105,0,0,0
2025-01-23,Vanilla,1333,55789.08,30.3,105,0,0,0
2025-01-24,Vanilla,1139,45365.61,29.1,103,0,0,0
2025-01-25,Vanilla,1455,59133.79,27.8,117,0,0,0
2025-01-26,Vanilla,1653,71254.67,29.4,127,0,1,0
2025-01-27,Vanilla,1182,49042.89,28.6,103,0,0,0
2025-01-28,Vanilla,1317,55783.65,31.4,97,0,0,0
2025-01-29,Vanilla,1254,51672.02,29.4,98,0,0,0
2025-01-30,Vanilla,1408,58630.48,30.7,104,0,0,0
2025-01-31,Vanilla,1278,56281.56,28.9,105,0,0,0
2025-02-01,Vanilla,1653,66478.46,31.8,123,0,0,0
2025-02-02,Vanilla,1456,58145.32,29.7,118,0,0,0
2025-02-03,Vanilla,1218,49300.54,31.7,103,0,0,0
2025-02-04,Vanilla,1464,67886.84,31.3,108,0,0,0
2025-02-05,Vanilla,1161,49228.22,31.6,101,0,0,0
2025-02-06,Vanilla,1238,51734.55,29.8,103,0,0,0
2025-02-07,Vanilla,1339,54157.89,32.8,105,0,0,0
2025-02-08,Vanilla,1468,65548.98,28.7,121,0,0,0
2025-02-09,Vanilla,1529,61500.33,31.5,127,0,0,0
2025-02-10,Vanilla,1430,58298.13,30.0,102,0,0,0
2025-02-11,Vanilla,1405,59821.28,32.8,102,0,0,0
2025-02-12,Vanilla,1278,54531.12,31.4,105,0,0,0
2025-02-13,Vanilla,1213,51260.02,31.0,100,0,0,0
2025-02-14,Vanilla,1379,58509.23,34.2,106,0,0,0
2025-02-15,Vanilla,1588,69331.18,33.9,124,0,0,0
2025-02-16,Vanilla,1619,65024.38,32.6,130,0,0,0
2025-02-17,Vanilla,1439,60050.51,30.0,112,0,0,0
2025-02-18,Vanilla,1276,51879.49,31.6,112,0,0,0
2025-02-19,Vanilla,1363,56911.84,33.2,104,0,0,0
2025-02-20,Vanilla,1387,59593.71,32.8,112,0,0,0
2025-02-21,Vanilla,1228,49330.95,29.3,106,0,0,0
2025-02-22,Vanilla,1611,64456.77,31.1,123,0,0,0
2025-02-23,Vanilla,1560,67866.45,32.6,122,0,0,0
2025-02-24,Vanilla,1386,56765.14,33.4,112,0,0,0
2025-02-25,Vanilla,1371,55351.96,32.3,107,0,0,0
2025-02-26,Vanilla,1545,69239.59,32.9,107,0,0,0
2025-02-27,Vanilla,1235,50775.72,31.5,105,0,0,0
2025-02-28,Vanilla,1346,55211.28,33.4,112,0,0,0
2025-03-01,Vanilla,1448,59666.06,29.7,124,0,0,0
2025-03-02,Vanilla,1452,57788.78,31.7,124,0,0,0
2025-03-03,Vanilla,1352,60509.26,36.3,102,0,0,0
2025-03-04,Vanilla,1431,60835.15,37.5,102,0,0,0
2025-03-05,Vanilla,1406,60691.4,35.8,103,0,0,0
2025-03-06,Vanilla,1383,55233.78,33.9,106,0,0,0
2025-03-07,Vanilla,1390,57222.14,32.9,106,0,0,0
2025-03-08,Vanilla,1666,70851.04,34.1,129,0,0,0
2025-03-09,Vanilla,1576,66940.19,33.5,125,0,0,0
2025-03-10,Vanilla,1524,64890.05,33.3,116,0,0,0
2025-03-11,Vanilla,1435,60835.57,32.3,103,0,0,0
2025-03-12,Vanilla,1450,61888.36,34.3,100,0,0,0
2025-03-13,Vanilla,1371,57689.9,31.9,106,0,0,0
2025-03-14,Vanilla,1369,57811.29,33.2,107,0,0,0
2025-03-15,Vanilla,1635,69102.9,35.9,115,0,0,0
2025-03-16,Vanilla,1522,64672.81,34.1,124,0,0,0
2025-03-17,Vanilla,1496,62094.79,36.3,102,0,0,0
2025-03-18,Vanilla,1364,59947.89,33.7,104,0,0,0
2025-03-19,Vanilla,1529,65225.05,34.7,115,0,0,0
2025-03-20,Vanilla,1527,63454.7,36.4,110,0,0,0
2025-03-21,Vanilla,1468,59061.38,33.9,105,0,0,0
2025-03-22,Vanilla,1755,75686.66,35.0,125,0,0,0
2025-03-23,Vanilla,1622,67961.1,36.6,129,0,0,0
2025-03-24,Vanilla,1470,63145.76,32.2,106,0,0,0
2025-03-25,Vanilla,1378,55361.37,32.9,104,0,0,0
2025-03-26,Vanilla,1475,63296.88,32.9,109,0,0,0
2025-03-27,Vanilla,1348,57452.89,30.5,109,0,0,0
2025-03-28,Vanilla,1398,59955.13,36.4,100,0,0,0
2025-03-29,Vanilla,1642,71049.14,31.6,132,0,0,0
2025-03-30,Vanilla,1721,72883.17,33.1,129,0,0,0
2025-03-31,Vanilla,1369,57195.05,34.3,109,0,0,0
2025-04-01,Vanilla,1487,60092.94,33.8,110,0,0,0
2025-04-02,Vanilla,1384,56421.01,33.8,114,0,0,0
2025-04-03,Vanilla,1439,63306.56,34.3,111,0,0,0
2025-04-04,Vanilla,1498,68146.24,35.3,111,0,0,0
2025-04-05,Vanilla,1733,71596.21,33.7,118,0,0,0
2025-04-06,Vanilla,1576,63233.11,34.1,131,0,0,0
2025-04-07,Vanilla,1388,59387.36,31.6,105,0,0,0
2025-04-08,Vanilla,1252,52686.08,34.4,102,0,0,0
2025-04-09,Vanilla,1461,61664.96,33.2,110,0,0,0
2025-04-10,Vanilla,1487,60882.23,35.1,109,0,0,0
2025-04-11,Vanilla,1476,61120.26,33.7,109,0,0,0
2025-04-12,Vanilla,1671,72261.19,34.7,125,0,0,0
2025-04-13,Vanilla,1465,56401.88,30.9,121,0,0,0
2025-04-14,Vanilla,1391,58834.69,32.8,111,0,0,0
2025-04-15,Vanilla,1473,64856.75,35.5,113,0,0,0
2025-04-16,Vanilla,1373,54616.84,33.9,104,0,0,0
2025-04-17,Vanilla,1443,64330.61,32.4,106,0,0,0
2025-04-18,Vanilla,1310,55952.78,31.7,109,0,0,0
2025-04-19,Vanilla,1693,69569.6,33.5,118,0,0,0
2025-04-20,Vanilla,1580,67374.1,32.9,121,0,0,0
2025-04-21,Vanilla,1444,63508.55,33.4,109,0,0,0
2025-04-22,Vanilla,1462,60677.05,33.1,102,0,0,0
2025-04-23,Vanilla,1454,61828.68,35.2,109,0,0,0
2025-04-24,Vanilla,1520,64205.23,36.4,116,0,0,0
2025-04-25,Vanilla,1466,61515.13,35.1,104,0,0,0
2025-04-26,Vanilla,1548,60202.53,33.9,122,0,0,0
2025-04-27,Vanilla,1587,71265.58,31.7,123,0,0,0
2025-04-28,Vanilla,1464,60594.06,35.0,103,0,0,0
2025-04-29,Vanilla,1452,60245.1,32.8,108,0,0,0
2025-04-30,Vanilla,1435,65861.49,34.8,103,0,0,0
2025-05-01,Vanilla,1708,73223.95,33.5,113,0,0,1
2025-05-02,Vanilla,1609,68616.53,33.0,106,0,0,1
2025-05-03,Vanilla,1997,84971.94,31.8,128,0,0,1
2025-05-04,Vanilla,1922,83421.18,32.6,127,0,0,1
2025-05-05,Vanilla,1450,57648.24,30.2,105,0,0,1
2025-05-06,Vanilla,1682,66853.18,34.9,110,0,0,1
2025-05-07,Vanilla,1704,72679.56,28.3,104,0,0,1
2025-05-08,Vanilla,1287,53480.02,31.9,108,0,0,0
2025-05-09,Vanilla,1463,62202.32,32.8,106,0,0,0
2025-05-10,Vanilla,1720,76442.66,33.6,122,0,0,0
2025-05-11,Vanilla,1682,70161.24,31.0,121,0,0,0
2025-05-12,Vanilla,1543,65110.32,34.5,104,0,0,0
2025-05-13,Vanilla,1406,57067.17,32.7,112,0,0,0
2025-05-14,Vanilla,1282,55069.86,31.6,108,0,0,0
2025-05-15,Vanilla,1230,50208.79,31.4,111,0,0,0
2025-05-16,Vanilla,1346,56170.14,29.6,103,0,0,0
2025-05-17,Vanilla,1633,66115.59,31.6,123,0,0,0
2025-05-18,Vanilla,1694,72562.15,33.0,126,0,0,0
2025-05-19,Vanilla,1423,59110.53,32.3,114,0,0,0
2025-05-20,Vanilla,1264,51402.84,30.6,101,0,0,0
2025-05-21,Vanilla,1393,56906.41,31.6,107,0,0,0
2025-05-22,Vanilla,1415,58044.19,32.9,108,0,0,0
2025-05-23,Vanilla,1305,54676.93,32.3,106,0,0,0
2025-05-24,Vanilla,1626,64743.69,31.8,119,0,0,0
2025-05-25,Vanilla,1669,71007.91,33.3,128,0,0,0
2025-05-26,Vanilla,1263,51014.84,27.6,100,0,0,0
2025-05-27,Vanilla,1347,54881.91,32.2,113,0,0,0
2025-05-28,Vanilla,1320,55933.09,31.4,111,0,0,0
2025-05-29,Vanilla,1322,54683.99,33.6,98,0,0,0
2025-05-30,Vanilla,1380,54285.83,30.0,108,0,0,0
2025-05-31,Vanilla,1700,69799.65,31.5,120,0,0,0
2025-06-01,Vanilla,1634,69726.29,29.7,124,0,0,0
2025-06-02,Vanilla,1243,52644.67,28.0,106,0,0,0
2025-06-03,Vanilla,1264,50656.12,28.3,106,0,0,0
2025-06-04,Vanilla,1345,59417.75,31.4,105,0,0,0
2025-06-05,Vanilla,1362,55938.02,29.5,104,0,0,0
2025-06-06,Vanilla,1335,58798.69,30.8,101,0,0,0
2025-06-07,Vanilla,1618,74143.22,28.4,112,0,0,0
2025-06-08,Vanilla,1514,62937.99,29.3,114,0,0,0
2025-06-09,Vanilla,1367,58489.5,29.5,99,0,0,0
2025-06-10,Vanilla,1446,61104.98,27.4,106,0,0,0
2025-06-11,Vanilla,1373,54101.68,29.0,102,0,0,0
2025-06-12,Vanilla,1469,61314.21,29.7,101,0,0,0
2025-06-13,Vanilla,1420,60320.32,31.8,98,0,0,0
2025-06-14,Vanilla,1616,67087.13,27.9,121,0,0,0
2025-06-15,Vanilla,1432,59408.65,26.5,120,0,0,0
2025-06-16,Vanilla,1195,51054.1,28.8,95,0,0,0
2025-06-17,Vanilla,1332,56488.19,28.1,92,0,0,0
2025-06-18,Vanilla,1343,57109.77,27.7,97,0,0,0
2025-06-19,Vanilla,1437,59994.19,32.2,104,0,0,0
2025-06-20,Vanilla,1444,59518.81,29.7,104,0,0,0
2025-06-21,Vanilla,1574,69645.66,27.7,118,0,0,0
2025-06-22,Vanilla,1538,64029.03,27.6,118,0,0,0
2025-06-23,Vanilla,1259,51400.41,29.6,92,0,0,0
2025-06-24,Vanilla,1169,48745.36,24.5,97,0,0,0
2025-06-25,Vanilla,1272,53315.33,29.6,100,0,0,0
2025-06-26,Vanilla,1265,54189.85,29.4,97,0,0,0
2025-06-27,Vanilla,1304,56140.45,27.3,103,0,0,0
2025-06-28,Vanilla,1467,58938.43,26.0,119,0,0,0
2025-06-29,Vanilla,1443,58393.27,25.1,121,0,0,0
2025-06-30,Vanilla,1150,45718.3,27.2,105,0,0,0
2025-07-01,Vanilla,1300,56096.27,25.8,106,0,0,0
2025-07-02,Vanilla,1269,53408.93,25.4,96,0,0,0
2025-07-03,Vanilla,1323,55879.79,27.8,99,0,0,0
2025-07-04,Vanilla,1210,46741.21,28.0,103,0,0,0
2025-07-05,Vanilla,1488,58344.85,28.2,122,0,0,0
2025-07-06,Vanilla,1640,70150.09,26.7,121,0,0,0
2025-07-07,Vanilla,1254,52105.08,25.9,96,0,0,0
2025-07-08,Vanilla,1394,60923.48,24.8,107,0,0,0
2025-07-09,Vanilla,1300,55462.96,24.8,103,0,0,0
2025-07-10,Vanilla,1371,58891.8,28.0,102,0,0,0
2025-07-11,Vanilla,1262,51951.13,26.5,92,0,0,0
2025-07-12,Vanilla,1601,70506.17,23.9,123,0,0,0
2025-07-13,Vanilla,1507,63752.42,26.1,122,0,0,0
2025-07-14,Vanilla,1255,50257.76,24.0,100,0,0,0
2025-07-15,Vanilla,1378,59724.34,25.4,98,0,0,0
2025-07-16,Vanilla,1261,52578.19,25.4,99,0,0,0
2025-07-17,Vanilla,1192,47828.44,23.6,97,0,0,0
2025-07-18,Vanilla,1148,48004.74,25.9,99,0,0,0
2025-07-19,Vanilla,1585,66662.52,26.5,120,0,0,0
2025-07-20,Vanilla,1467,62448.61,23.7,111,0,0,0
2025-07-21,Vanilla,1290,51772.46,26.7,102,0,0,0
2025-07-22,Vanilla,1235,50799.45,24.2,98,0,0,0
2025-07-23,Vanilla,1197,50833.21,25.0,95,0,0,0
2025-07-24,Vanilla,1268,51088.81,23.9,98,0,0,0
2025-07-25,Vanilla,1184,45968.82,23.6,103,0,0,0
2025-07-26,Vanilla,1462,61146.08,21.5,115,0,0,0
2025-07-27,Vanilla,1474,65360.34,26.0,104,0,0,0
2025-07-28,Vanilla,1190,48383.59,22.3,95,0,0,0
2025-07-29,Vanilla,1392,57762.56,23.4,102,0,0,0
2025-07-30,Vanilla,1406,58855.23,26.7,96,0,0,0
2025-07-31,Vanilla,1471,63660.36,23.9,98,0,0,0
2025-08-01,Vanilla,1235,50962.74,22.5,100,0,0,0
2025-08-02,Vanilla,1480,62191.05,24.9,114,0,0,0
2025-08-03,Vanilla,1333,57318.81,23.9,116,0,0,0
2025-08-04,Vanilla,1226,51646.44,21.8,90,0,0,0
2025-08-05,Vanilla,1166,48260.26,22.1,99,0,0,0
2025-08-06,Vanilla,1267,51298.5,22.2,95,0,0,0
2025-08-07,Vanilla,1119,43710.5,24.1,96,0,0,0
2025-08-08,Vanilla,1239,51985.99,22.9,94,0,0,0
2025-08-09,Vanilla,1399,56298.62,23.1,117,0,0,0
2025-08-10,Vanilla,1816,75097.03,21.1,114,0,0,1
2025-08-11,Vanilla,1391,57258.3,18.8,88,0,0,1
2025-08-12,Vanilla,1453,63313.04,21.9,95,0,0,1
2025-08-13,Vanilla,1494,59306.63,21.4,91,0,0,1
2025-08-14,Vanilla,1466,65064.62,22.9,95,0,0,1
2025-08-15,Vanilla,1839,73715.35,21.3,103,1,1,1
2025-08-16,Vanilla,1828,77864.67,22.3,108,1,0,1
2025-08-17,Vanilla,1669,72995.82,22.9,110,1,0,0
2025-08-18,Vanilla,1477,57867.09,24.1,96,1,0,0
2025-08-19,Vanilla,1372,56447.96,21.4,91,1,0,0
2025-08-20,Vanilla,1263,53829.93,21.6,102,0,0,0
2025-08-21,Vanilla,1252,53425.95,21.4,94,0,0,0
2025-08-22,Vanilla,1293,55449.43,23.4,100,0,0,0
2025-08-23,Vanilla,1529,66204.1,19.8,111,0,0,0
2025-08-24,Vanilla,1512,66226.29,21.8,115,0,0,0
2025-08-25,Vanilla,1271,47794.82,21.9,92,0,0,0
2025-08-26,Vanilla,1087,46390.61,21.9,79,0,0,0
2025-08-27,Vanilla,1188,52338.3,22.0,89,0,0,0
2025-08-28,Vanilla,1281,54586.04,20.5,102,0,0,0
2025-08-29,Vanilla,1185,49574.96,23.6,94,0,0,0
2025-08-30,Vanilla,1431,58508.88,21.0,106,0,0,0
2025-08-31,Vanilla,1449,60627.21,22.4,111,0,0,0
2025-09-01,Vanilla,1193,48242.08,21.3,96,0,0,0
2025-09-02,Vanilla,1151,49108.24,22.6,91,0,0,0
2025-09-03,Vanilla,1251,53922.32,21.5,87,0,0,0
2025-09-04,Vanilla,1166,49550.99,21.3,95,0,0,0
2025-09-05,Vanilla,1309,57882.56,20.3,91,0,0,0
2025-09-06,Vanilla,1482,63028.1,23.4,116,0,0,0
2025-09-07,Vanilla,1481,64031.97,21.8,111,0,0,0
2025-09-08,Vanilla,1218,52314.15,20.5,90,0,0,0
2025-09-09,Vanilla,1307,54159.12,20.5,94,0,0,0
2025-09-10,Vanilla,1176,51936.23,21.6,94,0,0,0
2025-09-11,Vanilla,1164,47105.26,19.7,86,0,0,0
2025-09-12,Vanilla,1231,52846.28,20.5,91,0,0,0
2025-09-13,Vanilla,1506,64643.85,20.9,112,0,0,0
2025-09-14,Vanilla,1318,55427.29,17.2,109,0,0,0
2025-09-15,Vanilla,1354,57279.84,20.3,97,0,0,0
2025-09-16,Vanilla,1229,51615.43,19.5,94,0,0,0
2025-09-17,Vanilla,1308,56265.06,21.7,90,0,0,0
2025-09-18,Vanilla,1320,55641.81,18.8,96,0,0,0
2025-09-19,Vanilla,1212,51890.44,19.0,89,0,0,0
2025-09-20,Vanilla,1397,58246.37,18.7,112,0,0,0
2025-09-21,Vanilla,1417,62642.77,20.3,120,0,0,0
2025-09-22,Vanilla,1275,54400.54,20.3,94,0,0,0
2025-09-23,Vanilla,1249,54579.24,19.8,98,0,0,0
2025-09-24,Vanilla,1187,50664.17,19.1,92,0,0,0
2025-09-25,Vanilla,1248,50329.44,22.2,92,0,0,0
2025-09-26,Vanilla,1180,49961.41,19.7,86,0,0,0
2025-09-27,Vanilla,1480,65346.37,22.0,121,0,0,0
2025-09-28,Vanilla,1508,63476.06,20.4,109,0,0,0
2025-09-29,Vanilla,1163,46153.15,20.2,90,0,0,0
2025-09-30,Vanilla,1220,51255.57,21.0,91,0,0,0
2025-10-01,Vanilla,1223,53615.63,21.2,93,0,0,0
2025-10-02,Vanilla,1492,65443.51,22.4,94,0,1,0
2025-10-03,Vanilla,1316,56297.81,21.7,94,0,0,0
2025-10-04,Vanilla,1401,57172.15,18.4,113,0,0,0
2025-10-05,Vanilla,1600,66547.98,22.0,113,0,0,0
2025-10-06,Vanilla,1272,53574.71,18.3,91,0,0,0
2025-10-07,Vanilla,1288,52185.97,21.7,91,0,0,0
2025-10-08,Vanilla,1217,50683.49,20.7,92,0,0,0
2025-10-09,Vanilla,1388,58091.04,19.8,91,0,0,0
2025-10-10,Vanilla,1181,49135.97,19.7,84,0,0,0
2025-10-11,Vanilla,1497,65767.2,19.1,116,0,0,0
2025-10-12,Vanilla,1484,62336.45,20.2,110,0,0,0
2025-10-13,Vanilla,1104,45468.51,22.7,83,0,0,0
2025-10-14,Vanilla,1314,54430.65,20.2,95,0,0,0
2025-10-15,Vanilla,1299,56433.74,21.7,96,0,0,0
2025-10-16,Vanilla,1315,55448.18,20.6,90,0,0,0
2025-10-17,Vanilla,1124,44817.78,20.2,98,0,0,0
2025-10-18,Vanilla,1471,58456.09,18.5,109,0,0,0
2025-10-19,Vanilla,1651,73804.01,18.8,107,0,0,0
2025-10-20,Vanilla,1319,51622.76,19.7,91,1,0,0
2025-10-21,Vanilla,1385,54845.57,20.2,88,1,0,0
2025-10-22,Vanilla,1433,61083.36,19.3,93,1,0,0
2025-10-23,Vanilla,1363,58539.88,18.5,96,1,0,0
2025-10-24,Vanilla,1365,58078.08,20.5,87,1,0,0
2025-10-25,Vanilla,1752,76231.74,21.5,110,1,0,0
2025-10-26,Vanilla,1795,80668.6,20.2,114,1,0,0
2025-10-27,Vanilla,1498,60538.04,18.8,89,1,0,0
2025-10-28,Vanilla,1432,59924.05,18.7,91,1,0,0
2025-10-29,Vanilla,1352,55000.35,19.8,90,1,0,0
2025-10-30,Vanilla,1477,60950.45,24.2,94,1,0,0
2025-10-31,Vanilla,1092,43606.82,20.6,90,0,0,0
2025-11-01,Vanilla,1536,67564.7,18.2,102,1,0,0
2025-11-02,Vanilla,1705,73611.39,20.9,116,1,0,0
2025-11-03,Vanilla,1473,60591.9,19.7,95,1,0,0
2025-11-04,Vanilla,1386,55877.76,22.0,96,1,0,0
2025-11-05,Vanilla,1440,58768.14,19.4,94,1,0,0
2025-11-06,Vanilla,1339,59354.95,21.3,96,0,0,0
2025-11-07,Vanilla,1392,57355.32,23.2,90,0,0,0
2025-11-08,Vanilla,1483,58264.78,23.0,112,0,0,0
2025-11-09,Vanilla,1556,68892.19,21.2,105,0,0,0
2025-11-10,Vanilla,1245,51116.3,20.3,95,0,0,0
2025-11-11,Vanilla,1412,58282.63,22.8,94,0,0,0
2025-11-12,Vanilla,1349,55753.18,23.2,94,0,0,0
2025-11-13,Vanilla,1235,53096.51,21.7,94,0,0,0
2025-11-14,Vanilla,1409,62241.19,22.8,96,0,0,0
2025-11-15,Vanilla,1480,62211.85,21.4,114,0,0,0
2025-11-16,Vanilla,1567,65301.52,21.1,119,0,0,0
2025-11-17,Vanilla,1130,48808.95,23.9,86,0,0,0
2025-11-18,Vanilla,1210,50777.83,22.3,96,0,0,0
2025-11-19,Vanilla,1328,54901.4,25.3,98,0,0,0
2025-11-20,Vanilla,1289,55772.74,21.8,86,0,0,0
2025-11-21,Vanilla,1212,49148.99,20.1,92,0,0,0
2025-11-22,Vanilla,1536,66248.88,22.6,105,0,0,0
2025-11-23,Vanilla,1420,62266.08,22.3,103,0,0,0
2025-11-24,Vanilla,1217,52582.74,18.6,94,0,0,0
2025-11-25,Vanilla,1348,60328.85,21.8,97,0,0,0
2025-11-26,Vanilla,1207,52849.24,22.6,97,0,0,0
2025-11-27,Vanilla,1297,51433.41,21.9,93,0,0,0
2025-11-28,Vanilla,1340,53086.32,23.5,99,0,0,0
2025-11-29,Vanilla,1413,57068.03,23.0,117,0,0,0
2025-11-30,Vanilla,1565,70095.16,24.7,115,0,0,0
2025-12-01,Vanilla,1505,62727.34,24.1,99,0,0,0
2025-12-02,Vanilla,1346,55468.56,22.3,98,0,0,0
2025-12-03,Vanilla,1364,55789.74,22.1,105,0,0,0
2025-12-04,Vanilla,1296,55525.06,25.1,96,0,0,0
2025-12-05,Vanilla,1450,61913.94,21.9,98,0,0,0
2025-12-06,Vanilla,1503,62553.44,23.4,113,0,0,0
2025-12-07,Vanilla,1434,62082.16,23.5,118,0,0,0
2025-12-08,Vanilla,1243,54683.23,23.6,98,0,0,0
2025-12-09,Vanilla,1253,54184.33,26.2,101,0,0,0
2025-12-10,Vanilla,1295,55098.11,25.0,91,0,0,0
2025-12-11,Vanilla,1350,59684.06,25.4,98,0,0,0
2025-12-12,Vanilla,1294,54028.41,26.5,86,0,0,0
2025-12-13,Vanilla,1634,65964.82,22.1,116,0,0,0
2025-12-14,Vanilla,1497,66191.49,25.4,112,0,0,0
2025-12-15,Vanilla,1199,53707.38,24.2,100,0,0,0
2025-12-16,Vanilla,1384,55201.21,26.0,97,0,0,0
2025-12-17,Vanilla,1353,55828.18,27.0,97,0,0,0
2025-12-18,Vanilla,1592,68420.37,24.5,101,0,0,1
2025-12-19,Vanilla,1556,70556.19,25.4,100,0,0,1
2025-12-20,Vanilla,1950,79407.44,23.2,121,0,0,1
2025-12-21,Vanilla,2053,86312.29,29.0,120,0,0,1
2025-12-22,Vanilla,1605,70783.36,25.5,98,0,0,1
2025-12-23,Vanilla,1645,71362.94,26.2,95,0,0,1
2025-12-24,Vanilla,1621,65823.16,27.0,102,0,0,1
2025-12-25,Vanilla,1748,73197.2,24.9,92,0,1,1
2025-12-26,Vanilla,1457,63643.6,25.6,87,0,0,1
2025-12-27,Vanilla,1766,77983.13,25.4,119,0,0,1
2025-12-28,Vanilla,2053,90895.88,26.3,119,0,0,1
2025-12-29,Vanilla,1578,67482.93,26.2,97,0,0,1
2025-12-30,Vanilla,1718,71861.68,26.6,98,0,0,1
2025-12-31,Vanilla,1855,78904.24,30.3,100,0,0,1
2026-01-01,Vanilla,1522,64973.51,28.4,97,0,1,0
2026-01-02,Vanilla,1339,53505.92,28.6,100,0,0,0
2026-01-03,Vanilla,1553,67846.79,25.1,111,0,0,0
2026-01-04,Vanilla,1588,66308.21,27.3,109,0,0,0
2026-01-05,Vanilla,1430,63719.05,30.6,95,0,0,0
2026-01-06,Vanilla,1439,61150.18,28.3,103,0,0,0
2026-01-07,Vanilla,1488,59431.46,28.9,98,0,0,0
2026-01-08,Vanilla,1387,58206.8,28.3,102,0,0,0
2026-01-09,Vanilla,1357,54746.83,27.0,97,0,0,0
2026-01-10,Vanilla,1709,68749.28,28.6,115,0,0,0
2026-01-11,Vanilla,1727,73389.62,27.3,117,0,0,0
2026-01-12,Vanilla,1284,53844.92,28.0,104,0,0,0
2026-01-13,Vanilla,1514,64832.8,31.4,102,0,0,0
2026-01-14,Vanilla,1325,56067.95,29.9,94,0,0,0
2026-01-15,Vanilla,1413,55245.76,27.6,107,0,0,0
2026-01-16,Vanilla,1345,56109.94,26.9,91,0,0,0
2026-01-17,Vanilla,1778,74221.57,28.3,124,0,0,0
2026-01-18,Vanilla,1657,70362.99,25.8,123,0,0,0
2026-01-19,Vanilla,1615,65505.79,30.6,98,0,0,0
2026-01-20,Vanilla,1400,61984.37,30.4,96,0,0,0
2026-01-21,Vanilla,1484,62094.36,29.0,106,0,0,0
2026-01-22,Vanilla,1392,56786.83,31.5,102,0,0,0
2026-01-23,Vanilla,1391,56910.66,30.4,105,0,0,0
2026-01-24,Vanilla,1601,65732.97,28.8,120,0,0,0
2026-01-25,Vanilla,1769,73911.09,28.7,124,0,0,0
2026-01-26,Vanilla,1592,64125.36,29.3,104,0,1,0
2026-01-27,Vanilla,1363,57577.33,28.6,101,0,0,0
2026-01-28,Vanilla,1496,62338.46,31.2,97,0,0,0
2026-01-29,Vanilla,1407,56429.73,30.8,104,0,0,0
2026-01-30,Vanilla,1362,57910.32,30.4,108,0,0,0
2026-01-31,Vanilla,1844,75503.31,32.2,121,0,0,0
2026-02-01,Vanilla,1568,68073.39,30.4,116,0,0,0
2026-02-02,Vanilla,1371,54682.4,29.2,102,0,0,0
2026-02-03,Vanilla,1522,64957.15,30.5,101,0,0,0
2026-02-04,Vanilla,1641,66294.12,31.3,105,0,0,0
2026-02-05,Vanilla,1622,64664.85,30.9,109,0,0,0
2026-02-06,Vanilla,1567,66272.97,30.6,110,0,0,0
2026-02-07,Vanilla,1790,74502.38,30.8,121,0,0,0
2026-02-08,Vanilla,1742,74554.45,31.2,123,0,0,0
2026-02-09,Vanilla,1635,66805.63,35.7,98,0,0,0
2026-02-10,Vanilla,1611,70502.61,32.3,105,0,0,0
2026-02-11,Vanilla,1403,62273.11,31.8,110,0,0,0
2026-02-12,Vanilla,1490,60723.23,32.2,110,0,0,0
2026-02-13,Vanilla,1571,68537.66,31.9,105,0,0,0
2026-02-14,Vanilla,1752,73048.46,29.2,127,0,0,0
2026-02-15,Vanilla,1594,68498.31,29.7,126,0,0,0
2026-02-16,Vanilla,1493,65325.18,29.7,106,0,0,0
2026-02-17,Vanilla,1507,66171.35,31.8,103,0,0,0
2026-02-18,Vanilla,1560,61852.81,33.0,104,0,0,0
2026-02-19,Vanilla,1604,67677.46,32.8,99,0,0,0
2026-02-20,Vanilla,1632,72946.21,35.9,102,0,0,0
2026-02-21,Vanilla,1892,79469.67,34.2,121,0,0,0
2026-02-22,Vanilla,1834,72631.76,32.9,121,0,0,0
2026-02-23,Vanilla,1573,62255.29,32.7,108,0,0,0
2026-02-24,Vanilla,1572,65362.34,34.1,108,0,0,0
2026-02-25,Vanilla,1473,64580.2,30.4,102,0,0,0
2026-02-26,Vanilla,1533,64956.16,31.8,109,0,0,0
2026-02-27,Vanilla,1558,61761.0,32.6,110,0,0,0
2026-02-28,Vanilla,1703,72573.89,30.8,123,0,0,0
2026-03-01,Vanilla,1763,74584.51,32.3,134,0,0,0
2026-03-02,Vanilla,1554,59847.56,31.3,105,0,0,0
2026-03-03,Vanilla,1604,67993.1,33.4,115,0,0,0
2026-03-04,Vanilla,1595,61545.3,34.7,106,0,0,0
2026-03-05,Vanilla,1554,65563.1,34.1,107,0,0,0
2026-03-06,Vanilla,1615,64587.77,32.4,105,0,0,0
2026-03-07,Vanilla,1853,83170.83,34.9,120,0,0,0
2026-03-08,Vanilla,1867,76931.77,35.0,126,0,0,0
2026-03-09,Vanilla,1607,67419.68,33.5,107,0,0,0
2026-03-10,Vanilla,1546,67053.01,33.1,102,0,0,0
2026-03-11,Vanilla,1503,63377.04,31.4,107,0,0,0
2026-03-12,Vanilla,1660,66453.61,33.0,113,0,0,0
2026-03-13,Vanilla,1591,67570.93,34.6,104,0,0,0
2026-03-14,Vanilla,1835,75366.35,32.9,129,0,0,0
2026-03-15,Vanilla,1933,83009.19,32.7,123,0,0,0
2026-03-16,Vanilla,1654,69642.71,36.3,117,0,0,0
2026-03-17,Vanilla,1525,61631.76,32.0,105,0,0,0
2026-03-18,Vanilla,1500,64894.79,32.2,107,0,0,0
2026-03-19,Vanilla,1606,67625.49,32.4,119,0,0,0
2026-03-20,Vanilla,1684,71478.01,31.9,115,0,0,0
2026-03-21,Vanilla,1773,78355.13,31.8,127,0,0,0
2026-03-22,Vanilla,1778,72053.23,35.1,126,0,0,0
2026-03-23,Vanilla,1756,69558.64,34.9,113,0,0,0
2026-03-24,Vanilla,1548,64997.65,34.4,112,0,0,0
2026-03-25,Vanilla,1513,62806.83,34.3,107,0,0,0
2026-03-26,Vanilla,1583,65434.07,33.5,107,0,0,0
2026-03-27,Vanilla,1622,67127.32,33.9,110,0,0,0
2026-03-28,Vanilla,1919,80596.38,34.1,118,0,0,0
2026-03-29,Vanilla,1802,70348.73,34.0,130,0,0,0
2026-03-30,Vanilla,1663,68693.22,34.4,108,0,0,0
2026-03-31,Vanilla,1715,71359.02,35.0,112,0,0,0
2026-04-01,Vanilla,1658,71239.02,30.8,111,0,0,0
2026-04-02,Vanilla,1679,74443.88,32.7,111,0,0,0
2026-04-03,Vanilla,1658,69778.78,32.7,107,0,0,0
2026-04-04,Vanilla,1920,80893.33,32.3,128,0,0,0
2026-04-05,Vanilla,2030,82517.39,34.3,125,0,0,0
2026-04-06,Vanilla,1683,66905.88,33.1,108,0,0,0
2026-04-07,Vanilla,1565,63104.78,32.0,100,0,0,0
2026-04-08,Vanilla,1597,67628.04,33.4,111,0,0,0
2026-04-09,Vanilla,1678,68734.4,33.5,111,0,0,0
2026-04-10,Vanilla,1683,67159.37,33.7,112,0,0,0
2026-04-11,Vanilla,2032,88465.45,34.9,122,0,0,0
2026-04-12,Vanilla,1926,82852.26,34.3,127,0,0,0
2026-04-13,Vanilla,1696,69802.76,33.3,109,0,0,0
2026-04-14,Vanilla,1530,60063.83,32.9,103,0,0,0
2026-04-15,Vanilla,1802,71288.69,34.9,115,0,0,0
2026-04-16,Vanilla,1665,70183.36,34.9,113,0,0,0
2026-04-17,Vanilla,1499,63406.88,30.8,109,0,0,0
2026-04-18,Vanilla,1934,78956.0,31.4,128,0,0,0
2026-04-19,Vanilla,1816,74687.74,32.0,117,0,0,0
2026-04-20,Vanilla,1560,63002.78,31.3,109,0,0,0
2026-04-21,Vanilla,1681,70274.14,32.8,112,0,0,0
2026-04-22,Vanilla,1650,69664.62,34.5,103,0,0,0
2026-04-23,Vanilla,1577,67439.98,32.9,109,0,0,0
2026-04-24,Vanilla,1697,63516.25,34.3,96,0,0,0
2026-04-25,Vanilla,1888,75143.76,32.5,129,0,0,0
2026-04-26,Vanilla,1754,76638.38,31.8,129,0,0,0
2026-04-27,Vanilla,1578,63868.23,33.3,103,0,0,0
2026-04-28,Vanilla,1565,64782.57,34.6,110,0,0,0
2026-04-29,Vanilla,1531,67986.11,32.0,112,0,0,0
2026-04-30,Vanilla,1569,64011.39,33.2,102,0,0,0
2026-05-01,Vanilla,1788,69248.26,31.2,107,0,0,1
2026-05-02,Vanilla,2145,87164.96,32.5,118,0,0,1
2026-05-03,Vanilla,2252,95412.86,31.7,133,0,0,1
2026-05-04,Vanilla,1847,74735.54,30.3,104,0,0,1
2026-05-05,Vanilla,1922,79034.41,34.3,102,0,0,1
2026-05-06,Vanilla,1899,79085.38,33.1,104,0,0,1
2026-05-07,Vanilla,1912,80049.86,31.7,109,0,0,1
2026-05-08,Vanilla,1606,66713.17,32.1,110,0,0,0
2026-05-09,Vanilla,1842,79491.11,32.8,131,0,0,0
2026-05-10,Vanilla,1925,82261.03,29.7,125,0,0,0
2026-05-11,Vanilla,1621,67469.11,32.8,104,0,0,0
2026-05-12,Vanilla,1598,65276.98,31.2,105,0,0,0
2026-05-13,Vanilla,1592,68166.23,31.1,101,0,0,0
2026-05-14,Vanilla,1646,70099.88,32.6,110,0,0,0
2026-05-15,Vanilla,1588,71970.11,32.6,106,0,0,0
2026-05-16,Vanilla,1884,79839.74,31.4,121,0,0,0
2026-05-17,Vanilla,1833,73931.49,29.9,128,0,0,0
2026-05-18,Vanilla,1577,70437.93,33.7,108,0,0,0
2026-05-19,Vanilla,1741,73538.01,32.8,106,0,0,0
2026-05-20,Vanilla,1633,69753.44,31.7,103,0,0,0
2026-05-21,Vanilla,1599,66990.59,31.7,102,0,0,0
2026-05-22,Vanilla,1565,59622.07,29.6,99,0,0,0
2026-05-23,Vanilla,1960,80869.2,31.8,121,0,0,0
2026-05-24,Vanilla,1897,81770.67,32.4,121,0,0,0
2026-05-25,Vanilla,1522,64596.56,30.6,109,0,0,0
2026-05-26,Vanilla,1769,72272.21,32.6,107,0,0,0
2026-05-27,Vanilla,1566,66941.62,29.0,101,0,0,0
2026-05-28,Vanilla,1625,65264.78,31.2,100,0,0,0
2026-05-29,Vanilla,1700,72886.93,32.7,116,0,0,0
2026-05-30,Vanilla,1755,70832.95,30.1,115,0,0,0
2026-05-31,Vanilla,1829,77859.67,28.5,129,0,0,0
2026-06-01,Vanilla,1628,68297.03,30.1,103,0,0,0
2026-06-02,Vanilla,1568,62546.94,31.3,103,0,0,0
2026-06-03,Vanilla,1495,59905.85,27.4,103,0,0,0
2026-06-04,Vanilla,1419,57650.16,30.2,104,0,0,0
2026-06-05,Vanilla,1508,63694.41,30.8,105,0,0,0
2026-06-06,Vanilla,1882,77722.9,31.6,125,0,0,0
2026-06-07,Vanilla,1819,78115.33,29.0,123,0,0,0
2026-06-08,Vanilla,1582,68306.07,30.1,107,0,0,0
2026-06-09,Vanilla,1451,64301.41,31.1,100,0,0,0
2026-06-10,Vanilla,1486,64132.51,30.0,96,0,0,0
2026-06-11,Vanilla,1627,65778.1,29.1,101,0,0,0
2026-06-12,Vanilla,1546,66083.02,28.2,104,0,0,0
2026-06-13,Vanilla,1885,78437.09,30.7,121,0,0,0
2026-06-14,Vanilla,1822,78635.35,29.3,121,0,0,0
2026-06-15,Vanilla,1504,63320.67,29.9,103,0,0,0
2026-06-16,Vanilla,1689,69611.02,28.9,103,0,0,0
2026-06-17,Vanilla,1572,71536.64,29.5,106,0,0,0
2026-06-18,Vanilla,1464,60716.05,28.2,103,0,0,0
2026-06-19,Vanilla,1571,68949.1,29.0,105,0,0,0
2026-06-20,Vanilla,1959,83436.47,28.4,118,0,0,0
2026-06-21,Vanilla,1670,72486.11,27.3,117,0,0,0
2026-06-22,Vanilla,1501,64688.96,27.7,102,0,0,0
2026-06-23,Vanilla,1481,63537.03,26.9,97,0,0,0
2026-06-24,Vanilla,1558,63697.6,28.5,98,0,0,0
2026-06-25,Vanilla,1564,67174.01,27.1,97,0,0,0
2026-06-26,Vanilla,1741,68658.36,28.7,106,0,0,0
2026-06-27,Vanilla,1655,66834.9,26.6,116,0,0,0
2026-06-28,Vanilla,1743,73341.17,27.1,114,0,0,0
2026-06-29,Vanilla,1564,64811.98,28.1,103,0,0,0
2026-06-30,Vanilla,1450,58719.83,30.5,101,0,0,0
2026-07-01,Vanilla,1425,58848.74,24.6,100,0,0,0
2026-07-02,Vanilla,1623,65899.3,30.1,102,0,0,0
2026-07-03,Vanilla,1457,57137.03,25.4,100,0,0,0
2026-07-04,Vanilla,1710,69733.65,26.5,118,0,0,0
2026-07-05,Vanilla,1708,73285.48,25.9,117,0,0,0
2026-07-06,Vanilla,1480,63131.6,28.2,98,0,0,0
2026-07-07,Vanilla,1543,67073.25,27.4,98,0,0,0
2026-07-08,Vanilla,1485,62400.96,28.3,106,0,0,0
2026-07-09,Vanilla,1419,56435.98,26.2,99,0,0,0
2026-07-10,Vanilla,1460,59581.04,26.2,96,0,0,0
2026-07-11,Vanilla,1692,72534.22,24.3,118,0,0,0
2026-07-12,Vanilla,1841,74346.31,29.1,118,0,0,0
2026-07-13,Vanilla,1393,56324.68,23.8,105,0,0,0
2026-07-14,Vanilla,1385,57536.42,25.6,98,0,0,0
2026-07-15,Vanilla,1386,60171.65,27.3,95,0,0,0
2026-07-16,Vanilla,1344,54946.84,26.1,96,0,0,0
2026-07-17,Vanilla,1384,57952.54,25.2,103,0,0,0
2026-07-18,Vanilla,1746,70235.16,26.2,106,0,0,0
2026-07-19,Vanilla,1774,75974.01,25.5,117,0,0,0
2026-07-20,Vanilla,1432,59725.18,21.4,94,0,0,0
2026-07-21,Vanilla,1501,62559.56,25.5,101,0,0,0
2026-07-22,Vanilla,1456,58770.46,21.9,96,0,0,0
2026-07-23,Vanilla,1470,54984.37,25.5,101,0,0,0
2026-07-24,Vanilla,1424,55569.87,22.6,105,0,0,0
2026-07-25,Vanilla,1792,76008.46,26.2,115,0,0,0
2026-07-26,Vanilla,1733,78706.18,24.9,116,0,0,0
2026-07-27,Vanilla,1457,63688.71,25.6,90,0,0,0
2026-07-28,Vanilla,1530,66389.17,25.8,95,0,0,0
2026-07-29,Vanilla,1460,60649.6,27.8,93,0,0,0
2026-07-30,Vanilla,1231,50899.33,23.1,93,0,0,0
2026-07-31,Vanilla,1561,65593.32,24.3,94,0,0,0
2026-08-01,Vanilla,1757,74529.94,25.5,115,0,0,0
2026-08-02,Vanilla,1731,73653.18,25.5,114,0,0,0
2026-08-03,Vanilla,1595,66343.08,23.0,97,0,0,0
2026-08-04,Vanilla,1532,64370.92,23.9,101,0,0,0
2026-08-05,Vanilla,1289,56980.12,19.6,98,0,0,0
2026-08-06,Vanilla,1387,55024.01,23.3,100,0,0,0
2026-08-07,Vanilla,1401,59019.92,23.4,95,0,0,0
2026-08-08,Vanilla,1829,79133.34,27.0,117,0,0,0
2026-08-09,Vanilla,1536,64077.5,25.0,112,0,0,0
2026-08-10,Vanilla,1665,68202.31,23.9,91,0,0,1
2026-08-11,Vanilla,1752,75217.57,24.9,98,0,0,1
2026-08-12,Vanilla,1616,62572.06,22.4,96,0,0,1
2026-08-13,Vanilla,1783,79088.54,22.6,96,0,0,1
2026-08-14,Vanilla,1653,70616.99,24.7,91,0,0,1
2026-08-15,Vanilla,2603,107811.88,26.0,118,1,1,1
2026-08-16,Vanilla,2124,88448.34,20.8,116,1,0,1
2026-08-17,Vanilla,1581,60617.32,21.9,101,1,0,0
2026-08-18,Vanilla,1572,65819.55,22.7,91,1,0,0
2026-08-19,Vanilla,1487,61300.8,21.5,97,1,0,0
2026-08-20,Vanilla,1317,56634.73,22.8,92,0,0,0
2026-08-21,Vanilla,1301,56019.7,23.4,94,0,0,0
2026-08-22,Vanilla,1627,65503.41,19.2,113,0,0,0
2026-08-23,Vanilla,1636,70156.68,20.9,111,0,0,0
2026-08-24,Vanilla,1471,60242.84,20.8,98,0,0,0
2026-08-25,Vanilla,1434,59465.28,20.1,87,0,0,0
2026-08-26,Vanilla,1368,60689.29,17.8,91,0,0,0
2026-08-27,Vanilla,1494,65788.51,18.7,88,0,0,0
2026-08-28,Vanilla,1472,56685.76,20.1,91,0,0,0
2026-08-29,Vanilla,1787,73886.03,18.4,110,0,0,0
2026-08-30,Vanilla,1849,76058.11,21.2,116,0,0,0
2026-08-31,Vanilla,1361,59259.81,21.0,100,0,0,0
2026-09-01,Vanilla,1424,57761.69,19.4,94,0,0,0
2025-01-01,Chocolate,1170,52422.31,25.5,101,0,1,0
2025-01-02,Chocolate,969,44680.14,27.2,102,0,0,0
2025-01-03,Chocolate,1048,46439.9,28.5,111,0,0,0
2025-01-04,Chocolate,1201,53318.7,28.5,122,0,0,0
2025-01-05,Chocolate,1185,53484.25,28.3,115,0,0,0
2025-01-06,Chocolate,942,39681.85,29.1,98,0,0,0
2025-01-07,Chocolate,977,42222.7,25.8,96,0,0,0
2025-01-08,Chocolate,983,46185.03,26.8,98,0,0,0
2025-01-09,Chocolate,1029,45636.31,29.0,101,0,0,0
2025-01-10,Chocolate,1003,45189.89,28.6,104,0,0,0
2025-01-11,Chocolate,1206,53763.36,25.2,120,0,0,0
2025-01-12,Chocolate,1285,57755.95,31.0,116,0,0,0
2025-01-13,Chocolate,1053,48724.35,28.3,101,0,0,0
2025-01-14,Chocolate,1138,50012.08,30.6,102,0,0,0
2025-01-15,Chocolate,1133,54741.98,29.8,99,0,0,0
2025-01-16,Chocolate,1001,46894.66,28.6,93,0,0,0
2025-01-17,Chocolate,1139,52082.69,29.7,103,0,0,0
2025-01-18,Chocolate,1385,63070.4,30.8,124,0,0,0
2025-01-19,Chocolate,1239,58927.03,30.5,119,0,0,0
2025-01-20,Chocolate,1092,48179.29,29.6,106,0,0,0
2025-01-21,Chocolate,1122,47609.59,29.4,108,0,0,0
2025-01-22,Chocolate,1077,45556.33,29.2,110,0,0,0
2025-01-23,Chocolate,1134,50398.22,32.4,106,0,0,0
2025-01-24,Chocolate,1173,53738.99,31.3,101,0,0,0
2025-01-25,Chocolate,1269,59095.38,30.2,122,0,0,0
2025-01-26,Chocolate,1409,64739.12,28.6,115,0,1,0
2025-01-27,Chocolate,1089,50291.35,30.7,105,0,0,0
2025-01-28,Chocolate,1069,51345.1,30.1,102,0,0,0
2025-01-29,Chocolate,956,42864.79,27.6,106,0,0,0
2025-01-30,Chocolate,1088,48339.78,29.7,95,0,0,0
2025-01-31,Chocolate,1138,53753.64,27.3,107,0,0,0
2025-02-01,Chocolate,1382,65677.58,31.1,122,0,0,0
2025-02-02,Chocolate,1331,60772.49,32.4,118,0,0,0
2025-02-03,Chocolate,1199,55105.93,28.1,106,0,0,0
2025-02-04,Chocolate,1150,52407.69,33.1,105,0,0,0
2025-02-05,Chocolate,1157,54446.7,29.7,101,0,0,0
2025-02-06,Chocolate,1096,49878.65,29.6,109,0,0,0
2025-02-07,Chocolate,1149,54135.41,31.9,109,0,0,0
2025-02-08,Chocolate,1282,61841.1,31.7,125,0,0,0
2025-02-09,Chocolate,1245,54488.6,32.1,126,0,0,0
2025-02-10,Chocolate,1052,48978.42,33.3,106,0,0,0
2025-02-11,Chocolate,1126,51015.75,30.7,111,0,0,0
2025-02-12,Chocolate,1096,48996.96,33.4,102,0,0,0
2025-02-13,Chocolate,1044,48269.95,33.0,100,0,0,0
2025-02-14,Chocolate,1007,44289.4,30.9,104,0,0,0
2025-02-15,Chocolate,1299,61684.4,31.9,127,0,0,0
2025-02-16,Chocolate,1396,63262.8,31.0,121,0,0,0
2025-02-17,Chocolate,1207,56969.56,31.2,105,0,0,0
2025-02-18,Chocolate,1129,49134.8,30.9,106,0,0,0
2025-02-19,Chocolate,1214,56828.72,32.1,106,0,0,0
2025-02-20,Chocolate,1179,52020.09,31.8,105,0,0,0
2025-02-21,Chocolate,1111,48400.43,33.3,106,0,0,0
2025-02-22,Chocolate,1492,65990.48,34.6,124,0,0,0
2025-02-23,Chocolate,1332,56148.17,33.0,134,0,0,0
2025-02-24,Chocolate,1184,52239.41,34.5,103,0,0,0
2025-02-25,Chocolate,1148,52434.58,33.1,103,0,0,0
2025-02-26,Chocolate,1108,47485.31,31.2,104,0,0,0
2025-02-27,Chocolate,1132,50479.2,32.2,107,0,0,0
2025-02-28,Chocolate,1200,56584.76,32.9,104,0,0,0
2025-03-01,Chocolate,1345,61262.37,32.3,127,0,0,0
2025-03-02,Chocolate,1323,60435.95,35.4,127,0,0,0
2025-03-03,Chocolate,1263,55527.58,34.9,106,0,0,0
2025-03-04,Chocolate,1032,46068.83,30.9,108,0,0,0
2025-03-05,Chocolate,1114,48405.47,35.1,99,0,0,0
2025-03-06,Chocolate,1255,58271.56,33.1,106,0,0,0
2025-03-07,Chocolate,1219,53278.87,34.0,108,0,0,0
2025-03-08,Chocolate,1444,67549.18,34.6,121,0,0,0
2025-03-09,Chocolate,1412,57479.3,33.7,125,0,0,0
2025-03-10,Chocolate,1189,54765.1,33.9,107,0,0,0
2025-03-11,Chocolate,1163,52452.85,33.4,103,0,0,0
2025-03-12,Chocolate,1254,54387.17,33.7,108,0,0,0
2025-03-13,Chocolate,1107,50113.3,33.8,113,0,0,0
2025-03-14,Chocolate,1117,49980.92,32.7,106,0,0,0
2025-03-15,Chocolate,1368,58888.43,36.4,121,0,0,0
2025-03-16,Chocolate,1444,64107.57,36.3,124,0,0,0
2025-03-17,Chocolate,1310,61685.42,32.3,107,0,0,0
2025-03-18,Chocolate,1131,47881.39,32.5,110,0,0,0
2025-03-19,Chocolate,1301,57628.06,35.3,112,0,0,0
2025-03-20,Chocolate,1225,54401.69,33.6,111,0,0,0
2025-03-21,Chocolate,1219,52665.21,31.4,108,0,0,0
2025-03-22,Chocolate,1473,68211.63,34.8,127,0,0,0
2025-03-23,Chocolate,1330,61623.81,32.8,119,0,0,0
2025-03-24,Chocolate,1072,51058.26,33.1,105,0,0,0
2025-03-25,Chocolate,1293,59303.53,35.2,111,0,0,0
2025-03-26,Chocolate,1170,57273.97,33.6,107,0,0,0
2025-03-27,Chocolate,1242,54006.75,34.8,106,0,0,0
2025-03-28,Chocolate,1269,59134.09,36.2,105,0,0,0
2025-03-29,Chocolate,1426,64049.27,34.6,126,0,0,0
2025-03-30,Chocolate,1474,66090.03,33.1,124,0,0,0
2025-03-31,Chocolate,1245,57286.7,32.8,106,0,0,0
2025-04-01,Chocolate,1255,55263.5,34.8,107,0,0,0
2025-04-02,Chocolate,1265,55061.83,33.6,112,0,0,0
2025-04-03,Chocolate,1288,54259.13,32.7,108,0,0,0
2025-04-04,Chocolate,1164,51743.71,34.4,102,0,0,0
2025-04-05,Chocolate,1395,61654.98,33.4,124,0,0,0
2025-04-06,Chocolate,1422,65788.49,31.8,129,0,0,0
2025-04-07,Chocolate,1211,52621.82,31.7,109,0,0,0
2025-04-08,Chocolate,1319,63162.62,34.0,107,0,0,0
2025-04-09,Chocolate,1139,52930.48,31.5,118,0,0,0
2025-04-10,Chocolate,1256,56317.41,35.4,104,0,0,0
2025-04-11,Chocolate,1301,58692.14,34.8,109,0,0,0
2025-04-12,Chocolate,1461,67348.77,33.6,130,0,0,0
2025-04-13,Chocolate,1349,59448.77,32.9,122,0,0,0
2025-04-14,Chocolate,1237,58320.07,35.0,112,0,0,0
2025-04-15,Chocolate,1205,57072.49,35.9,109,0,0,0
2025-04-16,Chocolate,1192,52049.05,33.7,108,0,0,0
2025-04-17,Chocolate,1132,56135.08,31.6,110,0,0,0
2025-04-18,Chocolate,1196,56563.59,32.1,103,0,0,0
2025-04-19,Chocolate,1318,57970.56,33.8,128,0,0,0
2025-04-20,Chocolate,1363,56749.54,32.1,118,0,0,0
2025-04-21,Chocolate,1118,50974.78,31.7,105,0,0,0
2025-04-22,Chocolate,1274,59510.09,34.1,111,0,0,0
2025-04-23,Chocolate,1244,56244.33,33.6,109,0,0,0
2025-04-24,Chocolate,1147,52340.39,32.9,106,0,0,0
2025-04-25,Chocolate,1160,50093.91,33.3,105,0,0,0
2025-04-26,Chocolate,1396,64513.1,34.9,126,0,0,0
2025-04-27,Chocolate,1436,63463.09,32.5,120,0,0,0
2025-04-28,Chocolate,1264,56917.99,32.7,107,0,0,0
2025-04-29,Chocolate,1151,55054.5,31.5,109,0,0,0
2025-04-30,Chocolate,1201,57548.19,33.2,98,0,0,0
2025-05-01,Chocolate,1442,66862.99,35.5,114,0,0,1
2025-05-02,Chocolate,1326,58388.18,32.0,108,0,0,1
2025-05-03,Chocolate,1696,77024.23,32.0,128,0,0,1
2025-05-04,Chocolate,1559,72188.74,31.0,124,0,0,1
2025-05-05,Chocolate,1429,58432.81,34.7,111,0,0,1
2025-05-06,Chocolate,1354,59405.28,30.2,112,0,0,1
2025-05-07,Chocolate,1491,66438.8,35.2,112,0,0,1
2025-05-08,Chocolate,1292,58958.74,32.5,107,0,0,0
2025-05-09,Chocolate,1164,53697.99,33.7,111,0,0,0
2025-05-10,Chocolate,1232,53558.52,32.1,114,0,0,0
2025-05-11,Chocolate,1429,68486.85,33.3,125,0,0,0
2025-05-12,Chocolate,1176,51621.21,30.5,106,0,0,0
2025-05-13,Chocolate,1258,55323.79,32.4,100,0,0,0
2025-05-14,Chocolate,1310,58845.26,35.3,106,0,0,0
2025-05-15,Chocolate,1190,54117.63,32.1,104,0,0,0
2025-05-16,Chocolate,1130,54747.93,30.9,105,0,0,0
2025-05-17,Chocolate,1396,63362.95,31.9,130,0,0,0
2025-05-18,Chocolate,1351,64009.04,30.0,122,0,0,0
2025-05-19,Chocolate,1246,59111.61,32.2,111,0,0,0
2025-05-20,Chocolate,1182,51831.06,31.7,115,0,0,0
2025-05-21,Chocolate,1223,54422.06,29.9,115,0,0,0
2025-05-22,Chocolate,1340,57188.86,33.5,108,0,0,0
2025-05-23,Chocolate,1050,48920.02,31.1,103,0,0,0
2025-05-24,Chocolate,1517,67461.19,31.0,126,0,0,0
2025-05-25,Chocolate,1422,62781.2,30.7,123,0,0,0
2025-05-26,Chocolate,1191,49942.09,30.3,109,0,0,0
2025-05-27,Chocolate,1179,51707.06,29.3,111,0,0,0
2025-05-28,Chocolate,1210,51984.75,30.8,105,0,0,0
2025-05-29,Chocolate,1143,52415.45,29.7,106,0,0,0
2025-05-30,Chocolate,1201,54922.0,29.0,106,0,0,0
2025-05-31,Chocolate,1318,59167.66,30.9,122,0,0,0
2025-06-01,Chocolate,1350,59753.2,32.5,122,0,0,0
2025-06-02,Chocolate,1192,54574.84,30.8,103,0,0,0
2025-06-03,Chocolate,1261,54977.89,31.7,110,0,0,0
2025-06-04,Chocolate,1105,47838.22,28.9,103,0,0,0
2025-06-05,Chocolate,1099,48934.42,29.5,102,0,0,0
2025-06-06,Chocolate,1336,60461.7,31.9,104,0,0,0
2025-06-07,Chocolate,1354,61814.0,29.5,121,0,0,0
2025-06-08,Chocolate,1455,65928.42,33.0,118,0,0,0
2025-06-09,Chocolate,1187,51888.8,27.4,106,0,0,0
2025-06-10,Chocolate,1053,49040.36,29.6,96,0,0,0
2025-06-11,Chocolate,1133,50097.16,28.8,98,0,0,0
2025-06-12,Chocolate,1069,46653.25,28.7,106,0,0,0
2025-06-13,Chocolate,1229,54078.96,29.5,107,0,0,0
2025-06-14,Chocolate,1461,63260.34,30.6,117,0,0,0
2025-06-15,Chocolate,1484,68096.28,31.1,118,0,0,0
2025-06-16,Chocolate,1146,53379.5,27.4,100,0,0,0
2025-06-17,Chocolate,1176,53152.49,28.7,102,0,0,0
2025-06-18,Chocolate,1098,51411.9,26.8,99,0,0,0
2025-06-19,Chocolate,1200,55347.86,31.0,105,0,0,0
2025-06-20,Chocolate,1057,45585.12,27.5,101,0,0,0
2025-06-21,Chocolate,1369,62726.44,28.9,120,0,0,0
2025-06-22,Chocolate,1325,60445.62,28.6,122,0,0,0
2025-06-23,Chocolate,1142,50242.84,27.1,103,0,0,0
2025-06-24,Chocolate,1081,46820.93,28.1,99,0,0,0
2025-06-25,Chocolate,1195,57310.16,29.8,105,0,0,0
2025-06-26,Chocolate,1128,51191.79,27.5,113,0,0,0
2025-06-27,Chocolate,1153,51687.98,27.1,102,0,0,0
2025-06-28,Chocolate,1376,60043.83,30.2,120,0,0,0
2025-06-29,Chocolate,1271,55714.65,28.0,118,0,0,0
2025-06-30,Chocolate,1092,47996.31,31.3,99,0,0,0
2025-07-01,Chocolate,1139,52411.0,27.1,102,0,0,0
2025-07-02,Chocolate,1033,45524.86,26.1,101,0,0,0
2025-07-03,Chocolate,1121,51602.9,25.6,95,0,0,0
2025-07-04,Chocolate,1169,49516.58,28.3,100,0,0,0
2025-07-05,Chocolate,1347,61382.84,28.0,118,0,0,0
2025-07-06,Chocolate,1184,54283.29,25.1,112,0,0,0
2025-07-07,Chocolate,1036,45496.09,27.5,94,0,0,0
2025-07-08,Chocolate,978,42804.37,25.8,94,0,0,0
2025-07-09,Chocolate,1067,49709.21,26.3,94,0,0,0
2025-07-10,Chocolate,1119,49652.94,24.1,98,0,0,0
2025-07-11,Chocolate,1058,49362.83,25.1,103,0,0,0
2025-07-12,Chocolate,1300,59124.88,26.5,115,0,0,0
2025-07-13,Chocolate,1289,57886.06,27.3,114,0,0,0
2025-07-14,Chocolate,1142,52188.82,26.7,94,0,0,0
2025-07-15,Chocolate,1206,56082.32,23.5,103,0,0,0
2025-07-16,Chocolate,1013,42782.86,27.5,98,0,0,0
2025-07-17,Chocolate,1014,45534.56,25.7,96,0,0,0
2025-07-18,Chocolate,1040,49155.4,26.1,92,0,0,0
2025-07-19,Chocolate,1225,56127.9,23.4,119,0,0,0
2025-07-20,Chocolate,1341,58028.57,26.6,119,0,0,0
2025-07-21,Chocolate,1096,49744.56,26.5,94,0,0,0
2025-07-22,Chocolate,1024,44006.6,25.4,99,0,0,0
2025-07-23,Chocolate,1149,51627.9,25.9,98,0,0,0
2025-07-24,Chocolate,1051,47834.17,22.4,101,0,0,0
2025-07-25,Chocolate,1028,45739.68,23.4,104,0,0,0
2025-07-26,Chocolate,1250,59272.33,24.4,110,0,0,0
2025-07-27,Chocolate,1087,48851.53,23.4,116,0,0,0
2025-07-28,Chocolate,1117,49718.38,23.6,93,0,0,0
2025-07-29,Chocolate,946,40963.71,23.7,95,0,0,0
2025-07-30,Chocolate,1000,44400.42,25.3,88,0,0,0
2025-07-31,Chocolate,1064,49962.0,26.3,99,0,0,0
2025-08-01,Chocolate,994,46330.23,22.5,100,0,0,0
2025-08-02,Chocolate,1220,55407.54,22.9,110,0,0,0
2025-08-03,Chocolate,1217,55897.49,22.6,116,0,0,0
2025-08-04,Chocolate,1037,46900.72,23.9,96,0,0,0
2025-08-05,Chocolate,1141,53015.41,24.0,104,0,0,0
2025-08-06,Chocolate,1150,52964.43,27.7,98,0,0,0
2025-08-07,Chocolate,1029,47304.59,21.5,94,0,0,0
2025-08-08,Chocolate,1129,52266.75,22.6,96,0,0,0
2025-08-09,Chocolate,1305,60239.89,22.5,111,0,0,0
2025-08-10,Chocolate,1476,68144.33,20.3,112,0,0,1
2025-08-11,Chocolate,1294,58354.49,24.0,96,0,0,1
2025-08-12,Chocolate,1254,56364.77,21.5,94,0,0,1
2025-08-13,Chocolate,1255,55945.32,19.6,93,0,0,1
2025-08-14,Chocolate,1199,51026.97,22.0,97,0,0,1
2025-08-15,Chocolate,1659,76601.33,21.7,98,1,1,1
2025-08-16,Chocolate,1631,73829.48,19.9,112,1,0,1
2025-08-17,Chocolate,1364,62239.98,22.9,109,1,0,0
2025-08-18,Chocolate,1142,46758.36,23.2,91,1,0,0
2025-08-19,Chocolate,1106,50044.75,21.0,92,1,0,0
2025-08-20,Chocolate,1054,45962.32,21.7,85,0,0,0
2025-08-21,Chocolate,1054,46982.32,22.5,89,0,0,0
2025-08-22,Chocolate,1053,44958.46,22.1,94,0,0,0
2025-08-23,Chocolate,1241,54712.75,19.4,109,0,0,0
2025-08-24,Chocolate,1189,53009.02,22.4,111,0,0,0
2025-08-25,Chocolate,1181,51960.03,21.8,95,0,0,0
2025-08-26,Chocolate,1070,47346.51,21.2,95,0,0,0
2025-08-27,Chocolate,999,42367.68,19.0,91,0,0,0
2025-08-28,Chocolate,1090,50032.79,20.0,89,0,0,0
2025-08-29,Chocolate,956,42311.12,19.8,92,0,0,0
2025-08-30,Chocolate,1219,56778.32,21.7,115,0,0,0
2025-08-31,Chocolate,1278,60713.54,18.7,106,0,0,0
2025-09-01,Chocolate,939,39406.38,21.7,93,0,0,0
2025-09-02,Chocolate,1000,45098.3,21.1,92,0,0,0
2025-09-03,Chocolate,1087,50917.9,21.0,97,0,0,0
2025-09-04,Chocolate,1130,49191.54,20.8,92,0,0,0
2025-09-05,Chocolate,1096,50183.26,25.0,94,0,0,0
2025-09-06,Chocolate,1168,55018.88,23.5,114,0,0,0
2025-09-07,Chocolate,1179,53985.59,20.1,111,0,0,0
2025-09-08,Chocolate,1055,50521.33,19.6,93,0,0,0
2025-09-09,Chocolate,1075,47772.82,23.5,93,0,0,0
2025-09-10,Chocolate,1042,48419.54,22.1,91,0,0,0
2025-09-11,Chocolate,978,45043.05,19.6,92,0,0,0
2025-09-12,Chocolate,1165,50946.44,23.3,95,0,0,0
2025-09-13,Chocolate,1230,56774.73,20.7,107,0,0,0
2025-09-14,Chocolate,1161,49839.7,20.5,105,0,0,0
2025-09-15,Chocolate,1175,49533.33,21.0,101,0,0,0
2025-09-16,Chocolate,992,44188.84,22.4,96,0,0,0
2025-09-17,Chocolate,1002,46007.95,21.9,94,0,0,0
2025-09-18,Chocolate,1138,51241.4,17.0,91,0,0,0
2025-09-19,Chocolate,1141,53587.13,19.4,96,0,0,0
2025-09-20,Chocolate,1315,59698.76,21.5,114,0,0,0
2025-09-21,Chocolate,1184,51583.37,20.3,109,0,0,0
2025-09-22,Chocolate,1162,52217.15,19.7,93,0,0,0
2025-09-23,Chocolate,1073,49242.15,21.6,96,0,0,0
2025-09-24,Chocolate,1127,48702.49,19.7,97,0,0,0
2025-09-25,Chocolate,1083,49462.31,20.3,99,0,0,0
2025-09-26,Chocolate,1095,46985.63,20.9,88,0,0,0
2025-09-27,Chocolate,1296,57728.1,19.1,114,0,0,0
2025-09-28,Chocolate,1262,58033.36,20.7,110,0,0,0
2025-09-29,Chocolate,1060,45178.89,18.9,92,0,0,0
2025-09-30,Chocolate,1118,48090.34,18.6,98,0,0,0
2025-10-01,Chocolate,1169,52277.52,17.7,92,0,0,0
2025-10-02,Chocolate,1240,53315.56,22.0,93,0,1,0
2025-10-03,Chocolate,1126,49294.87,21.4,91,0,0,0
2025-10-04,Chocolate,1260,57464.59,20.3,111,0,0,0
2025-10-05,Chocolate,1352,62967.28,19.6,107,0,0,0
2025-10-06,Chocolate,1043,45081.56,18.9,94,0,0,0
2025-10-07,Chocolate,1117,49841.56,21.6,85,0,0,0
2025-10-08,Chocolate,1120,49011.74,19.7,94,0,0,0
2025-10-09,Chocolate,1009,45147.89,21.1,93,0,0,0
2025-10-10,Chocolate,1143,49394.16,22.1,99,0,0,0
2025-10-11,Chocolate,1322,61046.56,20.8,114,0,0,0
2025-10-12,Chocolate,1233,51974.77,20.7,110,0,0,0
2025-10-13,Chocolate,1119,48109.93,20.6,93,0,0,0
2025-10-14,Chocolate,1112,49937.14,21.1,100,0,0,0
2025-10-15,Chocolate,1047,47434.14,20.6,100,0,0,0
2025-10-16,Chocolate,1077,50641.6,19.0,90,0,0,0
2025-10-17,Chocolate,1069,52102.11,22.9,94,0,0,0
2025-10-18,Chocolate,1161,54676.29,19.6,108,0,0,0
2025-10-19,Chocolate,1222,57662.83,21.8,120,0,0,0
2025-10-20,Chocolate,1109,52347.15,20.4,96,1,0,0
2025-10-21,Chocolate,1235,54156.92,21.6,92,1,0,0
2025-10-22,Chocolate,1083,50134.93,19.6,91,1,0,0
2025-10-23,Chocolate,1210,53968.04,22.3,90,1,0,0
2025-10-24,Chocolate,1139,53052.47,21.0,90,1,0,0
2025-10-25,Chocolate,1436,62625.23,20.5,119,1,0,0
2025-10-26,Chocolate,1457,68167.06,22.4,113,1,0,0
2025-10-27,Chocolate,1189,51202.95,19.7,92,1,0,0
2025-10-28,Chocolate,1232,52952.48,20.3,98,1,0,0
2025-10-29,Chocolate,1217,53583.15,18.4,100,1,0,0
2025-10-30,Chocolate,1268,56312.41,20.4,87,1,0,0
2025-10-31,Chocolate,1179,53508.96,22.9,93,0,0,0
2025-11-01,Chocolate,1457,66325.41,22.2,114,1,0,0
2025-11-02,Chocolate,1384,62288.94,20.6,119,1,0,0
2025-11-03,Chocolate,1185,53884.46,21.1,95,1,0,0
2025-11-04,Chocolate,1187,51455.44,20.9,87,1,0,0
2025-11-05,Chocolate,1237,56642.29,18.6,94,1,0,0
2025-11-06,Chocolate,996,47768.44,22.1,86,0,0,0
2025-11-07,Chocolate,1065,48052.28,19.7,96,0,0,0
2025-11-08,Chocolate,1303,57758.82,20.4,114,0,0,0
2025-11-09,Chocolate,1220,55682.29,19.9,113,0,0,0
2025-11-10,Chocolate,1168,52410.02,25.5,99,0,0,0
2025-11-11,Chocolate,1162,50913.46,18.7,89,0,0,0
2025-11-12,Chocolate,1038,44799.92,20.6,93,0,0,0
2025-11-13,Chocolate,1049,45975.8,21.7,90,0,0,0
2025-11-14,Chocolate,1090,50026.01,22.6,93,0,0,0
2025-11-15,Chocolate,1317,60585.02,21.7,111,0,0,0
2025-11-16,Chocolate,1249,54592.51,21.8,113,0,0,0
2025-11-17,Chocolate,1137,51644.0,23.3,96,0,0,0
2025-11-18,Chocolate,1169,54202.84,22.3,97,0,0,0
2025-11-19,Chocolate,1136,52197.57,22.1,100,0,0,0
2025-11-20,Chocolate,1067,49137.51,22.8,96,0,0,0
2025-11-21,Chocolate,1143,50669.98,26.7,93,0,0,0
2025-11-22,Chocolate,1279,56645.48,21.8,119,0,0,0
2025-11-23,Chocolate,1190,54677.77,20.3,110,0,0,0
2025-11-24,Chocolate,1047,48528.45,26.9,94,0,0,0
2025-11-25,Chocolate,1109,48853.97,21.7,100,0,0,0
2025-11-26,Chocolate,1107,48990.19,22.7,98,0,0,0
2025-11-27,Chocolate,1122,47482.94,22.7,90,0,0,0
2025-11-28,Chocolate,1140,52309.45,22.5,99,0,0,0
2025-11-29,Chocolate,1374,62749.5,23.1,118,0,0,0
2025-11-30,Chocolate,1289,55406.57,24.7,117,0,0,0
2025-12-01,Chocolate,1186,51704.28,24.1,98,0,0,0
2025-12-02,Chocolate,1118,47147.58,22.2,98,0,0,0
2025-12-03,Chocolate,1041,48955.65,24.2,89,0,0,0
2025-12-04,Chocolate,1115,50246.29,26.5,91,0,0,0
2025-12-05,Chocolate,1116,52812.57,26.5,94,0,0,0
2025-12-06,Chocolate,1233,55168.31,23.4,117,0,0,0
2025-12-07,Chocolate,1348,60559.09,21.6,110,0,0,0
2025-12-08,Chocolate,1100,49996.84,23.7,94,0,0,0
2025-12-09,Chocolate,1059,47907.72,25.8,86,0,0,0
2025-12-10,Chocolate,1143,50912.3,24.3,99,0,0,0
2025-12-11,Chocolate,1188,52155.56,23.7,96,0,0,0
2025-12-12,Chocolate,1218,54261.34,24.5,98,0,0,0
2025-12-13,Chocolate,1358,60680.77,26.2,120,0,0,0
2025-12-14,Chocolate,1365,61897.99,24.4,115,0,0,0
2025-12-15,Chocolate,1064,51300.94,25.3,93,0,0,0
2025-12-16,Chocolate,1203,54643.52,24.8,95,0,0,0
2025-12-17,Chocolate,1130,50562.55,26.1,97,0,0,0
2025-12-18,Chocolate,1349,64449.41,23.3,98,0,0,1
2025-12-19,Chocolate,1310,64333.13,25.6,89,0,0,1
2025-12-20,Chocolate,1637,71842.99,26.9,113,0,0,1
2025-12-21,Chocolate,1564,65987.92,23.7,115,0,0,1
2025-12-22,Chocolate,1313,59862.58,24.1,99,0,0,1
2025-12-23,Chocolate,1277,60611.66,24.1,102,0,0,1
2025-12-24,Chocolate,1348,64025.08,23.5,95,0,0,1
2025-12-25,Chocolate,1554,67537.47,26.6,101,0,1,1
2025-12-26,Chocolate,1262,57550.51,25.5,94,0,0,1
2025-12-27,Chocolate,1498,68075.97,24.7,119,0,0,1
2025-12-28,Chocolate,1634,76558.9,25.8,123,0,0,1
2025-12-29,Chocolate,1299,57649.09,25.5,100,0,0,1
2025-12-30,Chocolate,1296,55572.12,26.4,97,0,0,1
2025-12-31,Chocolate,1368,58279.88,23.4,96,0,0,1
2026-01-01,Chocolate,1263,57443.22,24.9,107,0,1,0
2026-01-02,Chocolate,1124,50190.43,28.1,103,0,0,0
2026-01-03,Chocolate,1275,55371.01,24.8,128,0,0,0
2026-01-04,Chocolate,1418,68962.55,25.8,112,0,0,0
2026-01-05,Chocolate,1034,46151.39,26.8,95,0,0,0
2026-01-06,Chocolate,1194,54437.76,27.1,98,0,0,0
2026-01-07,Chocolate,1144,52622.57,28.2,100,0,0,0
2026-01-08,Chocolate,1263,54141.47,27.9,105,0,0,0
2026-01-09,Chocolate,1093,50423.24,25.8,98,0,0,0
2026-01-10,Chocolate,1470,66610.07,28.6,124,0,0,0
2026-01-11,Chocolate,1477,69744.94,30.0,121,0,0,0
2026-01-12,Chocolate,1169,53837.76,28.5,100,0,0,0
2026-01-13,Chocolate,1337,56214.13,30.3,101,0,0,0
2026-01-14,Chocolate,1180,57319.43,28.5,102,0,0,0
2026-01-15,Chocolate,1223,51360.84,28.6,100,0,0,0
2026-01-16,Chocolate,1183,51764.16,27.6,106,0,0,0
2026-01-17,Chocolate,1543,68381.63,30.9,126,0,0,0
2026-01-18,Chocolate,1371,59547.16,28.7,117,0,0,0
2026-01-19,Chocolate,1118,50677.94,28.2,98,0,0,0
2026-01-20,Chocolate,1234,56078.08,29.6,109,0,0,0
2026-01-21,Chocolate,1299,59965.53,29.8,102,0,0,0
2026-01-22,Chocolate,1238,53170.08,30.0,102,0,0,0
2026-01-23,Chocolate,1156,52782.83,28.4,100,0,0,0
2026-01-24,Chocolate,1519,65998.78,31.5,117,0,0,0
2026-01-25,Chocolate,1490,65532.91,29.4,118,0,0,0
2026-01-26,Chocolate,1410,60799.26,31.4,102,0,1,0
2026-01-27,Chocolate,1303,63010.8,30.4,107,0,0,0
2026-01-28,Chocolate,1293,59095.98,32.3,102,0,0,0
2026-01-29,Chocolate,1283,58228.56,29.0,108,0,0,0
2026-01-30,Chocolate,1331,59669.31,31.4,111,0,0,0
2026-01-31,Chocolate,1548,69672.04,32.7,126,0,0,0
2026-02-01,Chocolate,1434,61212.12,30.9,124,0,0,0
2026-02-02,Chocolate,1208,55510.1,29.3,100,0,0,0
2026-02-03,Chocolate,1214,53789.35,30.5,105,0,0,0
2026-02-04,Chocolate,1276,57729.42,31.7,107,0,0,0
2026-02-05,Chocolate,1324,59234.91,34.3,104,0,0,0
2026-02-06,Chocolate,1297,55556.77,31.2,104,0,0,0
2026-02-07,Chocolate,1474,65078.16,29.7,122,0,0,0
2026-02-08,Chocolate,1572,70506.06,31.0,123,0,0,0
2026-02-09,Chocolate,1346,61328.6,32.0,103,0,0,0
2026-02-10,Chocolate,1381,61941.13,32.7,108,0,0,0
2026-02-11,Chocolate,1296,57098.38,31.9,109,0,0,0
2026-02-12,Chocolate,1278,57366.68,31.9,107,0,0,0
2026-02-13,Chocolate,1273,56984.6,31.6,97,0,0,0
2026-02-14,Chocolate,1488,65119.44,31.6,129,0,0,0
2026-02-15,Chocolate,1421,62857.98,28.0,122,0,0,0
2026-02-16,Chocolate,1377,61199.5,33.6,109,0,0,0
2026-02-17,Chocolate,1313,55704.85,33.6,106,0,0,0
2026-02-18,Chocolate,1461,65880.02,31.5,109,0,0,0
2026-02-19,Chocolate,1326,56160.18,31.1,101,0,0,0
2026-02-20,Chocolate,1390,62092.01,33.1,109,0,0,0
2026-02-21,Chocolate,1543,73717.78,33.2,125,0,0,0
2026-02-22,Chocolate,1424,66806.54,31.9,127,0,0,0
2026-02-23,Chocolate,1423,65227.15,34.7,106,0,0,0
2026-02-24,Chocolate,1285,56651.62,31.6,109,0,0,0
2026-02-25,Chocolate,1356,59527.91,34.4,110,0,0,0
2026-02-26,Chocolate,1280,58284.89,31.8,110,0,0,0
2026-02-27,Chocolate,1434,63875.43,33.9,106,0,0,0
2026-02-28,Chocolate,1621,71081.21,32.6,121,0,0,0
2026-03-01,Chocolate,1537,67760.71,33.5,125,0,0,0
2026-03-02,Chocolate,1346,61186.46,35.1,108,0,0,0
2026-03-03,Chocolate,1419,63044.84,32.9,121,0,0,0
2026-03-04,Chocolate,1388,66612.4,35.3,100,0,0,0
2026-03-05,Chocolate,1315,62044.04,33.0,100,0,0,0
2026-03-06,Chocolate,1327,58600.92,33.8,104,0,0,0
2026-03-07,Chocolate,1696,77480.09,33.8,131,0,0,0
2026-03-08,Chocolate,1564,67223.52,31.4,120,0,0,0
2026-03-09,Chocolate,1302,56589.62,33.1,109,0,0,0
2026-03-10,Chocolate,1440,66111.24,33.3,109,0,0,0
2026-03-11,Chocolate,1305,57724.96,33.6,104,0,0,0
2026-03-12,Chocolate,1271,55697.11,34.2,109,0,0,0
2026-03-13,Chocolate,1335,64792.53,35.4,108,0,0,0
2026-03-14,Chocolate,1642,72984.61,33.6,127,0,0,0
2026-03-15,Chocolate,1679,77625.05,32.6,134,0,0,0
2026-03-16,Chocolate,1463,63984.75,34.6,104,0,0,0
2026-03-17,Chocolate,1251,56892.27,34.2,101,0,0,0
2026-03-18,Chocolate,1365,65765.87,32.5,100,0,0,0
2026-03-19,Chocolate,1429,66207.8,35.9,107,0,0,0
2026-03-20,Chocolate,1422,64631.21,35.5,106,0,0,0
2026-03-21,Chocolate,1637,77053.18,34.7,125,0,0,0
2026-03-22,Chocolate,1781,79112.61,35.7,128,0,0,0
2026-03-23,Chocolate,1644,71039.34,36.3,110,0,0,0
2026-03-24,Chocolate,1400,67095.29,32.9,110,0,0,0
2026-03-25,Chocolate,1453,66920.78,32.9,112,0,0,0
2026-03-26,Chocolate,1455,66783.59,32.5,114,0,0,0
2026-03-27,Chocolate,1401,64391.61,34.3,109,0,0,0
2026-03-28,Chocolate,1560,68440.24,34.0,123,0,0,0
2026-03-29,Chocolate,1655,75718.27,34.3,126,0,0,0
2026-03-30,Chocolate,1382,61291.51,33.0,114,0,0,0
2026-03-31,Chocolate,1342,62364.9,34.7,101,0,0,0
2026-04-01,Chocolate,1446,64268.65,31.4,112,0,0,0
2026-04-02,Chocolate,1397,64683.42,34.4,112,0,0,0
2026-04-03,Chocolate,1325,60306.01,33.0,106,0,0,0
2026-04-04,Chocolate,1605,69618.38,35.7,125,0,0,0
2026-04-05,Chocolate,1705,75735.51,34.6,133,0,0,0
2026-04-06,Chocolate,1401,61030.8,35.1,107,0,0,0
2026-04-07,Chocolate,1459,64640.09,36.1,98,0,0,0
2026-04-08,Chocolate,1370,60252.46,33.4,115,0,0,0
2026-04-09,Chocolate,1378,58756.83,33.8,110,0,0,0
2026-04-10,Chocolate,1396,63764.58,32.6,113,0,0,0
2026-04-11,Chocolate,1719,76869.75,33.5,123,0,0,0
2026-04-12,Chocolate,1598,70484.44,33.2,130,0,0,0
2026-04-13,Chocolate,1418,68258.98,33.9,108,0,0,0
2026-04-14,Chocolate,1400,63079.55,34.4,98,0,0,0
2026-04-15,Chocolate,1405,63114.12,33.9,109,0,0,0
2026-04-16,Chocolate,1359,67318.98,34.7,106,0,0,0
2026-04-17,Chocolate,1292,58365.72,32.7,108,0,0,0
2026-04-18,Chocolate,1658,75783.89,32.3,124,0,0,0
2026-04-19,Chocolate,1741,75232.4,34.6,119,0,0,0
2026-04-20,Chocolate,1499,65532.57,36.0,112,0,0,0
2026-04-21,Chocolate,1401,62519.89,33.9,106,0,0,0
2026-04-22,Chocolate,1343,59458.37,30.5,112,0,0,0
2026-04-23,Chocolate,1333,55475.78,32.7,109,0,0,0
2026-04-24,Chocolate,1408,60935.63,34.1,110,0,0,0
2026-04-25,Chocolate,1556,68267.87,33.6,120,0,0,0
2026-04-26,Chocolate,1635,78368.88,34.7,124,0,0,0
2026-04-27,Chocolate,1391,61350.67,33.9,109,0,0,0
2026-04-28,Chocolate,1363,60968.7,30.0,111,0,0,0
2026-04-29,Chocolate,1309,57746.77,33.1,110,0,0,0
2026-04-30,Chocolate,1432,59708.62,31.5,114,0,0,0
2026-05-01,Chocolate,1556,66928.89,30.9,107,0,0,1
2026-05-02,Chocolate,2043,89814.32,36.0,126,0,0,1
2026-05-03,Chocolate,1929,88572.93,34.1,123,0,0,1
2026-05-04,Chocolate,1613,75684.24,30.5,113,0,0,1
2026-05-05,Chocolate,1515,68743.8,31.3,103,0,0,1
2026-05-06,Chocolate,1573,67796.47,33.0,105,0,0,1
2026-05-07,Chocolate,1587,75097.85,32.7,105,0,0,1
2026-05-08,Chocolate,1369,62107.65,32.6,112,0,0,0
2026-05-09,Chocolate,1675,75035.43,32.6,118,0,0,0
2026-05-10,Chocolate,1625,71012.05,33.7,121,0,0,0
2026-05-11,Chocolate,1448,68109.98,34.4,108,0,0,0
2026-05-12,Chocolate,1345,59121.47,34.2,109,0,0,0
2026-05-13,Chocolate,1365,58577.93,30.8,109,0,0,0
2026-05-14,Chocolate,1347,57270.32,32.0,100,0,0,0
2026-05-15,Chocolate,1510,69870.43,33.0,107,0,0,0
2026-05-16,Chocolate,1521,66249.12,31.5,127,0,0,0
2026-05-17,Chocolate,1583,68812.38,32.5,115,0,0,0
2026-05-18,Chocolate,1384,62320.12,32.1,101,0,0,0
2026-05-19,Chocolate,1370,61142.65,34.0,106,0,0,0
2026-05-20,Chocolate,1363,66383.27,29.7,107,0,0,0
2026-05-21,Chocolate,1307,59230.85,30.7,104,0,0,0
2026-05-22,Chocolate,1439,63423.25,32.2,105,0,0,0
2026-05-23,Chocolate,1638,72936.2,33.0,125,0,0,0
2026-05-24,Chocolate,1688,74060.45,35.0,120,0,0,0
2026-05-25,Chocolate,1389,63572.99,34.0,108,0,0,0
2026-05-26,Chocolate,1402,63908.71,31.6,103,0,0,0
2026-05-27,Chocolate,1386,62846.9,31.4,105,0,0,0
2026-05-28,Chocolate,1445,62748.21,31.1,102,0,0,0
2026-05-29,Chocolate,1463,63852.31,31.6,103,0,0,0
2026-05-30,Chocolate,1553,66686.48,29.7,118,0,0,0
2026-05-31,Chocolate,1538,68056.0,30.0,114,0,0,0
2026-06-01,Chocolate,1231,56866.56,28.4,108,0,0,0
2026-06-02,Chocolate,1383,60143.8,29.5,110,0,0,0
2026-06-03,Chocolate,1301,58214.53,29.0,106,0,0,0
2026-06-04,Chocolate,1374,63797.49,32.2,101,0,0,0
2026-06-05,Chocolate,1342,56889.76,31.4,103,0,0,0
2026-06-06,Chocolate,1514,68300.16,28.5,123,0,0,0
2026-06-07,Chocolate,1564,70822.72,31.5,117,0,0,0
2026-06-08,Chocolate,1376,62518.84,28.8,109,0,0,0
2026-06-09,Chocolate,1363,62083.98,32.4,97,0,0,0
2026-06-10,Chocolate,1231,56670.11,28.3,104,0,0,0
2026-06-11,Chocolate,1250,54437.26,31.1,104,0,0,0
2026-06-12,Chocolate,1178,55206.08,30.3,103,0,0,0
2026-06-13,Chocolate,1591,69978.05,29.5,117,0,0,0
2026-06-14,Chocolate,1620,76845.32,28.2,122,0,0,0
2026-06-15,Chocolate,1375,59282.47,29.6,104,0,0,0
2026-06-16,Chocolate,1338,59753.47,29.9,99,0,0,0
2026-06-17,Chocolate,1143,51741.71,29.6,103,0,0,0
2026-06-18,Chocolate,1324,62841.33,29.7,104,0,0,0
2026-06-19,Chocolate,1378,62759.48,29.1,104,0,0,0
2026-06-20,Chocolate,1422,65613.1,27.1,110,0,0,0
2026-06-21,Chocolate,1522,71430.65,27.8,123,0,0,0
2026-06-22,Chocolate,1319,62325.92,27.8,103,0,0,0
2026-06-23,Chocolate,1278,60473.48,25.6,99,0,0,0
2026-06-24,Chocolate,1336,61860.88,28.4,100,0,0,0
2026-06-25,Chocolate,1347,64434.67,27.4,102,0,0,0
2026-06-26,Chocolate,1304,59770.27,28.9,101,0,0,0
2026-06-27,Chocolate,1434,67319.97,27.5,120,0,0,0
2026-06-28,Chocolate,1451,69628.38,25.8,117,0,0,0
2026-06-29,Chocolate,1220,57935.78,26.8,98,0,0,0
2026-06-30,Chocolate,1370,62864.26,23.1,96,0,0,0
2026-07-01,Chocolate,1236,57188.72,25.5,100,0,0,0
2026-07-02,Chocolate,1301,60081.0,29.8,102,0,0,0
2026-07-03,Chocolate,1125,47983.85,25.9,96,0,0,0
2026-07-04,Chocolate,1444,62382.1,25.5,113,0,0,0
2026-07-05,Chocolate,1388,61199.45,22.0,113,0,0,0
2026-07-06,Chocolate,1350,60711.56,28.9,97,0,0,0
2026-07-07,Chocolate,1238,54289.22,26.4,96,0,0,0
2026-07-08,Chocolate,1198,55692.43,26.6,98,0,0,0
2026-07-09,Chocolate,1265,56765.95,26.9,97,0,0,0
2026-07-10,Chocolate,1186,51688.96,24.8,99,0,0,0
2026-07-11,Chocolate,1458,64090.78,23.5,115,0,0,0
2026-07-12,Chocolate,1639,75710.1,29.6,120,0,0,0
2026-07-13,Chocolate,1138,50448.46,28.5,95,0,0,0
2026-07-14,Chocolate,1272,59760.3,26.5,99,0,0,0
2026-07-15,Chocolate,1200,52028.29,26.1,101,0,0,0
2026-07-16,Chocolate,1248,54996.75,27.8,99,0,0,0
2026-07-17,Chocolate,1138,48648.78,24.3,95,0,0,0
2026-07-18,Chocolate,1487,67568.71,24.9,114,0,0,0
2026-07-19,Chocolate,1424,64851.1,25.4,113,0,0,0
2026-07-20,Chocolate,1306,58785.65,26.0,97,0,0,0
2026-07-21,Chocolate,1131,51350.27,26.0,96,0,0,0
2026-07-22,Chocolate,1271,56530.42,25.8,100,0,0,0
2026-07-23,Chocolate,1254,55374.95,23.4,99,0,0,0
2026-07-24,Chocolate,1202,57040.47,26.1,94,0,0,0
2026-07-25,Chocolate,1460,66039.0,25.7,114,0,0,0
2026-07-26,Chocolate,1415,62918.09,20.1,111,0,0,0
2026-07-27,Chocolate,1217,52834.25,24.5,101,0,0,0
2026-07-28,Chocolate,1209,53875.87,24.5,95,0,0,0
2026-07-29,Chocolate,1221,54938.24,27.3,88,0,0,0
2026-07-30,Chocolate,1281,57553.24,22.6,100,0,0,0
2026-07-31,Chocolate,1215,54532.17,23.3,96,0,0,0
2026-08-01,Chocolate,1479,63825.67,23.3,115,0,0,0
2026-08-02,Chocolate,1458,66157.46,21.9,107,0,0,0
2026-08-03,Chocolate,1310,57753.61,24.1,90,0,0,0
2026-08-04,Chocolate,1175,51912.1,23.5,99,0,0,0
2026-08-05,Chocolate,1276,60494.58,23.5,107,0,0,0
2026-08-06,Chocolate,1169,54463.28,24.9,97,0,0,0
2026-08-07,Chocolate,1254,51444.93,20.7,102,0,0,0
2026-08-08,Chocolate,1427,65745.47,22.4,116,0,0,0
2026-08-09,Chocolate,1410,63516.76,21.5,108,0,0,0
2026-08-10,Chocolate,1411,64157.82,22.2,100,0,0,1
2026-08-11,Chocolate,1343,60458.99,22.7,89,0,0,1
2026-08-12,Chocolate,1363,54975.61,25.5,97,0,0,1
2026-08-13,Chocolate,1509,65911.49,23.5,94,0,0,1
2026-08-14,Chocolate,1430,63436.05,22.8,98,0,0,1
2026-08-15,Chocolate,2094,97289.32,22.3,115,1,1,1
2026-08-16,Chocolate,1953,86113.73,21.5,107,1,0,1
2026-08-17,Chocolate,1349,59922.55,21.2,94,1,0,0
2026-08-18,Chocolate,1356,56224.87,22.0,94,1,0,0
2026-08-19,Chocolate,1379,59204.4,24.7,94,1,0,0
2026-08-20,Chocolate,1302,57445.91,21.1,91,0,0,0
2026-08-21,Chocolate,1190,53111.69,22.9,91,0,0,0
2026-08-22,Chocolate,1331,56007.21,23.6,104,0,0,0
2026-08-23,Chocolate,1328,58297.58,19.9,109,0,0,0
2026-08-24,Chocolate,1283,58511.71,18.5,90,0,0,0
2026-08-25,Chocolate,1122,48572.8,21.7,90,0,0,0
2026-08-26,Chocolate,1289,59224.29,21.3,97,0,0,0
2026-08-27,Chocolate,1207,53950.75,20.2,94,0,0,0
2026-08-28,Chocolate,1190,55712.97,24.3,86,0,0,0
2026-08-29,Chocolate,1396,62352.43,18.9,109,0,0,0
2026-08-30,Chocolate,1484,67911.64,18.7,114,0,0,0
2026-08-31,Chocolate,1175,52288.8,19.7,94,0,0,0
2026-09-01,Chocolate,1158,52423.24,24.2,93,0,0,0
2025-01-01,Strawberry,856,37093.51,25.0,95,0,1,0
2025-01-02,Strawberry,904,38285.86,28.5,102,0,0,0
2025-01-03,Strawberry,814,35476.11,26.4,101,0,0,0
2025-01-04,Strawberry,1022,47409.65,28.0,117,0,0,0
2025-01-05,Strawberry,1040,43471.1,27.2,123,0,0,0
2025-01-06,Strawberry,788,34565.28,25.9,97,0,0,0
2025-01-07,Strawberry,904,39171.66,28.6,106,0,0,0
2025-01-08,Strawberry,826,36570.65,24.7,101,0,0,0
2025-01-09,Strawberry,966,41109.95,31.1,106,0,0,0
2025-01-10,Strawberry,821,36740.32,27.3,101,0,0,0
2025-01-11,Strawberry,1080,47685.74,28.7,115,0,0,0
2025-01-12,Strawberry,994,45186.43,25.7,119,0,0,0
2025-01-13,Strawberry,888,37320.35,27.9,105,0,0,0
2025-01-14,Strawberry,918,40836.65,26.4,106,0,0,0
2025-01-15,Strawberry,961,40970.34,30.9,106,0,0,0
2025-01-16,Strawberry,911,39170.81,31.4,104,0,0,0
2025-01-17,Strawberry,914,38908.65,29.3,95,0,0,0
2025-01-18,Strawberry,1034,44322.03,29.6,118,0,0,0
2025-01-19,Strawberry,1128,50231.78,28.9,128,0,0,0
2025-01-20,Strawberry,959,41002.31,29.2,106,0,0,0
2025-01-21,Strawberry,936,44083.29,29.2,95,0,0,0
2025-01-22,Strawberry,913,38933.85,29.6,94,0,0,0
2025-01-23,Strawberry,906,39200.66,28.6,105,0,0,0
2025-01-24,Strawberry,872,36917.12,28.7,104,0,0,0
2025-01-25,Strawberry,1048,43889.96,29.3,123,0,0,0
2025-01-26,Strawberry,1168,50305.41,31.4,110,0,1,0
2025-01-27,Strawberry,976,41901.04,30.3,106,0,0,0
2025-01-28,Strawberry,846,39635.79,31.0,104,0,0,0
2025-01-29,Strawberry,907,40283.0,28.1,105,0,0,0
2025-01-30,Strawberry,839,36833.15,29.6,107,0,0,0
2025-01-31,Strawberry,924,42149.39,29.6,101,0,0,0
2025-02-01,Strawberry,1082,46159.1,30.0,125,0,0,0
2025-02-02,Strawberry,1039,46383.79,30.3,121,0,0,0
2025-02-03,Strawberry,838,37405.83,31.1,98,0,0,0
2025-02-04,Strawberry,953,40115.17,29.6,106,0,0,0
2025-02-05,Strawberry,933,40465.27,28.8,111,0,0,0
2025-02-06,Strawberry,851,38571.68,29.7,103,0,0,0
2025-02-07,Strawberry,910,38615.83,30.0,109,0,0,0
2025-02-08,Strawberry,1054,46107.04,30.6,112,0,0,0
2025-02-09,Strawberry,1160,52467.84,32.6,115,0,0,0
2025-02-10,Strawberry,1021,42670.79,33.3,105,0,0,0
2025-02-11,Strawberry,873,36939.94,32.6,102,0,0,0
2025-02-12,Strawberry,959,39594.85,31.6,102,0,0,0
2025-02-13,Strawberry,958,40644.16,28.5,111,0,0,0
2025-02-14,Strawberry,982,43426.33,31.8,110,0,0,0
2025-02-15,Strawberry,1138,50041.53,33.5,121,0,0,0
2025-02-16,Strawberry,1110,48897.29,31.6,122,0,0,0
2025-02-17,Strawberry,893,38999.68,30.5,109,0,0,0
2025-02-18,Strawberry,852,38626.58,31.7,107,0,0,0
2025-02-19,Strawberry,934,41027.57,31.2,111,0,0,0
2025-02-20,Strawberry,1065,46922.37,35.2,105,0,0,0
2025-02-21,Strawberry,1017,43702.22,33.0,106,0,0,0
2025-02-22,Strawberry,1103,48166.66,31.0,122,0,0,0
2025-02-23,Strawberry,1118,47961.17,33.6,130,0,0,0
2025-02-24,Strawberry,971,43422.83,30.5,115,0,0,0
2025-02-25,Strawberry,966,42137.75,30.7,106,0,0,0
2025-02-26,Strawberry,975,41405.2,34.4,116,0,0,0
2025-02-27,Strawberry,1021,44716.44,31.5,113,0,0,0
2025-02-28,Strawberry,1014,44038.17,32.9,103,0,0,0
2025-03-01,Strawberry,1135,49539.97,32.6,127,0,0,0
2025-03-02,Strawberry,1236,55469.49,33.0,128,0,0,0
2025-03-03,Strawberry,963,43316.68,34.3,106,0,0,0
2025-03-04,Strawberry,957,41989.0,33.4,101,0,0,0
2025-03-05,Strawberry,1011,46566.42,32.4,113,0,0,0
2025-03-06,Strawberry,947,41684.95,33.6,107,0,0,0
2025-03-07,Strawberry,948,41252.29,33.3,102,0,0,0
2025-03-08,Strawberry,1144,51140.58,34.0,127,0,0,0
2025-03-09,Strawberry,1098,50089.09,33.1,114,0,0,0
2025-03-10,Strawberry,1031,44187.71,30.9,108,0,0,0
2025-03-11,Strawberry,1060,46507.5,33.5,102,0,0,0
2025-03-12,Strawberry,1041,44436.71,33.6,113,0,0,0
2025-03-13,Strawberry,954,38946.22,32.6,109,0,0,0
2025-03-14,Strawberry,1060,46921.09,33.5,102,0,0,0
2025-03-15,Strawberry,1041,44087.19,32.3,123,0,0,0
2025-03-16,Strawberry,1256,55090.59,35.2,135,0,0,0
2025-03-17,Strawberry,1082,47301.66,33.1,104,0,0,0
2025-03-18,Strawberry,979,42098.05,36.9,113,0,0,0
2025-03-19,Strawberry,982,47621.46,32.8,107,0,0,0
2025-03-20,Strawberry,1010,44437.62,32.2,109,0,0,0
2025-03-21,Strawberry,1001,44811.87,34.0,104,0,0,0
2025-03-22,Strawberry,1259,57165.46,34.4,128,0,0,0
2025-03-23,Strawberry,1135,49566.08,34.0,121,0,0,0
2025-03-24,Strawberry,961,40571.21,34.3,106,0,0,0
2025-03-25,Strawberry,894,37994.3,31.5,107,0,0,0
2025-03-26,Strawberry,1004,45290.78,33.4,103,0,0,0
2025-03-27,Strawberry,1018,43701.73,33.1,106,0,0,0
2025-03-28,Strawberry,1046,46967.83,32.8,113,0,0,0
2025-03-29,Strawberry,1250,55735.12,35.4,118,0,0,0
2025-03-30,Strawberry,1216,53001.84,35.5,128,0,0,0
2025-03-31,Strawberry,1059,44075.91,34.5,107,0,0,0
2025-04-01,Strawberry,988,43118.27,33.2,116,0,0,0
2025-04-02,Strawberry,958,41885.28,32.7,109,0,0,0
2025-04-03,Strawberry,1064,48128.28,35.3,105,0,0,0
2025-04-04,Strawberry,1198,54607.0,35.6,109,0,0,0
2025-04-05,Strawberry,1179,54398.46,34.5,122,0,0,0
2025-04-06,Strawberry,1288,54246.06,36.5,132,0,0,0
2025-04-07,Strawberry,939,41652.86,34.7,103,0,0,0
2025-04-08,Strawberry,1060,47485.22,34.8,112,0,0,0
2025-04-09,Strawberry,915,37510.38,32.5,108,0,0,0
2025-04-10,Strawberry,1067,48721.91,35.0,105,0,0,0
2025-04-11,Strawberry,973,40117.94,33.0,110,0,0,0
2025-04-12,Strawberry,1163,54617.99,34.1,124,0,0,0
2025-04-13,Strawberry,1099,49853.27,31.6,127,0,0,0
2025-04-14,Strawberry,979,41951.73,34.3,109,0,0,0
2025-04-15,Strawberry,1078,45980.87,35.2,115,0,0,0
2025-04-16,Strawberry,1052,48594.78,34.3,117,0,0,0
2025-04-17,Strawberry,1027,45800.08,32.7,108,0,0,0
2025-04-18,Strawberry,1037,47481.46,32.6,104,0,0,0
2025-04-19,Strawberry,1255,54634.17,36.0,133,0,0,0
2025-04-20,Strawberry,1183,50217.81,35.7,128,0,0,0
2025-04-21,Strawberry,1022,46612.19,34.4,107,0,0,0
2025-04-22,Strawberry,949,42116.71,34.7,113,0,0,0
2025-04-23,Strawberry,981,41927.23,34.6,101,0,0,0
2025-04-24,Strawberry,1128,48254.23,33.5,114,0,0,0
2025-04-25,Strawberry,1049,46783.79,34.3,110,0,0,0
2025-04-26,Strawberry,1264,53605.95,33.9,132,0,0,0
2025-04-27,Strawberry,1230,56207.48,34.6,129,0,0,0
2025-04-28,Strawberry,1023,41915.0,33.6,108,0,0,0
2025-04-29,Strawberry,943,43520.42,33.2,104,0,0,0
2025-04-30,Strawberry,993,44133.14,34.0,107,0,0,0
2025-05-01,Strawberry,1208,54724.94,34.6,104,0,0,1
2025-05-02,Strawberry,1113,48748.57,30.2,107,0,0,1
2025-05-03,Strawberry,1470,63965.75,32.3,125,0,0,1
2025-05-04,Strawberry,1398,65317.37,33.4,133,0,0,1
2025-05-05,Strawberry,1245,55353.52,32.9,114,0,0,1
2025-05-06,Strawberry,1181,53553.68,32.8,104,0,0,1
2025-05-07,Strawberry,1169,53176.31,32.8,105,0,0,1
2025-05-08,Strawberry,993,44257.06,34.6,104,0,0,0
2025-05-09,Strawberry,989,43124.24,34.9,111,0,0,0
2025-05-10,Strawberry,1222,51160.37,31.2,123,0,0,0
2025-05-11,Strawberry,1131,50817.11,30.1,121,0,0,0
2025-05-12,Strawberry,935,42806.64,33.1,111,0,0,0
2025-05-13,Strawberry,933,41058.94,31.9,109,0,0,0
2025-05-14,Strawberry,937,41271.22,32.6,111,0,0,0
2025-05-15,Strawberry,1014,46573.79,30.6,108,0,0,0
2025-05-16,Strawberry,1059,43985.7,31.3,110,0,0,0
2025-05-17,Strawberry,1178,49692.56,32.9,128,0,0,0
2025-05-18,Strawberry,1166,51233.82,33.4,119,0,0,0
2025-05-19,Strawberry,969,42779.77,32.9,103,0,0,0
2025-05-20,Strawberry,963,42827.51,33.3,115,0,0,0
2025-05-21,Strawberry,927,39849.9,30.0,109,0,0,0
2025-05-22,Strawberry,989,44233.57,30.7,105,0,0,0
2025-05-23,Strawberry,1010,44359.77,31.5,100,0,0,0
2025-05-24,Strawberry,1099,48299.91,33.1,120,0,0,0
2025-05-25,Strawberry,1179,50336.79,33.3,124,0,0,0
2025-05-26,Strawberry,979,43913.1,33.8,101,0,0,0
2025-05-27,Strawberry,980,44441.87,28.3,110,0,0,0
2025-05-28,Strawberry,939,41118.7,31.9,104,0,0,0
2025-05-29,Strawberry,1000,46215.21,29.5,106,0,0,0
2025-05-30,Strawberry,980,42416.93,31.4,108,0,0,0
2025-05-31,Strawberry,1164,49363.16,31.4,121,0,0,0
2025-06-01,Strawberry,1165,49537.57,29.3,125,0,0,0
2025-06-02,Strawberry,984,45387.41,31.5,102,0,0,0
2025-06-03,Strawberry,1092,46895.05,31.6,107,0,0,0
2025-06-04,Strawberry,927,37514.0,28.8,101,0,0,0
2025-06-05,Strawberry,996,44350.51,29.9,101,0,0,0
2025-06-06,Strawberry,993,42547.25,29.2,106,0,0,0
2025-06-07,Strawberry,1038,44515.97,29.2,112,0,0,0
2025-06-08,Strawberry,1093,46083.07,30.0,117,0,0,0
2025-06-09,Strawberry,989,43534.34,30.0,105,0,0,0
2025-06-10,Strawberry,897,38925.37,27.3,101,0,0,0
2025-06-11,Strawberry,1013,43071.47,29.6,109,0,0,0
2025-06-12,Strawberry,939,42511.63,30.4,105,0,0,0
2025-06-13,Strawberry,960,42552.43,29.1,97,0,0,0
2025-06-14,Strawberry,1073,48194.01,28.9,120,0,0,0
2025-06-15,Strawberry,1131,47805.25,29.0,121,0,0,0
2025-06-16,Strawberry,935,39439.88,27.6,93,0,0,0
2025-06-17,Strawberry,984,41518.87,29.0,104,0,0,0
2025-06-18,Strawberry,1044,47482.15,28.6,109,0,0,0
2025-06-19,Strawberry,978,42800.18,29.1,98,0,0,0
2025-06-20,Strawberry,941,41635.69,29.3,99,0,0,0
2025-06-21,Strawberry,1084,45511.82,28.7,122,0,0,0
2025-06-22,Strawberry,1193,50122.72,30.7,129,0,0,0
2025-06-23,Strawberry,989,41716.68,27.0,103,0,0,0
2025-06-24,Strawberry,976,42440.97,27.8,102,0,0,0
2025-06-25,Strawberry,957,41989.44,25.6,104,0,0,0
2025-06-26,Strawberry,895,40757.98,28.4,99,0,0,0
2025-06-27,Strawberry,1017,43138.84,28.2,103,0,0,0
2025-06-28,Strawberry,1044,47162.39,26.7,119,0,0,0
2025-06-29,Strawberry,1071,47397.65,27.1,115,0,0,0
2025-06-30,Strawberry,973,43279.47,28.7,102,0,0,0
2025-07-01,Strawberry,925,40237.79,26.9,97,0,0,0
2025-07-02,Strawberry,1005,44790.54,29.6,105,0,0,0
2025-07-03,Strawberry,894,39471.98,26.8,95,0,0,0
2025-07-04,Strawberry,972,41758.84,27.2,102,0,0,0
2025-07-05,Strawberry,1104,47928.88,25.7,123,0,0,0
2025-07-06,Strawberry,1066,47659.82,26.4,117,0,0,0
2025-07-07,Strawberry,1006,41719.11,30.3,100,0,0,0
2025-07-08,Strawberry,928,34722.35,25.6,104,0,0,0
2025-07-09,Strawberry,843,39013.27,27.2,107,0,0,0
2025-07-10,Strawberry,896,36265.64,21.9,103,0,0,0
2025-07-11,Strawberry,943,42319.24,26.6,103,0,0,0
2025-07-12,Strawberry,1059,49375.48,25.2,109,0,0,0
2025-07-13,Strawberry,990,42303.74,27.4,109,0,0,0
2025-07-14,Strawberry,908,38004.0,23.2,99,0,0,0
2025-07-15,Strawberry,893,39060.91,26.7,101,0,0,0
2025-07-16,Strawberry,886,39208.27,22.5,97,0,0,0
2025-07-17,Strawberry,891,39586.5,25.8,99,0,0,0
2025-07-18,Strawberry,930,40660.29,26.7,98,0,0,0
2025-07-19,Strawberry,1018,45381.65,24.1,118,0,0,0
2025-07-20,Strawberry,1021,44145.81,25.0,114,0,0,0
2025-07-21,Strawberry,903,40882.88,22.3,99,0,0,0
2025-07-22,Strawberry,887,37863.67,23.9,105,0,0,0
2025-07-23,Strawberry,949,43707.71,23.1,90,0,0,0
2025-07-24,Strawberry,976,42429.08,25.4,94,0,0,0
2025-07-25,Strawberry,934,44179.75,24.0,103,0,0,0
2025-07-26,Strawberry,1007,41518.11,24.6,113,0,0,0
2025-07-27,Strawberry,1082,47640.96,23.7,119,0,0,0
2025-07-28,Strawberry,941,42011.96,22.5,98,0,0,0
2025-07-29,Strawberry,925,36354.48,24.2,93,0,0,0
2025-07-30,Strawberry,838,36568.6,24.4,107,0,0,0
2025-07-31,Strawberry,936,41847.32,23.7,94,0,0,0
2025-08-01,Strawberry,897,43746.51,23.8,99,0,0,0
2025-08-02,Strawberry,959,41414.25,23.7,115,0,0,0
2025-08-03,Strawberry,924,40700.79,25.1,109,0,0,0
2025-08-04,Strawberry,879,36225.58,25.3,96,0,0,0
2025-08-05,Strawberry,808,36927.05,23.9,98,0,0,0
2025-08-06,Strawberry,929,41786.91,24.2,100,0,0,0
2025-08-07,Strawberry,808,33732.72,23.8,99,0,0,0
2025-08-08,Strawberry,908,40394.22,21.8,95,0,0,0
2025-08-09,Strawberry,1011,44845.8,24.5,118,0,0,0
2025-08-10,Strawberry,1244,48375.34,21.4,112,0,0,1
2025-08-11,Strawberry,1051,49282.5,26.2,97,0,0,1
2025-08-12,Strawberry,1028,47779.37,22.0,95,0,0,1
2025-08-13,Strawberry,1112,49904.01,22.3,95,0,0,1
2025-08-14,Strawberry,1188,52837.63,22.2,99,0,0,1
2025-08-15,Strawberry,1362,58703.84,22.4,95,1,1,1
2025-08-16,Strawberry,1276,55152.93,21.7,106,1,0,1
2025-08-17,Strawberry,1194,50902.47,22.0,119,1,0,0
2025-08-18,Strawberry,1050,46244.34,20.9,100,1,0,0
2025-08-19,Strawberry,943,42046.53,21.2,99,1,0,0
2025-08-20,Strawberry,859,38324.76,25.2,95,0,0,0
2025-08-21,Strawberry,914,41748.55,21.0,88,0,0,0
2025-08-22,Strawberry,841,36814.86,21.2,92,0,0,0
2025-08-23,Strawberry,1128,50421.31,20.7,108,0,0,0
2025-08-24,Strawberry,1092,47371.33,22.4,115,0,0,0
2025-08-25,Strawberry,912,40595.43,21.8,93,0,0,0
2025-08-26,Strawberry,888,38799.91,20.8,88,0,0,0
2025-08-27,Strawberry,945,45163.95,18.4,95,0,0,0
2025-08-28,Strawberry,834,36957.01,20.6,91,0,0,0
2025-08-29,Strawberry,877,35985.07,21.5,90,0,0,0
2025-08-30,Strawberry,1037,43408.78,22.5,108,0,0,0
2025-08-31,Strawberry,1043,46642.54,20.1,110,0,0,0
2025-09-01,Strawberry,948,43768.36,23.1,96,0,0,0
2025-09-02,Strawberry,943,43009.77,21.8,93,0,0,0
2025-09-03,Strawberry,840,36613.68,21.8,87,0,0,0
2025-09-04,Strawberry,950,43674.21,22.0,93,0,0,0
2025-09-05,Strawberry,855,38238.98,22.5,98,0,0,0
2025-09-06,Strawberry,1017,46768.89,19.8,104,0,0,0
2025-09-07,Strawberry,1078,51390.1,21.3,119,0,0,0
2025-09-08,Strawberry,833,38039.65,20.8,93,0,0,0
2025-09-09,Strawberry,953,43587.68,19.8,90,0,0,0
2025-09-10,Strawberry,890,39080.09,22.2,91,0,0,0
2025-09-11,Strawberry,929,43628.01,21.6,99,0,0,0
2025-09-12,Strawberry,935,43532.58,21.7,92,0,0,0
2025-09-13,Strawberry,1064,46470.16,23.4,115,0,0,0
2025-09-14,Strawberry,1089,48658.48,21.2,117,0,0,0
2025-09-15,Strawberry,886,39163.98,20.4,91,0,0,0
2025-09-16,Strawberry,898,38346.34,22.8,91,0,0,0
2025-09-17,Strawberry,990,43862.0,21.3,98,0,0,0
2025-09-18,Strawberry,923,41046.68,21.1,92,0,0,0
2025-09-19,Strawberry,922,40161.19,20.3,93,0,0,0
2025-09-20,Strawberry,1204,50800.91,19.8,117,0,0,0
2025-09-21,Strawberry,1038,47066.73,18.2,106,0,0,0
2025-09-22,Strawberry,927,39825.65,21.0,93,0,0,0
2025-09-23,Strawberry,822,34736.1,19.7,92,0,0,0
2025-09-24,Strawberry,919,41278.35,18.4,95,0,0,0
2025-09-25,Strawberry,919,36605.6,17.3,86,0,0,0
2025-09-26,Strawberry,925,39467.09,21.9,85,0,0,0
2025-09-27,Strawberry,977,44007.08,21.6,123,0,0,0
2025-09-28,Strawberry,1050,46404.41,17.3,112,0,0,0
2025-09-29,Strawberry,838,38432.74,18.6,95,0,0,0
2025-09-30,Strawberry,968,42494.22,19.4,86,0,0,0
2025-10-01,Strawberry,874,38344.58,22.9,97,0,0,0
2025-10-02,Strawberry,1048,46389.13,20.2,98,0,1,0
2025-10-03,Strawberry,967,42553.37,19.7,92,0,0,0
2025-10-04,Strawberry,1025,42944.28,19.4,108,0,0,0
2025-10-05,Strawberry,1064,47940.24,18.9,116,0,0,0
2025-10-06,Strawberry,901,38993.33,16.3,94,0,0,0
2025-10-07,Strawberry,795,36079.78,20.3,90,0,0,0
2025-10-08,Strawberry,855,35734.91,20.4,91,0,0,0
2025-10-09,Strawberry,930,38991.05,20.4,99,0,0,0
2025-10-10,Strawberry,948,42574.77,20.4,92,0,0,0
2025-10-11,Strawberry,1018,42621.02,15.6,112,0,0,0
2025-10-12,Strawberry,986,44426.07,19.8,112,0,0,0
2025-10-13,Strawberry,865,36789.26,21.3,92,0,0,0
2025-10-14,Strawberry,946,41389.58,21.7,86,0,0,0
2025-10-15,Strawberry,885,39754.53,20.0,85,0,0,0
2025-10-16,Strawberry,917,39462.51,18.2,94,0,0,0
2025-10-17,Strawberry,905,42018.38,21.5,83,0,0,0
2025-10-18,Strawberry,1054,45370.8,22.4,112,0,0,0
2025-10-19,Strawberry,1031,46535.36,19.9,113,0,0,0
2025-10-20,Strawberry,934,39212.01,23.5,92,1,0,0
2025-10-21,Strawberry,1044,45100.33,21.5,92,1,0,0
2025-10-22,Strawberry,964,41836.16,21.7,92,1,0,0
2025-10-23,Strawberry,1018,45776.17,18.7,100,1,0,0
2025-10-24,Strawberry,981,44784.4,19.7,88,1,0,0
2025-10-25,Strawberry,1173,52490.03,19.8,107,1,0,0
2025-10-26,Strawberry,1212,54635.64,23.1,112,1,0,0
2025-10-27,Strawberry,942,39565.68,18.9,89,1,0,0
2025-10-28,Strawberry,1012,40592.26,21.9,94,1,0,0
2025-10-29,Strawberry,1098,45925.1,23.8,89,1,0,0
2025-10-30,Strawberry,1002,42432.81,19.6,84,1,0,0
2025-10-31,Strawberry,941,42408.23,19.3,88,0,0,0
2025-11-01,Strawberry,1183,49764.07,23.6,108,1,0,0
2025-11-02,Strawberry,1198,54539.59,20.5,109,1,0,0
2025-11-03,Strawberry,1049,46086.63,22.5,90,1,0,0
2025-11-04,Strawberry,975,45448.13,20.6,90,1,0,0
2025-11-05,Strawberry,999,47621.3,21.6,94,1,0,0
2025-11-06,Strawberry,898,39223.41,23.2,91,0,0,0
2025-11-07,Strawberry,934,43130.38,21.5,91,0,0,0
2025-11-08,Strawberry,1042,45165.29,19.4,107,0,0,0
2025-11-09,Strawberry,1135,49489.92,24.5,116,0,0,0
2025-11-10,Strawberry,946,42320.81,21.1,88,0,0,0
2025-11-11,Strawberry,913,40404.88,23.5,93,0,0,0
2025-11-12,Strawberry,944,41506.98,23.0,88,0,0,0
2025-11-13,Strawberry,896,41369.73,20.2,86,0,0,0
2025-11-14,Strawberry,1023,44946.11,24.4,96,0,0,0
2025-11-15,Strawberry,1052,45218.89,23.4,110,0,0,0
2025-11-16,Strawberry,1064,45536.9,18.9,117,0,0,0
2025-11-17,Strawberry,1010,47612.07,20.3,94,0,0,0
2025-11-18,Strawberry,871,39615.26,19.7,93,0,0,0
2025-11-19,Strawberry,924,39994.3,22.7,92,0,0,0
2025-11-20,Strawberry,965,38599.64,24.8,97,0,0,0
2025-11-21,Strawberry,1012,41724.12,22.4,103,0,0,0
2025-11-22,Strawberry,1158,51376.31,22.1,108,0,0,0
2025-11-23,Strawberry,959,40635.28,21.5,113,0,0,0
2025-11-24,Strawberry,842,36566.6,22.8,99,0,0,0
2025-11-25,Strawberry,927,40879.74,24.4,89,0,0,0
2025-11-26,Strawberry,928,42022.1,25.5,94,0,0,0
2025-11-27,Strawberry,907,39719.01,21.0,95,0,0,0
2025-11-28,Strawberry,900,39784.54,24.4,98,0,0,0
2025-11-29,Strawberry,1099,48037.57,25.5,110,0,0,0
2025-11-30,Strawberry,1145,49050.05,23.2,107,0,0,0
2025-12-01,Strawberry,897,41100.26,25.0,93,0,0,0
2025-12-02,Strawberry,974,42434.42,25.0,97,0,0,0
2025-12-03,Strawberry,973,41799.96,23.6,94,0,0,0
2025-12-04,Strawberry,950,42881.19,26.0,95,0,0,0
2025-12-05,Strawberry,932,42257.56,23.9,95,0,0,0
2025-12-06,Strawberry,1096,49645.38,23.0,114,0,0,0
2025-12-07,Strawberry,1109,48400.61,23.9,122,0,0,0
2025-12-08,Strawberry,875,37803.5,23.9,92,0,0,0
2025-12-09,Strawberry,932,42722.7,26.0,97,0,0,0
2025-12-10,Strawberry,939,40618.44,26.7,102,0,0,0
2025-12-11,Strawberry,967,43589.96,27.2,98,0,0,0
2025-12-12,Strawberry,966,43846.59,26.1,95,0,0,0
2025-12-13,Strawberry,1048,44565.81,23.0,115,0,0,0
2025-12-14,Strawberry,1092,46985.89,24.0,117,0,0,0
2025-12-15,Strawberry,954,43595.01,25.1,93,0,0,0
2025-12-16,Strawberry,960,39319.0,25.0,97,0,0,0
2025-12-17,Strawberry,986,43207.81,26.0,110,0,0,0
2025-12-18,Strawberry,1211,49368.34,26.4,105,0,0,1
2025-12-19,Strawberry,1202,50806.25,26.3,109,0,0,1
2025-12-20,Strawberry,1375,58528.49,26.0,111,0,0,1
2025-12-21,Strawberry,1289,59589.47,25.8,113,0,0,1
2025-12-22,Strawberry,1075,44281.88,26.0,96,0,0,1
2025-12-23,Strawberry,1169,50453.42,24.0,99,0,0,1
2025-12-24,Strawberry,1168,49500.58,28.4,96,0,0,1
2025-12-25,Strawberry,1256,54611.83,27.6,107,0,1,1
2025-12-26,Strawberry,1196,54815.32,28.2,93,0,0,1
2025-12-27,Strawberry,1443,67709.37,26.5,120,0,0,1
2025-12-28,Strawberry,1296,58923.22,26.4,115,0,0,1
2025-12-29,Strawberry,1126,48694.43,24.6,99,0,0,1
2025-12-30,Strawberry,1193,51712.84,27.2,110,0,0,1
2025-12-31,Strawberry,1268,56105.24,28.4,101,0,0,1
2026-01-01,Strawberry,1001,41287.7,26.6,93,0,1,0
2026-01-02,Strawberry,1050,46247.64,27.7,95,0,0,0
2026-01-03,Strawberry,1178,50410.45,26.9,115,0,0,0
2026-01-04,Strawberry,1168,50980.4,25.9,123,0,0,0
2026-01-05,Strawberry,1036,44314.62,28.4,101,0,0,0
2026-01-06,Strawberry,1127,49268.72,30.7,98,0,0,0
2026-01-07,Strawberry,1091,46628.32,28.9,104,0,0,0
2026-01-08,Strawberry,1043,45946.3,29.5,108,0,0,0
2026-01-09,Strawberry,1079,45850.65,27.2,100,0,0,0
2026-01-10,Strawberry,1207,56946.93,26.7,126,0,0,0
2026-01-11,Strawberry,1145,50626.12,27.5,120,0,0,0
2026-01-12,Strawberry,996,43738.01,25.7,104,0,0,0
2026-01-13,Strawberry,1039,43890.86,27.9,98,0,0,0
2026-01-14,Strawberry,1133,47294.04,29.3,110,0,0,0
2026-01-15,Strawberry,1015,42529.4,27.9,104,0,0,0
2026-01-16,Strawberry,1135,49508.88,29.4,102,0,0,0
2026-01-17,Strawberry,1180,53197.34,30.7,115,0,0,0
2026-01-18,Strawberry,1236,51822.55,30.6,116,0,0,0
2026-01-19,Strawberry,1022,44586.23,28.9,106,0,0,0
2026-01-20,Strawberry,1092,48167.45,27.6,100,0,0,0
2026-01-21,Strawberry,937,39802.6,27.9,101,0,0,0
2026-01-22,Strawberry,1174,51488.09,31.5,102,0,0,0
2026-01-23,Strawberry,924,40940.05,29.5,106,0,0,0
2026-01-24,Strawberry,1295,54777.8,29.6,127,0,0,0
2026-01-25,Strawberry,1225,54262.18,31.7,120,0,0,0
2026-01-26,Strawberry,1214,53790.5,29.6,109,0,1,0
2026-01-27,Strawberry,1135,52356.64,31.4,108,0,0,0
2026-01-28,Strawberry,1142,50092.29,31.1,104,0,0,0
2026-01-29,Strawberry,1165,51245.71,30.3,111,0,0,0
2026-01-30,Strawberry,1111,49409.92,29.7,110,0,0,0
2026-01-31,Strawberry,1246,53582.35,30.0,123,0,0,0
2026-02-01,Strawberry,1245,56467.89,30.8,123,0,0,0
2026-02-02,Strawberry,1107,49963.04,32.6,108,0,0,0
2026-02-03,Strawberry,1101,48685.34,30.9,99,0,0,0
2026-02-04,Strawberry,1201,53292.88,34.8,110,0,0,0
2026-02-05,Strawberry,992,42349.63,31.2,101,0,0,0
2026-02-06,Strawberry,1036,45199.21,31.0,96,0,0,0
2026-02-07,Strawberry,1242,57859.61,30.8,120,0,0,0
2026-02-08,Strawberry,1286,56529.38,32.3,121,0,0,0
2026-02-09,Strawberry,1115,48357.91,30.2,102,0,0,0
2026-02-10,Strawberry,1072,43995.89,29.8,105,0,0,0
2026-02-11,Strawberry,1129,53452.16,31.5,109,0,0,0
2026-02-12,Strawberry,1288,58136.76,33.5,111,0,0,0
2026-02-13,Strawberry,1090,48136.07,32.0,109,0,0,0
2026-02-14,Strawberry,1245,53497.16,30.8,125,0,0,0
2026-02-15,Strawberry,1211,50639.98,32.5,123,0,0,0
2026-02-16,Strawberry,1090,48317.97,30.3,102,0,0,0
2026-02-17,Strawberry,1201,53940.03,33.7,109,0,0,0
2026-02-18,Strawberry,1177,52452.0,32.5,110,0,0,0
2026-02-19,Strawberry,1109,48287.32,34.1,97,0,0,0
2026-02-20,Strawberry,1095,50497.84,34.0,112,0,0,0
2026-02-21,Strawberry,1248,54316.32,30.6,120,0,0,0
2026-02-22,Strawberry,1305,59483.29,30.1,127,0,0,0
2026-02-23,Strawberry,1110,51650.51,31.9,106,0,0,0
2026-02-24,Strawberry,1040,44066.51,28.4,103,0,0,0
2026-02-25,Strawberry,1087,47933.12,32.3,106,0,0,0
2026-02-26,Strawberry,1122,49089.02,33.7,106,0,0,0
2026-02-27,Strawberry,1135,49172.17,32.8,100,0,0,0
2026-02-28,Strawberry,1430,60751.4,34.8,127,0,0,0
2026-03-01,Strawberry,1266,58081.75,32.4,120,0,0,0
2026-03-02,Strawberry,1141,50073.59,35.2,102,0,0,0
2026-03-03,Strawberry,1055,47194.83,34.0,100,0,0,0
2026-03-04,Strawberry,1091,48684.24,30.2,105,0,0,0
2026-03-05,Strawberry,1176,52247.1,33.0,106,0,0,0
2026-03-06,Strawberry,1145,53331.07,32.3,107,0,0,0
2026-03-07,Strawberry,1349,58295.32,34.5,130,0,0,0
2026-03-08,Strawberry,1282,58842.39,33.0,125,0,0,0
2026-03-09,Strawberry,1200,53201.22,34.7,106,0,0,0
2026-03-10,Strawberry,1146,50324.23,34.5,102,0,0,0
2026-03-11,Strawberry,1038,43987.79,34.4,105,0,0,0
2026-03-12,Strawberry,1234,55374.66,33.4,108,0,0,0
2026-03-13,Strawberry,1210,52168.95,33.7,107,0,0,0
2026-03-14,Strawberry,1402,62513.43,33.4,121,0,0,0
2026-03-15,Strawberry,1353,59023.17,32.6,125,0,0,0
2026-03-16,Strawberry,1152,50069.28,32.9,105,0,0,0
2026-03-17,Strawberry,1135,49631.47,33.0,102,0,0,0
2026-03-18,Strawberry,1190,53612.29,33.3,109,0,0,0
2026-03-19,Strawberry,1145,48587.07,34.6,107,0,0,0
2026-03-20,Strawberry,1107,48867.5,32.9,108,0,0,0
2026-03-21,Strawberry,1349,58396.02,32.4,119,0,0,0
2026-03-22,Strawberry,1341,61769.63,32.6,121,0,0,0
2026-03-23,Strawberry,1204,49706.34,33.3,107,0,0,0
2026-03-24,Strawberry,1115,48896.93,36.9,118,0,0,0
2026-03-25,Strawberry,1123,50779.41,32.9,107,0,0,0
2026-03-26,Strawberry,1145,51264.14,33.8,104,0,0,0
2026-03-27,Strawberry,1215,52289.18,32.2,101,0,0,0
2026-03-28,Strawberry,1384,64576.31,33.8,124,0,0,0
2026-03-29,Strawberry,1298,56335.22,34.9,120,0,0,0
2026-03-30,Strawberry,1183,50124.32,33.6,101,0,0,0
2026-03-31,Strawberry,1220,54483.32,36.2,115,0,0,0
2026-04-01,Strawberry,1120,47453.44,32.2,110,0,0,0
2026-04-02,Strawberry,1142,51874.8,33.6,106,0,0,0
2026-04-03,Strawberry,1105,51297.58,32.8,115,0,0,0
2026-04-04,Strawberry,1314,57138.51,32.5,126,0,0,0
2026-04-05,Strawberry,1475,64004.26,35.2,132,0,0,0
2026-04-06,Strawberry,1120,47354.21,34.3,105,0,0,0
2026-04-07,Strawberry,1070,47005.6,33.3,109,0,0,0
2026-04-08,Strawberry,1199,50243.72,36.2,112,0,0,0
2026-04-09,Strawberry,1214,53027.06,34.6,99,0,0,0
2026-04-10,Strawberry,1248,54723.85,36.7,101,0,0,0
2026-04-11,Strawberry,1374,61849.52,33.4,120,0,0,0
2026-04-12,Strawberry,1414,60086.81,36.6,130,0,0,0
2026-04-13,Strawberry,1114,51489.46,31.8,114,0,0,0
2026-04-14,Strawberry,1177,52954.42,34.6,109,0,0,0
2026-04-15,Strawberry,1203,52672.2,33.8,106,0,0,0
2026-04-16,Strawberry,1155,51667.04,32.6,110,0,0,0
2026-04-17,Strawberry,1232,57066.14,33.1,103,0,0,0
2026-04-18,Strawberry,1380,63581.42,35.1,124,0,0,0
2026-04-19,Strawberry,1444,63432.73,33.2,123,0,0,0
2026-04-20,Strawberry,1229,57894.04,36.3,102,0,0,0
2026-04-21,Strawberry,1112,50733.35,33.7,107,0,0,0
2026-04-22,Strawberry,1089,50459.19,32.4,107,0,0,0
2026-04-23,Strawberry,1145,53017.92,35.3,107,0,0,0
2026-04-24,Strawberry,1061,45655.95,33.0,103,0,0,0
2026-04-25,Strawberry,1350,58639.81,31.3,123,0,0,0
2026-04-26,Strawberry,1373,64368.1,34.0,122,0,0,0
2026-04-27,Strawberry,1087,50306.53,32.9,109,0,0,0
2026-04-28,Strawberry,1161,52149.07,32.6,111,0,0,0
2026-04-29,Strawberry,1234,52891.12,34.3,105,0,0,0
2026-04-30,Strawberry,1201,52011.72,34.4,106,0,0,0
2026-05-01,Strawberry,1375,60591.14,33.2,103,0,0,1
2026-05-02,Strawberry,1593,68619.21,32.3,125,0,0,1
2026-05-03,Strawberry,1702,77591.93,32.8,121,0,0,1
2026-05-04,Strawberry,1300,52212.52,33.4,112,0,0,1
2026-05-05,Strawberry,1329,58885.98,32.3,101,0,0,1
2026-05-06,Strawberry,1404,61806.3,34.2,102,0,0,1
2026-05-07,Strawberry,1441,63180.27,33.3,105,0,0,1
2026-05-08,Strawberry,1235,54229.46,35.4,103,0,0,0
2026-05-09,Strawberry,1337,53489.43,32.2,127,0,0,0
2026-05-10,Strawberry,1330,62285.25,28.0,129,0,0,0
2026-05-11,Strawberry,1120,49299.19,32.5,101,0,0,0
2026-05-12,Strawberry,1255,56120.36,30.9,113,0,0,0
2026-05-13,Strawberry,1215,53599.07,32.3,101,0,0,0
2026-05-14,Strawberry,1121,49570.97,31.8,108,0,0,0
2026-05-15,Strawberry,1118,51135.31,30.0,110,0,0,0
2026-05-16,Strawberry,1277,57643.31,31.8,123,0,0,0
2026-05-17,Strawberry,1309,57834.02,30.7,122,0,0,0
2026-05-18,Strawberry,1136,49339.31,29.4,105,0,0,0
2026-05-19,Strawberry,1135,48185.55,31.5,106,0,0,0
2026-05-20,Strawberry,1102,47868.98,31.7,109,0,0,0
2026-05-21,Strawberry,1110,47424.42,29.6,109,0,0,0
2026-05-22,Strawberry,1079,45112.77,31.7,100,0,0,0
2026-05-23,Strawberry,1279,57170.45,29.9,129,0,0,0
2026-05-24,Strawberry,1263,55646.32,30.1,126,0,0,0
2026-05-25,Strawberry,1195,51517.22,31.4,114,0,0,0
2026-05-26,Strawberry,1097,46881.7,32.2,113,0,0,0
2026-05-27,Strawberry,1105,46458.24,30.8,103,0,0,0
2026-05-28,Strawberry,1143,52085.08,33.1,99,0,0,0
2026-05-29,Strawberry,1051,45881.41,30.9,101,0,0,0
2026-05-30,Strawberry,1228,55529.61,29.7,123,0,0,0
2026-05-31,Strawberry,1394,60420.57,30.9,123,0,0,0
2026-06-01,Strawberry,1088,47723.55,29.5,102,0,0,0
2026-06-02,Strawberry,1050,46766.73,29.3,96,0,0,0
2026-06-03,Strawberry,1234,55701.53,30.6,109,0,0,0
2026-06-04,Strawberry,1249,58423.57,32.4,107,0,0,0
2026-06-05,Strawberry,1141,50133.25,31.6,106,0,0,0
2026-06-06,Strawberry,1265,55297.38,29.6,124,0,0,0
2026-06-07,Strawberry,1235,55183.96,26.4,128,0,0,0
2026-06-08,Strawberry,1225,51618.31,32.1,104,0,0,0
2026-06-09,Strawberry,1198,55272.87,33.4,107,0,0,0
2026-06-10,Strawberry,1143,47090.93,27.9,102,0,0,0
2026-06-11,Strawberry,1223,50908.07,30.4,105,0,0,0
2026-06-12,Strawberry,1119,47184.87,31.8,101,0,0,0
2026-06-13,Strawberry,1203,54267.84,27.7,122,0,0,0
2026-06-14,Strawberry,1224,54474.19,28.2,116,0,0,0
2026-06-15,Strawberry,1124,51280.96,28.7,103,0,0,0
2026-06-16,Strawberry,1078,48193.04,28.5,98,0,0,0
2026-06-17,Strawberry,1007,43994.08,26.7,99,0,0,0
2026-06-18,Strawberry,998,41547.16,27.6,105,0,0,0
2026-06-19,Strawberry,1005,43305.33,28.1,101,0,0,0
2026-06-20,Strawberry,1261,54232.62,27.9,118,0,0,0
2026-06-21,Strawberry,1282,56589.75,30.6,122,0,0,0
2026-06-22,Strawberry,1069,48266.43,28.4,106,0,0,0
2026-06-23,Strawberry,1160,51382.74,28.2,107,0,0,0
2026-06-24,Strawberry,1067,49637.33,27.6,103,0,0,0
2026-06-25,Strawberry,1050,44289.47,28.0,99,0,0,0
2026-06-26,Strawberry,1134,47696.72,28.6,98,0,0,0
2026-06-27,Strawberry,1165,54786.92,27.9,123,0,0,0
2026-06-28,Strawberry,1267,57128.01,26.9,119,0,0,0
2026-06-29,Strawberry,1110,51771.87,27.8,104,0,0,0
2026-06-30,Strawberry,1144,47237.33,28.1,108,0,0,0
2026-07-01,Strawberry,1201,52892.27,31.1,98,0,0,0
2026-07-02,Strawberry,1112,48505.68,28.7,97,0,0,0
2026-07-03,Strawberry,1152,46948.48,29.3,102,0,0,0
2026-07-04,Strawberry,1248,56711.29,26.7,119,0,0,0
2026-07-05,Strawberry,1280,51944.92,26.1,118,0,0,0
2026-07-06,Strawberry,1019,45350.41,27.5,98,0,0,0
2026-07-07,Strawberry,1087,49255.9,28.3,104,0,0,0
2026-07-08,Strawberry,1036,44596.85,27.6,99,0,0,0
2026-07-09,Strawberry,1016,42136.27,27.5,99,0,0,0
2026-07-10,Strawberry,1076,49344.89,27.3,97,0,0,0
2026-07-11,Strawberry,1188,52948.7,24.0,117,0,0,0
2026-07-12,Strawberry,1267,57708.41,27.7,111,0,0,0
2026-07-13,Strawberry,1050,46743.09,25.5,98,0,0,0
2026-07-14,Strawberry,1007,45803.8,26.5,101,0,0,0
2026-07-15,Strawberry,992,43477.26,27.3,99,0,0,0
2026-07-16,Strawberry,1005,42095.38,25.7,94,0,0,0
2026-07-17,Strawberry,965,42968.75,26.2,99,0,0,0
2026-07-18,Strawberry,1185,50715.37,25.1,118,0,0,0
2026-07-19,Strawberry,1192,52712.55,23.9,114,0,0,0
2026-07-20,Strawberry,1001,47809.35,24.6,96,0,0,0
2026-07-21,Strawberry,1179,52620.56,23.7,95,0,0,0
2026-07-22,Strawberry,986,44728.5,22.6,101,0,0,0
2026-07-23,Strawberry,1097,49200.01,24.3,95,0,0,0
2026-07-24,Strawberry,1022,45905.21,25.9,99,0,0,0
2026-07-25,Strawberry,1313,59447.03,26.2,116,0,0,0
2026-07-26,Strawberry,1207,50842.63,24.6,116,0,0,0
2026-07-27,Strawberry,1004,44684.54,24.0,98,0,0,0
2026-07-28,Strawberry,1063,47038.53,24.1,100,0,0,0
2026-07-29,Strawberry,1034,45370.55,21.9,104,0,0,0
2026-07-30,Strawberry,1094,50410.5,23.3,94,0,0,0
2026-07-31,Strawberry,1052,46404.45,24.4,96,0,0,0
2026-08-01,Strawberry,1180,52366.51,23.3,115,0,0,0
2026-08-02,Strawberry,1174,52906.55,23.8,116,0,0,0
2026-08-03,Strawberry,991,42010.4,22.0,94,0,0,0
2026-08-04,Strawberry,979,44919.57,24.8,92,0,0,0
2026-08-05,Strawberry,971,43937.19,22.3,95,0,0,0
2026-08-06,Strawberry,1057,46624.68,24.4,98,0,0,0
2026-08-07,Strawberry,1078,48668.69,22.2,92,0,0,0
2026-08-08,Strawberry,1184,50092.3,21.8,113,0,0,0
2026-08-09,Strawberry,1147,47923.15,23.1,112,0,0,0
2026-08-10,Strawberry,1199,51181.77,20.3,94,0,0,1
2026-08-11,Strawberry,1235,54001.16,23.6,95,0,0,1
2026-08-12,Strawberry,1147,51396.1,21.3,95,0,0,1
2026-08-13,Strawberry,1203,54849.34,21.0,98,0,0,1
2026-08-14,Strawberry,1219,55776.25,20.6,92,0,0,1
2026-08-15,Strawberry,1834,79899.13,24.7,113,1,1,1
2026-08-16,Strawberry,1563,63281.9,23.8,109,1,0,1
2026-08-17,Strawberry,1067,47631.33,20.4,96,1,0,0
2026-08-18,Strawberry,1073,46448.8,23.3,92,1,0,0
2026-08-19,Strawberry,1131,49244.85,20.4,94,1,0,0
2026-08-20,Strawberry,1085,46045.38,24.3,91,0,0,0
2026-08-21,Strawberry,1093,47402.99,21.8,99,0,0,0
2026-08-22,Strawberry,1179,52965.31,22.5,114,0,0,0
2026-08-23,Strawberry,1234,55540.16,24.4,114,0,0,0
2026-08-24,Strawberry,980,42252.87,19.3,96,0,0,0
2026-08-25,Strawberry,986,45088.67,24.7,93,0,0,0
2026-08-26,Strawberry,1082,47677.41,19.9,92,0,0,0
2026-08-27,Strawberry,1012,46865.49,18.9,96,0,0,0
2026-08-28,Strawberry,1124,48021.31,20.3,98,0,0,0
2026-08-29,Strawberry,1164,51687.93,20.9,113,0,0,0
2026-08-30,Strawberry,1201,52972.38,20.7,110,0,0,0
2026-08-31,Strawberry,993,43515.36,21.3,91,0,0,0
2026-09-01,Strawberry,1038,42846.42,20.9,91,0,0,0
2025-01-01,Mango,780,39346.16,25.9,99,0,1,0
2025-01-02,Mango,729,34974.75,27.1,101,0,0,0
2025-01-03,Mango,685,32594.97,25.4,100,0,0,0
2025-01-04,Mango,899,44271.79,23.5,114,0,0,0
2025-01-05,Mango,954,45143.94,29.5,124,0,0,0
2025-01-06,Mango,748,38702.29,26.0,105,0,0,0
2025-01-07,Mango,760,38003.1,27.2,109,0,0,0
2025-01-08,Mango,765,35534.66,30.4,97,0,0,0
2025-01-09,Mango,736,35385.81,26.1,104,0,0,0
2025-01-10,Mango,817,38788.19,28.9,94,0,0,0
2025-01-11,Mango,975,46646.65,29.0,122,0,0,0
2025-01-12,Mango,861,39992.25,25.1,120,0,0,0
2025-01-13,Mango,714,34991.16,28.7,100,0,0,0
2025-01-14,Mango,740,36891.38,27.7,100,0,0,0
2025-01-15,Mango,757,36861.59,28.6,102,0,0,0
2025-01-16,Mango,840,41083.85,30.8,105,0,0,0
2025-01-17,Mango,738,34620.47,26.8,99,0,0,0
2025-01-18,Mango,817,38901.63,27.4,113,0,0,0
2025-01-19,Mango,913,43229.86,29.0,117,0,0,0
2025-01-20,Mango,837,40431.13,30.9,102,0,0,0
2025-01-21,Mango,707,33821.34,27.3,102,0,0,0
2025-01-22,Mango,721,34623.9,28.4,104,0,0,0
2025-01-23,Mango,779,37412.74,30.4,107,0,0,0
2025-01-24,Mango,747,34835.11,30.0,109,0,0,0
2025-01-25,Mango,913,43026.2,34.0,120,0,0,0
2025-01-26,Mango,1013,47238.73,25.8,122,0,1,0
2025-01-27,Mango,724,33316.77,29.3,107,0,0,0
2025-01-28,Mango,780,35961.41,29.8,101,0,0,0
2025-01-29,Mango,832,40186.1,30.6,103,0,0,0
2025-01-30,Mango,821,39000.54,30.7,98,0,0,0
2025-01-31,Mango,783,39170.97,30.2,108,0,0,0
2025-02-01,Mango,947,42350.37,32.7,125,0,0,0
2025-02-02,Mango,945,47023.52,32.3,123,0,0,0
2025-02-03,Mango,817,37851.28,29.5,103,0,0,0
2025-02-04,Mango,833,41542.66,30.7,109,0,0,0
2025-02-05,Mango,741,34338.93,32.7,105,0,0,0
2025-02-06,Mango,809,39242.75,32.2,98,0,0,0
2025-02-07,Mango,820,39295.49,33.4,102,0,0,0
2025-02-08,Mango,1017,47596.91,31.8,122,0,0,0
2025-02-09,Mango,957,47141.4,31.5,125,0,0,0
2025-02-10,Mango,846,41085.66,31.7,108,0,0,0
2025-02-11,Mango,865,42344.57,30.6,103,0,0,0
2025-02-12,Mango,710,33468.75,30.1,106,0,0,0
2025-02-13,Mango,857,37258.44,33.2,105,0,0,0
2025-02-14,Mango,851,42076.45,31.2,107,0,0,0
2025-02-15,Mango,915,43639.29,31.6,123,0,0,0
2025-02-16,Mango,888,44633.57,30.1,116,0,0,0
2025-02-17,Mango,815,36931.05,31.7,107,0,0,0
2025-02-18,Mango,819,39244.91,33.6,97,0,0,0
2025-02-19,Mango,763,35707.15,32.6,103,0,0,0
2025-02-20,Mango,866,39991.53,31.2,103,0,0,0
2025-02-21,Mango,896,42829.07,32.8,107,0,0,0
2025-02-22,Mango,1029,47072.21,33.6,124,0,0,0
2025-02-23,Mango,954,46472.44,28.6,126,0,0,0
2025-02-24,Mango,834,40558.52,31.8,112,0,0,0
2025-02-25,Mango,866,40719.5,33.6,113,0,0,0
2025-02-26,Mango,855,41621.05,30.5,113,0,0,0
2025-02-27,Mango,866,41313.52,37.5,108,0,0,0
2025-02-28,Mango,817,38496.6,31.4,105,0,0,0
2025-03-01,Mango,999,47614.13,30.9,131,0,0,0
2025-03-02,Mango,1041,51037.62,34.1,127,0,0,0
2025-03-03,Mango,903,43564.4,33.3,110,0,0,0
2025-03-04,Mango,851,41347.51,32.8,113,0,0,0
2025-03-05,Mango,833,39541.86,33.8,105,0,0,0
2025-03-06,Mango,815,39445.46,32.5,101,0,0,0
2025-03-07,Mango,785,38435.14,35.2,109,0,0,0
2025-03-08,Mango,1006,47997.23,32.5,127,0,0,0
2025-03-09,Mango,1072,51424.39,33.2,125,0,0,0
2025-03-10,Mango,930,42147.67,35.1,111,0,0,0
2025-03-11,Mango,921,42864.45,35.2,106,0,0,0
2025-03-12,Mango,824,40968.59,31.8,115,0,0,0
2025-03-13,Mango,871,40108.12,33.8,106,0,0,0
2025-03-14,Mango,848,41880.98,33.6,103,0,0,0
2025-03-15,Mango,1053,50532.79,34.0,120,0,0,0
2025-03-16,Mango,1012,46806.53,32.9,129,0,0,0
2025-03-17,Mango,912,43221.82,36.5,108,0,0,0
2025-03-18,Mango,831,39042.03,35.5,106,0,0,0
2025-03-19,Mango,903,45204.07,35.8,111,0,0,0
2025-03-20,Mango,886,42965.66,34.9,107,0,0,0
2025-03-21,Mango,877,39876.8,32.6,108,0,0,0
2025-03-22,Mango,1068,48309.12,33.6,125,0,0,0
2025-03-23,Mango,1060,50810.76,33.3,124,0,0,0
2025-03-24,Mango,909,43958.77,36.6,111,0,0,0
2025-03-25,Mango,827,38674.21,33.4,111,0,0,0
2025-03-26,Mango,810,40549.98,34.6,113,0,0,0
2025-03-27,Mango,736,33639.56,33.7,100,0,0,0
2025-03-28,Mango,912,43024.3,33.9,108,0,0,0
2025-03-29,Mango,1007,48684.58,32.3,124,0,0,0
2025-03-30,Mango,1000,46695.42,32.8,130,0,0,0
2025-03-31,Mango,880,41323.24,33.2,112,0,0,0
2025-04-01,Mango,935,46610.46,35.4,117,0,0,0
2025-04-02,Mango,905,41698.95,35.6,106,0,0,0
2025-04-03,Mango,862,40406.39,33.7,105,0,0,0
2025-04-04,Mango,883,39914.64,33.6,110,0,0,0
2025-04-05,Mango,1018,49632.57,32.9,120,0,0,0
2025-04-06,Mango,1049,49612.28,34.4,123,0,0,0
2025-04-07,Mango,908,44876.4,32.3,111,0,0,0
2025-04-08,Mango,866,42416.9,33.1,113,0,0,0
2025-04-09,Mango,773,36753.93,33.2,107,0,0,0
2025-04-10,Mango,965,44637.33,34.1,106,0,0,0
2025-04-11,Mango,847,41966.41,33.1,104,0,0,0
2025-04-12,Mango,1039,48068.62,36.1,123,0,0,0
2025-04-13,Mango,1080,49578.32,35.8,130,0,0,0
2025-04-14,Mango,889,39916.8,31.9,109,0,0,0
2025-04-15,Mango,889,44658.43,33.4,114,0,0,0
2025-04-16,Mango,882,42165.74,34.8,103,0,0,0
2025-04-17,Mango,927,43136.98,32.3,104,0,0,0
2025-04-18,Mango,908,44349.23,35.4,106,0,0,0
2025-04-19,Mango,943,45885.97,32.8,128,0,0,0
2025-04-20,Mango,1016,49716.38,30.0,125,0,0,0
2025-04-21,Mango,823,39733.88,31.7,103,0,0,0
2025-04-22,Mango,861,40962.46,30.6,107,0,0,0
2025-04-23,Mango,879,39639.13,34.3,108,0,0,0
2025-04-24,Mango,858,41800.63,33.7,104,0,0,0
2025-04-25,Mango,942,43174.95,35.6,107,0,0,0
2025-04-26,Mango,1097,51766.68,33.8,125,0,0,0
2025-04-27,Mango,1039,48143.87,33.0,130,0,0,0
2025-04-28,Mango,928,45026.59,37.2,103,0,0,0
2025-04-29,Mango,883,42072.83,33.7,106,0,0,0
2025-04-30,Mango,872,42636.79,31.5,116,0,0,0
2025-05-01,Mango,1014,46314.68,32.7,106,0,0,1
2025-05-02,Mango,1087,50224.78,32.9,105,0,0,1
2025-05-03,Mango,1256,58650.03,32.2,121,0,0,1
2025-05-04,Mango,1241,57005.07,33.8,129,0,0,1
2025-05-05,Mango,963,46790.28,30.9,110,0,0,1
2025-05-06,Mango,1068,49768.26,33.0,108,0,0,1
2025-05-07,Mango,996,43699.28,31.3,109,0,0,1
2025-05-08,Mango,906,45380.84,33.7,102,0,0,0
2025-05-09,Mango,896,45141.51,32.7,110,0,0,0
2025-05-10,Mango,1032,49241.24,31.0,124,0,0,0
2025-05-11,Mango,1141,58400.14,34.2,123,0,0,0
2025-05-12,Mango,940,43446.05,32.8,108,0,0,0
2025-05-13,Mango,872,41559.73,30.4,111,0,0,0
2025-05-14,Mango,847,39699.25,32.3,96,0,0,0
2025-05-15,Mango,928,45094.48,33.6,110,0,0,0
2025-05-16,Mango,875,43634.32,29.9,108,0,0,0
2025-05-17,Mango,1039,48715.18,35.2,117,0,0,0
2025-05-18,Mango,1014,50234.99,32.2,124,0,0,0
2025-05-19,Mango,795,37730.31,30.2,101,0,0,0
2025-05-20,Mango,837,39188.53,29.9,105,0,0,0
2025-05-21,Mango,932,44463.32,33.0,105,0,0,0
2025-05-22,Mango,862,42296.92,31.5,103,0,0,0
2025-05-23,Mango,827,40637.6,30.9,107,0,0,0
2025-05-24,Mango,1009,50733.96,30.5,126,0,0,0
2025-05-25,Mango,942,43259.54,29.6,117,0,0,0
2025-05-26,Mango,839,39668.32,29.1,107,0,0,0
2025-05-27,Mango,920,43145.0,30.5,102,0,0,0
2025-05-28,Mango,830,42378.27,29.0,108,0,0,0
2025-05-29,Mango,902,42590.63,30.1,108,0,0,0
2025-05-30,Mango,873,40056.81,29.7,107,0,0,0
2025-05-31,Mango,977,46512.29,29.0,112,0,0,0
2025-06-01,Mango,933,44115.1,30.4,115,0,0,0
2025-06-02,Mango,866,44516.23,29.5,104,0,0,0
2025-06-03,Mango,826,37572.74,30.4,108,0,0,0
2025-06-04,Mango,831,38915.16,29.8,97,0,0,0
2025-06-05,Mango,800,36434.86,27.3,111,0,0,0
2025-06-06,Mango,908,42585.12,31.4,101,0,0,0
2025-06-07,Mango,1007,49496.79,29.2,123,0,0,0
2025-06-08,Mango,1024,49460.07,29.7,123,0,0,0
2025-06-09,Mango,855,41094.09,29.5,97,0,0,0
2025-06-10,Mango,783,39514.92,29.0,108,0,0,0
2025-06-11,Mango,826,37582.5,29.5,104,0,0,0
2025-06-12,Mango,869,41453.86,29.2,104,0,0,0
2025-06-13,Mango,869,40287.88,26.0,96,0,0,0
2025-06-14,Mango,997,48791.0,31.3,117,0,0,0
2025-06-15,Mango,975,47473.99,27.8,127,0,0,0
2025-06-16,Mango,902,43118.37,28.6,105,0,0,0
2025-06-17,Mango,896,43665.37,31.4,100,0,0,0
2025-06-18,Mango,810,37843.37,27.1,103,0,0,0
2025-06-19,Mango,835,39994.11,29.1,102,0,0,0
2025-06-20,Mango,828,38944.26,28.4,100,0,0,0
2025-06-21,Mango,993,46910.7,32.4,114,0,0,0
2025-06-22,Mango,1020,49340.04,31.3,114,0,0,0
2025-06-23,Mango,892,42212.62,28.6,106,0,0,0
2025-06-24,Mango,814,38102.54,28.3,94,0,0,0
2025-06-25,Mango,819,37227.77,27.6,94,0,0,0
2025-06-26,Mango,774,38492.64,28.0,96,0,0,0
2025-06-27,Mango,905,42390.87,28.5,105,0,0,0
2025-06-28,Mango,1008,47638.07,29.8,113,0,0,0
2025-06-29,Mango,975,48138.58,26.0,121,0,0,0
2025-06-30,Mango,840,40702.74,27.6,101,0,0,0
2025-07-01,Mango,859,39135.34,28.0,101,0,0,0
2025-07-02,Mango,806,40673.09,26.9,95,0,0,0
2025-07-03,Mango,830,37265.68,26.2,100,0,0,0
2025-07-04,Mango,671,31224.84,26.0,101,0,0,0
2025-07-05,Mango,993,48978.03,28.4,122,0,0,0
2025-07-06,Mango,935,45042.43,26.9,120,0,0,0
2025-07-07,Mango,862,43160.23,25.5,104,0,0,0
2025-07-08,Mango,837,40858.88,25.7,95,0,0,0
2025-07-09,Mango,817,37885.99,26.7,97,0,0,0
2025-07-10,Mango,890,43665.88,27.0,104,0,0,0
2025-07-11,Mango,874,40813.25,23.9,100,0,0,0
2025-07-12,Mango,965,49910.03,25.8,122,0,0,0
2025-07-13,Mango,957,44219.32,24.6,113,0,0,0
2025-07-14,Mango,829,40555.84,25.3,98,0,0,0
2025-07-15,Mango,846,45716.77,26.2,97,0,0,0
2025-07-16,Mango,745,35047.61,26.4,99,0,0,0
2025-07-17,Mango,775,39266.94,25.0,96,0,0,0
2025-07-18,Mango,755,37754.57,27.0,97,0,0,0
2025-07-19,Mango,929,46021.29,25.0,109,0,0,0
2025-07-20,Mango,901,44240.69,21.3,112,0,0,0
2025-07-21,Mango,805,38074.5,24.0,94,0,0,0
2025-07-22,Mango,720,35375.69,25.5,93,0,0,0
2025-07-23,Mango,765,35807.62,25.0,101,0,0,0
2025-07-24,Mango,843,42133.78,26.5,91,0,0,0
2025-07-25,Mango,749,35716.0,25.6,94,0,0,0
2025-07-26,Mango,933,45692.76,22.3,111,0,0,0
2025-07-27,Mango,940,47248.94,22.6,117,0,0,0
2025-07-28,Mango,810,40070.61,24.9,101,0,0,0
2025-07-29,Mango,778,37059.54,22.0,96,0,0,0
2025-07-30,Mango,803,38330.87,24.5,99,0,0,0
2025-07-31,Mango,805,37410.02,22.6,101,0,0,0
2025-08-01,Mango,769,36683.17,23.3,89,0,0,0
2025-08-02,Mango,879,43123.38,22.6,120,0,0,0
2025-08-03,Mango,951,44030.25,26.7,118,0,0,0
2025-08-04,Mango,748,35096.67,21.2,94,0,0,0
2025-08-05,Mango,802,37006.93,22.7,95,0,0,0
2025-08-06,Mango,772,39182.58,22.1,95,0,0,0
2025-08-07,Mango,787,38420.16,23.3,89,0,0,0
2025-08-08,Mango,848,39343.11,22.7,90,0,0,0
2025-08-09,Mango,943,47678.35,23.8,114,0,0,0
2025-08-10,Mango,1122,52793.86,23.5,111,0,0,1
2025-08-11,Mango,866,41634.75,22.8,90,0,0,1
2025-08-12,Mango,928,43403.35,23.1,88,0,0,1
2025-08-13,Mango,871,41907.04,24.3,93,0,0,1
2025-08-14,Mango,935,44667.27,20.9,100,0,0,1
2025-08-15,Mango,1070,52015.4,23.1,91,1,1,1
2025-08-16,Mango,1213,59179.35,20.5,108,1,0,1
2025-08-17,Mango,963,48789.89,20.2,110,1,0,0
2025-08-18,Mango,882,40541.77,23.3,93,1,0,0
2025-08-19,Mango,882,42207.06,20.9,95,1,0,0
2025-08-20,Mango,777,36950.84,22.2,94,0,0,0
2025-08-21,Mango,803,38782.92,21.1,95,0,0,0
2025-08-22,Mango,793,39814.56,19.9,90,0,0,0
2025-08-23,Mango,924,42776.37,21.8,110,0,0,0
2025-08-24,Mango,891,42545.08,23.5,112,0,0,0
2025-08-25,Mango,785,37862.94,20.6,99,0,0,0
2025-08-26,Mango,786,38051.56,22.2,91,0,0,0
2025-08-27,Mango,784,37784.84,19.0,94,0,0,0
2025-08-28,Mango,844,39018.74,21.3,94,0,0,0
2025-08-29,Mango,811,39486.87,20.6,96,0,0,0
2025-08-30,Mango,977,46445.99,25.2,114,0,0,0
2025-08-31,Mango,947,46033.9,19.5,110,0,0,0
2025-09-01,Mango,767,36609.07,21.6,92,0,0,0
2025-09-02,Mango,748,36759.35,22.0,96,0,0,0
2025-09-03,Mango,781,39322.32,19.9,95,0,0,0
2025-09-04,Mango,813,37958.21,20.2,94,0,0,0
2025-09-05,Mango,761,36026.06,20.6,92,0,0,0
2025-09-06,Mango,940,45563.58,22.3,108,0,0,0
2025-09-07,Mango,864,42286.01,18.5,113,0,0,0
2025-09-08,Mango,730,35174.01,19.8,93,0,0,0
2025-09-09,Mango,754,36706.18,21.9,89,0,0,0
2025-09-10,Mango,854,41669.08,21.2,83,0,0,0
2025-09-11,Mango,706,34602.53,21.5,92,0,0,0
2025-09-12,Mango,782,37815.22,19.6,95,0,0,0
2025-09-13,Mango,879,45152.78,19.2,114,0,0,0
2025-09-14,Mango,992,47490.19,23.7,117,0,0,0
2025-09-15,Mango,720,36183.46,22.0,92,0,0,0
2025-09-16,Mango,735,34633.71,21.9,92,0,0,0
2025-09-17,Mango,727,35208.79,17.5,96,0,0,0
2025-09-18,Mango,787,37381.95,18.9,87,0,0,0
2025-09-19,Mango,746,33136.23,21.4,87,0,0,0
2025-09-20,Mango,1031,49631.4,16.9,117,0,0,0
2025-09-21,Mango,960,45339.28,18.9,109,0,0,0
2025-09-22,Mango,765,36116.19,20.5,92,0,0,0
2025-09-23,Mango,802,37928.69,20.5,88,0,0,0
2025-09-24,Mango,794,39207.49,20.3,98,0,0,0
2025-09-25,Mango,788,40097.38,17.4,90,0,0,0
2025-09-26,Mango,853,39939.57,17.1,92,0,0,0
2025-09-27,Mango,938,47227.04,19.7,111,0,0,0
2025-09-28,Mango,923,43278.74,20.7,115,0,0,0
2025-09-29,Mango,803,38079.21,19.7,87,0,0,0
2025-09-30,Mango,747,36719.35,19.0,94,0,0,0
2025-10-01,Mango,785,38424.07,19.3,97,0,0,0
2025-10-02,Mango,899,40908.91,20.3,95,0,1,0
2025-10-03,Mango,826,40503.22,21.5,92,0,0,0
2025-10-04,Mango,949,45120.33,18.8,106,0,0,0
2025-10-05,Mango,972,47273.18,21.4,109,0,0,0
2025-10-06,Mango,801,39881.21,20.5,91,0,0,0
2025-10-07,Mango,801,38597.71,19.9,94,0,0,0
2025-10-08,Mango,808,39043.92,22.6,97,0,0,0
2025-10-09,Mango,807,39765.67,19.0,91,0,0,0
2025-10-10,Mango,829,39681.61,21.2,88,0,0,0
2025-10-11,Mango,1007,48734.39,18.6,115,0,0,0
2025-10-12,Mango,1000,49092.1,21.2,113,0,0,0
2025-10-13,Mango,859,40575.48,18.1,100,0,0,0
2025-10-14,Mango,789,38262.55,18.6,94,0,0,0
2025-10-15,Mango,744,36142.57,21.3,90,0,0,0
2025-10-16,Mango,741,35287.7,19.4,93,0,0,0
2025-10-17,Mango,769,35564.41,21.3,95,0,0,0
2025-10-18,Mango,958,45248.03,20.3,113,0,0,0
2025-10-19,Mango,958,43637.17,20.8,116,0,0,0
2025-10-20,Mango,842,40453.54,20.6,101,1,0,0
2025-10-21,Mango,889,44192.15,20.0,93,1,0,0
2025-10-22,Mango,886,42062.67,20.5,98,1,0,0
2025-10-23,Mango,876,44746.96,19.5,85,1,0,0
2025-10-24,Mango,869,41393.51,21.2,95,1,0,0
2025-10-25,Mango,1117,54965.19,22.0,119,1,0,0
2025-10-26,Mango,1002,45919.4,20.7,112,1,0,0
2025-10-27,Mango,870,39842.38,19.0,93,1,0,0
2025-10-28,Mango,829,39331.68,20.6,92,1,0,0
2025-10-29,Mango,918,41443.7,20.3,90,1,0,0
2025-10-30,Mango,888,43162.41,17.8,93,1,0,0
2025-10-31,Mango,796,37680.76,20.1,89,0,0,0
2025-11-01,Mango,1031,53316.23,23.3,110,1,0,0
2025-11-02,Mango,1070,52533.9,20.7,113,1,0,0
2025-11-03,Mango,892,42045.32,21.5,94,1,0,0
2025-11-04,Mango,957,46372.27,21.6,101,1,0,0
2025-11-05,Mango,868,42898.1,22.5,90,1,0,0
2025-11-06,Mango,779,39940.94,23.5,90,0,0,0
2025-11-07,Mango,831,40194.86,21.5,101,0,0,0
2025-11-08,Mango,1013,47051.31,20.9,115,0,0,0
2025-11-09,Mango,949,44849.67,20.9,115,0,0,0
2025-11-10,Mango,798,38558.2,23.1,98,0,0,0
2025-11-11,Mango,807,38774.02,19.8,90,0,0,0
2025-11-12,Mango,758,36901.4,20.2,91,0,0,0
2025-11-13,Mango,721,35061.17,18.8,90,0,0,0
2025-11-14,Mango,882,44549.95,19.1,94,0,0,0
2025-11-15,Mango,910,42051.37,19.2,113,0,0,0
2025-11-16,Mango,988,46364.16,21.8,117,0,0,0
2025-11-17,Mango,761,35587.53,23.2,85,0,0,0
2025-11-18,Mango,805,38429.03,22.3,94,0,0,0
2025-11-19,Mango,824,39200.54,22.3,97,0,0,0
2025-11-20,Mango,797,38184.98,23.0,98,0,0,0
2025-11-21,Mango,883,40610.29,24.2,90,0,0,0
2025-11-22,Mango,1040,49134.77,22.0,109,0,0,0
2025-11-23,Mango,956,45417.01,21.9,112,0,0,0
2025-11-24,Mango,789,37893.07,22.5,81,0,0,0
2025-11-25,Mango,819,40314.74,24.4,100,0,0,0
2025-11-26,Mango,799,36932.14,21.3,98,0,0,0
2025-11-27,Mango,837,42054.84,22.8,101,0,0,0
2025-11-28,Mango,799,38622.06,22.0,100,0,0,0
2025-11-29,Mango,976,45765.83,23.6,116,0,0,0
2025-11-30,Mango,950,42984.79,24.7,121,0,0,0
2025-12-01,Mango,811,39604.59,24.2,95,0,0,0
2025-12-02,Mango,814,40866.57,22.9,95,0,0,0
2025-12-03,Mango,759,36590.51,23.7,91,0,0,0
2025-12-04,Mango,836,40986.36,22.1,90,0,0,0
2025-12-05,Mango,833,40736.72,23.3,98,0,0,0
2025-12-06,Mango,929,45313.7,24.9,104,0,0,0
2025-12-07,Mango,997,47977.02,23.5,115,0,0,0
2025-12-08,Mango,850,40547.49,26.5,101,0,0,0
2025-12-09,Mango,763,36877.2,20.0,96,0,0,0
2025-12-10,Mango,891,42732.89,24.6,100,0,0,0
2025-12-11,Mango,815,38432.87,27.9,98,0,0,0
2025-12-12,Mango,790,37566.9,24.1,100,0,0,0
2025-12-13,Mango,999,48913.02,24.5,114,0,0,0
2025-12-14,Mango,1046,48067.89,26.6,114,0,0,0
2025-12-15,Mango,818,40739.32,22.9,93,0,0,0
2025-12-16,Mango,815,39820.28,24.2,96,0,0,0
2025-12-17,Mango,767,36158.23,24.5,96,0,0,0
2025-12-18,Mango,985,49106.4,27.1,98,0,0,1
2025-12-19,Mango,1054,50680.55,24.6,104,0,0,1
2025-12-20,Mango,1190,56541.86,23.3,126,0,0,1
2025-12-21,Mango,1257,59087.14,27.1,119,0,0,1
2025-12-22,Mango,1021,48972.86,26.3,94,0,0,1
2025-12-23,Mango,994,46417.47,26.3,98,0,0,1
2025-12-24,Mango,1014,49513.94,27.2,105,0,0,1
2025-12-25,Mango,1072,49363.03,26.8,99,0,1,1
2025-12-26,Mango,1026,49813.9,25.1,91,0,0,1
2025-12-27,Mango,1078,51740.21,26.4,109,0,0,1
2025-12-28,Mango,1276,60329.47,29.5,115,0,0,1
2025-12-29,Mango,1015,47669.32,26.7,104,0,0,1
2025-12-30,Mango,1104,51857.23,28.9,100,0,0,1
2025-12-31,Mango,1081,52101.44,29.0,101,0,0,1
2026-01-01,Mango,941,46522.4,26.2,100,0,1,0
2026-01-02,Mango,781,35465.15,26.8,94,0,0,0
2026-01-03,Mango,1040,50133.06,28.2,114,0,0,0
2026-01-04,Mango,1034,45429.21,27.3,120,0,0,0
2026-01-05,Mango,945,47750.55,27.0,102,0,0,0
2026-01-06,Mango,779,39167.99,25.6,99,0,0,0
2026-01-07,Mango,917,45915.06,29.2,102,0,0,0
2026-01-08,Mango,943,44770.02,29.7,106,0,0,0
2026-01-09,Mango,905,42963.18,29.1,104,0,0,0
2026-01-10,Mango,1057,50318.42,29.8,126,0,0,0
2026-01-11,Mango,1037,52705.82,28.7,121,0,0,0
2026-01-12,Mango,986,46663.84,29.0,104,0,0,0
2026-01-13,Mango,877,40137.32,28.3,97,0,0,0
2026-01-14,Mango,909,43495.07,29.7,103,0,0,0
2026-01-15,Mango,919,45076.27,29.8,97,0,0,0
2026-01-16,Mango,798,38163.24,26.1,105,0,0,0
2026-01-17,Mango,995,45297.09,27.2,126,0,0,0
2026-01-18,Mango,999,48739.93,29.2,119,0,0,0
2026-01-19,Mango,833,40986.38,26.1,98,0,0,0
2026-01-20,Mango,948,42052.37,31.2,107,0,0,0
2026-01-21,Mango,993,48353.56,29.9,109,0,0,0
2026-01-22,Mango,971,44544.53,27.7,101,0,0,0
2026-01-23,Mango,885,40911.22,27.9,107,0,0,0
2026-01-24,Mango,1111,51418.57,32.0,123,0,0,0
2026-01-25,Mango,1199,59159.2,32.9,121,0,0,0
2026-01-26,Mango,1084,54410.05,29.1,101,0,1,0
2026-01-27,Mango,888,41247.61,27.2,106,0,0,0
2026-01-28,Mango,907,42449.68,30.5,98,0,0,0
2026-01-29,Mango,880,44316.6,29.5,103,0,0,0
2026-01-30,Mango,960,45289.74,31.1,111,0,0,0
2026-01-31,Mango,1134,55656.8,33.1,120,0,0,0
2026-02-01,Mango,1102,54994.19,28.7,125,0,0,0
2026-02-02,Mango,973,45444.93,32.0,109,0,0,0
2026-02-03,Mango,919,44891.03,33.9,98,0,0,0
2026-02-04,Mango,1032,46446.5,33.3,105,0,0,0
2026-02-05,Mango,956,43669.27,30.2,97,0,0,0
2026-02-06,Mango,975,46567.51,29.1,107,0,0,0
2026-02-07,Mango,1130,52384.47,32.0,125,0,0,0
2026-02-08,Mango,1181,57240.83,32.1,125,0,0,0
2026-02-09,Mango,939,44392.06,29.6,108,0,0,0
2026-02-10,Mango,987,45276.48,31.0,102,0,0,0
2026-02-11,Mango,1008,49978.07,30.1,104,0,0,0
2026-02-12,Mango,999,46192.75,29.2,111,0,0,0
2026-02-13,Mango,957,48220.26,27.9,105,0,0,0
2026-02-14,Mango,1033,49013.71,30.5,131,0,0,0
2026-02-15,Mango,1194,59021.01,31.3,128,0,0,0
2026-02-16,Mango,973,44264.83,30.0,109,0,0,0
2026-02-17,Mango,929,42801.1,29.0,110,0,0,0
2026-02-18,Mango,973,44438.88,31.8,107,0,0,0
2026-02-19,Mango,1019,48460.95,35.1,110,0,0,0
2026-02-20,Mango,993,45681.87,32.8,102,0,0,0
2026-02-21,Mango,1087,54859.35,32.3,119,0,0,0
2026-02-22,Mango,1069,50354.71,32.6,125,0,0,0
2026-02-23,Mango,907,43817.81,33.2,107,0,0,0
2026-02-24,Mango,981,43788.8,33.2,112,0,0,0
2026-02-25,Mango,988,43397.8,31.2,102,0,0,0
2026-02-26,Mango,995,49097.75,32.1,112,0,0,0
2026-02-27,Mango,1002,48248.13,30.4,100,0,0,0
2026-02-28,Mango,1159,53639.79,33.0,120,0,0,0
2026-03-01,Mango,1250,58809.48,34.7,136,0,0,0
2026-03-02,Mango,990,45991.65,29.2,100,0,0,0
2026-03-03,Mango,1061,50610.36,32.5,110,0,0,0
2026-03-04,Mango,965,45489.4,32.5,107,0,0,0
2026-03-05,Mango,1106,53816.05,33.8,108,0,0,0
2026-03-06,Mango,1043,48932.9,35.0,103,0,0,0
2026-03-07,Mango,1197,61778.35,33.9,128,0,0,0
2026-03-08,Mango,1263,63964.69,35.5,130,0,0,0
2026-03-09,Mango,944,44512.9,31.2,113,0,0,0
2026-03-10,Mango,985,46522.71,34.3,112,0,0,0
2026-03-11,Mango,1048,55705.28,33.6,107,0,0,0
2026-03-12,Mango,958,45516.61,34.2,105,0,0,0
2026-03-13,Mango,1015,48014.83,32.2,109,0,0,0
2026-03-14,Mango,1227,60072.38,36.6,123,0,0,0
2026-03-15,Mango,1245,61722.58,35.0,131,0,0,0
2026-03-16,Mango,1049,52732.53,32.7,111,0,0,0
2026-03-17,Mango,1005,44243.07,31.2,104,0,0,0
2026-03-18,Mango,1016,48112.39,34.5,112,0,0,0
2026-03-19,Mango,967,45425.54,32.2,106,0,0,0
2026-03-20,Mango,988,50201.46,32.7,107,0,0,0
2026-03-21,Mango,1162,54748.33,33.3,127,0,0,0
2026-03-22,Mango,1078,52041.04,31.3,120,0,0,0
2026-03-23,Mango,1006,46225.36,35.5,101,0,0,0
2026-03-24,Mango,1009,48360.08,33.5,112,0,0,0
2026-03-25,Mango,1031,49733.76,36.1,110,0,0,0
2026-03-26,Mango,1031,47373.69,32.7,110,0,0,0
2026-03-27,Mango,1052,51807.87,34.2,107,0,0,0
2026-03-28,Mango,1250,58363.01,34.7,125,0,0,0
2026-03-29,Mango,1126,52660.41,32.0,113,0,0,0
2026-03-30,Mango,989,48169.65,34.6,100,0,0,0
2026-03-31,Mango,983,47135.62,32.4,110,0,0,0
2026-04-01,Mango,1056,49398.61,34.9,112,0,0,0
2026-04-02,Mango,980,46778.24,33.3,111,0,0,0
2026-04-03,Mango,975,44091.53,33.4,108,0,0,0
2026-04-04,Mango,1152,55933.5,34.8,130,0,0,0
2026-04-05,Mango,1223,56973.16,35.6,128,0,0,0
2026-04-06,Mango,1038,49543.53,34.1,109,0,0,0
2026-04-07,Mango,1029,49701.97,32.4,110,0,0,0
2026-04-08,Mango,1023,51070.36,34.1,115,0,0,0
2026-04-09,Mango,1077,51222.58,32.9,112,0,0,0
2026-04-10,Mango,1037,49194.0,36.4,110,0,0,0
2026-04-11,Mango,1202,57444.92,35.6,130,0,0,0
2026-04-12,Mango,1307,63194.1,34.2,124,0,0,0
2026-04-13,Mango,1025,50748.92,33.8,113,0,0,0
2026-04-14,Mango,1031,51916.31,31.4,106,0,0,0
2026-04-15,Mango,1027,48336.22,32.7,104,0,0,0
2026-04-16,Mango,1009,45457.33,33.4,111,0,0,0
2026-04-17,Mango,918,43654.81,31.8,108,0,0,0
2026-04-18,Mango,1277,59269.02,31.7,132,0,0,0
2026-04-19,Mango,1187,60187.08,34.1,122,0,0,0
2026-04-20,Mango,974,48426.58,33.0,106,0,0,0
2026-04-21,Mango,944,44375.91,28.7,106,0,0,0
2026-04-22,Mango,1001,51191.37,34.9,112,0,0,0
2026-04-23,Mango,1013,47858.63,31.4,113,0,0,0
2026-04-24,Mango,1027,47878.5,32.9,107,0,0,0
2026-04-25,Mango,1134,53041.75,33.1,122,0,0,0
2026-04-26,Mango,1182,56950.02,31.7,124,0,0,0
2026-04-27,Mango,1071,51418.31,36.3,98,0,0,0
2026-04-28,Mango,1046,50478.89,34.5,110,0,0,0
2026-04-29,Mango,932,45822.0,32.2,110,0,0,0
2026-04-30,Mango,1009,48191.06,33.2,105,0,0,0
2026-05-01,Mango,1337,63042.24,35.1,120,0,0,1
2026-05-02,Mango,1402,64644.54,34.0,128,0,0,1
2026-05-03,Mango,1350,63340.18,32.9,128,0,0,1
2026-05-04,Mango,1283,58867.82,33.8,107,0,0,1
2026-05-05,Mango,1164,55769.14,36.4,101,0,0,1
2026-05-06,Mango,1167,55673.3,31.1,107,0,0,1
2026-05-07,Mango,1170,58096.93,31.5,108,0,0,1
2026-05-08,Mango,931,44447.65,32.4,103,0,0,0
2026-05-09,Mango,1162,52677.52,30.7,119,0,0,0
2026-05-10,Mango,1228,57037.96,34.7,125,0,0,0
2026-05-11,Mango,1004,48492.94,33.6,106,0,0,0
2026-05-12,Mango,909,44108.58,29.9,100,0,0,0
2026-05-13,Mango,983,48031.35,32.3,110,0,0,0
2026-05-14,Mango,1016,48667.4,32.1,102,0,0,0
2026-05-15,Mango,990,47291.77,31.2,106,0,0,0
2026-05-16,Mango,1158,54189.69,31.5,119,0,0,0
2026-05-17,Mango,1179,56920.26,30.5,123,0,0,0
2026-05-18,Mango,1016,45115.37,31.1,103,0,0,0
2026-05-19,Mango,945,44631.03,33.0,98,0,0,0
2026-05-20,Mango,1105,53630.97,35.0,112,0,0,0
2026-05-21,Mango,936,43781.4,28.9,106,0,0,0
2026-05-22,Mango,1038,46809.72,31.8,103,0,0,0
2026-05-23,Mango,1145,55483.2,31.6,120,0,0,0
2026-05-24,Mango,1129,53073.3,29.7,124,0,0,0
2026-05-25,Mango,951,45658.12,30.6,104,0,0,0
2026-05-26,Mango,1052,51151.25,30.8,102,0,0,0
2026-05-27,Mango,942,44598.84,30.5,105,0,0,0
2026-05-28,Mango,990,46769.17,30.5,100,0,0,0
2026-05-29,Mango,1105,51941.72,30.4,102,0,0,0
2026-05-30,Mango,1116,55805.22,27.7,116,0,0,0
2026-05-31,Mango,1183,56447.77,29.7,127,0,0,0
2026-06-01,Mango,1020,49567.86,30.2,105,0,0,0
2026-06-02,Mango,1053,50940.79,29.5,103,0,0,0
2026-06-03,Mango,1022,49222.64,31.7,106,0,0,0
2026-06-04,Mango,1022,47992.46,31.6,107,0,0,0
2026-06-05,Mango,976,50769.73,30.8,103,0,0,0
2026-06-06,Mango,1074,51763.36,27.8,125,0,0,0
2026-06-07,Mango,1173,56273.18,33.8,118,0,0,0
2026-06-08,Mango,940,46042.15,28.6,107,0,0,0
2026-06-09,Mango,915,41767.22,27.8,96,0,0,0
2026-06-10,Mango,948,46092.17,31.9,97,0,0,0
2026-06-11,Mango,1030,47892.48,28.7,97,0,0,0
2026-06-12,Mango,992,48303.98,29.1,102,0,0,0
2026-06-13,Mango,1094,53741.04,28.1,119,0,0,0
2026-06-14,Mango,1084,52017.77,27.4,129,0,0,0
2026-06-15,Mango,885,41191.63,27.3,97,0,0,0
2026-06-16,Mango,972,45514.41,28.3,98,0,0,0
2026-06-17,Mango,977,47210.9,27.5,101,0,0,0
2026-06-18,Mango,892,41105.49,28.6,96,0,0,0
2026-06-19,Mango,955,45031.54,30.6,104,0,0,0
2026-06-20,Mango,1103,52468.27,27.3,116,0,0,0
2026-06-21,Mango,1243,60915.75,31.5,125,0,0,0
2026-06-22,Mango,930,46914.24,27.6,104,0,0,0
2026-06-23,Mango,966,48889.65,28.7,102,0,0,0
2026-06-24,Mango,920,42219.51,25.9,109,0,0,0
2026-06-25,Mango,939,43609.56,26.8,94,0,0,0
2026-06-26,Mango,928,44170.8,28.0,105,0,0,0
2026-06-27,Mango,1171,57574.44,25.7,117,0,0,0
2026-06-28,Mango,1082,52147.07,27.1,116,0,0,0
2026-06-29,Mango,890,41440.55,26.8,103,0,0,0
2026-06-30,Mango,964,46251.35,27.9,96,0,0,0
2026-07-01,Mango,826,40507.08,24.4,101,0,0,0
2026-07-02,Mango,988,45852.05,26.7,107,0,0,0
2026-07-03,Mango,838,42518.95,23.9,97,0,0,0
2026-07-04,Mango,1082,51644.4,26.8,122,0,0,0
2026-07-05,Mango,1107,51380.3,26.6,122,0,0,0
2026-07-06,Mango,940,41130.4,29.0,98,0,0,0
2026-07-07,Mango,942,44646.81,27.4,100,0,0,0
2026-07-08,Mango,922,45139.9,25.5,98,0,0,0
2026-07-09,Mango,917,43322.44,25.9,103,0,0,0
2026-07-10,Mango,918,41940.42,26.4,94,0,0,0
2026-07-11,Mango,1023,51573.98,24.4,109,0,0,0
2026-07-12,Mango,1172,56966.33,25.7,119,0,0,0
2026-07-13,Mango,892,41969.19,24.6,96,0,0,0
2026-07-14,Mango,951,43298.71,24.8,102,0,0,0
2026-07-15,Mango,919,45687.73,24.3,96,0,0,0
2026-07-16,Mango,947,46292.06,29.4,96,0,0,0
2026-07-17,Mango,878,38691.28,24.2,97,0,0,0
2026-07-18,Mango,1110,53289.14,25.3,115,0,0,0
2026-07-19,Mango,958,44243.91,23.2,115,0,0,0
2026-07-20,Mango,949,42752.13,25.9,97,0,0,0
2026-07-21,Mango,935,45823.55,24.4,96,0,0,0
2026-07-22,Mango,907,45352.38,25.7,104,0,0,0
2026-07-23,Mango,921,42129.2,23.0,93,0,0,0
2026-07-24,Mango,950,45515.29,25.3,98,0,0,0
2026-07-25,Mango,1028,48255.03,24.4,117,0,0,0
2026-07-26,Mango,1033,49455.73,25.0,115,0,0,0
2026-07-27,Mango,898,40804.07,26.5,95,0,0,0
2026-07-28,Mango,940,45272.59,24.0,99,0,0,0
2026-07-29,Mango,958,47398.44,25.4,99,0,0,0
2026-07-30,Mango,858,42038.21,26.2,96,0,0,0
2026-07-31,Mango,968,49288.83,24.9,103,0,0,0
2026-08-01,Mango,994,48171.37,24.5,115,0,0,0
2026-08-02,Mango,1056,51435.23,22.7,115,0,0,0
2026-08-03,Mango,789,38096.86,23.2,100,0,0,0
2026-08-04,Mango,948,47899.9,25.1,103,0,0,0
2026-08-05,Mango,921,44203.59,23.4,96,0,0,0
2026-08-06,Mango,846,41278.51,21.9,93,0,0,0
2026-08-07,Mango,871,42467.86,23.0,94,0,0,0
2026-08-08,Mango,985,48690.29,24.1,109,0,0,0
2026-08-09,Mango,1128,56883.75,20.7,115,0,0,0
2026-08-10,Mango,1165,51840.64,23.8,98,0,0,1
2026-08-11,Mango,1055,52601.95,21.9,98,0,0,1
2026-08-12,Mango,1050,49577.05,22.4,95,0,0,1
2026-08-13,Mango,1030,50912.7,21.6,96,0,0,1
2026-08-14,Mango,1024,46541.6,23.3,99,0,0,1
2026-08-15,Mango,1628,76790.04,22.2,124,1,1,1
2026-08-16,Mango,1317,65921.7,22.8,115,1,0,1
2026-08-17,Mango,989,49169.93,21.8,94,1,0,0
2026-08-18,Mango,986,44305.43,20.8,87,1,0,0
2026-08-19,Mango,1026,50852.19,21.4,99,1,0,0
2026-08-20,Mango,896,43543.09,22.7,104,0,0,0
2026-08-21,Mango,906,45823.91,21.1,98,0,0,0
2026-08-22,Mango,1094,52458.73,20.9,118,0,0,0
2026-08-23,Mango,1072,51123.35,22.4,113,0,0,0
2026-08-24,Mango,824,40592.65,20.4,92,0,0,0
2026-08-25,Mango,926,45613.92,19.6,93,0,0,0
2026-08-26,Mango,919,44183.7,18.7,93,0,0,0
2026-08-27,Mango,804,39569.25,23.3,90,0,0,0
2026-08-28,Mango,878,43764.64,20.4,86,0,0,0
2026-08-29,Mango,1043,50200.13,19.3,121,0,0,0
2026-08-30,Mango,1050,48054.05,19.3,111,0,0,0
2026-08-31,Mango,879,43469.67,25.3,91,0,0,0
2026-09-01,Mango,860,41555.94,23.7,98,0,0,0
2025-01-01,Butterscotch,640,28668.93,24.2,104,0,1,0
2025-01-02,Butterscotch,637,30753.48,27.1,102,0,0,0
2025-01-03,Butterscotch,617,29954.76,28.3,103,0,0,0
2025-01-04,Butterscotch,830,38818.26,26.2,125,0,0,0
2025-01-05,Butterscotch,750,35739.94,29.0,106,0,0,0
2025-01-06,Butterscotch,648,27342.65,29.0,96,0,0,0
2025-01-07,Butterscotch,690,32964.12,28.3,93,0,0,0
2025-01-08,Butterscotch,643,29811.32,27.1,103,0,0,0
2025-01-09,Butterscotch,581,25131.22,26.2,104,0,0,0
2025-01-10,Butterscotch,666,29987.14,27.9,100,0,0,0
2025-01-11,Butterscotch,821,38008.89,31.0,120,0,0,0
2025-01-12,Butterscotch,816,38436.84,29.8,122,0,0,0
2025-01-13,Butterscotch,620,28336.16,25.7,94,0,0,0
2025-01-14,Butterscotch,698,30803.86,29.4,102,0,0,0
2025-01-15,Butterscotch,674,29105.05,28.7,97,0,0,0
2025-01-16,Butterscotch,652,30867.24,29.3,96,0,0,0
2025-01-17,Butterscotch,640,27998.68,29.2,96,0,0,0
2025-01-18,Butterscotch,776,36208.87,26.5,121,0,0,0
2025-01-19,Butterscotch,792,35157.19,30.0,120,0,0,0
2025-01-20,Butterscotch,630,29064.04,28.6,97,0,0,0
2025-01-21,Butterscotch,648,29686.4,29.2,115,0,0,0
2025-01-22,Butterscotch,641,30298.35,27.3,101,0,0,0
2025-01-23,Butterscotch,658,28885.16,28.9,102,0,0,0
2025-01-24,Butterscotch,674,31569.1,28.7,102,0,0,0
2025-01-25,Butterscotch,733,34311.44,29.5,120,0,0,0
2025-01-26,Butterscotch,941,43020.76,28.9,124,0,1,0
2025-01-27,Butterscotch,685,31185.8,28.5,103,0,0,0
2025-01-28,Butterscotch,704,32018.32,29.3,106,0,0,0
2025-01-29,Butterscotch,640,29645.77,27.8,106,0,0,0
2025-01-30,Butterscotch,688,32179.0,30.6,96,0,0,0
2025-01-31,Butterscotch,635,30426.42,31.4,104,0,0,0
2025-02-01,Butterscotch,787,36474.96,31.2,117,0,0,0
2025-02-02,Butterscotch,860,37247.33,31.7,120,0,0,0
2025-02-03,Butterscotch,637,30742.97,29.2,96,0,0,0
2025-02-04,Butterscotch,717,32743.63,34.0,105,0,0,0
2025-02-05,Butterscotch,681,32791.74,31.7,98,0,0,0
2025-02-06,Butterscotch,684,31754.5,29.5,102,0,0,0
2025-02-07,Butterscotch,721,35287.31,30.2,105,0,0,0
2025-02-08,Butterscotch,885,39980.98,31.1,123,0,0,0
2025-02-09,Butterscotch,848,39467.25,29.4,124,0,0,0
2025-02-10,Butterscotch,699,33446.96,31.3,99,0,0,0
2025-02-11,Butterscotch,678,30478.43,29.7,104,0,0,0
2025-02-12,Butterscotch,740,32955.74,32.0,107,0,0,0
2025-02-13,Butterscotch,673,32813.78,29.3,106,0,0,0
2025-02-14,Butterscotch,732,34297.17,34.6,113,0,0,0
2025-02-15,Butterscotch,854,40922.61,33.2,127,0,0,0
2025-02-16,Butterscotch,789,37057.08,32.0,124,0,0,0
2025-02-17,Butterscotch,731,33824.4,31.7,108,0,0,0
2025-02-18,Butterscotch,723,31679.84,32.1,109,0,0,0
2025-02-19,Butterscotch,682,30326.25,33.1,103,0,0,0
2025-02-20,Butterscotch,653,29662.21,32.7,106,0,0,0
2025-02-21,Butterscotch,740,35197.72,34.1,104,0,0,0
2025-02-22,Butterscotch,776,37713.82,33.7,128,0,0,0
2025-02-23,Butterscotch,861,37328.5,33.5,134,0,0,0
2025-02-24,Butterscotch,756,35994.97,32.6,105,0,0,0
2025-02-25,Butterscotch,751,34257.25,32.5,106,0,0,0
2025-02-26,Butterscotch,785,37386.37,32.2,111,0,0,0
2025-02-27,Butterscotch,714,32032.2,32.6,98,0,0,0
2025-02-28,Butterscotch,731,32486.43,32.7,104,0,0,0
2025-03-01,Butterscotch,813,37398.4,31.0,130,0,0,0
2025-03-02,Butterscotch,923,42877.32,34.4,129,0,0,0
2025-03-03,Butterscotch,781,33773.72,34.2,112,0,0,0
2025-03-04,Butterscotch,716,34675.99,32.3,110,0,0,0
2025-03-05,Butterscotch,786,35940.42,33.1,107,0,0,0
2025-03-06,Butterscotch,701,31946.01,33.5,111,0,0,0
2025-03-07,Butterscotch,816,35607.07,34.5,107,0,0,0
2025-03-08,Butterscotch,878,40133.49,30.8,128,0,0,0
2025-03-09,Butterscotch,860,38648.17,34.0,128,0,0,0
2025-03-10,Butterscotch,716,32723.4,33.7,111,0,0,0
2025-03-11,Butterscotch,749,33840.7,33.1,109,0,0,0
2025-03-12,Butterscotch,759,33102.08,35.4,105,0,0,0
2025-03-13,Butterscotch,756,35455.85,32.5,110,0,0,0
2025-03-14,Butterscotch,751,32721.72,34.4,116,0,0,0
2025-03-15,Butterscotch,818,37742.92,32.1,123,0,0,0
2025-03-16,Butterscotch,941,46308.41,35.6,132,0,0,0
2025-03-17,Butterscotch,777,33599.12,33.2,101,0,0,0
2025-03-18,Butterscotch,743,33965.18,32.6,110,0,0,0
2025-03-19,Butterscotch,774,35627.18,32.0,108,0,0,0
2025-03-20,Butterscotch,704,32798.3,32.6,103,0,0,0
2025-03-21,Butterscotch,677,31568.52,34.4,105,0,0,0
2025-03-22,Butterscotch,847,37706.87,32.5,129,0,0,0
2025-03-23,Butterscotch,940,43432.07,34.1,135,0,0,0
2025-03-24,Butterscotch,712,30070.33,34.4,101,0,0,0
2025-03-25,Butterscotch,818,37793.79,36.5,114,0,0,0
2025-03-26,Butterscotch,799,36911.5,31.6,107,0,0,0
2025-03-27,Butterscotch,791,36302.85,33.1,101,0,0,0
2025-03-28,Butterscotch,678,31054.02,31.3,104,0,0,0
2025-03-29,Butterscotch,922,42520.98,34.3,124,0,0,0
2025-03-30,Butterscotch,1025,46282.1,35.6,125,0,0,0
2025-03-31,Butterscotch,733,31827.37,32.6,104,0,0,0
2025-04-01,Butterscotch,761,33463.55,34.4,100,0,0,0
2025-04-02,Butterscotch,848,37636.78,33.4,110,0,0,0
2025-04-03,Butterscotch,725,32572.47,33.8,105,0,0,0
2025-04-04,Butterscotch,860,40096.61,35.2,106,0,0,0
2025-04-05,Butterscotch,842,39742.49,32.5,125,0,0,0
2025-04-06,Butterscotch,829,38983.24,31.5,121,0,0,0
2025-04-07,Butterscotch,819,37572.17,35.8,113,0,0,0
2025-04-08,Butterscotch,703,32798.43,35.2,103,0,0,0
2025-04-09,Butterscotch,753,34918.25,32.4,108,0,0,0
2025-04-10,Butterscotch,797,36133.57,35.3,111,0,0,0
2025-04-11,Butterscotch,757,37794.94,34.1,106,0,0,0
2025-04-12,Butterscotch,878,41731.44,34.2,128,0,0,0
2025-04-13,Butterscotch,927,44080.04,35.0,129,0,0,0
2025-04-14,Butterscotch,788,37305.38,35.8,109,0,0,0
2025-04-15,Butterscotch,743,32237.26,32.5,105,0,0,0
2025-04-16,Butterscotch,757,34579.82,35.0,104,0,0,0
2025-04-17,Butterscotch,762,34983.85,33.8,106,0,0,0
2025-04-18,Butterscotch,793,33974.81,33.1,105,0,0,0
2025-04-19,Butterscotch,904,39611.98,33.4,124,0,0,0
2025-04-20,Butterscotch,925,43010.91,32.9,125,0,0,0
2025-04-21,Butterscotch,774,34209.9,31.9,106,0,0,0
2025-04-22,Butterscotch,750,37532.72,33.5,108,0,0,0
2025-04-23,Butterscotch,733,34298.26,32.9,109,0,0,0
2025-04-24,Butterscotch,774,34564.58,34.8,105,0,0,0
2025-04-25,Butterscotch,732,31021.85,31.8,112,0,0,0
2025-04-26,Butterscotch,915,44342.14,36.1,122,0,0,0
2025-04-27,Butterscotch,844,36754.3,33.2,125,0,0,0
2025-04-28,Butterscotch,775,35090.53,33.1,109,0,0,0
2025-04-29,Butterscotch,767,35467.7,33.3,100,0,0,0
2025-04-30,Butterscotch,764,35085.87,36.2,107,0,0,0
2025-05-01,Butterscotch,898,39610.85,32.7,109,0,0,1
2025-05-02,Butterscotch,918,42337.26,30.6,108,0,0,1
2025-05-03,Butterscotch,1091,48853.08,34.3,129,0,0,1
2025-05-04,Butterscotch,1087,51222.01,33.3,130,0,0,1
2025-05-05,Butterscotch,881,40458.16,32.2,106,0,0,1
2025-05-06,Butterscotch,901,41338.56,34.6,97,0,0,1
2025-05-07,Butterscotch,846,38462.93,30.7,109,0,0,1
2025-05-08,Butterscotch,821,38234.93,35.5,111,0,0,0
2025-05-09,Butterscotch,800,35900.54,32.4,114,0,0,0
2025-05-10,Butterscotch,859,37672.81,30.5,127,0,0,0
2025-05-11,Butterscotch,911,42509.64,33.1,123,0,0,0
2025-05-12,Butterscotch,731,33151.35,31.5,109,0,0,0
2025-05-13,Butterscotch,743,35707.59,31.5,111,0,0,0
2025-05-14,Butterscotch,672,31964.87,34.9,103,0,0,0
2025-05-15,Butterscotch,719,32626.62,31.7,102,0,0,0
2025-05-16,Butterscotch,825,38561.6,34.1,106,0,0,0
2025-05-17,Butterscotch,890,42035.27,31.6,122,0,0,0
2025-05-18,Butterscotch,904,42375.96,33.4,123,0,0,0
2025-05-19,Butterscotch,705,32175.11,31.3,101,0,0,0
2025-05-20,Butterscotch,720,32474.87,32.8,110,0,0,0
2025-05-21,Butterscotch,728,33018.73,31.1,109,0,0,0
2025-05-22,Butterscotch,719,32368.61,29.5,107,0,0,0
2025-05-23,Butterscotch,712,31853.11,31.1,110,0,0,0
2025-05-24,Butterscotch,924,43060.83,33.3,123,0,0,0
2025-05-25,Butterscotch,898,42873.67,31.3,122,0,0,0
2025-05-26,Butterscotch,802,36461.4,32.8,100,0,0,0
2025-05-27,Butterscotch,758,35482.51,30.0,104,0,0,0
2025-05-28,Butterscotch,748,33765.13,30.6,108,0,0,0
2025-05-29,Butterscotch,727,31942.01,29.9,106,0,0,0
2025-05-30,Butterscotch,810,35555.37,32.1,102,0,0,0
2025-05-31,Butterscotch,817,36985.44,30.4,119,0,0,0
2025-06-01,Butterscotch,871,37676.9,33.3,123,0,0,0
2025-06-02,Butterscotch,677,30914.48,27.9,102,0,0,0
2025-06-03,Butterscotch,731,35405.45,27.0,104,0,0,0
2025-06-04,Butterscotch,661,30550.48,27.5,101,0,0,0
2025-06-05,Butterscotch,723,33124.45,28.4,110,0,0,0
2025-06-06,Butterscotch,774,34732.32,32.5,103,0,0,0
2025-06-07,Butterscotch,901,42301.53,27.9,119,0,0,0
2025-06-08,Butterscotch,884,38863.7,30.3,117,0,0,0
2025-06-09,Butterscotch,767,37465.53,27.4,101,0,0,0
2025-06-10,Butterscotch,652,30068.31,29.0,100,0,0,0
2025-06-11,Butterscotch,767,35054.87,29.8,106,0,0,0
2025-06-12,Butterscotch,748,33838.89,30.3,100,0,0,0
2025-06-13,Butterscotch,735,34685.98,30.0,104,0,0,0
2025-06-14,Butterscotch,792,34717.4,26.8,116,0,0,0
2025-06-15,Butterscotch,879,40621.93,28.5,119,0,0,0
2025-06-16,Butterscotch,719,33218.21,30.5,103,0,0,0
2025-06-17,Butterscotch,733,31906.56,29.9,107,0,0,0
2025-06-18,Butterscotch,595,28972.13,26.2,101,0,0,0
2025-06-19,Butterscotch,679,32281.14,29.5,99,0,0,0
2025-06-20,Butterscotch,657,30334.43,26.8,98,0,0,0
2025-06-21,Butterscotch,894,41125.04,29.3,124,0,0,0
2025-06-22,Butterscotch,779,35049.78,29.8,117,0,0,0
2025-06-23,Butterscotch,654,29631.65,26.9,99,0,0,0
2025-06-24,Butterscotch,666,29349.55,29.0,108,0,0,0
2025-06-25,Butterscotch,689,30945.63,26.7,104,0,0,0
2025-06-26,Butterscotch,723,32372.81,28.9,105,0,0,0
2025-06-27,Butterscotch,697,31526.29,28.1,100,0,0,0
2025-06-28,Butterscotch,881,42291.96,28.9,120,0,0,0
2025-06-29,Butterscotch,864,40347.5,28.1,116,0,0,0
2025-06-30,Butterscotch,774,35941.18,31.2,102,0,0,0
2025-07-01,Butterscotch,705,32981.14,27.0,99,0,0,0
2025-07-02,Butterscotch,702,31947.82,28.8,101,0,0,0
2025-07-03,Butterscotch,662,31412.67,25.0,107,0,0,0
2025-07-04,Butterscotch,696,31193.54,27.2,101,0,0,0
2025-07-05,Butterscotch,806,38436.45,25.2,125,0,0,0
2025-07-06,Butterscotch,850,39157.39,28.7,116,0,0,0
2025-07-07,Butterscotch,692,31314.01,24.7,99,0,0,0
2025-07-08,Butterscotch,759,32825.94,25.9,99,0,0,0
2025-07-09,Butterscotch,669,30495.15,27.0,98,0,0,0
2025-07-10,Butterscotch,709,33776.13,27.1,102,0,0,0
2025-07-11,Butterscotch,692,32345.23,27.9,102,0,0,0
2025-07-12,Butterscotch,744,31966.58,26.6,113,0,0,0
2025-07-13,Butterscotch,756,35962.2,25.8,118,0,0,0
2025-07-14,Butterscotch,705,31302.35,25.9,104,0,0,0
2025-07-15,Butterscotch,670,29370.7,26.2,101,0,0,0
2025-07-16,Butterscotch,713,32362.52,25.5,94,0,0,0
2025-07-17,Butterscotch,696,33508.29,27.9,90,0,0,0
2025-07-18,Butterscotch,656,29503.17,23.8,97,0,0,0
2025-07-19,Butterscotch,778,36390.17,25.4,111,0,0,0
2025-07-20,Butterscotch,817,38476.93,24.6,112,0,0,0
2025-07-21,Butterscotch,628,29401.65,23.2,92,0,0,0
2025-07-22,Butterscotch,666,29712.19,25.1,101,0,0,0
2025-07-23,Butterscotch,687,30004.8,26.0,95,0,0,0
2025-07-24,Butterscotch,652,30788.58,23.6,101,0,0,0
2025-07-25,Butterscotch,662,32182.34,20.9,95,0,0,0
2025-07-26,Butterscotch,831,37326.66,22.5,118,0,0,0
2025-07-27,Butterscotch,733,33217.61,23.6,115,0,0,0
2025-07-28,Butterscotch,681,31441.5,25.9,99,0,0,0
2025-07-29,Butterscotch,657,31734.47,24.8,100,0,0,0
2025-07-30,Butterscotch,655,29127.63,25.8,99,0,0,0
2025-07-31,Butterscotch,607,28372.42,23.2,96,0,0,0
2025-08-01,Butterscotch,658,29483.92,25.5,98,0,0,0
2025-08-02,Butterscotch,803,37662.77,23.9,113,0,0,0
2025-08-03,Butterscotch,788,35818.37,25.0,109,0,0,0
2025-08-04,Butterscotch,715,34389.83,23.1,99,0,0,0
2025-08-05,Butterscotch,663,28772.79,23.8,95,0,0,0
2025-08-06,Butterscotch,691,32489.78,25.1,94,0,0,0
2025-08-07,Butterscotch,724,33619.41,21.1,92,0,0,0
2025-08-08,Butterscotch,713,33797.25,22.0,95,0,0,0
2025-08-09,Butterscotch,837,38310.57,20.6,120,0,0,0
2025-08-10,Butterscotch,958,41973.14,20.9,117,0,0,1
2025-08-11,Butterscotch,820,36807.38,22.3,107,0,0,1
2025-08-12,Butterscotch,840,40413.37,21.0,102,0,0,1
2025-08-13,Butterscotch,773,35746.52,22.8,100,0,0,1
2025-08-14,Butterscotch,818,36860.5,22.8,100,0,0,1
2025-08-15,Butterscotch,876,41388.38,22.3,88,1,1,1
2025-08-16,Butterscotch,1053,50644.58,21.6,111,1,0,1
2025-08-17,Butterscotch,903,41947.35,22.9,120,1,0,0
2025-08-18,Butterscotch,767,32468.49,22.3,89,1,0,0
2025-08-19,Butterscotch,712,32269.52,21.0,94,1,0,0
2025-08-20,Butterscotch,656,29713.95,24.6,98,0,0,0
2025-08-21,Butterscotch,670,28843.7,19.8,97,0,0,0
2025-08-22,Butterscotch,713,32719.55,21.8,96,0,0,0
2025-08-23,Butterscotch,806,37945.95,21.0,120,0,0,0
2025-08-24,Butterscotch,741,33572.41,20.7,114,0,0,0
2025-08-25,Butterscotch,717,32323.44,19.6,91,0,0,0
2025-08-26,Butterscotch,684,32483.61,22.4,100,0,0,0
2025-08-27,Butterscotch,704,34326.97,22.1,94,0,0,0
2025-08-28,Butterscotch,631,29967.23,20.3,90,0,0,0
2025-08-29,Butterscotch,592,26632.82,22.8,91,0,0,0
2025-08-30,Butterscotch,798,36081.56,21.9,111,0,0,0
2025-08-31,Butterscotch,816,37730.7,22.5,113,0,0,0
2025-09-01,Butterscotch,645,30030.94,21.7,95,0,0,0
2025-09-02,Butterscotch,700,31186.49,22.1,98,0,0,0
2025-09-03,Butterscotch,680,31155.32,19.6,91,0,0,0
2025-09-04,Butterscotch,591,24420.59,19.1,88,0,0,0
2025-09-05,Butterscotch,759,33800.28,20.5,102,0,0,0
2025-09-06,Butterscotch,733,32401.38,20.9,105,0,0,0
2025-09-07,Butterscotch,801,37642.85,20.3,110,0,0,0
2025-09-08,Butterscotch,637,28017.33,20.1,93,0,0,0
2025-09-09,Butterscotch,669,28896.33,18.3,95,0,0,0
2025-09-10,Butterscotch,731,32991.32,20.4,88,0,0,0
2025-09-11,Butterscotch,650,29974.15,21.5,97,0,0,0
2025-09-12,Butterscotch,692,30451.84,21.2,93,0,0,0
2025-09-13,Butterscotch,803,38046.13,21.2,108,0,0,0
2025-09-14,Butterscotch,821,38613.78,21.3,112,0,0,0
2025-09-15,Butterscotch,684,32420.3,22.5,92,0,0,0
2025-09-16,Butterscotch,688,31435.38,19.5,87,0,0,0
2025-09-17,Butterscotch,736,32056.76,18.4,94,0,0,0
2025-09-18,Butterscotch,647,31548.22,21.7,82,0,0,0
2025-09-19,Butterscotch,708,30745.11,19.7,93,0,0,0
2025-09-20,Butterscotch,866,38230.77,20.3,110,0,0,0
2025-09-21,Butterscotch,751,35816.02,19.5,106,0,0,0
2025-09-22,Butterscotch,657,29666.94,20.1,90,0,0,0
2025-09-23,Butterscotch,662,30095.31,19.4,87,0,0,0
2025-09-24,Butterscotch,690,31163.87,18.9,93,0,0,0
2025-09-25,Butterscotch,775,34424.62,19.8,101,0,0,0
2025-09-26,Butterscotch,713,32371.77,18.7,88,0,0,0
2025-09-27,Butterscotch,813,38259.27,20.4,118,0,0,0
2025-09-28,Butterscotch,833,37256.3,20.8,108,0,0,0
2025-09-29,Butterscotch,660,29282.4,22.0,90,0,0,0
2025-09-30,Butterscotch,589,26887.85,18.6,90,0,0,0
2025-10-01,Butterscotch,703,31591.8,19.2,95,0,0,0
2025-10-02,Butterscotch,818,36619.03,19.3,91,0,1,0
2025-10-03,Butterscotch,620,28805.51,18.9,87,0,0,0
2025-10-04,Butterscotch,849,42106.73,20.3,115,0,0,0
2025-10-05,Butterscotch,750,35283.65,19.9,109,0,0,0
2025-10-06,Butterscotch,646,30056.7,20.2,95,0,0,0
2025-10-07,Butterscotch,659,31489.65,20.3,93,0,0,0
2025-10-08,Butterscotch,703,29303.31,23.1,88,0,0,0
2025-10-09,Butterscotch,652,28707.86,21.1,85,0,0,0
2025-10-10,Butterscotch,622,28276.61,19.7,95,0,0,0
2025-10-11,Butterscotch,831,36758.6,19.3,116,0,0,0
2025-10-12,Butterscotch,842,37572.27,19.4,116,0,0,0
2025-10-13,Butterscotch,664,28840.63,19.7,91,0,0,0
2025-10-14,Butterscotch,682,31266.37,19.1,98,0,0,0
2025-10-15,Butterscotch,702,33443.92,20.4,101,0,0,0
2025-10-16,Butterscotch,685,30714.58,19.3,91,0,0,0
2025-10-17,Butterscotch,664,30544.09,19.9,96,0,0,0
2025-10-18,Butterscotch,840,38731.83,21.3,107,0,0,0
2025-10-19,Butterscotch,776,36128.53,20.1,102,0,0,0
2025-10-20,Butterscotch,803,35481.63,23.0,95,1,0,0
2025-10-21,Butterscotch,734,34826.71,20.2,97,1,0,0
2025-10-22,Butterscotch,748,33301.38,21.5,94,1,0,0
2025-10-23,Butterscotch,776,35215.44,23.1,95,1,0,0
2025-10-24,Butterscotch,775,36503.67,20.6,93,1,0,0
2025-10-25,Butterscotch,879,38130.29,19.4,105,1,0,0
2025-10-26,Butterscotch,903,44223.43,20.1,109,1,0,0
2025-10-27,Butterscotch,769,35775.2,17.7,102,1,0,0
2025-10-28,Butterscotch,769,35303.1,18.6,97,1,0,0
2025-10-29,Butterscotch,793,36196.95,17.9,93,1,0,0
2025-10-30,Butterscotch,746,36100.93,22.6,97,1,0,0
2025-10-31,Butterscotch,696,32088.37,20.9,93,0,0,0
2025-11-01,Butterscotch,840,40689.18,17.0,110,1,0,0
2025-11-02,Butterscotch,891,39638.79,23.4,115,1,0,0
2025-11-03,Butterscotch,752,31934.89,20.1,101,1,0,0
2025-11-04,Butterscotch,837,39805.65,22.7,99,1,0,0
2025-11-05,Butterscotch,687,31630.73,23.0,94,1,0,0
2025-11-06,Butterscotch,687,30608.48,22.2,93,0,0,0
2025-11-07,Butterscotch,778,35784.91,19.8,101,0,0,0
2025-11-08,Butterscotch,831,40419.4,21.8,108,0,0,0
2025-11-09,Butterscotch,839,39257.99,19.2,114,0,0,0
2025-11-10,Butterscotch,702,33000.85,24.0,102,0,0,0
2025-11-11,Butterscotch,702,32999.09,21.7,91,0,0,0
2025-11-12,Butterscotch,674,30543.08,22.0,90,0,0,0
2025-11-13,Butterscotch,715,33940.53,20.5,95,0,0,0
2025-11-14,Butterscotch,752,34406.45,20.6,92,0,0,0
2025-11-15,Butterscotch,859,41023.88,22.0,112,0,0,0
2025-11-16,Butterscotch,786,38425.83,23.7,112,0,0,0
2025-11-17,Butterscotch,749,33852.24,23.4,93,0,0,0
2025-11-18,Butterscotch,676,31685.9,24.3,100,0,0,0
2025-11-19,Butterscotch,691,33270.83,23.5,105,0,0,0
2025-11-20,Butterscotch,687,31604.54,22.4,90,0,0,0
2025-11-21,Butterscotch,739,34258.05,20.9,96,0,0,0
2025-11-22,Butterscotch,820,37987.31,21.7,112,0,0,0
2025-11-23,Butterscotch,772,34860.83,24.3,114,0,0,0
2025-11-24,Butterscotch,759,36934.48,23.0,100,0,0,0
2025-11-25,Butterscotch,654,30505.71,23.0,98,0,0,0
2025-11-26,Butterscotch,816,37907.55,21.3,95,0,0,0
2025-11-27,Butterscotch,688,30656.51,21.7,97,0,0,0
2025-11-28,Butterscotch,741,33650.49,26.3,100,0,0,0
2025-11-29,Butterscotch,849,35128.05,22.8,120,0,0,0
2025-11-30,Butterscotch,870,41438.14,27.0,115,0,0,0
2025-12-01,Butterscotch,695,30687.94,24.1,99,0,0,0
2025-12-02,Butterscotch,693,31121.22,24.0,102,0,0,0
2025-12-03,Butterscotch,694,31535.56,25.5,94,0,0,0
2025-12-04,Butterscotch,676,31329.59,23.7,90,0,0,0
2025-12-05,Butterscotch,785,37890.95,24.2,101,0,0,0
2025-12-06,Butterscotch,810,37281.72,25.3,114,0,0,0
2025-12-07,Butterscotch,860,39403.68,25.0,118,0,0,0
2025-12-08,Butterscotch,756,34739.7,25.4,102,0,0,0
2025-12-09,Butterscotch,678,31449.45,23.0,93,0,0,0
2025-12-10,Butterscotch,684,31713.61,25.2,91,0,0,0
2025-12-11,Butterscotch,703,31575.15,23.2,99,0,0,0
2025-12-12,Butterscotch,683,31169.44,24.7,99,0,0,0
2025-12-13,Butterscotch,772,33732.65,25.5,112,0,0,0
2025-12-14,Butterscotch,811,39331.4,24.2,110,0,0,0
2025-12-15,Butterscotch,790,36823.63,22.9,97,0,0,0
2025-12-16,Butterscotch,728,35339.78,24.5,97,0,0,0
2025-12-17,Butterscotch,657,30323.6,24.4,95,0,0,0
2025-12-18,Butterscotch,805,38327.0,23.2,96,0,0,1
2025-12-19,Butterscotch,787,36357.24,24.7,100,0,0,1
2025-12-20,Butterscotch,1067,50573.95,23.8,115,0,0,1
2025-12-21,Butterscotch,994,47461.34,25.5,129,0,0,1
2025-12-22,Butterscotch,793,36784.03,23.5,98,0,0,1
2025-12-23,Butterscotch,899,40589.27,26.0,98,0,0,1
2025-12-24,Butterscotch,822,36889.21,26.5,102,0,0,1
2025-12-25,Butterscotch,1029,47000.79,26.2,102,0,1,1
2025-12-26,Butterscotch,865,39404.49,25.8,96,0,0,1
2025-12-27,Butterscotch,1031,46554.19,26.0,117,0,0,1
2025-12-28,Butterscotch,892,40224.28,25.4,119,0,0,1
2025-12-29,Butterscotch,844,38114.13,24.9,104,0,0,1
2025-12-30,Butterscotch,856,39500.69,26.7,97,0,0,1
2025-12-31,Butterscotch,829,36699.27,26.2,98,0,0,1
2026-01-01,Butterscotch,788,37146.25,27.1,101,0,1,0
2026-01-02,Butterscotch,783,36766.25,28.3,104,0,0,0
2026-01-03,Butterscotch,889,38848.33,30.5,117,0,0,0
2026-01-04,Butterscotch,904,40597.75,30.0,125,0,0,0
2026-01-05,Butterscotch,711,30608.6,27.0,105,0,0,0
2026-01-06,Butterscotch,820,37467.72,30.9,102,0,0,0
2026-01-07,Butterscotch,727,33556.67,28.4,95,0,0,0
2026-01-08,Butterscotch,710,32337.63,24.4,100,0,0,0
2026-01-09,Butterscotch,679,31381.42,27.1,97,0,0,0
2026-01-10,Butterscotch,881,40136.22,27.6,114,0,0,0
2026-01-11,Butterscotch,896,39558.78,27.5,111,0,0,0
2026-01-12,Butterscotch,752,35891.79,28.4,98,0,0,0
2026-01-13,Butterscotch,805,37508.34,29.2,106,0,0,0
2026-01-14,Butterscotch,730,34919.91,25.9,101,0,0,0
2026-01-15,Butterscotch,778,37139.01,27.9,103,0,0,0
2026-01-16,Butterscotch,720,31376.86,28.6,105,0,0,0
2026-01-17,Butterscotch,893,42279.3,25.5,123,0,0,0
2026-01-18,Butterscotch,892,42963.67,28.0,118,0,0,0
2026-01-19,Butterscotch,838,40226.58,31.7,106,0,0,0
2026-01-20,Butterscotch,775,34512.24,28.9,101,0,0,0
2026-01-21,Butterscotch,816,38201.47,29.1,98,0,0,0
2026-01-22,Butterscotch,878,38317.05,31.6,96,0,0,0
2026-01-23,Butterscotch,814,37719.43,27.8,100,0,0,0
2026-01-24,Butterscotch,867,41354.98,29.3,118,0,0,0
2026-01-25,Butterscotch,979,41154.07,31.0,127,0,0,0
2026-01-26,Butterscotch,859,38793.93,28.1,105,0,1,0
2026-01-27,Butterscotch,804,37588.44,28.4,107,0,0,0
2026-01-28,Butterscotch,743,34033.31,29.2,104,0,0,0
2026-01-29,Butterscotch,732,36279.88,26.5,97,0,0,0
2026-01-30,Butterscotch,771,37512.34,27.7,99,0,0,0
2026-01-31,Butterscotch,946,42791.43,30.8,125,0,0,0
2026-02-01,Butterscotch,973,42413.65,30.7,119,0,0,0
2026-02-02,Butterscotch,824,35873.27,32.0,104,0,0,0
2026-02-03,Butterscotch,798,37041.24,29.3,109,0,0,0
2026-02-04,Butterscotch,749,34566.22,29.5,104,0,0,0
2026-02-05,Butterscotch,796,36207.59,31.5,106,0,0,0
2026-02-06,Butterscotch,820,40061.27,31.9,104,0,0,0
2026-02-07,Butterscotch,907,42612.83,29.7,127,0,0,0
2026-02-08,Butterscotch,931,40074.29,32.3,121,0,0,0
2026-02-09,Butterscotch,779,35947.28,30.4,107,0,0,0
2026-02-10,Butterscotch,754,34595.8,29.2,104,0,0,0
2026-02-11,Butterscotch,786,35054.63,30.8,100,0,0,0
2026-02-12,Butterscotch,801,34200.03,29.7,110,0,0,0
2026-02-13,Butterscotch,800,38597.29,30.8,109,0,0,0
2026-02-14,Butterscotch,1000,46675.29,30.5,126,0,0,0
2026-02-15,Butterscotch,982,43986.81,29.8,120,0,0,0
2026-02-16,Butterscotch,860,37771.92,33.4,104,0,0,0
2026-02-17,Butterscotch,829,38249.89,31.2,102,0,0,0
2026-02-18,Butterscotch,813,37620.84,32.8,104,0,0,0
2026-02-19,Butterscotch,827,37637.43,30.7,110,0,0,0
2026-02-20,Butterscotch,792,35171.02,33.0,106,0,0,0
2026-02-21,Butterscotch,954,44387.87,34.0,124,0,0,0
2026-02-22,Butterscotch,928,44079.9,31.6,121,0,0,0
2026-02-23,Butterscotch,808,39080.98,29.6,103,0,0,0
2026-02-24,Butterscotch,912,40098.19,33.4,103,0,0,0
2026-02-25,Butterscotch,829,39001.46,33.1,108,0,0,0
2026-02-26,Butterscotch,781,36318.42,32.0,109,0,0,0
2026-02-27,Butterscotch,855,40932.14,32.2,111,0,0,0
2026-02-28,Butterscotch,1042,49173.11,33.6,124,0,0,0
2026-03-01,Butterscotch,957,46008.88,33.7,116,0,0,0
2026-03-02,Butterscotch,868,38983.07,31.1,110,0,0,0
2026-03-03,Butterscotch,893,39921.64,30.1,105,0,0,0
2026-03-04,Butterscotch,883,40296.26,31.9,103,0,0,0
2026-03-05,Butterscotch,884,39445.02,32.2,113,0,0,0
2026-03-06,Butterscotch,850,37124.94,31.4,112,0,0,0
2026-03-07,Butterscotch,914,39238.83,30.6,121,0,0,0
2026-03-08,Butterscotch,962,46694.87,31.7,122,0,0,0
2026-03-09,Butterscotch,880,40166.74,33.0,107,0,0,0
2026-03-10,Butterscotch,884,44332.33,34.0,108,0,0,0
2026-03-11,Butterscotch,893,40017.47,34.9,103,0,0,0
2026-03-12,Butterscotch,827,38468.62,34.2,102,0,0,0
2026-03-13,Butterscotch,929,43254.92,35.1,110,0,0,0
2026-03-14,Butterscotch,1051,49961.72,33.9,124,0,0,0
2026-03-15,Butterscotch,1079,49600.95,33.6,125,0,0,0
2026-03-16,Butterscotch,877,39262.84,33.8,110,0,0,0
2026-03-17,Butterscotch,952,44917.9,34.3,108,0,0,0
2026-03-18,Butterscotch,882,42304.37,32.9,111,0,0,0
2026-03-19,Butterscotch,865,39865.88,33.0,109,0,0,0
2026-03-20,Butterscotch,881,42224.42,32.5,110,0,0,0
2026-03-21,Butterscotch,1053,47183.55,33.8,124,0,0,0
2026-03-22,Butterscotch,1112,51780.21,35.5,130,0,0,0
2026-03-23,Butterscotch,886,40011.57,33.2,108,0,0,0
2026-03-24,Butterscotch,881,43014.22,35.9,110,0,0,0
2026-03-25,Butterscotch,843,40659.3,34.1,104,0,0,0
2026-03-26,Butterscotch,978,46772.77,36.7,112,0,0,0
2026-03-27,Butterscotch,917,43194.39,34.8,109,0,0,0
2026-03-28,Butterscotch,1077,49208.61,32.9,129,0,0,0
2026-03-29,Butterscotch,1007,44332.95,33.5,128,0,0,0
2026-03-30,Butterscotch,905,40801.76,35.7,106,0,0,0
2026-03-31,Butterscotch,910,40249.44,35.9,111,0,0,0
2026-04-01,Butterscotch,890,41085.65,33.5,110,0,0,0
2026-04-02,Butterscotch,895,41774.14,34.3,111,0,0,0
2026-04-03,Butterscotch,877,40609.83,32.5,118,0,0,0
2026-04-04,Butterscotch,1046,48109.21,34.8,124,0,0,0
2026-04-05,Butterscotch,957,46538.01,32.6,128,0,0,0
2026-04-06,Butterscotch,844,37820.66,35.2,111,0,0,0
2026-04-07,Butterscotch,997,47412.75,36.1,125,0,0,0
2026-04-08,Butterscotch,927,41110.77,34.8,105,0,0,0
2026-04-09,Butterscotch,888,40771.52,32.1,103,0,0,0
2026-04-10,Butterscotch,847,38109.84,34.1,108,0,0,0
2026-04-11,Butterscotch,990,43934.26,33.0,120,0,0,0
2026-04-12,Butterscotch,1010,46010.6,34.8,129,0,0,0
2026-04-13,Butterscotch,933,43065.68,36.7,104,0,0,0
2026-04-14,Butterscotch,896,41305.73,35.5,109,0,0,0
2026-04-15,Butterscotch,839,40158.43,34.0,107,0,0,0
2026-04-16,Butterscotch,889,40593.85,35.4,104,0,0,0
2026-04-17,Butterscotch,822,37372.56,32.0,100,0,0,0
2026-04-18,Butterscotch,1047,49484.54,31.6,126,0,0,0
2026-04-19,Butterscotch,1042,48160.81,33.5,118,0,0,0
2026-04-20,Butterscotch,881,36726.93,34.3,115,0,0,0
2026-04-21,Butterscotch,869,38389.42,32.1,110,0,0,0
2026-04-22,Butterscotch,807,37752.23,31.5,106,0,0,0
2026-04-23,Butterscotch,843,39110.72,32.9,105,0,0,0
2026-04-24,Butterscotch,894,41027.19,33.6,108,0,0,0
2026-04-25,Butterscotch,988,48508.62,31.9,122,0,0,0
2026-04-26,Butterscotch,1001,45590.55,31.4,124,0,0,0
2026-04-27,Butterscotch,894,42216.42,35.0,106,0,0,0
2026-04-28,Butterscotch,928,42619.08,36.0,113,0,0,0
2026-04-29,Butterscotch,853,40436.37,33.3,108,0,0,0
2026-04-30,Butterscotch,839,38672.39,33.5,107,0,0,0
2026-05-01,Butterscotch,967,44898.29,30.3,105,0,0,1
2026-05-02,Butterscotch,1330,62467.2,35.9,127,0,0,1
2026-05-03,Butterscotch,1242,55646.99,34.7,132,0,0,1
2026-05-04,Butterscotch,1062,48455.87,34.0,107,0,0,1
2026-05-05,Butterscotch,998,46935.53,32.0,113,0,0,1
2026-05-06,Butterscotch,1002,45095.98,33.6,100,0,0,1
2026-05-07,Butterscotch,1042,45653.7,33.6,105,0,0,1
2026-05-08,Butterscotch,944,42658.47,36.2,107,0,0,0
2026-05-09,Butterscotch,955,44329.16,31.7,132,0,0,0
2026-05-10,Butterscotch,966,43007.32,30.8,123,0,0,0
2026-05-11,Butterscotch,841,38572.1,32.6,96,0,0,0
2026-05-12,Butterscotch,835,38112.55,30.4,112,0,0,0
2026-05-13,Butterscotch,908,45136.25,31.5,106,0,0,0
2026-05-14,Butterscotch,960,44518.37,33.4,110,0,0,0
2026-05-15,Butterscotch,915,42570.84,34.5,109,0,0,0
2026-05-16,Butterscotch,918,39990.0,29.4,125,0,0,0
2026-05-17,Butterscotch,1009,46623.52,32.3,119,0,0,0
2026-05-18,Butterscotch,897,41141.93,32.2,102,0,0,0
2026-05-19,Butterscotch,858,40880.22,32.5,101,0,0,0
2026-05-20,Butterscotch,858,38195.56,33.2,102,0,0,0
2026-05-21,Butterscotch,833,39109.11,30.7,100,0,0,0
2026-05-22,Butterscotch,837,39826.7,30.4,105,0,0,0
2026-05-23,Butterscotch,956,42344.81,30.6,121,0,0,0
2026-05-24,Butterscotch,1020,48870.2,32.2,122,0,0,0
2026-05-25,Butterscotch,896,41519.27,33.3,98,0,0,0
2026-05-26,Butterscotch,787,37928.65,30.5,106,0,0,0
2026-05-27,Butterscotch,838,36407.14,31.9,101,0,0,0
2026-05-28,Butterscotch,795,37496.22,30.5,103,0,0,0
2026-05-29,Butterscotch,869,40541.0,32.8,104,0,0,0
2026-05-30,Butterscotch,962,43824.24,30.8,118,0,0,0
2026-05-31,Butterscotch,1010,44149.89,31.1,122,0,0,0
2026-06-01,Butterscotch,959,43556.39,31.6,104,0,0,0
2026-06-02,Butterscotch,886,40666.12,31.0,115,0,0,0
2026-06-03,Butterscotch,796,37125.98,28.9,110,0,0,0
2026-06-04,Butterscotch,781,37499.47,29.6,103,0,0,0
2026-06-05,Butterscotch,875,39588.32,29.8,99,0,0,0
2026-06-06,Butterscotch,1020,43559.15,30.6,125,0,0,0
2026-06-07,Butterscotch,988,45286.35,31.0,121,0,0,0
2026-06-08,Butterscotch,757,34497.43,27.5,104,0,0,0
2026-06-09,Butterscotch,820,39505.45,30.0,107,0,0,0
2026-06-10,Butterscotch,812,35593.43,31.1,101,0,0,0
2026-06-11,Butterscotch,879,39538.05,29.9,100,0,0,0
2026-06-12,Butterscotch,791,36396.14,28.1,104,0,0,0
2026-06-13,Butterscotch,1003,46446.64,30.8,121,0,0,0
2026-06-14,Butterscotch,940,44498.99,26.7,122,0,0,0
2026-06-15,Butterscotch,878,40002.61,30.0,102,0,0,0
2026-06-16,Butterscotch,847,38483.67,29.3,101,0,0,0
2026-06-17,Butterscotch,910,43963.87,31.3,110,0,0,0
2026-06-18,Butterscotch,769,35421.56,26.4,96,0,0,0
2026-06-19,Butterscotch,848,41748.14,28.3,95,0,0,0
2026-06-20,Butterscotch,1011,45227.59,30.4,124,0,0,0
2026-06-21,Butterscotch,967,43822.08,28.5,128,0,0,0
2026-06-22,Butterscotch,819,37352.77,29.9,106,0,0,0
2026-06-23,Butterscotch,847,37940.48,27.4,102,0,0,0
2026-06-24,Butterscotch,925,42992.38,29.7,102,0,0,0
2026-06-25,Butterscotch,803,34775.59,27.8,103,0,0,0
2026-06-26,Butterscotch,745,34188.38,27.4,100,0,0,0
2026-06-27,Butterscotch,910,41992.4,24.6,117,0,0,0
2026-06-28,Butterscotch,906,41690.7,26.9,118,0,0,0
2026-06-29,Butterscotch,810,37577.66,27.5,97,0,0,0
2026-06-30,Butterscotch,815,37148.64,27.1,110,0,0,0
2026-07-01,Butterscotch,812,36516.15,26.5,96,0,0,0
2026-07-02,Butterscotch,749,32486.66,26.2,98,0,0,0
2026-07-03,Butterscotch,804,38866.05,26.2,103,0,0,0
2026-07-04,Butterscotch,1027,47092.35,27.9,120,0,0,0
2026-07-05,Butterscotch,991,45589.74,26.8,118,0,0,0
2026-07-06,Butterscotch,755,35334.16,25.6,102,0,0,0
2026-07-07,Butterscotch,821,35933.79,27.1,99,0,0,0
2026-07-08,Butterscotch,898,41517.9,26.6,97,0,0,0
2026-07-09,Butterscotch,815,37062.09,25.3,94,0,0,0
2026-07-10,Butterscotch,800,37560.74,24.9,100,0,0,0
2026-07-11,Butterscotch,931,43295.78,26.0,117,0,0,0
2026-07-12,Butterscotch,941,42133.08,26.5,121,0,0,0
2026-07-13,Butterscotch,720,31196.79,25.5,102,0,0,0
2026-07-14,Butterscotch,766,35351.43,27.0,105,0,0,0
2026-07-15,Butterscotch,782,34455.46,24.9,97,0,0,0
2026-07-16,Butterscotch,765,33897.97,23.7,97,0,0,0
2026-07-17,Butterscotch,774,35932.17,26.5,96,0,0,0
2026-07-18,Butterscotch,877,38503.74,25.0,119,0,0,0
2026-07-19,Butterscotch,859,37725.88,24.6,116,0,0,0
2026-07-20,Butterscotch,716,33972.78,25.2,95,0,0,0
2026-07-21,Butterscotch,783,36364.19,23.9,102,0,0,0
2026-07-22,Butterscotch,710,32526.12,24.4,87,0,0,0
2026-07-23,Butterscotch,759,33636.3,25.1,90,0,0,0
2026-07-24,Butterscotch,801,38127.79,24.8,97,0,0,0
2026-07-25,Butterscotch,900,45211.21,25.0,118,0,0,0
2026-07-26,Butterscotch,934,44018.56,22.4,113,0,0,0
2026-07-27,Butterscotch,701,33917.15,24.9,99,0,0,0
2026-07-28,Butterscotch,707,32794.09,23.7,102,0,0,0
2026-07-29,Butterscotch,790,36773.77,23.1,99,0,0,0
2026-07-30,Butterscotch,766,35805.11,22.2,96,0,0,0
2026-07-31,Butterscotch,730,33697.8,25.2,97,0,0,0
2026-08-01,Butterscotch,851,39226.86,27.5,121,0,0,0
2026-08-02,Butterscotch,887,40446.8,24.9,113,0,0,0
2026-08-03,Butterscotch,809,37146.05,24.2,91,0,0,0
2026-08-04,Butterscotch,725,32746.21,21.9,100,0,0,0
2026-08-05,Butterscotch,765,32717.18,22.3,104,0,0,0
2026-08-06,Butterscotch,806,39828.34,22.2,97,0,0,0
2026-08-07,Butterscotch,743,35987.98,25.1,96,0,0,0
2026-08-08,Butterscotch,885,39047.59,22.3,111,0,0,0
2026-08-09,Butterscotch,931,42284.03,22.1,112,0,0,0
2026-08-10,Butterscotch,906,41774.7,20.8,89,0,0,1
2026-08-11,Butterscotch,923,44383.21,21.8,93,0,0,1
2026-08-12,Butterscotch,950,42594.04,21.3,95,0,0,1
2026-08-13,Butterscotch,864,39962.37,22.4,95,0,0,1
2026-08-14,Butterscotch,874,40217.07,22.4,97,0,0,1
2026-08-15,Butterscotch,1392,61574.27,24.3,121,1,1,1
2026-08-16,Butterscotch,1182,53002.86,22.8,111,1,0,1
2026-08-17,Butterscotch,876,40674.43,19.5,93,1,0,0
2026-08-18,Butterscotch,869,40664.22,22.6,95,1,0,0
2026-08-19,Butterscotch,918,42423.58,21.5,94,1,0,0
2026-08-20,Butterscotch,767,34781.12,21.9,94,0,0,0
2026-08-21,Butterscotch,765,34282.88,22.0,92,0,0,0
2026-08-22,Butterscotch,905,38903.63,21.8,114,0,0,0
2026-08-23,Butterscotch,872,41123.44,22.5,112,0,0,0
2026-08-24,Butterscotch,781,33268.02,19.4,98,0,0,0
2026-08-25,Butterscotch,751,33714.95,21.7,92,0,0,0
2026-08-26,Butterscotch,702,33631.49,21.2,92,0,0,0
2026-08-27,Butterscotch,728,34329.64,20.9,91,0,0,0
2026-08-28,Butterscotch,755,34134.96,19.3,94,0,0,0
2026-08-29,Butterscotch,903,41856.73,19.5,109,0,0,0
2026-08-30,Butterscotch,941,40939.2,19.9,111,0,0,0
2026-08-31,Butterscotch,729,33819.42,21.0,89,0,0,0
2026-09-01,Butterscotch,816,38662.19,20.1,88,0,0,0
