date,component_id,component_category,planned_production_units,component_consumption,opening_inventory,scheduled_receipts,actual_receipts,closing_inventory,safety_stock,inventory_gap,supplier_disruption,supplier_lead_time_days,festival,festival_intensity,plant_maintenance,weekend
2025-01-01,Engine,Powertrain,118,104,14623,111,113,14632,218,14414,0,18,None,0.0,0,0
2025-01-01,Battery,Powertrain,118,14,8671,14,13,8670,100,8570,0,25,None,0.0,0,0
2025-01-01,Transmission,Powertrain,118,118,12561,118,113,12556,247,12309,0,22,None,0.0,0,0
2025-01-01,Brake_Pads,Chassis,118,472,8137,515,498,8163,826,7337,0,12,None,0.0,0,0
2025-01-01,Wheels,Chassis,118,472,14753,433,428,14709,826,13883,0,10,None,0.0,0,0
2025-01-01,Tyres,Chassis,118,472,5738,475,474,5740,826,4914,0,9,None,0.0,0,0
2025-01-01,Seats,Interior,118,638,8427,621,633,8422,893,7529,0,14,None,0.0,0,0
2025-01-01,Nuts,Fastener_Cooling,118,13100,12645,12920,12763,12308,18340,-6032,0,6,None,0.0,0,0
2025-01-01,ECU,Electrical,118,118,16112,109,105,16099,247,15852,0,20,None,0.0,0,0
2025-01-01,Radiator,Fastener_Cooling,118,118,9592,129,122,9596,206,9390,0,15,None,0.0,0,0
2025-01-02,Engine,Powertrain,110,98,14632,106,104,14638,205,14433,0,18,None,0.0,0,0
2025-01-02,Battery,Powertrain,110,12,8670,12,11,8669,100,8569,0,25,None,0.0,0,0
2025-01-02,Transmission,Powertrain,110,110,12556,118,118,12564,231,12333,0,22,None,0.0,0,0
2025-01-02,Brake_Pads,Chassis,110,440,8163,397,387,8110,770,7340,0,12,None,0.0,0,0
2025-01-02,Wheels,Chassis,110,440,14709,474,488,14757,770,13987,0,10,None,0.0,0,0
2025-01-02,Tyres,Chassis,110,440,5740,464,441,5741,770,4971,0,9,None,0.0,0,0
2025-01-02,Seats,Interior,110,590,8422,601,596,8428,826,7602,0,14,None,0.0,0,0
2025-01-02,Nuts,Fastener_Cooling,110,12160,12308,12591,13088,13236,17024,-3788,0,6,None,0.0,0,0
2025-01-02,ECU,Electrical,110,110,16099,97,98,16087,231,15856,0,20,None,0.0,0,0
2025-01-02,Radiator,Fastener_Cooling,110,110,9596,98,95,9581,192,9389,0,15,None,0.0,0,0
2025-01-03,Engine,Powertrain,114,100,14638,96,100,14638,210,14428,0,18,None,0.0,0,0
2025-01-03,Battery,Powertrain,114,14,8669,13,12,8667,100,8567,0,25,None,0.0,0,0
2025-01-03,Transmission,Powertrain,114,114,12564,109,112,12562,239,12323,0,22,None,0.0,0,0
2025-01-03,Brake_Pads,Chassis,114,456,8110,463,449,8103,798,7305,0,12,None,0.0,0,0
2025-01-03,Wheels,Chassis,114,456,14757,476,470,14771,798,13973,0,10,None,0.0,0,0
2025-01-03,Tyres,Chassis,114,456,5741,405,385,5670,798,4872,0,9,None,0.0,0,0
2025-01-03,Seats,Interior,114,614,8428,614,590,8404,859,7545,0,14,None,0.0,0,0
2025-01-03,Nuts,Fastener_Cooling,114,12670,13236,11184,10811,11377,17738,-6361,0,6,None,0.0,0,0
2025-01-03,ECU,Electrical,114,114,16087,98,98,16071,239,15832,0,20,None,0.0,0,0
2025-01-03,Radiator,Fastener_Cooling,114,114,9581,117,122,9589,199,9390,0,15,None,0.0,0,0
2025-01-04,Engine,Powertrain,129,112,14638,96,92,14618,235,14383,0,18,None,0.0,0,1
2025-01-04,Battery,Powertrain,129,17,8667,16,15,8665,100,8565,0,25,None,0.0,0,1
2025-01-04,Transmission,Powertrain,129,129,12562,140,136,12569,270,12299,0,22,None,0.0,0,1
2025-01-04,Brake_Pads,Chassis,129,516,8103,535,294,7881,903,6978,1,12,None,0.0,0,1
2025-01-04,Wheels,Chassis,129,516,14771,444,449,14704,903,13801,0,10,None,0.0,0,1
2025-01-04,Tyres,Chassis,129,516,5670,520,531,5685,903,4782,0,9,None,0.0,0,1
2025-01-04,Seats,Interior,129,697,8404,637,644,8351,975,7376,0,14,None,0.0,0,1
2025-01-04,Nuts,Fastener_Cooling,129,14405,11377,15435,15451,12423,20167,-7744,0,6,None,0.0,0,1
2025-01-04,ECU,Electrical,129,129,16071,133,135,16077,270,15807,0,20,None,0.0,0,1
2025-01-04,Radiator,Fastener_Cooling,129,129,9589,118,118,9578,225,9353,0,15,None,0.0,0,1
2025-01-05,Engine,Powertrain,125,112,14618,96,91,14597,235,14362,0,18,None,0.0,0,1
2025-01-05,Battery,Powertrain,125,13,8665,13,13,8665,100,8565,0,25,None,0.0,0,1
2025-01-05,Transmission,Powertrain,125,125,12569,128,128,12572,262,12310,0,22,None,0.0,0,1
2025-01-05,Brake_Pads,Chassis,125,500,7881,518,537,7918,875,7043,0,12,None,0.0,0,1
2025-01-05,Wheels,Chassis,125,500,14704,486,499,14703,875,13828,0,10,None,0.0,0,1
2025-01-05,Tyres,Chassis,125,500,5685,473,463,5648,875,4773,0,9,None,0.0,0,1
2025-01-05,Seats,Interior,125,675,8351,607,620,8296,945,7351,0,14,None,0.0,0,1
2025-01-05,Nuts,Fastener_Cooling,125,13880,12423,14925,14296,12839,19432,-6593,0,6,None,0.0,0,1
2025-01-05,ECU,Electrical,125,125,16077,121,117,16069,262,15807,0,20,None,0.0,0,1
2025-01-05,Radiator,Fastener_Cooling,125,125,9578,108,108,9561,218,9343,0,15,None,0.0,0,1
2025-01-06,Engine,Powertrain,128,113,14597,111,107,14591,237,14354,0,18,None,0.0,0,0
2025-01-06,Battery,Powertrain,128,15,8665,12,11,8661,100,8561,0,25,None,0.0,0,0
2025-01-06,Transmission,Powertrain,128,128,12572,123,124,12568,268,12300,0,22,None,0.0,0,0
2025-01-06,Brake_Pads,Chassis,128,512,7918,462,479,7885,896,6989,0,12,None,0.0,0,0
2025-01-06,Wheels,Chassis,128,512,14703,528,547,14738,896,13842,0,10,None,0.0,0,0
2025-01-06,Tyres,Chassis,128,512,5648,504,503,5639,896,4743,0,9,None,0.0,0,0
2025-01-06,Seats,Interior,128,684,8296,622,598,8210,957,7253,0,14,None,0.0,0,0
2025-01-06,Nuts,Fastener_Cooling,128,14145,12839,13670,13303,11997,19803,-7806,0,6,None,0.0,0,0
2025-01-06,ECU,Electrical,128,128,16069,127,122,16063,268,15795,0,20,None,0.0,0,0
2025-01-06,Radiator,Fastener_Cooling,128,128,9561,139,132,9565,224,9341,0,15,None,0.0,0,0
2025-01-07,Engine,Powertrain,120,106,14591,107,103,14588,222,14366,0,18,None,0.0,0,0
2025-01-07,Battery,Powertrain,120,14,8661,13,13,8660,100,8560,0,25,None,0.0,0,0
2025-01-07,Transmission,Powertrain,120,120,12568,125,128,12576,252,12324,0,22,None,0.0,0,0
2025-01-07,Brake_Pads,Chassis,120,480,7885,477,492,7897,840,7057,0,12,None,0.0,0,0
2025-01-07,Wheels,Chassis,120,480,14738,469,257,14515,840,13675,1,10,None,0.0,0,0
2025-01-07,Tyres,Chassis,120,480,5639,434,453,5612,840,4772,0,9,None,0.0,0,0
2025-01-07,Seats,Interior,120,650,8210,602,331,7891,910,6981,1,14,None,0.0,0,0
2025-01-07,Nuts,Fastener_Cooling,120,13385,11997,13286,13743,12355,18739,-6384,0,6,None,0.0,0,0
2025-01-07,ECU,Electrical,120,120,16063,127,126,16069,252,15817,0,20,None,0.0,0,0
2025-01-07,Radiator,Fastener_Cooling,120,120,9565,127,122,9567,210,9357,0,15,None,0.0,0,0
2025-01-08,Engine,Powertrain,111,98,14588,88,87,14577,205,14372,0,18,None,0.0,0,0
2025-01-08,Battery,Powertrain,111,13,8660,12,12,8659,100,8559,0,25,None,0.0,0,0
2025-01-08,Transmission,Powertrain,111,111,12576,109,113,12578,233,12345,0,22,None,0.0,0,0
2025-01-08,Brake_Pads,Chassis,111,444,7897,396,409,7862,777,7085,0,12,None,0.0,0,0
2025-01-08,Wheels,Chassis,111,444,14515,466,256,14327,777,13550,1,10,None,0.0,0,0
2025-01-08,Tyres,Chassis,111,444,5612,408,402,5570,777,4793,0,9,None,0.0,0,0
2025-01-08,Seats,Interior,111,599,7891,545,523,7815,838,6977,0,14,None,0.0,0,0
2025-01-08,Nuts,Fastener_Cooling,111,12345,12355,12884,7086,7096,17283,-10187,1,6,None,0.0,0,0
2025-01-08,ECU,Electrical,111,111,16069,98,93,16051,233,15818,0,20,None,0.0,0,0
2025-01-08,Radiator,Fastener_Cooling,111,111,9567,104,103,9559,194,9365,0,15,None,0.0,0,0
2025-01-09,Engine,Powertrain,120,106,14577,116,113,14584,222,14362,0,18,None,0.0,0,0
2025-01-09,Battery,Powertrain,120,14,8659,14,13,8658,100,8558,0,25,None,0.0,0,0
2025-01-09,Transmission,Powertrain,120,120,12578,113,113,12571,252,12319,0,22,None,0.0,0,0
2025-01-09,Brake_Pads,Chassis,120,480,7862,452,469,7851,840,7011,0,12,None,0.0,0,0
2025-01-09,Wheels,Chassis,120,480,14327,494,470,14317,840,13477,0,10,None,0.0,0,0
2025-01-09,Tyres,Chassis,120,480,5570,433,425,5515,840,4675,0,9,None,0.0,0,0
2025-01-09,Seats,Interior,120,646,7815,704,693,7862,904,6958,0,14,None,0.0,0,0
2025-01-09,Nuts,Fastener_Cooling,120,13315,7096,14515,14962,8743,18641,-9898,0,6,None,0.0,0,0
2025-01-09,ECU,Electrical,120,120,16051,114,113,16044,252,15792,0,20,None,0.0,0,0
2025-01-09,Radiator,Fastener_Cooling,120,120,9559,104,106,9545,210,9335,0,15,None,0.0,0,0
2025-01-10,Engine,Powertrain,117,102,14584,111,111,14593,214,14379,0,18,None,0.0,0,0
2025-01-10,Battery,Powertrain,117,15,8658,15,15,8658,100,8558,0,25,None,0.0,0,0
2025-01-10,Transmission,Powertrain,117,117,12571,108,106,12560,245,12315,0,22,None,0.0,0,0
2025-01-10,Brake_Pads,Chassis,117,468,7851,467,444,7827,819,7008,0,12,None,0.0,0,0
2025-01-10,Wheels,Chassis,117,468,14317,407,393,14242,819,13423,0,10,None,0.0,0,0
2025-01-10,Tyres,Chassis,117,468,5515,510,518,5565,819,4746,0,9,None,0.0,0,0
2025-01-10,Seats,Interior,117,633,7862,634,629,7858,886,6972,0,14,None,0.0,0,0
2025-01-10,Nuts,Fastener_Cooling,117,13045,8743,13970,13362,9060,18263,-9203,0,6,None,0.0,0,0
2025-01-10,ECU,Electrical,117,117,16044,101,103,16030,245,15785,0,20,None,0.0,0,0
2025-01-10,Radiator,Fastener_Cooling,117,117,9545,121,116,9544,204,9340,0,15,None,0.0,0,0
2025-01-11,Engine,Powertrain,133,119,14593,102,98,14572,249,14323,0,18,None,0.0,0,1
2025-01-11,Battery,Powertrain,133,14,8658,12,12,8656,100,8556,0,25,None,0.0,0,1
2025-01-11,Transmission,Powertrain,133,133,12560,127,129,12556,279,12277,0,22,None,0.0,0,1
2025-01-11,Brake_Pads,Chassis,133,532,7827,537,295,7590,931,6659,1,12,None,0.0,0,1
2025-01-11,Wheels,Chassis,133,532,14242,523,521,14231,931,13300,0,10,None,0.0,0,1
2025-01-11,Tyres,Chassis,133,532,5565,522,522,5555,931,4624,0,9,None,0.0,0,1
2025-01-11,Seats,Interior,133,717,7858,759,749,7890,1003,6887,0,14,None,0.0,0,1
2025-01-11,Nuts,Fastener_Cooling,133,14730,9060,15469,15538,9868,20622,-10754,0,6,None,0.0,0,1
2025-01-11,ECU,Electrical,133,133,16030,115,110,16007,279,15728,0,20,None,0.0,0,1
2025-01-11,Radiator,Fastener_Cooling,133,133,9544,140,137,9548,232,9316,0,15,None,0.0,0,1
2025-01-12,Engine,Powertrain,137,122,14572,126,129,14579,256,14323,0,18,None,0.0,0,1
2025-01-12,Battery,Powertrain,137,15,8656,13,12,8653,100,8553,0,25,None,0.0,0,1
2025-01-12,Transmission,Powertrain,137,137,12556,129,123,12542,287,12255,0,22,None,0.0,0,1
2025-01-12,Brake_Pads,Chassis,137,548,7590,575,558,7600,959,6641,0,12,None,0.0,0,1
2025-01-12,Wheels,Chassis,137,548,14231,557,570,14253,959,13294,0,10,None,0.0,0,1
2025-01-12,Tyres,Chassis,137,548,5555,493,480,5487,959,4528,0,9,None,0.0,0,1
2025-01-12,Seats,Interior,137,737,7890,644,662,7815,1031,6784,0,14,None,0.0,0,1
2025-01-12,Nuts,Fastener_Cooling,137,15185,9868,14670,14805,9488,21259,-11771,0,6,None,0.0,0,1
2025-01-12,ECU,Electrical,137,137,16007,120,123,15993,287,15706,0,20,None,0.0,0,1
2025-01-12,Radiator,Fastener_Cooling,137,137,9548,143,149,9560,239,9321,0,15,None,0.0,0,1
2025-01-13,Engine,Powertrain,114,100,14579,104,104,14583,210,14373,0,18,None,0.0,0,0
2025-01-13,Battery,Powertrain,114,14,8653,15,15,8654,100,8554,0,25,None,0.0,0,0
2025-01-13,Transmission,Powertrain,114,114,12542,103,106,12534,239,12295,0,22,None,0.0,0,0
2025-01-13,Brake_Pads,Chassis,114,456,7600,411,430,7574,798,6776,0,12,None,0.0,0,0
2025-01-13,Wheels,Chassis,114,456,14253,434,451,14248,798,13450,0,10,None,0.0,0,0
2025-01-13,Tyres,Chassis,114,456,5487,452,472,5503,798,4705,0,9,None,0.0,0,0
2025-01-13,Seats,Interior,114,612,7815,652,676,7879,856,7023,0,14,None,0.0,0,0
2025-01-13,Nuts,Fastener_Cooling,114,12655,9488,10853,10489,7322,17717,-10395,0,6,None,0.0,0,0
2025-01-13,ECU,Electrical,114,114,15993,103,98,15977,239,15738,0,20,None,0.0,0,0
2025-01-13,Radiator,Fastener_Cooling,114,114,9560,113,108,9554,199,9355,0,15,None,0.0,0,0
2025-01-14,Engine,Powertrain,135,117,14583,106,101,14567,245,14322,0,18,Makar Sankranti,1.0,0,0
2025-01-14,Battery,Powertrain,135,18,8654,19,19,8655,100,8555,0,25,Makar Sankranti,1.0,0,0
2025-01-14,Transmission,Powertrain,135,135,12534,147,150,12549,283,12266,0,22,Makar Sankranti,1.0,0,0
2025-01-14,Brake_Pads,Chassis,135,540,7574,488,494,7528,945,6583,0,12,Makar Sankranti,1.0,0,0
2025-01-14,Wheels,Chassis,135,540,14248,571,551,14259,945,13314,0,10,Makar Sankranti,1.0,0,0
2025-01-14,Tyres,Chassis,135,540,5503,528,550,5513,945,4568,0,9,Makar Sankranti,1.0,0,0
2025-01-14,Seats,Interior,135,729,7879,653,643,7793,1020,6773,0,14,Makar Sankranti,1.0,0,0
2025-01-14,Nuts,Fastener_Cooling,135,15045,7322,13782,14319,6596,21063,-14467,0,6,Makar Sankranti,1.0,0,0
2025-01-14,ECU,Electrical,135,135,15977,120,118,15960,283,15677,0,20,Makar Sankranti,1.0,0,0
2025-01-14,Radiator,Fastener_Cooling,135,135,9554,121,115,9534,236,9298,0,15,Makar Sankranti,1.0,0,0
2025-01-15,Engine,Powertrain,118,104,14567,94,98,14561,218,14343,0,18,None,0.0,0,0
2025-01-15,Battery,Powertrain,118,14,8655,14,14,8655,100,8555,0,25,None,0.0,0,0
2025-01-15,Transmission,Powertrain,118,118,12549,119,117,12548,247,12301,0,22,None,0.0,0,0
2025-01-15,Brake_Pads,Chassis,118,472,7528,504,526,7582,826,6756,0,12,None,0.0,0,0
2025-01-15,Wheels,Chassis,118,472,14259,481,464,14251,826,13425,0,10,None,0.0,0,0
2025-01-15,Tyres,Chassis,118,472,5513,418,423,5464,826,4638,0,9,None,0.0,0,0
2025-01-15,Seats,Interior,118,634,7793,619,646,7805,887,6918,0,14,None,0.0,0,0
2025-01-15,Nuts,Fastener_Cooling,118,13100,6596,11664,11323,4819,18340,-13521,0,6,None,0.0,0,0
2025-01-15,ECU,Electrical,118,118,15960,110,104,15946,247,15699,0,20,None,0.0,0,0
2025-01-15,Radiator,Fastener_Cooling,118,118,9534,112,112,9528,206,9322,0,15,None,0.0,0,0
2025-01-16,Engine,Powertrain,114,100,14561,104,108,14569,210,14359,0,18,None,0.0,0,0
2025-01-16,Battery,Powertrain,114,14,8655,13,13,8654,100,8554,0,25,None,0.0,0,0
2025-01-16,Transmission,Powertrain,114,114,12548,124,124,12558,239,12319,0,22,None,0.0,0,0
2025-01-16,Brake_Pads,Chassis,114,456,7582,470,469,7595,798,6797,0,12,None,0.0,0,0
2025-01-16,Wheels,Chassis,114,456,14251,396,389,14184,798,13386,0,10,None,0.0,0,0
2025-01-16,Tyres,Chassis,114,456,5464,440,431,5439,798,4641,0,9,None,0.0,0,0
2025-01-16,Seats,Interior,114,612,7805,621,595,7788,856,6932,0,14,None,0.0,0,0
2025-01-16,Nuts,Fastener_Cooling,114,12655,4819,11734,11435,3599,17717,-14118,0,6,None,0.0,0,0
2025-01-16,ECU,Electrical,114,114,15946,106,108,15940,239,15701,0,20,None,0.0,0,0
2025-01-16,Radiator,Fastener_Cooling,114,114,9528,109,105,9519,199,9320,0,15,None,0.0,0,0
2025-01-17,Engine,Powertrain,115,102,14569,91,95,14562,214,14348,0,18,None,0.0,0,0
2025-01-17,Battery,Powertrain,115,13,8654,13,13,8654,100,8554,0,25,None,0.0,0,0
2025-01-17,Transmission,Powertrain,115,115,12558,123,126,12569,241,12328,0,22,None,0.0,0,0
2025-01-17,Brake_Pads,Chassis,115,460,7595,421,427,7562,805,6757,0,12,None,0.0,0,0
2025-01-17,Wheels,Chassis,115,460,14184,434,238,13962,805,13157,1,10,None,0.0,0,0
2025-01-17,Tyres,Chassis,115,460,5439,457,446,5425,805,4620,0,9,None,0.0,0,0
2025-01-17,Seats,Interior,115,619,7788,528,548,7717,866,6851,0,14,None,0.0,0,0
2025-01-17,Nuts,Fastener_Cooling,115,12745,3599,11299,10805,1659,17843,-16184,0,6,None,0.0,0,0
2025-01-17,ECU,Electrical,115,115,15940,99,103,15928,241,15687,0,20,None,0.0,0,0
2025-01-17,Radiator,Fastener_Cooling,115,115,9519,107,108,9512,201,9311,0,15,None,0.0,0,0
2025-01-18,Engine,Powertrain,133,118,14562,111,112,14556,247,14309,0,18,None,0.0,0,1
2025-01-18,Battery,Powertrain,133,15,8654,12,12,8651,100,8551,0,25,None,0.0,0,1
2025-01-18,Transmission,Powertrain,133,133,12569,135,136,12572,279,12293,0,22,None,0.0,0,1
2025-01-18,Brake_Pads,Chassis,133,532,7562,481,501,7531,931,6600,0,12,None,0.0,0,1
2025-01-18,Wheels,Chassis,133,532,13962,574,591,14021,931,13090,0,10,None,0.0,0,1
2025-01-18,Tyres,Chassis,133,532,5425,513,488,5381,931,4450,0,9,None,0.0,0,1
2025-01-18,Seats,Interior,133,713,7717,724,711,7715,998,6717,0,14,None,0.0,0,1
2025-01-18,Nuts,Fastener_Cooling,133,14705,1659,14402,13904,858,20587,-19729,0,6,None,0.0,0,1
2025-01-18,ECU,Electrical,133,133,15928,129,124,15919,279,15640,0,20,None,0.0,0,1
2025-01-18,Radiator,Fastener_Cooling,133,133,9512,120,121,9500,232,9268,0,15,None,0.0,0,1
2025-01-19,Engine,Powertrain,131,115,14556,104,106,14547,241,14306,0,18,None,0.0,0,1
2025-01-19,Battery,Powertrain,131,16,8651,16,15,8650,100,8550,0,25,None,0.0,0,1
2025-01-19,Transmission,Powertrain,131,131,12572,135,137,12578,275,12303,0,22,None,0.0,0,1
2025-01-19,Brake_Pads,Chassis,131,524,7531,554,304,7311,917,6394,1,12,None,0.0,0,1
2025-01-19,Wheels,Chassis,131,524,14021,515,529,14026,917,13109,0,10,None,0.0,0,1
2025-01-19,Tyres,Chassis,131,524,5381,552,563,5420,917,4503,0,9,None,0.0,0,1
2025-01-19,Seats,Interior,131,709,7715,655,647,7653,992,6661,0,14,None,0.0,0,1
2025-01-19,Nuts,Fastener_Cooling,131,14595,858,14544,14822,1085,20433,-19348,0,6,None,0.0,0,1
2025-01-19,ECU,Electrical,131,131,15919,134,129,15917,275,15642,0,20,None,0.0,0,1
2025-01-19,Radiator,Fastener_Cooling,131,131,9500,141,137,9506,229,9277,0,15,None,0.0,0,1
2025-01-20,Engine,Powertrain,116,102,14547,105,101,14546,214,14332,0,18,None,0.0,0,0
2025-01-20,Battery,Powertrain,116,14,8650,14,13,8649,100,8549,0,25,None,0.0,0,0
2025-01-20,Transmission,Powertrain,116,116,12578,124,124,12586,243,12343,0,22,None,0.0,0,0
2025-01-20,Brake_Pads,Chassis,116,464,7311,428,416,7263,812,6451,0,12,None,0.0,0,0
2025-01-20,Wheels,Chassis,116,464,14026,460,448,14010,812,13198,0,10,None,0.0,0,0
2025-01-20,Tyres,Chassis,116,464,5420,421,409,5365,812,4553,0,9,None,0.0,0,0
2025-01-20,Seats,Interior,116,626,7653,676,698,7725,876,6849,0,14,None,0.0,0,0
2025-01-20,Nuts,Fastener_Cooling,116,12905,1085,12510,11923,103,18067,-17964,0,6,None,0.0,0,0
2025-01-20,ECU,Electrical,116,116,15917,116,119,15920,243,15677,0,20,None,0.0,0,0
2025-01-20,Radiator,Fastener_Cooling,116,116,9506,125,129,9519,203,9316,0,15,None,0.0,0,0
2025-01-21,Engine,Powertrain,110,96,14546,103,100,14550,201,14349,0,18,None,0.0,0,0
2025-01-21,Battery,Powertrain,110,14,8649,14,13,8648,100,8548,0,25,None,0.0,0,0
2025-01-21,Transmission,Powertrain,110,110,12586,108,111,12587,231,12356,0,22,None,0.0,0,0
2025-01-21,Brake_Pads,Chassis,110,440,7263,419,433,7256,770,6486,0,12,None,0.0,0,0
2025-01-21,Wheels,Chassis,110,440,14010,419,408,13978,770,13208,0,10,None,0.0,0,0
2025-01-21,Tyres,Chassis,110,440,5365,442,438,5363,770,4593,0,9,None,0.0,0,0
2025-01-21,Seats,Interior,110,592,7725,630,610,7743,828,6915,0,14,None,0.0,0,0
2025-01-21,Nuts,Fastener_Cooling,110,12245,103,11572,11081,0,17143,-17143,0,6,None,0.0,0,0
2025-01-21,ECU,Electrical,110,110,15920,114,111,15921,231,15690,0,20,None,0.0,0,0
2025-01-21,Radiator,Fastener_Cooling,110,110,9519,119,115,9524,192,9332,0,15,None,0.0,0,0
2025-01-22,Engine,Powertrain,115,101,14550,89,90,14539,212,14327,0,18,None,0.0,0,0
2025-01-22,Battery,Powertrain,115,14,8648,13,13,8647,100,8547,0,25,None,0.0,0,0
2025-01-22,Transmission,Powertrain,115,115,12587,112,116,12588,241,12347,0,22,None,0.0,0,0
2025-01-22,Brake_Pads,Chassis,115,460,7256,463,441,7237,805,6432,0,12,None,0.0,0,0
2025-01-22,Wheels,Chassis,115,460,13978,493,495,14013,805,13208,0,10,None,0.0,0,0
2025-01-22,Tyres,Chassis,115,460,5363,431,431,5334,805,4529,0,9,None,0.0,0,0
2025-01-22,Seats,Interior,115,617,7743,659,633,7759,863,6896,0,14,None,0.0,0,0
2025-01-22,Nuts,Fastener_Cooling,115,12745,0,12023,6612,0,17843,-17843,1,6,None,0.0,0,0
2025-01-22,ECU,Electrical,115,115,15921,119,113,15919,241,15678,0,20,None,0.0,0,0
2025-01-22,Radiator,Fastener_Cooling,115,115,9524,113,115,9524,201,9323,0,15,None,0.0,0,0
2025-01-23,Engine,Powertrain,116,103,14539,107,106,14542,216,14326,0,18,None,0.0,0,0
2025-01-23,Battery,Powertrain,116,13,8647,13,12,8646,100,8546,0,25,None,0.0,0,0
2025-01-23,Transmission,Powertrain,116,116,12588,125,127,12599,243,12356,0,22,None,0.0,0,0
2025-01-23,Brake_Pads,Chassis,116,464,7237,480,468,7241,812,6429,0,12,None,0.0,0,0
2025-01-23,Wheels,Chassis,116,464,14013,419,402,13951,812,13139,0,10,None,0.0,0,0
2025-01-23,Tyres,Chassis,116,464,5334,458,448,5318,812,4506,0,9,None,0.0,0,0
2025-01-23,Seats,Interior,116,624,7759,569,554,7689,873,6816,0,14,None,0.0,0,0
2025-01-23,Nuts,Fastener_Cooling,116,12835,0,11815,11854,0,17969,-17969,0,6,None,0.0,0,0
2025-01-23,ECU,Electrical,116,116,15919,106,108,15911,243,15668,0,20,None,0.0,0,0
2025-01-23,Radiator,Fastener_Cooling,116,116,9524,118,117,9525,203,9322,0,15,None,0.0,0,0
2025-01-24,Engine,Powertrain,109,96,14542,95,99,14545,201,14344,0,18,None,0.0,0,0
2025-01-24,Battery,Powertrain,109,13,8646,13,12,8645,100,8545,0,25,None,0.0,0,0
2025-01-24,Transmission,Powertrain,109,109,12599,99,98,12588,228,12360,0,22,None,0.0,0,0
2025-01-24,Brake_Pads,Chassis,109,436,7241,450,459,7264,763,6501,0,12,None,0.0,0,0
2025-01-24,Wheels,Chassis,109,436,13951,450,448,13963,763,13200,0,10,None,0.0,0,0
2025-01-24,Tyres,Chassis,109,436,5318,465,456,5338,763,4575,0,9,None,0.0,0,0
2025-01-24,Seats,Interior,109,585,7689,516,515,7619,819,6800,0,14,None,0.0,0,0
2025-01-24,Nuts,Fastener_Cooling,109,12075,0,12266,12403,328,16905,-16577,0,6,None,0.0,0,0
2025-01-24,ECU,Electrical,109,109,15911,100,103,15905,228,15677,0,20,None,0.0,0,0
2025-01-24,Radiator,Fastener_Cooling,109,109,9525,116,110,9526,190,9336,0,15,None,0.0,0,0
2025-01-25,Engine,Powertrain,133,117,14545,124,123,14551,245,14306,0,18,None,0.0,0,1
2025-01-25,Battery,Powertrain,133,16,8645,14,14,8643,100,8543,0,25,None,0.0,0,1
2025-01-25,Transmission,Powertrain,133,133,12588,129,122,12577,279,12298,0,22,None,0.0,0,1
2025-01-25,Brake_Pads,Chassis,133,532,7264,548,559,7291,931,6360,0,12,None,0.0,0,1
2025-01-25,Wheels,Chassis,133,532,13963,583,560,13991,931,13060,0,10,None,0.0,0,1
2025-01-25,Tyres,Chassis,133,532,5338,486,500,5306,931,4375,0,9,None,0.0,0,1
2025-01-25,Seats,Interior,133,711,7619,741,769,7677,995,6682,0,14,None,0.0,0,1
2025-01-25,Nuts,Fastener_Cooling,133,14675,328,13642,13778,0,20545,-20545,0,6,None,0.0,0,1
2025-01-25,ECU,Electrical,133,133,15905,130,125,15897,279,15618,0,20,None,0.0,0,1
2025-01-25,Radiator,Fastener_Cooling,133,133,9526,128,122,9515,232,9283,0,15,None,0.0,0,1
2025-01-26,Engine,Powertrain,140,121,14551,103,107,14537,254,14283,0,18,Republic Day,0.8,0,1
2025-01-26,Battery,Powertrain,140,19,8643,20,20,8644,100,8544,0,25,Republic Day,0.8,0,1
2025-01-26,Transmission,Powertrain,140,140,12577,127,125,12562,294,12268,0,22,Republic Day,0.8,0,1
2025-01-26,Brake_Pads,Chassis,140,560,7291,496,483,7214,980,6234,0,12,Republic Day,0.8,0,1
2025-01-26,Wheels,Chassis,140,560,13991,561,556,13987,980,13007,0,10,Republic Day,0.8,0,1
2025-01-26,Tyres,Chassis,140,560,5306,554,538,5284,980,4304,0,9,Republic Day,0.8,0,1
2025-01-26,Seats,Interior,140,754,7677,692,725,7648,1055,6593,0,14,Republic Day,0.8,0,1
2025-01-26,Nuts,Fastener_Cooling,140,15570,0,15458,15978,408,21798,-21390,0,6,Republic Day,0.8,0,1
2025-01-26,ECU,Electrical,140,140,15897,146,147,15904,294,15610,0,20,Republic Day,0.8,0,1
2025-01-26,Radiator,Fastener_Cooling,140,140,9515,125,128,9503,245,9258,0,15,Republic Day,0.8,0,1
2025-01-27,Engine,Powertrain,119,106,14537,105,108,14539,222,14317,0,18,None,0.0,0,0
2025-01-27,Battery,Powertrain,119,13,8644,13,13,8644,100,8544,0,25,None,0.0,0,0
2025-01-27,Transmission,Powertrain,119,119,12562,108,104,12547,249,12298,0,22,None,0.0,0,0
2025-01-27,Brake_Pads,Chassis,119,476,7214,432,440,7178,833,6345,0,12,None,0.0,0,0
2025-01-27,Wheels,Chassis,119,476,13987,439,457,13968,833,13135,0,10,None,0.0,0,0
2025-01-27,Tyres,Chassis,119,476,5284,522,506,5314,833,4481,0,9,None,0.0,0,0
2025-01-27,Seats,Interior,119,637,7648,643,659,7670,891,6779,0,14,None,0.0,0,0
2025-01-27,Nuts,Fastener_Cooling,119,13150,408,14107,13734,992,18410,-17418,0,6,None,0.0,0,0
2025-01-27,ECU,Electrical,119,119,15904,122,117,15902,249,15653,0,20,None,0.0,0,0
2025-01-27,Radiator,Fastener_Cooling,119,119,9503,123,127,9511,208,9303,0,15,None,0.0,0,0
2025-01-28,Engine,Powertrain,121,106,14539,94,93,14526,222,14304,0,18,None,0.0,0,0
2025-01-28,Battery,Powertrain,121,15,8644,15,15,8644,100,8544,0,25,None,0.0,0,0
2025-01-28,Transmission,Powertrain,121,121,12547,122,119,12545,254,12291,0,22,None,0.0,0,0
2025-01-28,Brake_Pads,Chassis,121,484,7178,531,512,7206,847,6359,0,12,None,0.0,0,0
2025-01-28,Wheels,Chassis,121,484,13968,460,476,13960,847,13113,0,10,None,0.0,0,0
2025-01-28,Tyres,Chassis,121,484,5314,421,417,5247,847,4400,0,9,None,0.0,0,0
2025-01-28,Seats,Interior,121,651,7670,578,595,7614,911,6703,0,14,None,0.0,0,0
2025-01-28,Nuts,Fastener_Cooling,121,13450,992,13189,12569,111,18830,-18719,0,6,None,0.0,0,0
2025-01-28,ECU,Electrical,121,121,15902,109,108,15889,254,15635,0,20,None,0.0,0,0
2025-01-28,Radiator,Fastener_Cooling,121,121,9511,104,98,9488,211,9277,0,15,None,0.0,0,0
2025-01-29,Engine,Powertrain,112,97,14526,83,81,14510,203,14307,0,18,None,0.0,0,0
2025-01-29,Battery,Powertrain,112,15,8644,15,14,8643,100,8543,0,25,None,0.0,0,0
2025-01-29,Transmission,Powertrain,112,112,12545,121,121,12554,235,12319,0,22,None,0.0,0,0
2025-01-29,Brake_Pads,Chassis,112,448,7206,434,416,7174,784,6390,0,12,None,0.0,0,0
2025-01-29,Wheels,Chassis,112,448,13960,465,481,13993,784,13209,0,10,None,0.0,0,0
2025-01-29,Tyres,Chassis,112,448,5247,435,432,5231,784,4447,0,9,None,0.0,0,0
2025-01-29,Seats,Interior,112,602,7614,526,551,7563,842,6721,0,14,None,0.0,0,0
2025-01-29,Nuts,Fastener_Cooling,112,12440,111,11659,11881,0,17416,-17416,0,6,None,0.0,0,0
2025-01-29,ECU,Electrical,112,112,15889,122,116,15893,235,15658,0,20,None,0.0,0,0
2025-01-29,Radiator,Fastener_Cooling,112,112,9488,98,95,9471,196,9275,0,15,None,0.0,0,0
2025-01-30,Engine,Powertrain,116,103,14510,109,108,14515,216,14299,0,18,None,0.0,0,0
2025-01-30,Battery,Powertrain,116,13,8643,12,11,8641,100,8541,0,25,None,0.0,0,0
2025-01-30,Transmission,Powertrain,116,116,12554,125,127,12565,243,12322,0,22,None,0.0,0,0
2025-01-30,Brake_Pads,Chassis,116,464,7174,465,467,7177,812,6365,0,12,None,0.0,0,0
2025-01-30,Wheels,Chassis,116,464,13993,440,446,13975,812,13163,0,10,None,0.0,0,0
2025-01-30,Tyres,Chassis,116,464,5231,436,449,5216,812,4404,0,9,None,0.0,0,0
2025-01-30,Seats,Interior,116,618,7563,668,700,7645,865,6780,0,14,None,0.0,0,0
2025-01-30,Nuts,Fastener_Cooling,116,12760,0,12241,12575,0,17864,-17864,0,6,None,0.0,0,0
2025-01-30,ECU,Electrical,116,116,15893,101,102,15879,243,15636,0,20,None,0.0,0,0
2025-01-30,Radiator,Fastener_Cooling,116,116,9471,105,103,9458,203,9255,0,15,None,0.0,0,0
2025-01-31,Engine,Powertrain,117,103,14515,97,97,14509,216,14293,0,18,None,0.0,0,0
2025-01-31,Battery,Powertrain,117,14,8641,14,13,8640,100,8540,0,25,None,0.0,0,0
2025-01-31,Transmission,Powertrain,117,117,12565,99,101,12549,245,12304,0,22,None,0.0,0,0
2025-01-31,Brake_Pads,Chassis,117,468,7177,474,458,7167,819,6348,0,12,None,0.0,0,0
2025-01-31,Wheels,Chassis,117,468,13975,432,410,13917,819,13098,0,10,None,0.0,0,0
2025-01-31,Tyres,Chassis,117,468,5216,413,431,5179,819,4360,0,9,None,0.0,0,0
2025-01-31,Seats,Interior,117,625,7645,531,554,7574,875,6699,0,14,None,0.0,0,0
2025-01-31,Nuts,Fastener_Cooling,117,12940,0,13696,13462,522,18116,-17594,0,6,None,0.0,0,0
2025-01-31,ECU,Electrical,117,117,15879,123,117,15879,245,15634,0,20,None,0.0,0,0
2025-01-31,Radiator,Fastener_Cooling,117,117,9458,103,105,9446,204,9242,0,15,None,0.0,0,0
2025-02-01,Engine,Powertrain,127,112,14509,95,91,14488,235,14253,0,18,None,0.0,0,1
2025-02-01,Battery,Powertrain,127,15,8640,16,16,8641,100,8541,0,25,None,0.0,0,1
2025-02-01,Transmission,Powertrain,127,127,12549,134,139,12561,266,12295,0,22,None,0.0,0,1
2025-02-01,Brake_Pads,Chassis,127,508,7167,460,467,7126,889,6237,0,12,None,0.0,0,1
2025-02-01,Wheels,Chassis,127,508,13917,537,532,13941,889,13052,0,10,None,0.0,0,1
2025-02-01,Tyres,Chassis,127,508,5179,538,517,5188,889,4299,0,9,None,0.0,0,1
2025-02-01,Seats,Interior,127,683,7574,742,750,7641,956,6685,0,14,None,0.0,0,1
2025-02-01,Nuts,Fastener_Cooling,127,14095,522,12111,12034,0,19733,-19733,0,6,None,0.0,0,1
2025-02-01,ECU,Electrical,127,127,15879,108,105,15857,266,15591,0,20,None,0.0,0,1
2025-02-01,Radiator,Fastener_Cooling,127,127,9446,129,131,9450,222,9228,0,15,None,0.0,0,1
2025-02-02,Engine,Powertrain,122,105,14488,94,97,14480,220,14260,0,18,None,0.0,0,1
2025-02-02,Battery,Powertrain,122,17,8641,15,14,8638,100,8538,0,25,None,0.0,0,1
2025-02-02,Transmission,Powertrain,122,122,12561,104,101,12540,256,12284,0,22,None,0.0,0,1
2025-02-02,Brake_Pads,Chassis,122,488,7126,415,433,7071,854,6217,0,12,None,0.0,0,1
2025-02-02,Wheels,Chassis,122,488,13941,493,489,13942,854,13088,0,10,None,0.0,0,1
2025-02-02,Tyres,Chassis,122,488,5188,482,469,5169,854,4315,0,9,None,0.0,0,1
2025-02-02,Seats,Interior,122,656,7641,581,593,7578,918,6660,0,14,None,0.0,0,1
2025-02-02,Nuts,Fastener_Cooling,122,13580,0,13247,12799,0,19012,-19012,0,6,None,0.0,0,1
2025-02-02,ECU,Electrical,122,122,15857,117,116,15851,256,15595,0,20,None,0.0,0,1
2025-02-02,Radiator,Fastener_Cooling,122,122,9450,113,108,9436,213,9223,0,15,None,0.0,0,1
2025-02-03,Engine,Powertrain,123,108,14480,100,103,14475,226,14249,0,18,None,0.0,0,0
2025-02-03,Battery,Powertrain,123,15,8638,15,15,8638,100,8538,0,25,None,0.0,0,0
2025-02-03,Transmission,Powertrain,123,123,12540,117,116,12533,258,12275,0,22,None,0.0,0,0
2025-02-03,Brake_Pads,Chassis,123,492,7071,467,470,7049,861,6188,0,12,None,0.0,0,0
2025-02-03,Wheels,Chassis,123,492,13942,480,484,13934,861,13073,0,10,None,0.0,0,0
2025-02-03,Tyres,Chassis,123,492,5169,479,474,5151,861,4290,0,9,None,0.0,0,0
2025-02-03,Seats,Interior,123,655,7578,578,565,7488,917,6571,0,14,None,0.0,0,0
2025-02-03,Nuts,Fastener_Cooling,123,13545,0,14101,13702,157,18963,-18806,0,6,None,0.0,0,0
2025-02-03,ECU,Electrical,123,123,15851,106,102,15830,258,15572,0,20,None,0.0,0,0
2025-02-03,Radiator,Fastener_Cooling,123,123,9436,118,114,9427,215,9212,0,15,None,0.0,0,0
2025-02-04,Engine,Powertrain,120,107,14475,106,105,14473,224,14249,0,18,None,0.0,0,0
2025-02-04,Battery,Powertrain,120,13,8638,12,11,8636,100,8536,0,25,None,0.0,0,0
2025-02-04,Transmission,Powertrain,120,120,12533,110,110,12523,252,12271,0,22,None,0.0,0,0
2025-02-04,Brake_Pads,Chassis,120,480,7049,516,533,7102,840,6262,0,12,None,0.0,0,0
2025-02-04,Wheels,Chassis,120,480,13934,435,239,13693,840,12853,1,10,None,0.0,0,0
2025-02-04,Tyres,Chassis,120,480,5151,445,444,5115,840,4275,0,9,None,0.0,0,0
2025-02-04,Seats,Interior,120,650,7488,640,608,7446,910,6536,0,14,None,0.0,0,0
2025-02-04,Nuts,Fastener_Cooling,120,13370,157,11700,11311,0,18718,-18718,0,6,None,0.0,0,0
2025-02-04,ECU,Electrical,120,120,15830,120,118,15828,252,15576,0,20,None,0.0,0,0
2025-02-04,Radiator,Fastener_Cooling,120,120,9427,104,108,9415,210,9205,0,15,None,0.0,0,0
2025-02-05,Engine,Powertrain,124,111,14473,101,101,14463,233,14230,0,18,None,0.0,0,0
2025-02-05,Battery,Powertrain,124,13,8636,11,10,8633,100,8533,0,25,None,0.0,0,0
2025-02-05,Transmission,Powertrain,124,124,12523,124,124,12523,260,12263,0,22,None,0.0,0,0
2025-02-05,Brake_Pads,Chassis,124,496,7102,495,483,7089,868,6221,0,12,None,0.0,0,0
2025-02-05,Wheels,Chassis,124,496,13693,480,475,13672,868,12804,0,10,None,0.0,0,0
2025-02-05,Tyres,Chassis,124,496,5115,435,420,5039,868,4171,0,9,None,0.0,0,0
2025-02-05,Seats,Interior,124,666,7446,577,605,7385,932,6453,0,14,None,0.0,0,0
2025-02-05,Nuts,Fastener_Cooling,124,13720,0,11833,11960,0,19208,-19208,0,6,None,0.0,0,0
2025-02-05,ECU,Electrical,124,124,15828,118,117,15821,260,15561,0,20,None,0.0,0,0
2025-02-05,Radiator,Fastener_Cooling,124,124,9415,112,113,9404,217,9187,0,15,None,0.0,0,0
2025-02-06,Engine,Powertrain,120,105,14463,110,114,14472,220,14252,0,18,None,0.0,0,0
2025-02-06,Battery,Powertrain,120,15,8633,13,13,8631,100,8531,0,25,None,0.0,0,0
2025-02-06,Transmission,Powertrain,120,120,12523,113,117,12520,252,12268,0,22,None,0.0,0,0
2025-02-06,Brake_Pads,Chassis,120,480,7089,500,477,7086,840,6246,0,12,None,0.0,0,0
2025-02-06,Wheels,Chassis,120,480,13672,518,542,13734,840,12894,0,10,None,0.0,0,0
2025-02-06,Tyres,Chassis,120,480,5039,441,445,5004,840,4164,0,9,None,0.0,0,0
2025-02-06,Seats,Interior,120,644,7385,643,673,7414,901,6513,0,14,None,0.0,0,0
2025-02-06,Nuts,Fastener_Cooling,120,13285,0,13759,13793,508,18599,-18091,0,6,None,0.0,0,0
2025-02-06,ECU,Electrical,120,120,15821,114,114,15815,252,15563,0,20,None,0.0,0,0
2025-02-06,Radiator,Fastener_Cooling,120,120,9404,118,123,9407,210,9197,0,15,None,0.0,0,0
2025-02-07,Engine,Powertrain,122,107,14472,116,116,14481,224,14257,0,18,None,0.0,0,0
2025-02-07,Battery,Powertrain,122,15,8631,13,12,8628,100,8528,0,25,None,0.0,0,0
2025-02-07,Transmission,Powertrain,122,122,12520,132,135,12533,256,12277,0,22,None,0.0,0,0
2025-02-07,Brake_Pads,Chassis,122,488,7086,454,453,7051,854,6197,0,12,None,0.0,0,0
2025-02-07,Wheels,Chassis,122,488,13734,509,494,13740,854,12886,0,10,None,0.0,0,0
2025-02-07,Tyres,Chassis,122,488,5004,430,430,4946,854,4092,0,9,None,0.0,0,0
2025-02-07,Seats,Interior,122,654,7414,596,615,7375,915,6460,0,14,None,0.0,0,0
2025-02-07,Nuts,Fastener_Cooling,122,13485,508,14820,15199,2222,18879,-16657,0,6,None,0.0,0,0
2025-02-07,ECU,Electrical,122,122,15815,103,103,15796,256,15540,0,20,None,0.0,0,0
2025-02-07,Radiator,Fastener_Cooling,122,122,9407,118,122,9407,213,9194,0,15,None,0.0,0,0
2025-02-08,Engine,Powertrain,132,115,14481,112,106,14472,241,14231,0,18,None,0.0,0,1
2025-02-08,Battery,Powertrain,132,17,8628,16,15,8626,100,8526,0,25,None,0.0,0,1
2025-02-08,Transmission,Powertrain,132,132,12533,126,122,12523,277,12246,0,22,None,0.0,0,1
2025-02-08,Brake_Pads,Chassis,132,528,7051,529,512,7035,924,6111,0,12,None,0.0,0,1
2025-02-08,Wheels,Chassis,132,528,13740,540,537,13749,924,12825,0,10,None,0.0,0,1
2025-02-08,Tyres,Chassis,132,528,4946,539,549,4967,924,4043,0,9,None,0.0,0,1
2025-02-08,Seats,Interior,132,708,7375,643,353,7020,991,6029,1,14,None,0.0,0,1
2025-02-08,Nuts,Fastener_Cooling,132,14645,2222,13268,13881,1458,20503,-19045,0,6,None,0.0,0,1
2025-02-08,ECU,Electrical,132,132,15796,136,142,15806,277,15529,0,20,None,0.0,0,1
2025-02-08,Radiator,Fastener_Cooling,132,132,9407,132,126,9401,231,9170,0,15,None,0.0,0,1
2025-02-09,Engine,Powertrain,124,109,14472,119,124,14487,228,14259,0,18,None,0.0,0,1
2025-02-09,Battery,Powertrain,124,15,8626,15,15,8626,100,8526,0,25,None,0.0,0,1
2025-02-09,Transmission,Powertrain,124,124,12523,130,125,12524,260,12264,0,22,None,0.0,0,1
2025-02-09,Brake_Pads,Chassis,124,496,7035,528,528,7067,868,6199,0,12,None,0.0,0,1
2025-02-09,Wheels,Chassis,124,496,13749,538,514,13767,868,12899,0,10,None,0.0,0,1
2025-02-09,Tyres,Chassis,124,496,4967,481,475,4946,868,4078,0,9,None,0.0,0,1
2025-02-09,Seats,Interior,124,666,7020,607,636,6990,932,6058,0,14,None,0.0,0,1
2025-02-09,Nuts,Fastener_Cooling,124,13760,1458,14579,14592,2290,19264,-16974,0,6,None,0.0,0,1
2025-02-09,ECU,Electrical,124,124,15806,121,123,15805,260,15545,0,20,None,0.0,0,1
2025-02-09,Radiator,Fastener_Cooling,124,124,9401,112,117,9394,217,9177,0,15,None,0.0,0,1
2025-02-10,Engine,Powertrain,123,108,14487,103,107,14486,226,14260,0,18,None,0.0,0,0
2025-02-10,Battery,Powertrain,123,15,8626,12,11,8622,100,8522,0,25,None,0.0,0,0
2025-02-10,Transmission,Powertrain,123,123,12524,128,124,12525,258,12267,0,22,None,0.0,0,0
2025-02-10,Brake_Pads,Chassis,123,492,7067,484,481,7056,861,6195,0,12,None,0.0,0,0
2025-02-10,Wheels,Chassis,123,492,13767,445,458,13733,861,12872,0,10,None,0.0,0,0
2025-02-10,Tyres,Chassis,123,492,4946,494,500,4954,861,4093,0,9,None,0.0,0,0
2025-02-10,Seats,Interior,123,661,6990,725,757,7086,925,6161,0,14,None,0.0,0,0
2025-02-10,Nuts,Fastener_Cooling,123,13630,2290,11727,11465,125,19082,-18957,0,6,None,0.0,0,0
2025-02-10,ECU,Electrical,123,123,15805,105,100,15782,258,15524,0,20,None,0.0,0,0
2025-02-10,Radiator,Fastener_Cooling,123,123,9394,116,116,9387,215,9172,0,15,None,0.0,0,0
2025-02-11,Engine,Powertrain,116,103,14486,97,92,14475,216,14259,0,18,None,0.0,0,0
2025-02-11,Battery,Powertrain,116,13,8622,12,12,8621,100,8521,0,25,None,0.0,0,0
2025-02-11,Transmission,Powertrain,116,116,12525,107,109,12518,243,12275,0,22,None,0.0,0,0
2025-02-11,Brake_Pads,Chassis,116,464,7056,458,442,7034,812,6222,0,12,None,0.0,0,0
2025-02-11,Wheels,Chassis,116,464,13733,399,409,13678,812,12866,0,10,None,0.0,0,0
2025-02-11,Tyres,Chassis,116,464,4954,408,411,4901,812,4089,0,9,None,0.0,0,0
2025-02-11,Seats,Interior,116,626,7086,581,607,7067,876,6191,0,14,None,0.0,0,0
2025-02-11,Nuts,Fastener_Cooling,116,12870,125,13920,13642,897,18018,-17121,0,6,None,0.0,0,0
2025-02-11,ECU,Electrical,116,116,15782,110,109,15775,243,15532,0,20,None,0.0,0,0
2025-02-11,Radiator,Fastener_Cooling,116,116,9387,104,107,9378,203,9175,0,15,None,0.0,0,0
2025-02-12,Engine,Powertrain,114,99,14475,86,81,14457,207,14250,0,18,None,0.0,0,0
2025-02-12,Battery,Powertrain,114,15,8621,15,14,8620,100,8520,0,25,None,0.0,0,0
2025-02-12,Transmission,Powertrain,114,114,12518,97,99,12503,239,12264,0,22,None,0.0,0,0
2025-02-12,Brake_Pads,Chassis,114,456,7034,392,406,6984,798,6186,0,12,None,0.0,0,0
2025-02-12,Wheels,Chassis,114,456,13678,448,438,13660,798,12862,0,10,None,0.0,0,0
2025-02-12,Tyres,Chassis,114,456,4901,423,441,4886,798,4088,0,9,None,0.0,0,0
2025-02-12,Seats,Interior,114,608,7067,638,645,7104,851,6253,0,14,None,0.0,0,0
2025-02-12,Nuts,Fastener_Cooling,114,12580,897,12265,12730,1047,17612,-16565,0,6,None,0.0,0,0
2025-02-12,ECU,Electrical,114,114,15775,106,110,15771,239,15532,0,20,None,0.0,0,0
2025-02-12,Radiator,Fastener_Cooling,114,114,9378,121,117,9381,199,9182,0,15,None,0.0,0,0
2025-02-13,Engine,Powertrain,123,109,14457,109,104,14452,228,14224,0,18,None,0.0,0,0
2025-02-13,Battery,Powertrain,123,14,8620,12,12,8618,100,8518,0,25,None,0.0,0,0
2025-02-13,Transmission,Powertrain,123,123,12503,112,112,12492,258,12234,0,22,None,0.0,0,0
2025-02-13,Brake_Pads,Chassis,123,492,6984,433,439,6931,861,6070,0,12,None,0.0,0,0
2025-02-13,Wheels,Chassis,123,492,13660,484,506,13674,861,12813,0,10,None,0.0,0,0
2025-02-13,Tyres,Chassis,123,492,4886,500,514,4908,861,4047,0,9,None,0.0,0,0
2025-02-13,Seats,Interior,123,659,7104,652,659,7104,922,6182,0,14,None,0.0,0,0
2025-02-13,Nuts,Fastener_Cooling,123,13600,1047,13108,13462,909,19040,-18131,0,6,None,0.0,0,0
2025-02-13,ECU,Electrical,123,123,15771,117,112,15760,258,15502,0,20,None,0.0,0,0
2025-02-13,Radiator,Fastener_Cooling,123,123,9381,120,114,9372,215,9157,0,15,None,0.0,0,0
2025-02-14,Engine,Powertrain,121,105,14452,89,92,14439,220,14219,0,18,None,0.0,0,0
2025-02-14,Battery,Powertrain,121,16,8618,14,13,8615,100,8515,0,25,None,0.0,0,0
2025-02-14,Transmission,Powertrain,121,121,12492,103,105,12476,254,12222,0,22,None,0.0,0,0
2025-02-14,Brake_Pads,Chassis,121,484,6931,477,493,6940,847,6093,0,12,None,0.0,0,0
2025-02-14,Wheels,Chassis,121,484,13674,460,465,13655,847,12808,0,10,None,0.0,0,0
2025-02-14,Tyres,Chassis,121,484,4908,486,469,4893,847,4046,0,9,None,0.0,0,0
2025-02-14,Seats,Interior,121,651,7104,594,574,7027,911,6116,0,14,None,0.0,0,0
2025-02-14,Nuts,Fastener_Cooling,121,13435,909,13859,13714,1188,18809,-17621,0,6,None,0.0,0,0
2025-02-14,ECU,Electrical,121,121,15760,111,115,15754,254,15500,0,20,None,0.0,0,0
2025-02-14,Radiator,Fastener_Cooling,121,121,9372,112,108,9359,211,9148,0,15,None,0.0,0,0
2025-02-15,Engine,Powertrain,133,117,14439,104,105,14427,245,14182,0,18,None,0.0,0,1
2025-02-15,Battery,Powertrain,133,16,8615,13,12,8611,100,8511,0,25,None,0.0,0,1
2025-02-15,Transmission,Powertrain,133,133,12476,127,122,12465,279,12186,0,22,None,0.0,0,1
2025-02-15,Brake_Pads,Chassis,133,532,6940,549,560,6968,931,6037,0,12,None,0.0,0,1
2025-02-15,Wheels,Chassis,133,532,13655,522,508,13631,931,12700,0,10,None,0.0,0,1
2025-02-15,Tyres,Chassis,133,532,4893,549,563,4924,931,3993,0,9,None,0.0,0,1
2025-02-15,Seats,Interior,133,713,7027,727,726,7040,998,6042,0,14,None,0.0,0,1
2025-02-15,Nuts,Fastener_Cooling,133,14720,1188,15054,15430,1898,20608,-18710,0,6,None,0.0,0,1
2025-02-15,ECU,Electrical,133,133,15754,123,120,15741,279,15462,0,20,None,0.0,0,1
2025-02-15,Radiator,Fastener_Cooling,133,133,9359,128,130,9356,232,9124,0,15,None,0.0,0,1
2025-02-16,Engine,Powertrain,130,115,14427,114,115,14427,241,14186,0,18,None,0.0,0,1
2025-02-16,Battery,Powertrain,130,15,8611,13,12,8608,100,8508,0,25,None,0.0,0,1
2025-02-16,Transmission,Powertrain,130,130,12465,113,110,12445,273,12172,0,22,None,0.0,0,1
2025-02-16,Brake_Pads,Chassis,130,520,6968,518,539,6987,910,6077,0,12,None,0.0,0,1
2025-02-16,Wheels,Chassis,130,520,13631,455,456,13567,910,12657,0,10,None,0.0,0,1
2025-02-16,Tyres,Chassis,130,520,4924,545,538,4942,910,4032,0,9,None,0.0,0,1
2025-02-16,Seats,Interior,130,704,7040,683,678,7014,985,6029,0,14,None,0.0,0,1
2025-02-16,Nuts,Fastener_Cooling,130,14510,1898,12453,13013,401,20314,-19913,0,6,None,0.0,0,1
2025-02-16,ECU,Electrical,130,130,15741,115,117,15728,273,15455,0,20,None,0.0,0,1
2025-02-16,Radiator,Fastener_Cooling,130,130,9356,139,139,9365,227,9138,0,15,None,0.0,0,1
2025-02-17,Engine,Powertrain,124,110,14427,99,103,14420,231,14189,0,18,None,0.0,0,0
2025-02-17,Battery,Powertrain,124,14,8608,14,14,8608,100,8508,0,25,None,0.0,0,0
2025-02-17,Transmission,Powertrain,124,124,12445,132,132,12453,260,12193,0,22,None,0.0,0,0
2025-02-17,Brake_Pads,Chassis,124,496,6987,509,506,6997,868,6129,0,12,None,0.0,0,0
2025-02-17,Wheels,Chassis,124,496,13567,510,484,13555,868,12687,0,10,None,0.0,0,0
2025-02-17,Tyres,Chassis,124,496,4942,484,500,4946,868,4078,0,9,None,0.0,0,0
2025-02-17,Seats,Interior,124,670,7014,598,569,6913,938,5975,0,14,None,0.0,0,0
2025-02-17,Nuts,Fastener_Cooling,124,13785,401,14271,14800,1416,19299,-17883,0,6,None,0.0,0,0
2025-02-17,ECU,Electrical,124,124,15728,130,131,15735,260,15475,0,20,None,0.0,0,0
2025-02-17,Radiator,Fastener_Cooling,124,124,9365,135,129,9370,217,9153,0,15,None,0.0,0,0
2025-02-18,Engine,Powertrain,121,107,14420,98,94,14407,224,14183,0,18,None,0.0,0,0
2025-02-18,Battery,Powertrain,121,14,8608,12,11,8605,100,8505,0,25,None,0.0,0,0
2025-02-18,Transmission,Powertrain,121,121,12453,114,110,12442,254,12188,0,22,None,0.0,0,0
2025-02-18,Brake_Pads,Chassis,121,484,6997,474,488,7001,847,6154,0,12,None,0.0,0,0
2025-02-18,Wheels,Chassis,121,484,13555,416,424,13495,847,12648,0,10,None,0.0,0,0
2025-02-18,Tyres,Chassis,121,484,4946,459,461,4923,847,4076,0,9,None,0.0,0,0
2025-02-18,Seats,Interior,121,649,6913,697,676,6940,908,6032,0,14,None,0.0,0,0
2025-02-18,Nuts,Fastener_Cooling,121,13410,1416,12974,13321,1327,18774,-17447,0,6,None,0.0,0,0
2025-02-18,ECU,Electrical,121,121,15735,118,115,15729,254,15475,0,20,None,0.0,0,0
2025-02-18,Radiator,Fastener_Cooling,121,121,9370,118,122,9371,211,9160,0,15,None,0.0,0,0
2025-02-19,Engine,Powertrain,121,108,14407,117,111,14410,226,14184,0,18,None,0.0,0,0
2025-02-19,Battery,Powertrain,121,13,8605,12,12,8604,100,8504,0,25,None,0.0,0,0
2025-02-19,Transmission,Powertrain,121,121,12442,122,124,12445,254,12191,0,22,None,0.0,0,0
2025-02-19,Brake_Pads,Chassis,121,484,7001,432,435,6952,847,6105,0,12,None,0.0,0,0
2025-02-19,Wheels,Chassis,121,484,13495,424,433,13444,847,12597,0,10,None,0.0,0,0
2025-02-19,Tyres,Chassis,121,484,4923,422,402,4841,847,3994,0,9,None,0.0,0,0
2025-02-19,Seats,Interior,121,649,6940,654,679,6970,908,6062,0,14,None,0.0,0,0
2025-02-19,Nuts,Fastener_Cooling,121,13365,1327,11641,12037,0,18711,-18711,0,6,None,0.0,0,0
2025-02-19,ECU,Electrical,121,121,15729,122,120,15728,254,15474,0,20,None,0.0,0,0
2025-02-19,Radiator,Fastener_Cooling,121,121,9371,124,117,9367,211,9156,0,15,None,0.0,0,0
2025-02-20,Engine,Powertrain,123,107,14410,95,92,14395,224,14171,0,18,None,0.0,0,0
2025-02-20,Battery,Powertrain,123,16,8604,15,15,8603,100,8503,0,25,None,0.0,0,0
2025-02-20,Transmission,Powertrain,123,123,12445,118,122,12444,258,12186,0,22,None,0.0,0,0
2025-02-20,Brake_Pads,Chassis,123,492,6952,482,495,6955,861,6094,0,12,None,0.0,0,0
2025-02-20,Wheels,Chassis,123,492,13444,480,502,13454,861,12593,0,10,None,0.0,0,0
2025-02-20,Tyres,Chassis,123,492,4841,424,420,4769,861,3908,0,9,None,0.0,0,0
2025-02-20,Seats,Interior,123,659,6970,595,574,6885,922,5963,0,14,None,0.0,0,0
2025-02-20,Nuts,Fastener_Cooling,123,13610,0,13001,13435,0,19054,-19054,0,6,None,0.0,0,0
2025-02-20,ECU,Electrical,123,123,15728,123,119,15724,258,15466,0,20,None,0.0,0,0
2025-02-20,Radiator,Fastener_Cooling,123,123,9367,125,68,9312,215,9097,1,15,None,0.0,0,0
2025-02-21,Engine,Powertrain,120,105,14395,107,109,14399,220,14179,0,18,None,0.0,0,0
2025-02-21,Battery,Powertrain,120,15,8603,14,14,8602,100,8502,0,25,None,0.0,0,0
2025-02-21,Transmission,Powertrain,120,120,12444,129,123,12447,252,12195,0,22,None,0.0,0,0
2025-02-21,Brake_Pads,Chassis,120,480,6955,518,506,6981,840,6141,0,12,None,0.0,0,0
2025-02-21,Wheels,Chassis,120,480,13454,479,496,13470,840,12630,0,10,None,0.0,0,0
2025-02-21,Tyres,Chassis,120,480,4769,474,459,4748,840,3908,0,9,None,0.0,0,0
2025-02-21,Seats,Interior,120,642,6885,656,672,6915,898,6017,0,14,None,0.0,0,0
2025-02-21,Nuts,Fastener_Cooling,120,13260,0,13680,14090,830,18564,-17734,0,6,None,0.0,0,0
2025-02-21,ECU,Electrical,120,120,15724,112,115,15719,252,15467,0,20,None,0.0,0,0
2025-02-21,Radiator,Fastener_Cooling,120,120,9312,108,107,9299,210,9089,0,15,None,0.0,0,0
2025-02-22,Engine,Powertrain,128,113,14399,118,115,14401,237,14164,0,18,None,0.0,0,1
2025-02-22,Battery,Powertrain,128,15,8602,15,15,8602,100,8502,0,25,None,0.0,0,1
2025-02-22,Transmission,Powertrain,128,128,12447,136,138,12457,268,12189,0,22,None,0.0,0,1
2025-02-22,Brake_Pads,Chassis,128,512,6981,485,266,6735,896,5839,1,12,None,0.0,0,1
2025-02-22,Wheels,Chassis,128,512,13470,450,447,13405,896,12509,0,10,None,0.0,0,1
2025-02-22,Tyres,Chassis,128,512,4748,542,534,4770,896,3874,0,9,None,0.0,0,1
2025-02-22,Seats,Interior,128,686,6915,686,710,6939,960,5979,0,14,None,0.0,0,1
2025-02-22,Nuts,Fastener_Cooling,128,14160,830,15201,15781,2451,19824,-17373,0,6,None,0.0,0,1
2025-02-22,ECU,Electrical,128,128,15719,124,122,15713,268,15445,0,20,None,0.0,0,1
2025-02-22,Radiator,Fastener_Cooling,128,128,9299,111,111,9282,224,9058,0,15,None,0.0,0,1
2025-02-23,Engine,Powertrain,136,120,14401,127,124,14405,252,14153,0,18,None,0.0,0,1
2025-02-23,Battery,Powertrain,136,16,8602,17,16,8602,100,8502,0,25,None,0.0,0,1
2025-02-23,Transmission,Powertrain,136,136,12457,127,125,12446,285,12161,0,22,None,0.0,0,1
2025-02-23,Brake_Pads,Chassis,136,544,6735,546,537,6728,952,5776,0,12,None,0.0,0,1
2025-02-23,Wheels,Chassis,136,544,13405,568,562,13423,952,12471,0,10,None,0.0,0,1
2025-02-23,Tyres,Chassis,136,544,4770,471,259,4485,952,3533,1,9,None,0.0,0,1
2025-02-23,Seats,Interior,136,730,6939,794,785,6994,1022,5972,0,14,None,0.0,0,1
2025-02-23,Nuts,Fastener_Cooling,136,15065,2451,16330,16071,3457,21091,-17634,0,6,None,0.0,0,1
2025-02-23,ECU,Electrical,136,136,15713,144,145,15722,285,15437,0,20,None,0.0,0,1
2025-02-23,Radiator,Fastener_Cooling,136,136,9282,141,146,9292,238,9054,0,15,None,0.0,0,1
2025-02-24,Engine,Powertrain,125,109,14405,113,115,14411,228,14183,0,18,None,0.0,0,0
2025-02-24,Battery,Powertrain,125,16,8602,14,14,8600,100,8500,0,25,None,0.0,0,0
2025-02-24,Transmission,Powertrain,125,125,12446,132,130,12451,262,12189,0,22,None,0.0,0,0
2025-02-24,Brake_Pads,Chassis,125,500,6728,525,540,6768,875,5893,0,12,None,0.0,0,0
2025-02-24,Wheels,Chassis,125,500,13423,501,486,13409,875,12534,0,10,None,0.0,0,0
2025-02-24,Tyres,Chassis,125,500,4485,489,512,4497,875,3622,0,9,None,0.0,0,0
2025-02-24,Seats,Interior,125,675,6994,670,688,7007,945,6062,0,14,None,0.0,0,0
2025-02-24,Nuts,Fastener_Cooling,125,13895,3457,12590,12850,2412,19453,-17041,0,6,None,0.0,0,0
2025-02-24,ECU,Electrical,125,125,15722,129,123,15720,262,15458,0,20,None,0.0,0,0
2025-02-24,Radiator,Fastener_Cooling,125,125,9292,107,110,9277,218,9059,0,15,None,0.0,0,0
2025-02-25,Engine,Powertrain,125,110,14411,105,105,14406,231,14175,0,18,None,0.0,0,0
2025-02-25,Battery,Powertrain,125,15,8600,14,7,8592,100,8492,1,25,None,0.0,0,0
2025-02-25,Transmission,Powertrain,125,125,12451,115,115,12441,262,12179,0,22,None,0.0,0,0
2025-02-25,Brake_Pads,Chassis,125,500,6768,439,428,6696,875,5821,0,12,None,0.0,0,0
2025-02-25,Wheels,Chassis,125,500,13409,499,522,13431,875,12556,0,10,None,0.0,0,0
2025-02-25,Tyres,Chassis,125,500,4497,534,533,4530,875,3655,0,9,None,0.0,0,0
2025-02-25,Seats,Interior,125,673,7007,656,650,6984,942,6042,0,14,None,0.0,0,0
2025-02-25,Nuts,Fastener_Cooling,125,13885,2412,12563,12296,823,19439,-18616,0,6,None,0.0,0,0
2025-02-25,ECU,Electrical,125,125,15720,108,103,15698,262,15436,0,20,None,0.0,0,0
2025-02-25,Radiator,Fastener_Cooling,125,125,9277,128,134,9286,218,9068,0,15,None,0.0,0,0
2025-02-26,Engine,Powertrain,120,106,14406,115,63,14363,222,14141,1,18,None,0.0,0,0
2025-02-26,Battery,Powertrain,120,14,8592,15,15,8593,100,8493,0,25,None,0.0,0,0
2025-02-26,Transmission,Powertrain,120,120,12441,125,125,12446,252,12194,0,22,None,0.0,0,0
2025-02-26,Brake_Pads,Chassis,120,480,6696,515,516,6732,840,5892,0,12,None,0.0,0,0
2025-02-26,Wheels,Chassis,120,480,13431,462,470,13421,840,12581,0,10,None,0.0,0,0
2025-02-26,Tyres,Chassis,120,480,4530,486,464,4514,840,3674,0,9,None,0.0,0,0
2025-02-26,Seats,Interior,120,646,6984,603,587,6925,904,6021,0,14,None,0.0,0,0
2025-02-26,Nuts,Fastener_Cooling,120,13315,823,11548,11498,0,18641,-18641,0,6,None,0.0,0,0
2025-02-26,ECU,Electrical,120,120,15698,106,100,15678,252,15426,0,20,None,0.0,0,0
2025-02-26,Radiator,Fastener_Cooling,120,120,9286,131,131,9297,210,9087,0,15,None,0.0,0,0
2025-02-27,Engine,Powertrain,119,105,14363,104,105,14363,220,14143,0,18,None,0.0,0,0
2025-02-27,Battery,Powertrain,119,14,8593,13,13,8592,100,8492,0,25,None,0.0,0,0
2025-02-27,Transmission,Powertrain,119,119,12446,107,112,12439,249,12190,0,22,None,0.0,0,0
2025-02-27,Brake_Pads,Chassis,119,476,6732,422,410,6666,833,5833,0,12,None,0.0,0,0
2025-02-27,Wheels,Chassis,119,476,13421,418,411,13356,833,12523,0,10,None,0.0,0,0
2025-02-27,Tyres,Chassis,119,476,4514,431,430,4468,833,3635,0,9,None,0.0,0,0
2025-02-27,Seats,Interior,119,633,6925,610,581,6873,886,5987,0,14,None,0.0,0,0
2025-02-27,Nuts,Fastener_Cooling,119,13085,0,13100,12543,0,18319,-18319,0,6,None,0.0,0,0
2025-02-27,ECU,Electrical,119,119,15678,123,125,15684,249,15435,0,20,None,0.0,0,0
2025-02-27,Radiator,Fastener_Cooling,119,119,9297,105,105,9283,208,9075,0,15,None,0.0,0,0
2025-02-28,Engine,Powertrain,118,105,14363,91,89,14347,220,14127,0,18,None,0.0,0,0
2025-02-28,Battery,Powertrain,118,13,8592,12,11,8590,100,8490,0,25,None,0.0,0,0
2025-02-28,Transmission,Powertrain,118,118,12439,117,117,12438,247,12191,0,22,None,0.0,0,0
2025-02-28,Brake_Pads,Chassis,118,472,6666,468,467,6661,826,5835,0,12,None,0.0,0,0
2025-02-28,Wheels,Chassis,118,472,13356,514,532,13416,826,12590,0,10,None,0.0,0,0
2025-02-28,Tyres,Chassis,118,472,4468,478,455,4451,826,3625,0,9,None,0.0,0,0
2025-02-28,Seats,Interior,118,630,6873,585,599,6842,882,5960,0,14,None,0.0,0,0
2025-02-28,Nuts,Fastener_Cooling,118,13035,0,13305,13579,544,18249,-17705,0,6,None,0.0,0,0
2025-02-28,ECU,Electrical,118,118,15684,127,121,15687,247,15440,0,20,None,0.0,0,0
2025-02-28,Radiator,Fastener_Cooling,118,118,9283,104,99,9264,206,9058,0,15,None,0.0,0,0
2025-03-01,Engine,Powertrain,136,120,14347,105,100,14327,252,14075,0,18,None,0.0,0,1
2025-03-01,Battery,Powertrain,136,16,8590,16,15,8589,100,8489,0,25,None,0.0,0,1
2025-03-01,Transmission,Powertrain,136,136,12438,135,130,12432,285,12147,0,22,None,0.0,0,1
2025-03-01,Brake_Pads,Chassis,136,544,6661,549,570,6687,952,5735,0,12,None,0.0,0,1
2025-03-01,Wheels,Chassis,136,544,13416,557,557,13429,952,12477,0,10,None,0.0,0,1
2025-03-01,Tyres,Chassis,136,544,4451,569,570,4477,952,3525,0,9,None,0.0,0,1
2025-03-01,Seats,Interior,136,732,6842,782,789,6899,1024,5875,0,14,None,0.0,0,1
2025-03-01,Nuts,Fastener_Cooling,136,15070,544,14728,14247,0,21098,-21098,0,6,None,0.0,0,1
2025-03-01,ECU,Electrical,136,136,15687,133,131,15682,285,15397,0,20,None,0.0,0,1
2025-03-01,Radiator,Fastener_Cooling,136,136,9264,141,140,9268,238,9030,0,15,None,0.0,0,1
2025-03-02,Engine,Powertrain,126,109,14327,93,93,14311,228,14083,0,18,None,0.0,0,1
2025-03-02,Battery,Powertrain,126,17,8589,17,17,8589,100,8489,0,25,None,0.0,0,1
2025-03-02,Transmission,Powertrain,126,126,12432,137,134,12440,264,12176,0,22,None,0.0,0,1
2025-03-02,Brake_Pads,Chassis,126,504,6687,521,522,6705,882,5823,0,12,None,0.0,0,1
2025-03-02,Wheels,Chassis,126,504,13429,551,561,13486,882,12604,0,10,None,0.0,0,1
2025-03-02,Tyres,Chassis,126,504,4477,454,470,4443,882,3561,0,9,None,0.0,0,1
2025-03-02,Seats,Interior,126,682,6899,666,693,6910,954,5956,0,14,None,0.0,0,1
2025-03-02,Nuts,Fastener_Cooling,126,14075,0,12370,12667,0,19705,-19705,0,6,None,0.0,0,1
2025-03-02,ECU,Electrical,126,126,15682,135,135,15691,264,15427,0,20,None,0.0,0,1
2025-03-02,Radiator,Fastener_Cooling,126,126,9268,107,104,9246,220,9026,0,15,None,0.0,0,1
2025-03-03,Engine,Powertrain,121,106,14311,109,109,14314,222,14092,0,18,None,0.0,0,0
2025-03-03,Battery,Powertrain,121,15,8589,12,11,8585,100,8485,0,25,None,0.0,0,0
2025-03-03,Transmission,Powertrain,121,121,12440,122,122,12441,254,12187,0,22,None,0.0,0,0
2025-03-03,Brake_Pads,Chassis,121,484,6705,420,428,6649,847,5802,0,12,None,0.0,0,0
2025-03-03,Wheels,Chassis,121,484,13486,509,519,13521,847,12674,0,10,None,0.0,0,0
2025-03-03,Tyres,Chassis,121,484,4443,504,517,4476,847,3629,0,9,None,0.0,0,0
2025-03-03,Seats,Interior,121,651,6910,611,336,6595,911,5684,1,14,None,0.0,0,0
2025-03-03,Nuts,Fastener_Cooling,121,13440,0,14282,14581,1141,18816,-17675,0,6,None,0.0,0,0
2025-03-03,ECU,Electrical,121,121,15691,126,122,15692,254,15438,0,20,None,0.0,0,0
2025-03-03,Radiator,Fastener_Cooling,121,121,9246,119,119,9244,211,9033,0,15,None,0.0,0,0
2025-03-04,Engine,Powertrain,119,104,14314,104,106,14316,218,14098,0,18,None,0.0,0,0
2025-03-04,Battery,Powertrain,119,15,8585,13,13,8583,100,8483,0,25,None,0.0,0,0
2025-03-04,Transmission,Powertrain,119,119,12441,127,122,12444,249,12195,0,22,None,0.0,0,0
2025-03-04,Brake_Pads,Chassis,119,476,6649,499,485,6658,833,5825,0,12,None,0.0,0,0
2025-03-04,Wheels,Chassis,119,476,13521,455,462,13507,833,12674,0,10,None,0.0,0,0
2025-03-04,Tyres,Chassis,119,476,4476,441,432,4432,833,3599,0,9,None,0.0,0,0
2025-03-04,Seats,Interior,119,639,6595,561,557,6513,894,5619,0,14,None,0.0,0,0
2025-03-04,Nuts,Fastener_Cooling,119,13205,1141,11312,11086,0,18487,-18487,0,6,None,0.0,0,0
2025-03-04,ECU,Electrical,119,119,15692,130,125,15698,249,15449,0,20,None,0.0,0,0
2025-03-04,Radiator,Fastener_Cooling,119,119,9244,113,110,9235,208,9027,0,15,None,0.0,0,0
2025-03-05,Engine,Powertrain,120,106,14316,107,108,14318,222,14096,0,18,None,0.0,0,0
2025-03-05,Battery,Powertrain,120,14,8583,12,11,8580,100,8480,0,25,None,0.0,0,0
2025-03-05,Transmission,Powertrain,120,120,12444,129,127,12451,252,12199,0,22,None,0.0,0,0
2025-03-05,Brake_Pads,Chassis,120,480,6658,416,411,6589,840,5749,0,12,None,0.0,0,0
2025-03-05,Wheels,Chassis,120,480,13507,451,472,13499,840,12659,0,10,None,0.0,0,0
2025-03-05,Tyres,Chassis,120,480,4432,433,424,4376,840,3536,0,9,None,0.0,0,0
2025-03-05,Seats,Interior,120,648,6513,553,575,6440,907,5533,0,14,None,0.0,0,0
2025-03-05,Nuts,Fastener_Cooling,120,13370,0,13009,13290,0,18718,-18718,0,6,None,0.0,0,0
2025-03-05,ECU,Electrical,120,120,15698,102,103,15681,252,15429,0,20,None,0.0,0,0
2025-03-05,Radiator,Fastener_Cooling,120,120,9235,102,106,9221,210,9011,0,15,None,0.0,0,0
2025-03-06,Engine,Powertrain,118,105,14318,92,95,14308,220,14088,0,18,None,0.0,0,0
2025-03-06,Battery,Powertrain,118,13,8580,13,12,8579,100,8479,0,25,None,0.0,0,0
2025-03-06,Transmission,Powertrain,118,118,12451,120,115,12448,247,12201,0,22,None,0.0,0,0
2025-03-06,Brake_Pads,Chassis,118,472,6589,418,436,6553,826,5727,0,12,None,0.0,0,0
2025-03-06,Wheels,Chassis,118,472,13499,421,402,13429,826,12603,0,10,None,0.0,0,0
2025-03-06,Tyres,Chassis,118,472,4376,470,475,4379,826,3553,0,9,None,0.0,0,0
2025-03-06,Seats,Interior,118,636,6440,624,624,6428,890,5538,0,14,None,0.0,0,0
2025-03-06,Nuts,Fastener_Cooling,118,13090,0,13257,13798,708,18326,-17618,0,6,None,0.0,0,0
2025-03-06,ECU,Electrical,118,118,15681,110,108,15671,247,15424,0,20,None,0.0,0,0
2025-03-06,Radiator,Fastener_Cooling,118,118,9221,117,112,9215,206,9009,0,15,None,0.0,0,0
2025-03-07,Engine,Powertrain,116,102,14308,90,87,14293,214,14079,0,18,None,0.0,0,0
2025-03-07,Battery,Powertrain,116,14,8579,13,13,8578,100,8478,0,25,None,0.0,0,0
2025-03-07,Transmission,Powertrain,116,116,12448,111,108,12440,243,12197,0,22,None,0.0,0,0
2025-03-07,Brake_Pads,Chassis,116,464,6553,474,482,6571,812,5759,0,12,None,0.0,0,0
2025-03-07,Wheels,Chassis,116,464,13429,459,438,13403,812,12591,0,10,None,0.0,0,0
2025-03-07,Tyres,Chassis,116,464,4379,501,478,4393,812,3581,0,9,None,0.0,0,0
2025-03-07,Seats,Interior,116,628,6428,569,547,6347,879,5468,0,14,None,0.0,0,0
2025-03-07,Nuts,Fastener_Cooling,116,12940,708,11406,11393,0,18116,-18116,0,6,None,0.0,0,0
2025-03-07,ECU,Electrical,116,116,15671,98,94,15649,243,15406,0,20,None,0.0,0,0
2025-03-07,Radiator,Fastener_Cooling,116,116,9215,102,98,9197,203,8994,0,15,None,0.0,0,0
2025-03-08,Engine,Powertrain,131,116,14293,103,104,14281,243,14038,0,18,None,0.0,0,1
2025-03-08,Battery,Powertrain,131,15,8578,13,12,8575,100,8475,0,25,None,0.0,0,1
2025-03-08,Transmission,Powertrain,131,131,12440,111,61,12370,275,12095,1,22,None,0.0,0,1
2025-03-08,Brake_Pads,Chassis,131,524,6571,509,492,6539,917,5622,0,12,None,0.0,0,1
2025-03-08,Wheels,Chassis,131,524,13403,463,471,13350,917,12433,0,10,None,0.0,0,1
2025-03-08,Tyres,Chassis,131,524,4393,541,543,4412,917,3495,0,9,None,0.0,0,1
2025-03-08,Seats,Interior,131,699,6347,703,668,6316,978,5338,0,14,None,0.0,0,1
2025-03-08,Nuts,Fastener_Cooling,131,14395,0,13571,13589,0,20153,-20153,0,6,None,0.0,0,1
2025-03-08,ECU,Electrical,131,131,15649,129,131,15649,275,15374,0,20,None,0.0,0,1
2025-03-08,Radiator,Fastener_Cooling,131,131,9197,127,121,9187,229,8958,0,15,None,0.0,0,1
2025-03-09,Engine,Powertrain,125,109,14281,97,97,14269,228,14041,0,18,None,0.0,0,1
2025-03-09,Battery,Powertrain,125,16,8575,16,16,8575,100,8475,0,25,None,0.0,0,1
2025-03-09,Transmission,Powertrain,125,125,12370,134,129,12374,262,12112,0,22,None,0.0,0,1
2025-03-09,Brake_Pads,Chassis,125,500,6539,465,454,6493,875,5618,0,12,None,0.0,0,1
2025-03-09,Wheels,Chassis,125,500,13350,450,468,13318,875,12443,0,10,None,0.0,0,1
2025-03-09,Tyres,Chassis,125,500,4412,534,538,4450,875,3575,0,9,None,0.0,0,1
2025-03-09,Seats,Interior,125,675,6316,641,634,6275,945,5330,0,14,None,0.0,0,1
2025-03-09,Nuts,Fastener_Cooling,125,13925,0,13186,13168,0,19495,-19495,0,6,None,0.0,0,1
2025-03-09,ECU,Electrical,125,125,15649,117,120,15644,262,15382,0,20,None,0.0,0,1
2025-03-09,Radiator,Fastener_Cooling,125,125,9187,107,107,9169,218,8951,0,15,None,0.0,0,1
2025-03-10,Engine,Powertrain,115,102,14269,106,100,14267,214,14053,0,18,None,0.0,0,0
2025-03-10,Battery,Powertrain,115,13,8575,13,12,8574,100,8474,0,25,None,0.0,0,0
2025-03-10,Transmission,Powertrain,115,115,12374,104,108,12367,241,12126,0,22,None,0.0,0,0
2025-03-10,Brake_Pads,Chassis,115,460,6493,450,437,6470,805,5665,0,12,None,0.0,0,0
2025-03-10,Wheels,Chassis,115,460,13318,493,494,13352,805,12547,0,10,None,0.0,0,0
2025-03-10,Tyres,Chassis,115,460,4450,441,428,4418,805,3613,0,9,None,0.0,0,0
2025-03-10,Seats,Interior,115,623,6275,633,635,6287,872,5415,0,14,None,0.0,0,0
2025-03-10,Nuts,Fastener_Cooling,115,12825,0,12349,12794,0,17955,-17955,0,6,None,0.0,0,0
2025-03-10,ECU,Electrical,115,115,15644,125,121,15650,241,15409,0,20,None,0.0,0,0
2025-03-10,Radiator,Fastener_Cooling,115,115,9169,115,110,9164,201,8963,0,15,None,0.0,0,0
2025-03-11,Engine,Powertrain,117,102,14267,105,102,14267,214,14053,0,18,None,0.0,0,0
2025-03-11,Battery,Powertrain,117,15,8574,13,12,8571,100,8471,0,25,None,0.0,0,0
2025-03-11,Transmission,Powertrain,117,117,12367,113,111,12361,245,12116,0,22,None,0.0,0,0
2025-03-11,Brake_Pads,Chassis,117,468,6470,436,414,6416,819,5597,0,12,None,0.0,0,0
2025-03-11,Wheels,Chassis,117,468,13352,453,447,13331,819,12512,0,10,None,0.0,0,0
2025-03-11,Tyres,Chassis,117,468,4418,502,488,4438,819,3619,0,9,None,0.0,0,0
2025-03-11,Seats,Interior,117,631,6287,570,596,6252,883,5369,0,14,None,0.0,0,0
2025-03-11,Nuts,Fastener_Cooling,117,13030,0,12810,12552,0,18242,-18242,0,6,None,0.0,0,0
2025-03-11,ECU,Electrical,117,117,15650,107,109,15642,245,15397,0,20,None,0.0,0,0
2025-03-11,Radiator,Fastener_Cooling,117,117,9164,115,117,9164,204,8960,0,15,None,0.0,0,0
2025-03-12,Engine,Powertrain,137,119,14267,120,123,14271,249,14022,0,18,Holi,0.8,0,0
2025-03-12,Battery,Powertrain,137,18,8571,16,15,8568,100,8468,0,25,Holi,0.8,0,0
2025-03-12,Transmission,Powertrain,137,137,12361,125,126,12350,287,12063,0,22,Holi,0.8,0,0
2025-03-12,Brake_Pads,Chassis,137,548,6416,593,599,6467,959,5508,0,12,Holi,0.8,0,0
2025-03-12,Wheels,Chassis,137,548,13331,576,593,13376,959,12417,0,10,Holi,0.8,0,0
2025-03-12,Tyres,Chassis,137,548,4438,507,504,4394,959,3435,0,9,Holi,0.8,0,0
2025-03-12,Seats,Interior,137,737,6252,684,673,6188,1031,5157,0,14,Holi,0.8,0,0
2025-03-12,Nuts,Fastener_Cooling,137,15240,0,13408,13086,0,21336,-21336,0,6,Holi,0.8,0,0
2025-03-12,ECU,Electrical,137,137,15642,133,128,15633,287,15346,0,20,Holi,0.8,0,0
2025-03-12,Radiator,Fastener_Cooling,137,137,9164,145,146,9173,239,8934,0,15,Holi,0.8,0,0
2025-03-13,Engine,Powertrain,135,117,14271,128,129,14283,245,14038,0,18,Holi,1.05,0,0
2025-03-13,Battery,Powertrain,135,18,8568,16,16,8566,100,8466,0,25,Holi,1.05,0,0
2025-03-13,Transmission,Powertrain,135,135,12350,137,131,12346,283,12063,0,22,Holi,1.05,0,0
2025-03-13,Brake_Pads,Chassis,135,540,6467,515,529,6456,945,5511,0,12,Holi,1.05,0,0
2025-03-13,Wheels,Chassis,135,540,13376,576,565,13401,945,12456,0,10,Holi,1.05,0,0
2025-03-13,Tyres,Chassis,135,540,4394,546,548,4402,945,3457,0,9,Holi,1.05,0,0
2025-03-13,Seats,Interior,135,727,6188,736,766,6227,1017,5210,0,14,Holi,1.05,0,0
2025-03-13,Nuts,Fastener_Cooling,135,14980,0,13213,13445,0,20972,-20972,0,6,Holi,1.05,0,0
2025-03-13,ECU,Electrical,135,135,15633,145,148,15646,283,15363,0,20,Holi,1.05,0,0
2025-03-13,Radiator,Fastener_Cooling,135,135,9173,136,140,9178,236,8942,0,15,Holi,1.05,0,0
2025-03-14,Engine,Powertrain,140,122,14283,104,105,14266,256,14010,0,18,Holi,1.3,0,0
2025-03-14,Battery,Powertrain,140,18,8566,19,18,8566,100,8466,0,25,Holi,1.3,0,0
2025-03-14,Transmission,Powertrain,140,140,12346,152,145,12351,294,12057,0,22,Holi,1.3,0,0
2025-03-14,Brake_Pads,Chassis,140,560,6456,490,269,6165,980,5185,1,12,Holi,1.3,0,0
2025-03-14,Wheels,Chassis,140,560,13401,612,604,13445,980,12465,0,10,Holi,1.3,0,0
2025-03-14,Tyres,Chassis,140,560,4402,579,555,4397,980,3417,0,9,Holi,1.3,0,0
2025-03-14,Seats,Interior,140,754,6227,808,780,6253,1055,5198,0,14,Holi,1.3,0,0
2025-03-14,Nuts,Fastener_Cooling,140,15555,0,14171,14252,0,21777,-21777,0,6,Holi,1.3,0,0
2025-03-14,ECU,Electrical,140,140,15646,126,120,15626,294,15332,0,20,Holi,1.3,0,0
2025-03-14,Radiator,Fastener_Cooling,140,140,9178,122,120,9158,245,8913,0,15,Holi,1.3,0,0
2025-03-15,Engine,Powertrain,152,132,14266,122,125,14259,277,13982,0,18,Holi,1.05,0,1
2025-03-15,Battery,Powertrain,152,20,8566,20,20,8566,100,8466,0,25,Holi,1.05,0,1
2025-03-15,Transmission,Powertrain,152,152,12351,160,155,12354,319,12035,0,22,Holi,1.05,0,1
2025-03-15,Brake_Pads,Chassis,152,608,6165,637,663,6220,1064,5156,0,12,Holi,1.05,0,1
2025-03-15,Wheels,Chassis,152,608,13445,628,624,13461,1064,12397,0,10,Holi,1.05,0,1
2025-03-15,Tyres,Chassis,152,608,4397,648,674,4463,1064,3399,0,9,Holi,1.05,0,1
2025-03-15,Seats,Interior,152,820,6253,810,779,6212,1148,5064,0,14,Holi,1.05,0,1
2025-03-15,Nuts,Fastener_Cooling,152,16890,0,15974,15672,0,23646,-23646,0,6,Holi,1.05,0,1
2025-03-15,ECU,Electrical,152,152,15626,132,133,15607,319,15288,0,20,Holi,1.05,0,1
2025-03-15,Radiator,Fastener_Cooling,152,152,9158,159,152,9158,266,8892,0,15,Holi,1.05,0,1
2025-03-16,Engine,Powertrain,140,121,14259,123,125,14263,254,14009,0,18,Holi,0.8,0,1
2025-03-16,Battery,Powertrain,140,19,8566,18,18,8565,100,8465,0,25,Holi,0.8,0,1
2025-03-16,Transmission,Powertrain,140,140,12354,124,129,12343,294,12049,0,22,Holi,0.8,0,1
2025-03-16,Brake_Pads,Chassis,140,560,6220,509,527,6187,980,5207,0,12,Holi,0.8,0,1
2025-03-16,Wheels,Chassis,140,560,13461,591,598,13499,980,12519,0,10,Holi,0.8,0,1
2025-03-16,Tyres,Chassis,140,560,4463,605,623,4526,980,3546,0,9,Holi,0.8,0,1
2025-03-16,Seats,Interior,140,752,6212,771,793,6253,1052,5201,0,14,Holi,0.8,0,1
2025-03-16,Nuts,Fastener_Cooling,140,15555,0,14295,13915,0,21777,-21777,0,6,Holi,0.8,0,1
2025-03-16,ECU,Electrical,140,140,15607,134,134,15601,294,15307,0,20,Holi,0.8,0,1
2025-03-16,Radiator,Fastener_Cooling,140,140,9158,122,116,9134,245,8889,0,15,Holi,0.8,0,1
2025-03-17,Engine,Powertrain,118,104,14263,90,93,14252,218,14034,0,18,None,0.0,0,0
2025-03-17,Battery,Powertrain,118,14,8565,12,12,8563,100,8463,0,25,None,0.0,0,0
2025-03-17,Transmission,Powertrain,118,118,12343,101,98,12323,247,12076,0,22,None,0.0,0,0
2025-03-17,Brake_Pads,Chassis,118,472,6187,462,466,6181,826,5355,0,12,None,0.0,0,0
2025-03-17,Wheels,Chassis,118,472,13499,503,276,13303,826,12477,1,10,None,0.0,0,0
2025-03-17,Tyres,Chassis,118,472,4526,499,522,4576,826,3750,0,9,None,0.0,0,0
2025-03-17,Seats,Interior,118,632,6253,542,553,6174,884,5290,0,14,None,0.0,0,0
2025-03-17,Nuts,Fastener_Cooling,118,13035,0,11417,11154,0,18249,-18249,0,6,None,0.0,0,0
2025-03-17,ECU,Electrical,118,118,15601,127,130,15613,247,15366,0,20,None,0.0,0,0
2025-03-17,Radiator,Fastener_Cooling,118,118,9134,122,123,9139,206,8933,0,15,None,0.0,0,0
2025-03-18,Engine,Powertrain,120,105,14252,95,92,14239,220,14019,0,18,None,0.0,0,0
2025-03-18,Battery,Powertrain,120,15,8563,15,15,8563,100,8463,0,25,None,0.0,0,0
2025-03-18,Transmission,Powertrain,120,120,12323,124,120,12323,252,12071,0,22,None,0.0,0,0
2025-03-18,Brake_Pads,Chassis,120,480,6181,461,467,6168,840,5328,0,12,None,0.0,0,0
2025-03-18,Wheels,Chassis,120,480,13303,416,415,13238,840,12398,0,10,None,0.0,0,0
2025-03-18,Tyres,Chassis,120,480,4576,436,441,4537,840,3697,0,9,None,0.0,0,0
2025-03-18,Seats,Interior,120,644,6174,636,648,6178,901,5277,0,14,None,0.0,0,0
2025-03-18,Nuts,Fastener_Cooling,120,13315,0,13779,14022,707,18641,-17934,0,6,None,0.0,0,0
2025-03-18,ECU,Electrical,120,120,15613,128,131,15624,252,15372,0,20,None,0.0,0,0
2025-03-18,Radiator,Fastener_Cooling,120,120,9139,104,103,9122,210,8912,0,15,None,0.0,0,0
2025-03-19,Engine,Powertrain,122,107,14239,97,98,14230,224,14006,0,18,None,0.0,0,0
2025-03-19,Battery,Powertrain,122,15,8563,13,13,8561,100,8461,0,25,None,0.0,0,0
2025-03-19,Transmission,Powertrain,122,122,12323,124,128,12329,256,12073,0,22,None,0.0,0,0
2025-03-19,Brake_Pads,Chassis,122,488,6168,485,474,6154,854,5300,0,12,None,0.0,0,0
2025-03-19,Wheels,Chassis,122,488,13238,477,453,13203,854,12349,0,10,None,0.0,0,0
2025-03-19,Tyres,Chassis,122,488,4537,433,416,4465,854,3611,0,9,None,0.0,0,0
2025-03-19,Seats,Interior,122,654,6178,572,552,6076,915,5161,0,14,None,0.0,0,0
2025-03-19,Nuts,Fastener_Cooling,122,13515,707,13688,14297,1489,18921,-17432,0,6,None,0.0,0,0
2025-03-19,ECU,Electrical,122,122,15624,130,132,15634,256,15378,0,20,None,0.0,0,0
2025-03-19,Radiator,Fastener_Cooling,122,122,9122,109,113,9113,213,8900,0,15,None,0.0,0,0
2025-03-20,Engine,Powertrain,121,106,14230,103,103,14227,222,14005,0,18,None,0.0,0,0
2025-03-20,Battery,Powertrain,121,15,8561,13,7,8553,100,8453,1,25,None,0.0,0,0
2025-03-20,Transmission,Powertrain,121,121,12329,108,107,12315,254,12061,0,22,None,0.0,0,0
2025-03-20,Brake_Pads,Chassis,121,484,6154,508,526,6196,847,5349,0,12,None,0.0,0,0
2025-03-20,Wheels,Chassis,121,484,13203,463,468,13187,847,12340,0,10,None,0.0,0,0
2025-03-20,Tyres,Chassis,121,484,4465,532,520,4501,847,3654,0,9,None,0.0,0,0
2025-03-20,Seats,Interior,121,645,6076,610,611,6042,903,5139,0,14,None,0.0,0,0
2025-03-20,Nuts,Fastener_Cooling,121,13325,1489,12390,12089,253,18655,-18402,0,6,None,0.0,0,0
2025-03-20,ECU,Electrical,121,121,15634,123,118,15631,254,15377,0,20,None,0.0,0,0
2025-03-20,Radiator,Fastener_Cooling,121,121,9113,122,117,9109,211,8898,0,15,None,0.0,0,0
2025-03-21,Engine,Powertrain,115,103,14227,88,84,14208,216,13992,0,18,None,0.0,0,0
2025-03-21,Battery,Powertrain,115,12,8553,13,12,8553,100,8453,0,25,None,0.0,0,0
2025-03-21,Transmission,Powertrain,115,115,12315,122,122,12322,241,12081,0,22,None,0.0,0,0
2025-03-21,Brake_Pads,Chassis,115,460,6196,445,427,6163,805,5358,0,12,None,0.0,0,0
2025-03-21,Wheels,Chassis,115,460,13187,501,508,13235,805,12430,0,10,None,0.0,0,0
2025-03-21,Tyres,Chassis,115,460,4501,499,493,4534,805,3729,0,9,None,0.0,0,0
2025-03-21,Seats,Interior,115,621,6042,677,688,6109,869,5240,0,14,None,0.0,0,0
2025-03-21,Nuts,Fastener_Cooling,115,12815,253,10964,10726,0,17941,-17941,0,6,None,0.0,0,0
2025-03-21,ECU,Electrical,115,115,15631,102,105,15621,241,15380,0,20,None,0.0,0,0
2025-03-21,Radiator,Fastener_Cooling,115,115,9109,108,112,9106,201,8905,0,15,None,0.0,0,0
2025-03-22,Engine,Powertrain,138,123,14208,131,129,14214,258,13956,0,18,None,0.0,0,1
2025-03-22,Battery,Powertrain,138,15,8553,13,12,8550,100,8450,0,25,None,0.0,0,1
2025-03-22,Transmission,Powertrain,138,138,12322,151,144,12328,289,12039,0,22,None,0.0,0,1
2025-03-22,Brake_Pads,Chassis,138,552,6163,600,606,6217,966,5251,0,12,None,0.0,0,1
2025-03-22,Wheels,Chassis,138,552,13235,471,471,13154,966,12188,0,10,None,0.0,0,1
2025-03-22,Tyres,Chassis,138,552,4534,507,499,4481,966,3515,0,9,None,0.0,0,1
2025-03-22,Seats,Interior,138,738,6109,775,809,6180,1033,5147,0,14,None,0.0,0,1
2025-03-22,Nuts,Fastener_Cooling,138,15215,0,15191,15857,642,21301,-20659,0,6,None,0.0,0,1
2025-03-22,ECU,Electrical,138,138,15621,138,131,15614,289,15325,0,20,None,0.0,0,1
2025-03-22,Radiator,Fastener_Cooling,138,138,9106,118,122,9090,241,8849,0,15,None,0.0,0,1
2025-03-23,Engine,Powertrain,135,119,14214,110,60,14155,249,13906,1,18,None,0.0,0,1
2025-03-23,Battery,Powertrain,135,16,8550,16,16,8550,100,8450,0,25,None,0.0,0,1
2025-03-23,Transmission,Powertrain,135,135,12328,116,113,12306,283,12023,0,22,None,0.0,0,1
2025-03-23,Brake_Pads,Chassis,135,540,6217,579,570,6247,945,5302,0,12,None,0.0,0,1
2025-03-23,Wheels,Chassis,135,540,13154,490,492,13106,945,12161,0,10,None,0.0,0,1
2025-03-23,Tyres,Chassis,135,540,4481,461,455,4396,945,3451,0,9,None,0.0,0,1
2025-03-23,Seats,Interior,135,727,6180,733,721,6174,1017,5157,0,14,None,0.0,0,1
2025-03-23,Nuts,Fastener_Cooling,135,15010,642,13823,13993,0,21014,-21014,0,6,None,0.0,0,1
2025-03-23,ECU,Electrical,135,135,15614,145,141,15620,283,15337,0,20,None,0.0,0,1
2025-03-23,Radiator,Fastener_Cooling,135,135,9090,125,126,9081,236,8845,0,15,None,0.0,0,1
2025-03-24,Engine,Powertrain,110,96,14155,85,83,14142,201,13941,0,18,None,0.0,0,0
2025-03-24,Battery,Powertrain,110,14,8550,13,13,8549,100,8449,0,25,None,0.0,0,0
2025-03-24,Transmission,Powertrain,110,110,12306,112,109,12305,231,12074,0,22,None,0.0,0,0
2025-03-24,Brake_Pads,Chassis,110,440,6247,455,438,6245,770,5475,0,12,None,0.0,0,0
2025-03-24,Wheels,Chassis,110,440,13106,398,387,13053,770,12283,0,10,None,0.0,0,0
2025-03-24,Tyres,Chassis,110,440,4396,391,375,4331,770,3561,0,9,None,0.0,0,0
2025-03-24,Seats,Interior,110,588,6174,529,522,6108,823,5285,0,14,None,0.0,0,0
2025-03-24,Nuts,Fastener_Cooling,110,12175,0,10615,10229,0,17045,-17045,0,6,None,0.0,0,0
2025-03-24,ECU,Electrical,110,110,15620,107,109,15619,231,15388,0,20,None,0.0,0,0
2025-03-24,Radiator,Fastener_Cooling,110,110,9081,101,105,9076,192,8884,0,15,None,0.0,0,0
2025-03-25,Engine,Powertrain,120,105,14142,100,97,14134,220,13914,0,18,None,0.0,0,0
2025-03-25,Battery,Powertrain,120,15,8549,14,7,8541,100,8441,1,25,None,0.0,0,0
2025-03-25,Transmission,Powertrain,120,120,12305,111,110,12295,252,12043,0,22,None,0.0,0,0
2025-03-25,Brake_Pads,Chassis,120,480,6245,463,479,6244,840,5404,0,12,None,0.0,0,0
2025-03-25,Wheels,Chassis,120,480,13053,441,429,13002,840,12162,0,10,None,0.0,0,0
2025-03-25,Tyres,Chassis,120,480,4331,434,451,4302,840,3462,0,9,None,0.0,0,0
2025-03-25,Seats,Interior,120,646,6108,589,606,6068,904,5164,0,14,None,0.0,0,0
2025-03-25,Nuts,Fastener_Cooling,120,13350,0,11430,11957,0,18690,-18690,0,6,None,0.0,0,0
2025-03-25,ECU,Electrical,120,120,15619,116,119,15618,252,15366,0,20,None,0.0,0,0
2025-03-25,Radiator,Fastener_Cooling,120,120,9076,124,129,9085,210,8875,0,15,None,0.0,0,0
2025-03-26,Engine,Powertrain,122,106,14134,101,99,14127,222,13905,0,18,None,0.0,0,0
2025-03-26,Battery,Powertrain,122,16,8541,14,14,8539,100,8439,0,25,None,0.0,0,0
2025-03-26,Transmission,Powertrain,122,122,12295,107,104,12277,256,12021,0,22,None,0.0,0,0
2025-03-26,Brake_Pads,Chassis,122,488,6244,430,424,6180,854,5326,0,12,None,0.0,0,0
2025-03-26,Wheels,Chassis,122,488,13002,426,430,12944,854,12090,0,10,None,0.0,0,0
2025-03-26,Tyres,Chassis,122,488,4302,493,492,4306,854,3452,0,9,None,0.0,0,0
2025-03-26,Seats,Interior,122,658,6068,625,625,6035,921,5114,0,14,None,0.0,0,0
2025-03-26,Nuts,Fastener_Cooling,122,13570,0,13197,12688,0,18998,-18998,0,6,None,0.0,0,0
2025-03-26,ECU,Electrical,122,122,15618,116,119,15615,256,15359,0,20,None,0.0,0,0
2025-03-26,Radiator,Fastener_Cooling,122,122,9085,122,116,9079,213,8866,0,15,None,0.0,0,0
2025-03-27,Engine,Powertrain,116,102,14127,111,110,14135,214,13921,0,18,None,0.0,0,0
2025-03-27,Battery,Powertrain,116,14,8539,14,7,8532,100,8432,1,25,None,0.0,0,0
2025-03-27,Transmission,Powertrain,116,116,12277,112,106,12267,243,12024,0,22,None,0.0,0,0
2025-03-27,Brake_Pads,Chassis,116,464,6180,495,476,6192,812,5380,0,12,None,0.0,0,0
2025-03-27,Wheels,Chassis,116,464,12944,423,412,12892,812,12080,0,10,None,0.0,0,0
2025-03-27,Tyres,Chassis,116,464,4306,481,498,4340,812,3528,0,9,None,0.0,0,0
2025-03-27,Seats,Interior,116,626,6035,543,539,5948,876,5072,0,14,None,0.0,0,0
2025-03-27,Nuts,Fastener_Cooling,116,12905,0,13355,13696,791,18067,-17276,0,6,None,0.0,0,0
2025-03-27,ECU,Electrical,116,116,15615,99,103,15602,243,15359,0,20,None,0.0,0,0
2025-03-27,Radiator,Fastener_Cooling,116,116,9079,99,97,9060,203,8857,0,15,None,0.0,0,0
2025-03-28,Engine,Powertrain,115,102,14135,98,93,14126,214,13912,0,18,None,0.0,0,0
2025-03-28,Battery,Powertrain,115,13,8532,12,12,8531,100,8431,0,25,None,0.0,0,0
2025-03-28,Transmission,Powertrain,115,115,12267,124,123,12275,241,12034,0,22,None,0.0,0,0
2025-03-28,Brake_Pads,Chassis,115,460,6192,402,402,6134,805,5329,0,12,None,0.0,0,0
2025-03-28,Wheels,Chassis,115,460,12892,487,494,12926,805,12121,0,10,None,0.0,0,0
2025-03-28,Tyres,Chassis,115,460,4340,411,418,4298,805,3493,0,9,None,0.0,0,0
2025-03-28,Seats,Interior,115,619,5948,577,597,5926,866,5060,0,14,None,0.0,0,0
2025-03-28,Nuts,Fastener_Cooling,115,12805,791,12140,11822,0,17927,-17927,0,6,None,0.0,0,0
2025-03-28,ECU,Electrical,115,115,15602,103,99,15586,241,15345,0,20,None,0.0,0,0
2025-03-28,Radiator,Fastener_Cooling,115,115,9060,110,109,9054,201,8853,0,15,None,0.0,0,0
2025-03-29,Engine,Powertrain,130,115,14126,111,112,14123,241,13882,0,18,None,0.0,0,1
2025-03-29,Battery,Powertrain,130,15,8531,14,13,8529,100,8429,0,25,None,0.0,0,1
2025-03-29,Transmission,Powertrain,130,130,12275,124,124,12269,273,11996,0,22,None,0.0,0,1
2025-03-29,Brake_Pads,Chassis,130,520,6134,549,550,6164,910,5254,0,12,None,0.0,0,1
2025-03-29,Wheels,Chassis,130,520,12926,501,515,12921,910,12011,0,10,None,0.0,0,1
2025-03-29,Tyres,Chassis,130,520,4298,563,582,4360,910,3450,0,9,None,0.0,0,1
2025-03-29,Seats,Interior,130,702,5926,652,678,5902,982,4920,0,14,None,0.0,0,1
2025-03-29,Nuts,Fastener_Cooling,130,14445,0,13425,13045,0,20223,-20223,0,6,None,0.0,0,1
2025-03-29,ECU,Electrical,130,130,15586,126,129,15585,273,15312,0,20,None,0.0,0,1
2025-03-29,Radiator,Fastener_Cooling,130,130,9054,111,111,9035,227,8808,0,15,None,0.0,0,1
2025-03-30,Engine,Powertrain,128,113,14123,114,112,14122,237,13885,0,18,None,0.0,0,1
2025-03-30,Battery,Powertrain,128,15,8529,15,15,8529,100,8429,0,25,None,0.0,0,1
2025-03-30,Transmission,Powertrain,128,128,12269,127,126,12267,268,11999,0,22,None,0.0,0,1
2025-03-30,Brake_Pads,Chassis,128,512,6164,551,578,6230,896,5334,0,12,None,0.0,0,1
2025-03-30,Wheels,Chassis,128,512,12921,522,516,12925,896,12029,0,10,None,0.0,0,1
2025-03-30,Tyres,Chassis,128,512,4360,525,288,4136,896,3240,1,9,None,0.0,0,1
2025-03-30,Seats,Interior,128,692,5902,736,763,5973,968,5005,0,14,None,0.0,0,1
2025-03-30,Nuts,Fastener_Cooling,128,14255,0,14659,14861,606,19957,-19351,0,6,None,0.0,0,1
2025-03-30,ECU,Electrical,128,128,15585,113,113,15570,268,15302,0,20,None,0.0,0,1
2025-03-30,Radiator,Fastener_Cooling,128,128,9035,131,136,9043,224,8819,0,15,None,0.0,0,1
2025-03-31,Engine,Powertrain,119,104,14122,95,94,14112,218,13894,0,18,None,0.0,0,0
2025-03-31,Battery,Powertrain,119,15,8529,15,14,8528,100,8428,0,25,None,0.0,0,0
2025-03-31,Transmission,Powertrain,119,119,12267,126,120,12268,249,12019,0,22,None,0.0,0,0
2025-03-31,Brake_Pads,Chassis,119,476,6230,509,524,6278,833,5445,0,12,None,0.0,0,0
2025-03-31,Wheels,Chassis,119,476,12925,497,497,12946,833,12113,0,10,None,0.0,0,0
2025-03-31,Tyres,Chassis,119,476,4136,408,388,4048,833,3215,0,9,None,0.0,0,0
2025-03-31,Seats,Interior,119,641,5973,588,576,5908,897,5011,0,14,None,0.0,0,0
2025-03-31,Nuts,Fastener_Cooling,119,13200,606,11587,11336,0,18480,-18480,0,6,None,0.0,0,0
2025-03-31,ECU,Electrical,119,119,15570,102,102,15553,249,15304,0,20,None,0.0,0,0
2025-03-31,Radiator,Fastener_Cooling,119,119,9043,123,124,9048,208,8840,0,15,None,0.0,0,0
2025-04-01,Engine,Powertrain,114,101,14112,91,93,14104,212,13892,0,18,None,0.0,0,0
2025-04-01,Battery,Powertrain,114,13,8528,12,11,8526,100,8426,0,25,None,0.0,0,0
2025-04-01,Transmission,Powertrain,114,114,12268,102,99,12253,239,12014,0,22,None,0.0,0,0
2025-04-01,Brake_Pads,Chassis,114,456,6278,401,416,6238,798,5440,0,12,None,0.0,0,0
2025-04-01,Wheels,Chassis,114,456,12946,458,448,12938,798,12140,0,10,None,0.0,0,0
2025-04-01,Tyres,Chassis,114,456,4048,497,474,4066,798,3268,0,9,None,0.0,0,0
2025-04-01,Seats,Interior,114,616,5908,626,620,5912,862,5050,0,14,None,0.0,0,0
2025-04-01,Nuts,Fastener_Cooling,114,12690,0,13212,13711,1021,17766,-16745,0,6,None,0.0,0,0
2025-04-01,ECU,Electrical,114,114,15553,102,102,15541,239,15302,0,20,None,0.0,0,0
2025-04-01,Radiator,Fastener_Cooling,114,114,9048,107,108,9042,199,8843,0,15,None,0.0,0,0
2025-04-02,Engine,Powertrain,127,112,14104,119,124,14116,235,13881,0,18,None,0.0,0,0
2025-04-02,Battery,Powertrain,127,15,8526,13,12,8523,100,8423,0,25,None,0.0,0,0
2025-04-02,Transmission,Powertrain,127,127,12253,110,114,12240,266,11974,0,22,None,0.0,0,0
2025-04-02,Brake_Pads,Chassis,127,508,6238,463,459,6189,889,5300,0,12,None,0.0,0,0
2025-04-02,Wheels,Chassis,127,508,12938,534,551,12981,889,12092,0,10,None,0.0,0,0
2025-04-02,Tyres,Chassis,127,508,4066,457,474,4032,889,3143,0,9,None,0.0,0,0
2025-04-02,Seats,Interior,127,683,5912,669,661,5890,956,4934,0,14,None,0.0,0,0
2025-04-02,Nuts,Fastener_Cooling,127,14045,1021,12814,12749,0,19663,-19663,0,6,None,0.0,0,0
2025-04-02,ECU,Electrical,127,127,15541,121,123,15537,266,15271,0,20,None,0.0,0,0
2025-04-02,Radiator,Fastener_Cooling,127,127,9042,131,131,9046,222,8824,0,15,None,0.0,0,0
2025-04-03,Engine,Powertrain,121,106,14116,108,111,14121,222,13899,0,18,None,0.0,0,0
2025-04-03,Battery,Powertrain,121,15,8523,16,16,8524,100,8424,0,25,None,0.0,0,0
2025-04-03,Transmission,Powertrain,121,121,12240,106,107,12226,254,11972,0,22,None,0.0,0,0
2025-04-03,Brake_Pads,Chassis,121,484,6189,448,427,6132,847,5285,0,12,None,0.0,0,0
2025-04-03,Wheels,Chassis,121,484,12981,479,476,12973,847,12126,0,10,None,0.0,0,0
2025-04-03,Tyres,Chassis,121,484,4032,461,458,4006,847,3159,0,9,None,0.0,0,0
2025-04-03,Seats,Interior,121,651,5890,569,562,5801,911,4890,0,14,None,0.0,0,0
2025-04-03,Nuts,Fastener_Cooling,121,13420,0,14010,14041,621,18788,-18167,0,6,None,0.0,0,0
2025-04-03,ECU,Electrical,121,121,15537,115,111,15527,254,15273,0,20,None,0.0,0,0
2025-04-03,Radiator,Fastener_Cooling,121,121,9046,109,108,9033,211,8822,0,15,None,0.0,0,0
2025-04-04,Engine,Powertrain,120,105,14121,92,91,14107,220,13887,0,18,None,0.0,0,0
2025-04-04,Battery,Powertrain,120,15,8524,14,14,8523,100,8423,0,25,None,0.0,0,0
2025-04-04,Transmission,Powertrain,120,120,12226,103,105,12211,252,11959,0,22,None,0.0,0,0
2025-04-04,Brake_Pads,Chassis,120,480,6132,450,458,6110,840,5270,0,12,None,0.0,0,0
2025-04-04,Wheels,Chassis,120,480,12973,511,525,13018,840,12178,0,10,None,0.0,0,0
2025-04-04,Tyres,Chassis,120,480,4006,464,459,3985,840,3145,0,9,None,0.0,0,0
2025-04-04,Seats,Interior,120,642,5801,550,559,5718,898,4820,0,14,None,0.0,0,0
2025-04-04,Nuts,Fastener_Cooling,120,13270,621,13865,14535,1886,18578,-16692,0,6,None,0.0,0,0
2025-04-04,ECU,Electrical,120,120,15527,115,115,15522,252,15270,0,20,None,0.0,0,0
2025-04-04,Radiator,Fastener_Cooling,120,120,9033,106,106,9019,210,8809,0,15,None,0.0,0,0
2025-04-05,Engine,Powertrain,136,120,14107,130,132,14119,252,13867,0,18,None,0.0,0,1
2025-04-05,Battery,Powertrain,136,16,8523,14,13,8520,100,8420,0,25,None,0.0,0,1
2025-04-05,Transmission,Powertrain,136,136,12211,136,140,12215,285,11930,0,22,None,0.0,0,1
2025-04-05,Brake_Pads,Chassis,136,544,6110,485,471,6037,952,5085,0,12,None,0.0,0,1
2025-04-05,Wheels,Chassis,136,544,13018,504,487,12961,952,12009,0,10,None,0.0,0,1
2025-04-05,Tyres,Chassis,136,544,3985,518,509,3950,952,2998,0,9,None,0.0,0,1
2025-04-05,Seats,Interior,136,732,5718,778,753,5739,1024,4715,0,14,None,0.0,0,1
2025-04-05,Nuts,Fastener_Cooling,136,15090,1886,14638,15261,2057,21126,-19069,0,6,None,0.0,0,1
2025-04-05,ECU,Electrical,136,136,15522,122,118,15504,285,15219,0,20,None,0.0,0,1
2025-04-05,Radiator,Fastener_Cooling,136,136,9019,146,145,9028,238,8790,0,15,None,0.0,0,1
2025-04-06,Engine,Powertrain,122,107,14119,105,107,14119,224,13895,0,18,None,0.0,0,1
2025-04-06,Battery,Powertrain,122,15,8520,13,12,8517,100,8417,0,25,None,0.0,0,1
2025-04-06,Transmission,Powertrain,122,122,12215,114,117,12210,256,11954,0,22,None,0.0,0,1
2025-04-06,Brake_Pads,Chassis,122,488,6037,444,461,6010,854,5156,0,12,None,0.0,0,1
2025-04-06,Wheels,Chassis,122,488,12961,486,468,12941,854,12087,0,10,None,0.0,0,1
2025-04-06,Tyres,Chassis,122,488,3950,536,543,4005,854,3151,0,9,None,0.0,0,1
2025-04-06,Seats,Interior,122,658,5739,565,554,5635,921,4714,0,14,None,0.0,0,1
2025-04-06,Nuts,Fastener_Cooling,122,13575,2057,13716,14205,2687,19005,-16318,0,6,None,0.0,0,1
2025-04-06,ECU,Electrical,122,122,15504,112,109,15491,256,15235,0,20,None,0.0,0,1
2025-04-06,Radiator,Fastener_Cooling,122,122,9028,108,105,9011,213,8798,0,15,None,0.0,0,1
2025-04-07,Engine,Powertrain,118,102,14119,97,100,14117,214,13903,0,18,None,0.0,0,0
2025-04-07,Battery,Powertrain,118,16,8517,13,13,8514,100,8414,0,25,None,0.0,0,0
2025-04-07,Transmission,Powertrain,118,118,12210,102,99,12191,247,11944,0,22,None,0.0,0,0
2025-04-07,Brake_Pads,Chassis,118,472,6010,479,489,6027,826,5201,0,12,None,0.0,0,0
2025-04-07,Wheels,Chassis,118,472,12941,469,482,12951,826,12125,0,10,None,0.0,0,0
2025-04-07,Tyres,Chassis,118,472,4005,503,512,4045,826,3219,0,9,None,0.0,0,0
2025-04-07,Seats,Interior,118,634,5635,622,621,5622,887,4735,0,14,None,0.0,0,0
2025-04-07,Nuts,Fastener_Cooling,118,13100,2687,13793,14362,3949,18340,-14391,0,6,None,0.0,0,0
2025-04-07,ECU,Electrical,118,118,15491,107,102,15475,247,15228,0,20,None,0.0,0,0
2025-04-07,Radiator,Fastener_Cooling,118,118,9011,124,125,9018,206,8812,0,15,None,0.0,0,0
2025-04-08,Engine,Powertrain,126,112,14117,120,116,14121,235,13886,0,18,None,0.0,0,0
2025-04-08,Battery,Powertrain,126,14,8514,14,13,8513,100,8413,0,25,None,0.0,0,0
2025-04-08,Transmission,Powertrain,126,126,12191,121,122,12187,264,11923,0,22,None,0.0,0,0
2025-04-08,Brake_Pads,Chassis,126,504,6027,441,440,5963,882,5081,0,12,None,0.0,0,0
2025-04-08,Wheels,Chassis,126,504,12951,472,483,12930,882,12048,0,10,None,0.0,0,0
2025-04-08,Tyres,Chassis,126,504,4045,458,438,3979,882,3097,0,9,None,0.0,0,0
2025-04-08,Seats,Interior,126,674,5622,585,576,5524,943,4581,0,14,None,0.0,0,0
2025-04-08,Nuts,Fastener_Cooling,126,13900,3949,13222,13558,3607,19460,-15853,0,6,None,0.0,0,0
2025-04-08,ECU,Electrical,126,126,15475,122,117,15466,264,15202,0,20,None,0.0,0,0
2025-04-08,Radiator,Fastener_Cooling,126,126,9018,117,112,9004,220,8784,0,15,None,0.0,0,0
2025-04-09,Engine,Powertrain,122,107,14121,111,112,14126,224,13902,0,18,None,0.0,0,0
2025-04-09,Battery,Powertrain,122,15,8513,14,13,8511,100,8411,0,25,None,0.0,0,0
2025-04-09,Transmission,Powertrain,122,122,12187,128,133,12198,256,11942,0,22,None,0.0,0,0
2025-04-09,Brake_Pads,Chassis,122,488,5963,460,470,5945,854,5091,0,12,None,0.0,0,0
2025-04-09,Wheels,Chassis,122,488,12930,444,441,12883,854,12029,0,10,None,0.0,0,0
2025-04-09,Tyres,Chassis,122,488,3979,463,475,3966,854,3112,0,9,None,0.0,0,0
2025-04-09,Seats,Interior,122,656,5524,661,649,5517,918,4599,0,14,None,0.0,0,0
2025-04-09,Nuts,Fastener_Cooling,122,13560,3607,14039,14164,4211,18984,-14773,0,6,None,0.0,0,0
2025-04-09,ECU,Electrical,122,122,15466,124,127,15471,256,15215,0,20,None,0.0,0,0
2025-04-09,Radiator,Fastener_Cooling,122,122,9004,122,120,9002,213,8789,0,15,None,0.0,0,0
2025-04-10,Engine,Powertrain,124,110,14126,109,104,14120,231,13889,0,18,None,0.0,0,0
2025-04-10,Battery,Powertrain,124,14,8511,14,13,8510,100,8410,0,25,None,0.0,0,0
2025-04-10,Transmission,Powertrain,124,124,12198,131,125,12199,260,11939,0,22,None,0.0,0,0
2025-04-10,Brake_Pads,Chassis,124,496,5945,531,511,5960,868,5092,0,12,None,0.0,0,0
2025-04-10,Wheels,Chassis,124,496,12883,499,503,12890,868,12022,0,10,None,0.0,0,0
2025-04-10,Tyres,Chassis,124,496,3966,499,502,3972,868,3104,0,9,None,0.0,0,0
2025-04-10,Seats,Interior,124,670,5517,582,587,5434,938,4496,0,14,None,0.0,0,0
2025-04-10,Nuts,Fastener_Cooling,124,13815,4211,15182,14542,4938,19341,-14403,0,6,None,0.0,0,0
2025-04-10,ECU,Electrical,124,124,15471,129,123,15470,260,15210,0,20,None,0.0,0,0
2025-04-10,Radiator,Fastener_Cooling,124,124,9002,134,137,9015,217,8798,0,15,None,0.0,0,0
2025-04-11,Engine,Powertrain,113,100,14120,91,91,14111,210,13901,0,18,None,0.0,0,0
2025-04-11,Battery,Powertrain,113,13,8510,11,10,8507,100,8407,0,25,None,0.0,0,0
2025-04-11,Transmission,Powertrain,113,113,12199,105,108,12194,237,11957,0,22,None,0.0,0,0
2025-04-11,Brake_Pads,Chassis,113,452,5960,451,451,5959,791,5168,0,12,None,0.0,0,0
2025-04-11,Wheels,Chassis,113,452,12890,452,435,12873,791,12082,0,10,None,0.0,0,0
2025-04-11,Tyres,Chassis,113,452,3972,468,458,3978,791,3187,0,9,None,0.0,0,0
2025-04-11,Seats,Interior,113,609,5434,655,649,5474,852,4622,0,14,None,0.0,0,0
2025-04-11,Nuts,Fastener_Cooling,113,12535,4938,13158,12501,4904,17549,-12645,0,6,None,0.0,0,0
2025-04-11,ECU,Electrical,113,113,15470,102,103,15460,237,15223,0,20,None,0.0,0,0
2025-04-11,Radiator,Fastener_Cooling,113,113,9015,96,99,9001,197,8804,0,15,None,0.0,0,0
2025-04-12,Engine,Powertrain,139,124,14111,115,117,14104,260,13844,0,18,None,0.0,0,1
2025-04-12,Battery,Powertrain,139,15,8507,12,12,8504,100,8404,0,25,None,0.0,0,1
2025-04-12,Transmission,Powertrain,139,139,12194,125,129,12184,291,11893,0,22,None,0.0,0,1
2025-04-12,Brake_Pads,Chassis,139,556,5959,483,494,5897,973,4924,0,12,None,0.0,0,1
2025-04-12,Wheels,Chassis,139,556,12873,582,589,12906,973,11933,0,10,None,0.0,0,1
2025-04-12,Tyres,Chassis,139,556,3978,490,269,3691,973,2718,1,9,None,0.0,0,1
2025-04-12,Seats,Interior,139,749,5474,726,757,5482,1048,4434,0,14,None,0.0,0,1
2025-04-12,Nuts,Fastener_Cooling,139,15420,4904,16197,16261,5745,21588,-15843,0,6,None,0.0,0,1
2025-04-12,ECU,Electrical,139,139,15460,144,138,15459,291,15168,0,20,None,0.0,0,1
2025-04-12,Radiator,Fastener_Cooling,139,139,9001,127,132,8994,243,8751,0,15,None,0.0,0,1
2025-04-13,Engine,Powertrain,134,119,14104,103,107,14092,249,13843,0,18,None,0.0,0,1
2025-04-13,Battery,Powertrain,134,15,8504,15,14,8503,100,8403,0,25,None,0.0,0,1
2025-04-13,Transmission,Powertrain,134,134,12184,123,124,12174,281,11893,0,22,None,0.0,0,1
2025-04-13,Brake_Pads,Chassis,134,536,5897,492,482,5843,938,4905,0,12,None,0.0,0,1
2025-04-13,Wheels,Chassis,134,536,12906,568,546,12916,938,11978,0,10,None,0.0,0,1
2025-04-13,Tyres,Chassis,134,536,3691,589,603,3758,938,2820,0,9,None,0.0,0,1
2025-04-13,Seats,Interior,134,720,5482,743,769,5531,1008,4523,0,14,None,0.0,0,1
2025-04-13,Nuts,Fastener_Cooling,134,14870,5745,12686,12218,3093,20818,-17725,0,6,None,0.0,0,1
2025-04-13,ECU,Electrical,134,134,15459,114,116,15441,281,15160,0,20,None,0.0,0,1
2025-04-13,Radiator,Fastener_Cooling,134,134,8994,138,140,9000,234,8766,0,15,None,0.0,0,1
2025-04-14,Engine,Powertrain,114,100,14092,86,84,14076,210,13866,0,18,None,0.0,0,0
2025-04-14,Battery,Powertrain,114,14,8503,15,14,8503,100,8403,0,25,None,0.0,0,0
2025-04-14,Transmission,Powertrain,114,114,12174,96,97,12157,239,11918,0,22,None,0.0,0,0
2025-04-14,Brake_Pads,Chassis,114,456,5843,501,490,5877,798,5079,0,12,None,0.0,0,0
2025-04-14,Wheels,Chassis,114,456,12916,476,466,12926,798,12128,0,10,None,0.0,0,0
2025-04-14,Tyres,Chassis,114,456,3758,491,494,3796,798,2998,0,9,None,0.0,0,0
2025-04-14,Seats,Interior,114,618,5531,672,656,5569,865,4704,0,14,None,0.0,0,0
2025-04-14,Nuts,Fastener_Cooling,114,12720,3093,11546,11019,1392,17808,-16416,0,6,None,0.0,0,0
2025-04-14,ECU,Electrical,114,114,15441,120,125,15452,239,15213,0,20,None,0.0,0,0
2025-04-14,Radiator,Fastener_Cooling,114,114,9000,123,121,9007,199,8808,0,15,None,0.0,0,0
2025-04-15,Engine,Powertrain,129,115,14076,102,102,14063,241,13822,0,18,None,0.0,0,0
2025-04-15,Battery,Powertrain,129,14,8503,12,12,8501,100,8401,0,25,None,0.0,0,0
2025-04-15,Transmission,Powertrain,129,129,12157,133,127,12155,270,11885,0,22,None,0.0,0,0
2025-04-15,Brake_Pads,Chassis,129,516,5877,525,511,5872,903,4969,0,12,None,0.0,0,0
2025-04-15,Wheels,Chassis,129,516,12926,515,520,12930,903,12027,0,10,None,0.0,0,0
2025-04-15,Tyres,Chassis,129,516,3796,487,464,3744,903,2841,0,9,None,0.0,0,0
2025-04-15,Seats,Interior,129,689,5569,737,712,5592,964,4628,0,14,None,0.0,0,0
2025-04-15,Nuts,Fastener_Cooling,129,14200,1392,14472,14910,2102,19880,-17778,0,6,None,0.0,0,0
2025-04-15,ECU,Electrical,129,129,15452,128,129,15452,270,15182,0,20,None,0.0,0,0
2025-04-15,Radiator,Fastener_Cooling,129,129,9007,110,113,8991,225,8766,0,15,None,0.0,0,0
2025-04-16,Engine,Powertrain,116,101,14063,87,87,14049,212,13837,0,18,None,0.0,0,0
2025-04-16,Battery,Powertrain,116,15,8501,13,12,8498,100,8398,0,25,None,0.0,0,0
2025-04-16,Transmission,Powertrain,116,116,12155,115,113,12152,243,11909,0,22,None,0.0,0,0
2025-04-16,Brake_Pads,Chassis,116,464,5872,468,478,5886,812,5074,0,12,None,0.0,0,0
2025-04-16,Wheels,Chassis,116,464,12930,401,385,12851,812,12039,0,10,None,0.0,0,0
2025-04-16,Tyres,Chassis,116,464,3744,416,407,3687,812,2875,0,9,None,0.0,0,0
2025-04-16,Seats,Interior,116,624,5592,653,679,5647,873,4774,0,14,None,0.0,0,0
2025-04-16,Nuts,Fastener_Cooling,116,12905,2102,14170,13608,2805,18067,-15262,0,6,None,0.0,0,0
2025-04-16,ECU,Electrical,116,116,15452,106,110,15446,243,15203,0,20,None,0.0,0,0
2025-04-16,Radiator,Fastener_Cooling,116,116,8991,120,121,8996,203,8793,0,15,None,0.0,0,0
2025-04-17,Engine,Powertrain,122,107,14049,103,98,14040,224,13816,0,18,None,0.0,0,0
2025-04-17,Battery,Powertrain,122,15,8498,13,12,8495,100,8395,0,25,None,0.0,0,0
2025-04-17,Transmission,Powertrain,122,122,12152,127,125,12155,256,11899,0,22,None,0.0,0,0
2025-04-17,Brake_Pads,Chassis,122,488,5886,440,432,5830,854,4976,0,12,None,0.0,0,0
2025-04-17,Wheels,Chassis,122,488,12851,438,446,12809,854,11955,0,10,None,0.0,0,0
2025-04-17,Tyres,Chassis,122,488,3687,534,520,3719,854,2865,0,9,None,0.0,0,0
2025-04-17,Seats,Interior,122,660,5647,713,740,5727,924,4803,0,14,None,0.0,0,0
2025-04-17,Nuts,Fastener_Cooling,122,13600,2805,11980,11870,1075,19040,-17965,0,6,None,0.0,0,0
2025-04-17,ECU,Electrical,122,122,15446,111,107,15431,256,15175,0,20,None,0.0,0,0
2025-04-17,Radiator,Fastener_Cooling,122,122,8996,109,113,8987,213,8774,0,15,None,0.0,0,0
2025-04-18,Engine,Powertrain,115,101,14040,110,110,14049,212,13837,0,18,None,0.0,0,0
2025-04-18,Battery,Powertrain,115,14,8495,14,13,8494,100,8394,0,25,None,0.0,0,0
2025-04-18,Transmission,Powertrain,115,115,12155,100,102,12142,241,11901,0,22,None,0.0,0,0
2025-04-18,Brake_Pads,Chassis,115,460,5830,473,490,5860,805,5055,0,12,None,0.0,0,0
2025-04-18,Wheels,Chassis,115,460,12809,467,485,12834,805,12029,0,10,None,0.0,0,0
2025-04-18,Tyres,Chassis,115,460,3719,406,397,3656,805,2851,0,9,None,0.0,0,0
2025-04-18,Seats,Interior,115,617,5727,565,565,5675,863,4812,0,14,None,0.0,0,0
2025-04-18,Nuts,Fastener_Cooling,115,12745,1075,12277,11984,314,17843,-17529,0,6,None,0.0,0,0
2025-04-18,ECU,Electrical,115,115,15431,123,119,15435,241,15194,0,20,None,0.0,0,0
2025-04-18,Radiator,Fastener_Cooling,115,115,8987,113,112,8984,201,8783,0,15,None,0.0,0,0
2025-04-19,Engine,Powertrain,129,114,14049,113,113,14048,239,13809,0,18,None,0.0,0,1
2025-04-19,Battery,Powertrain,129,15,8494,14,14,8493,100,8393,0,25,None,0.0,0,1
2025-04-19,Transmission,Powertrain,129,129,12142,141,137,12150,270,11880,0,22,None,0.0,0,1
2025-04-19,Brake_Pads,Chassis,129,516,5860,525,527,5871,903,4968,0,12,None,0.0,0,1
2025-04-19,Wheels,Chassis,129,516,12834,504,527,12845,903,11942,0,10,None,0.0,0,1
2025-04-19,Tyres,Chassis,129,516,3656,453,431,3571,903,2668,0,9,None,0.0,0,1
2025-04-19,Seats,Interior,129,693,5675,621,641,5623,970,4653,0,14,None,0.0,0,1
2025-04-19,Nuts,Fastener_Cooling,129,14305,314,15522,15327,1336,20027,-18691,0,6,None,0.0,0,1
2025-04-19,ECU,Electrical,129,129,15435,119,114,15420,270,15150,0,20,None,0.0,0,1
2025-04-19,Radiator,Fastener_Cooling,129,129,8984,115,109,8964,225,8739,0,15,None,0.0,0,1
2025-04-20,Engine,Powertrain,127,112,14048,117,121,14057,235,13822,0,18,None,0.0,0,1
2025-04-20,Battery,Powertrain,127,15,8493,16,15,8493,100,8393,0,25,None,0.0,0,1
2025-04-20,Transmission,Powertrain,127,127,12150,122,122,12145,266,11879,0,22,None,0.0,0,1
2025-04-20,Brake_Pads,Chassis,127,508,5871,531,523,5886,889,4997,0,12,None,0.0,0,1
2025-04-20,Wheels,Chassis,127,508,12845,441,450,12787,889,11898,0,10,None,0.0,0,1
2025-04-20,Tyres,Chassis,127,508,3571,502,521,3584,889,2695,0,9,None,0.0,0,1
2025-04-20,Seats,Interior,127,681,5623,581,590,5532,953,4579,0,14,None,0.0,0,1
2025-04-20,Nuts,Fastener_Cooling,127,14080,1336,11968,11859,0,19712,-19712,0,6,None,0.0,0,1
2025-04-20,ECU,Electrical,127,127,15420,117,122,15415,266,15149,0,20,None,0.0,0,1
2025-04-20,Radiator,Fastener_Cooling,127,127,8964,129,127,8964,222,8742,0,15,None,0.0,0,1
2025-04-21,Engine,Powertrain,121,107,14057,91,89,14039,224,13815,0,18,None,0.0,0,0
2025-04-21,Battery,Powertrain,121,14,8493,13,12,8491,100,8391,0,25,None,0.0,0,0
2025-04-21,Transmission,Powertrain,121,121,12145,130,127,12151,254,11897,0,22,None,0.0,0,0
2025-04-21,Brake_Pads,Chassis,121,484,5886,451,443,5845,847,4998,0,12,None,0.0,0,0
2025-04-21,Wheels,Chassis,121,484,12787,487,491,12794,847,11947,0,10,None,0.0,0,0
2025-04-21,Tyres,Chassis,121,484,3584,528,539,3639,847,2792,0,9,None,0.0,0,0
2025-04-21,Seats,Interior,121,653,5532,581,606,5485,914,4571,0,14,None,0.0,0,0
2025-04-21,Nuts,Fastener_Cooling,121,13470,0,13135,12508,0,18858,-18858,0,6,None,0.0,0,0
2025-04-21,ECU,Electrical,121,121,15415,128,126,15420,254,15166,0,20,None,0.0,0,0
2025-04-21,Radiator,Fastener_Cooling,121,121,8964,124,127,8970,211,8759,0,15,None,0.0,0,0
2025-04-22,Engine,Powertrain,123,108,14039,116,113,14044,226,13818,0,18,None,0.0,0,0
2025-04-22,Battery,Powertrain,123,15,8491,14,13,8489,100,8389,0,25,None,0.0,0,0
2025-04-22,Transmission,Powertrain,123,123,12151,129,130,12158,258,11900,0,22,None,0.0,0,0
2025-04-22,Brake_Pads,Chassis,123,492,5845,433,441,5794,861,4933,0,12,None,0.0,0,0
2025-04-22,Wheels,Chassis,123,492,12794,443,454,12756,861,11895,0,10,None,0.0,0,0
2025-04-22,Tyres,Chassis,123,492,3639,426,422,3569,861,2708,0,9,None,0.0,0,0
2025-04-22,Seats,Interior,123,663,5485,663,633,5455,928,4527,0,14,None,0.0,0,0
2025-04-22,Nuts,Fastener_Cooling,123,13645,0,12824,12758,0,19103,-19103,0,6,None,0.0,0,0
2025-04-22,ECU,Electrical,123,123,15420,113,114,15411,258,15153,0,20,None,0.0,0,0
2025-04-22,Radiator,Fastener_Cooling,123,123,8970,134,140,8987,215,8772,0,15,None,0.0,0,0
2025-04-23,Engine,Powertrain,114,99,14044,101,102,14047,207,13840,0,18,None,0.0,0,0
2025-04-23,Battery,Powertrain,114,15,8489,14,14,8488,100,8388,0,25,None,0.0,0,0
2025-04-23,Transmission,Powertrain,114,114,12158,113,114,12158,239,11919,0,22,None,0.0,0,0
2025-04-23,Brake_Pads,Chassis,114,456,5794,448,466,5804,798,5006,0,12,None,0.0,0,0
2025-04-23,Wheels,Chassis,114,456,12756,409,399,12699,798,11901,0,10,None,0.0,0,0
2025-04-23,Tyres,Chassis,114,456,3569,453,453,3566,798,2768,0,9,None,0.0,0,0
2025-04-23,Seats,Interior,114,616,5455,674,653,5492,862,4630,0,14,None,0.0,0,0
2025-04-23,Nuts,Fastener_Cooling,114,12720,0,11988,11563,0,17808,-17808,0,6,None,0.0,0,0
2025-04-23,ECU,Electrical,114,114,15411,108,112,15409,239,15170,0,20,None,0.0,0,0
2025-04-23,Radiator,Fastener_Cooling,114,114,8987,114,108,8981,199,8782,0,15,None,0.0,0,0
2025-04-24,Engine,Powertrain,121,107,14047,116,119,14059,224,13835,0,18,None,0.0,0,0
2025-04-24,Battery,Powertrain,121,14,8488,12,11,8485,100,8385,0,25,None,0.0,0,0
2025-04-24,Transmission,Powertrain,121,121,12158,103,100,12137,254,11883,0,22,None,0.0,0,0
2025-04-24,Brake_Pads,Chassis,121,484,5804,524,503,5823,847,4976,0,12,None,0.0,0,0
2025-04-24,Wheels,Chassis,121,484,12699,451,459,12674,847,11827,0,10,None,0.0,0,0
2025-04-24,Tyres,Chassis,121,484,3566,516,526,3608,847,2761,0,9,None,0.0,0,0
2025-04-24,Seats,Interior,121,647,5492,631,655,5500,905,4595,0,14,None,0.0,0,0
2025-04-24,Nuts,Fastener_Cooling,121,13345,0,13054,12524,0,18683,-18683,0,6,None,0.0,0,0
2025-04-24,ECU,Electrical,121,121,15409,115,116,15404,254,15150,0,20,None,0.0,0,0
2025-04-24,Radiator,Fastener_Cooling,121,121,8981,126,126,8986,211,8775,0,15,None,0.0,0,0
2025-04-25,Engine,Powertrain,127,111,14059,108,109,14057,233,13824,0,18,None,0.0,0,0
2025-04-25,Battery,Powertrain,127,16,8485,16,16,8485,100,8385,0,25,None,0.0,0,0
2025-04-25,Transmission,Powertrain,127,127,12137,112,110,12120,266,11854,0,22,None,0.0,0,0
2025-04-25,Brake_Pads,Chassis,127,508,5823,548,535,5850,889,4961,0,12,None,0.0,0,0
2025-04-25,Wheels,Chassis,127,508,12674,466,485,12651,889,11762,0,10,None,0.0,0,0
2025-04-25,Tyres,Chassis,127,508,3608,495,517,3617,889,2728,0,9,None,0.0,0,0
2025-04-25,Seats,Interior,127,679,5500,641,660,5481,950,4531,0,14,None,0.0,0,0
2025-04-25,Nuts,Fastener_Cooling,127,14040,0,12694,12329,0,19656,-19656,0,6,None,0.0,0,0
2025-04-25,ECU,Electrical,127,127,15404,130,134,15411,266,15145,0,20,None,0.0,0,0
2025-04-25,Radiator,Fastener_Cooling,127,127,8986,135,137,8996,222,8774,0,15,None,0.0,0,0
2025-04-26,Engine,Powertrain,126,111,14057,101,103,14049,233,13816,0,18,None,0.0,0,1
2025-04-26,Battery,Powertrain,126,15,8485,13,12,8482,100,8382,0,25,None,0.0,0,1
2025-04-26,Transmission,Powertrain,126,126,12120,137,136,12130,264,11866,0,22,None,0.0,0,1
2025-04-26,Brake_Pads,Chassis,126,504,5850,488,497,5843,882,4961,0,12,None,0.0,0,1
2025-04-26,Wheels,Chassis,126,504,12651,548,522,12669,882,11787,0,10,None,0.0,0,1
2025-04-26,Tyres,Chassis,126,504,3617,548,563,3676,882,2794,0,9,None,0.0,0,1
2025-04-26,Seats,Interior,126,678,5481,627,623,5426,949,4477,0,14,None,0.0,0,1
2025-04-26,Nuts,Fastener_Cooling,126,13945,0,13165,12517,0,19523,-19523,0,6,None,0.0,0,1
2025-04-26,ECU,Electrical,126,126,15411,137,139,15424,264,15160,0,20,None,0.0,0,1
2025-04-26,Radiator,Fastener_Cooling,126,126,8996,123,119,8989,220,8769,0,15,None,0.0,0,1
2025-04-27,Engine,Powertrain,128,113,14049,104,103,14039,237,13802,0,18,None,0.0,0,1
2025-04-27,Battery,Powertrain,128,15,8482,14,13,8480,100,8380,0,25,None,0.0,0,1
2025-04-27,Transmission,Powertrain,128,128,12130,131,127,12129,268,11861,0,22,None,0.0,0,1
2025-04-27,Brake_Pads,Chassis,128,512,5843,482,495,5826,896,4930,0,12,None,0.0,0,1
2025-04-27,Wheels,Chassis,128,512,12669,465,478,12635,896,11739,0,10,None,0.0,0,1
2025-04-27,Tyres,Chassis,128,512,3676,453,449,3613,896,2717,0,9,None,0.0,0,1
2025-04-27,Seats,Interior,128,686,5426,752,774,5514,960,4554,0,14,None,0.0,0,1
2025-04-27,Nuts,Fastener_Cooling,128,14150,0,12508,12775,0,19810,-19810,0,6,None,0.0,0,1
2025-04-27,ECU,Electrical,128,128,15424,111,114,15410,268,15142,0,20,None,0.0,0,1
2025-04-27,Radiator,Fastener_Cooling,128,128,8989,138,144,9005,224,8781,0,15,None,0.0,0,1
2025-04-28,Engine,Powertrain,116,103,14039,110,114,14050,216,13834,0,18,None,0.0,0,0
2025-04-28,Battery,Powertrain,116,13,8480,11,10,8477,100,8377,0,25,None,0.0,0,0
2025-04-28,Transmission,Powertrain,116,116,12129,98,102,12115,243,11872,0,22,None,0.0,0,0
2025-04-28,Brake_Pads,Chassis,116,464,5826,501,488,5850,812,5038,0,12,None,0.0,0,0
2025-04-28,Wheels,Chassis,116,464,12635,452,451,12622,812,11810,0,10,None,0.0,0,0
2025-04-28,Tyres,Chassis,116,464,3613,503,517,3666,812,2854,0,9,None,0.0,0,0
2025-04-28,Seats,Interior,116,624,5514,535,530,5420,873,4547,0,14,None,0.0,0,0
2025-04-28,Nuts,Fastener_Cooling,116,12845,0,13033,13547,702,17983,-17281,0,6,None,0.0,0,0
2025-04-28,ECU,Electrical,116,116,15410,101,104,15398,243,15155,0,20,None,0.0,0,0
2025-04-28,Radiator,Fastener_Cooling,116,116,9005,114,118,9007,203,8804,0,15,None,0.0,0,0
2025-04-29,Engine,Powertrain,121,108,14050,111,107,14049,226,13823,0,18,None,0.0,0,0
2025-04-29,Battery,Powertrain,121,13,8477,12,12,8476,100,8376,0,25,None,0.0,0,0
2025-04-29,Transmission,Powertrain,121,121,12115,103,101,12095,254,11841,0,22,None,0.0,0,0
2025-04-29,Brake_Pads,Chassis,121,484,5850,471,452,5818,847,4971,0,12,None,0.0,0,0
2025-04-29,Wheels,Chassis,121,484,12622,451,450,12588,847,11741,0,10,None,0.0,0,0
2025-04-29,Tyres,Chassis,121,484,3666,498,491,3673,847,2826,0,9,None,0.0,0,0
2025-04-29,Seats,Interior,121,651,5420,587,567,5336,911,4425,0,14,None,0.0,0,0
2025-04-29,Nuts,Fastener_Cooling,121,13380,702,13392,13439,761,18732,-17971,0,6,None,0.0,0,0
2025-04-29,ECU,Electrical,121,121,15398,123,117,15394,254,15140,0,20,None,0.0,0,0
2025-04-29,Radiator,Fastener_Cooling,121,121,9007,119,120,9006,211,8795,0,15,None,0.0,0,0
2025-04-30,Engine,Powertrain,114,100,14049,97,96,14045,210,13835,0,18,None,0.0,0,0
2025-04-30,Battery,Powertrain,114,14,8476,12,11,8473,100,8373,0,25,None,0.0,0,0
2025-04-30,Transmission,Powertrain,114,114,12095,112,112,12093,239,11854,0,22,None,0.0,0,0
2025-04-30,Brake_Pads,Chassis,114,456,5818,430,408,5770,798,4972,0,12,None,0.0,0,0
2025-04-30,Wheels,Chassis,114,456,12588,391,402,12534,798,11736,0,10,None,0.0,0,0
2025-04-30,Tyres,Chassis,114,456,3673,389,383,3600,798,2802,0,9,None,0.0,0,0
2025-04-30,Seats,Interior,114,612,5336,525,512,5236,856,4380,0,14,None,0.0,0,0
2025-04-30,Nuts,Fastener_Cooling,114,12665,761,11065,10614,0,17731,-17731,0,6,None,0.0,0,0
2025-04-30,ECU,Electrical,114,114,15394,116,113,15393,239,15154,0,20,None,0.0,0,0
2025-04-30,Radiator,Fastener_Cooling,114,114,9006,98,96,8988,199,8789,0,15,None,0.0,0,0
2025-05-01,Engine,Powertrain,121,107,14045,115,111,14049,224,13825,0,18,None,0.0,0,0
2025-05-01,Battery,Powertrain,121,14,8473,14,13,8472,100,8372,0,25,None,0.0,0,0
2025-05-01,Transmission,Powertrain,121,121,12093,124,118,12090,254,11836,0,22,None,0.0,0,0
2025-05-01,Brake_Pads,Chassis,121,484,5770,455,436,5722,847,4875,0,12,None,0.0,0,0
2025-05-01,Wheels,Chassis,121,484,12534,501,479,12529,847,11682,0,10,None,0.0,0,0
2025-05-01,Tyres,Chassis,121,484,3600,519,527,3643,847,2796,0,9,None,0.0,0,0
2025-05-01,Seats,Interior,121,651,5236,635,641,5226,911,4315,0,14,None,0.0,0,0
2025-05-01,Nuts,Fastener_Cooling,121,13405,0,11624,11431,0,18767,-18767,0,6,None,0.0,0,0
2025-05-01,ECU,Electrical,121,121,15393,124,127,15399,254,15145,0,20,None,0.0,0,0
2025-05-01,Radiator,Fastener_Cooling,121,121,8988,120,118,8985,211,8774,0,15,None,0.0,0,0
2025-05-02,Engine,Powertrain,110,96,14049,103,106,14059,201,13858,0,18,None,0.0,0,0
2025-05-02,Battery,Powertrain,110,14,8472,15,14,8472,100,8372,0,25,None,0.0,0,0
2025-05-02,Transmission,Powertrain,110,110,12090,108,107,12087,231,11856,0,22,None,0.0,0,0
2025-05-02,Brake_Pads,Chassis,110,440,5722,409,395,5677,770,4907,0,12,None,0.0,0,0
2025-05-02,Wheels,Chassis,110,440,12529,389,385,12474,770,11704,0,10,None,0.0,0,0
2025-05-02,Tyres,Chassis,110,440,3643,383,381,3584,770,2814,0,9,None,0.0,0,0
2025-05-02,Seats,Interior,110,590,5226,591,566,5202,826,4376,0,14,None,0.0,0,0
2025-05-02,Nuts,Fastener_Cooling,110,12170,0,10714,10885,0,17038,-17038,0,6,None,0.0,0,0
2025-05-02,ECU,Electrical,110,110,15399,117,117,15406,231,15175,0,20,None,0.0,0,0
2025-05-02,Radiator,Fastener_Cooling,110,110,8985,116,117,8992,192,8800,0,15,None,0.0,0,0
2025-05-03,Engine,Powertrain,135,120,14059,113,117,14056,252,13804,0,18,None,0.0,0,1
2025-05-03,Battery,Powertrain,135,15,8472,15,15,8472,100,8372,0,25,None,0.0,0,1
2025-05-03,Transmission,Powertrain,135,135,12087,121,122,12074,283,11791,0,22,None,0.0,0,1
2025-05-03,Brake_Pads,Chassis,135,540,5677,525,512,5649,945,4704,0,12,None,0.0,0,1
2025-05-03,Wheels,Chassis,135,540,12474,483,495,12429,945,11484,0,10,None,0.0,0,1
2025-05-03,Tyres,Chassis,135,540,3584,481,496,3540,945,2595,0,9,None,0.0,0,1
2025-05-03,Seats,Interior,135,729,5202,710,740,5213,1020,4193,0,14,None,0.0,0,1
2025-05-03,Nuts,Fastener_Cooling,135,15000,0,13086,13686,0,21000,-21000,0,6,None,0.0,0,1
2025-05-03,ECU,Electrical,135,135,15406,126,125,15396,283,15113,0,20,None,0.0,0,1
2025-05-03,Radiator,Fastener_Cooling,135,135,8992,121,66,8923,236,8687,1,15,None,0.0,0,1
2025-05-04,Engine,Powertrain,132,117,14056,114,112,14051,245,13806,0,18,None,0.0,0,1
2025-05-04,Battery,Powertrain,132,15,8472,13,12,8469,100,8369,0,25,None,0.0,0,1
2025-05-04,Transmission,Powertrain,132,132,12074,137,137,12079,277,11802,0,22,None,0.0,0,1
2025-05-04,Brake_Pads,Chassis,132,528,5649,560,565,5686,924,4762,0,12,None,0.0,0,1
2025-05-04,Wheels,Chassis,132,528,12429,503,487,12388,924,11464,0,10,None,0.0,0,1
2025-05-04,Tyres,Chassis,132,528,3540,534,528,3540,924,2616,0,9,None,0.0,0,1
2025-05-04,Seats,Interior,132,708,5213,762,751,5256,991,4265,0,14,None,0.0,0,1
2025-05-04,Nuts,Fastener_Cooling,132,14635,0,15496,16131,1496,20489,-18993,0,6,None,0.0,0,1
2025-05-04,ECU,Electrical,132,132,15396,137,134,15398,277,15121,0,20,None,0.0,0,1
2025-05-04,Radiator,Fastener_Cooling,132,132,8923,112,112,8903,231,8672,0,15,None,0.0,0,1
2025-05-05,Engine,Powertrain,118,105,14051,112,108,14054,220,13834,0,18,None,0.0,0,0
2025-05-05,Battery,Powertrain,118,13,8469,13,12,8468,100,8368,0,25,None,0.0,0,0
2025-05-05,Transmission,Powertrain,118,118,12079,103,107,12068,247,11821,0,22,None,0.0,0,0
2025-05-05,Brake_Pads,Chassis,118,472,5686,482,501,5715,826,4889,0,12,None,0.0,0,0
2025-05-05,Wheels,Chassis,118,472,12388,454,438,12354,826,11528,0,10,None,0.0,0,0
2025-05-05,Tyres,Chassis,118,472,3540,477,455,3523,826,2697,0,9,None,0.0,0,0
2025-05-05,Seats,Interior,118,636,5256,593,588,5208,890,4318,0,14,None,0.0,0,0
2025-05-05,Nuts,Fastener_Cooling,118,13070,1496,14089,13624,2050,18298,-16248,0,6,None,0.0,0,0
2025-05-05,ECU,Electrical,118,118,15398,115,120,15400,247,15153,0,20,None,0.0,0,0
2025-05-05,Radiator,Fastener_Cooling,118,118,8903,112,116,8901,206,8695,0,15,None,0.0,0,0
2025-05-06,Engine,Powertrain,117,102,14054,90,87,14039,214,13825,0,18,None,0.0,0,0
2025-05-06,Battery,Powertrain,117,15,8468,14,13,8466,100,8366,0,25,None,0.0,0,0
2025-05-06,Transmission,Powertrain,117,117,12068,126,129,12080,245,11835,0,22,None,0.0,0,0
2025-05-06,Brake_Pads,Chassis,117,468,5715,420,413,5660,819,4841,0,12,None,0.0,0,0
2025-05-06,Wheels,Chassis,117,468,12354,474,463,12349,819,11530,0,10,None,0.0,0,0
2025-05-06,Tyres,Chassis,117,468,3523,408,402,3457,819,2638,0,9,None,0.0,0,0
2025-05-06,Seats,Interior,117,631,5208,677,692,5269,883,4386,0,14,None,0.0,0,0
2025-05-06,Nuts,Fastener_Cooling,117,13040,2050,12413,12858,1868,18256,-16388,0,6,None,0.0,0,0
2025-05-06,ECU,Electrical,117,117,15400,101,104,15387,245,15142,0,20,None,0.0,0,0
2025-05-06,Radiator,Fastener_Cooling,117,117,8901,106,102,8886,204,8682,0,15,None,0.0,0,0
2025-05-07,Engine,Powertrain,119,103,14039,91,92,14028,216,13812,0,18,None,0.0,0,0
2025-05-07,Battery,Powertrain,119,16,8466,16,15,8465,100,8365,0,25,None,0.0,0,0
2025-05-07,Transmission,Powertrain,119,119,12080,128,130,12091,249,11842,0,22,None,0.0,0,0
2025-05-07,Brake_Pads,Chassis,119,476,5660,523,520,5704,833,4871,0,12,None,0.0,0,0
2025-05-07,Wheels,Chassis,119,476,12349,426,419,12292,833,11459,0,10,None,0.0,0,0
2025-05-07,Tyres,Chassis,119,476,3457,497,472,3453,833,2620,0,9,None,0.0,0,0
2025-05-07,Seats,Interior,119,641,5269,685,658,5286,897,4389,0,14,None,0.0,0,0
2025-05-07,Nuts,Fastener_Cooling,119,13275,1868,14382,13765,2358,18585,-16227,0,6,None,0.0,0,0
2025-05-07,ECU,Electrical,119,119,15387,102,103,15371,249,15122,0,20,None,0.0,0,0
2025-05-07,Radiator,Fastener_Cooling,119,119,8886,129,131,8898,208,8690,0,15,None,0.0,0,0
2025-05-08,Engine,Powertrain,119,103,14028,110,105,14030,216,13814,0,18,None,0.0,0,0
2025-05-08,Battery,Powertrain,119,16,8465,16,16,8465,100,8365,0,25,None,0.0,0,0
2025-05-08,Transmission,Powertrain,119,119,12091,104,107,12079,249,11830,0,22,None,0.0,0,0
2025-05-08,Brake_Pads,Chassis,119,476,5704,496,514,5742,833,4909,0,12,None,0.0,0,0
2025-05-08,Wheels,Chassis,119,476,12292,518,497,12313,833,11480,0,10,None,0.0,0,0
2025-05-08,Tyres,Chassis,119,476,3453,443,243,3220,833,2387,1,9,None,0.0,0,0
2025-05-08,Seats,Interior,119,637,5286,629,615,5264,891,4373,0,14,None,0.0,0,0
2025-05-08,Nuts,Fastener_Cooling,119,13175,2358,14312,14697,3880,18445,-14565,0,6,None,0.0,0,0
2025-05-08,ECU,Electrical,119,119,15371,130,133,15385,249,15136,0,20,None,0.0,0,0
2025-05-08,Radiator,Fastener_Cooling,119,119,8898,107,108,8887,208,8679,0,15,None,0.0,0,0
2025-05-09,Engine,Powertrain,127,112,14030,101,96,14014,235,13779,0,18,None,0.0,0,0
2025-05-09,Battery,Powertrain,127,15,8465,12,11,8461,100,8361,0,25,None,0.0,0,0
2025-05-09,Transmission,Powertrain,127,127,12079,117,115,12067,266,11801,0,22,None,0.0,0,0
2025-05-09,Brake_Pads,Chassis,127,508,5742,546,565,5799,889,4910,0,12,None,0.0,0,0
2025-05-09,Wheels,Chassis,127,508,12313,467,447,12252,889,11363,0,10,None,0.0,0,0
2025-05-09,Tyres,Chassis,127,508,3220,549,533,3245,889,2356,0,9,None,0.0,0,0
2025-05-09,Seats,Interior,127,677,5264,707,713,5300,947,4353,0,14,None,0.0,0,0
2025-05-09,Nuts,Fastener_Cooling,127,14000,3880,14919,15042,4922,19600,-14678,0,6,None,0.0,0,0
2025-05-09,ECU,Electrical,127,127,15385,119,118,15376,266,15110,0,20,None,0.0,0,0
2025-05-09,Radiator,Fastener_Cooling,127,127,8887,119,115,8875,222,8653,0,15,None,0.0,0,0
2025-05-10,Engine,Powertrain,131,116,14014,106,105,14003,243,13760,0,18,None,0.0,0,1
2025-05-10,Battery,Powertrain,131,15,8461,13,12,8458,100,8358,0,25,None,0.0,0,1
2025-05-10,Transmission,Powertrain,131,131,12067,114,119,12055,275,11780,0,22,None,0.0,0,1
2025-05-10,Brake_Pads,Chassis,131,524,5799,550,531,5806,917,4889,0,12,None,0.0,0,1
2025-05-10,Wheels,Chassis,131,524,12252,457,452,12180,917,11263,0,10,None,0.0,0,1
2025-05-10,Tyres,Chassis,131,524,3245,562,563,3284,917,2367,0,9,None,0.0,0,1
2025-05-10,Seats,Interior,131,703,5300,726,736,5333,984,4349,0,14,None,0.0,0,1
2025-05-10,Nuts,Fastener_Cooling,131,14485,4922,14033,14023,4460,20279,-15819,0,6,None,0.0,0,1
2025-05-10,ECU,Electrical,131,131,15376,128,122,15367,275,15092,0,20,None,0.0,0,1
2025-05-10,Radiator,Fastener_Cooling,131,131,8875,127,125,8869,229,8640,0,15,None,0.0,0,1
2025-05-11,Engine,Powertrain,136,121,14003,121,120,14002,254,13748,0,18,None,0.0,0,1
2025-05-11,Battery,Powertrain,136,15,8458,14,13,8456,100,8356,0,25,None,0.0,0,1
2025-05-11,Transmission,Powertrain,136,136,12055,133,131,12050,285,11765,0,22,None,0.0,0,1
2025-05-11,Brake_Pads,Chassis,136,544,5806,500,494,5756,952,4804,0,12,None,0.0,0,1
2025-05-11,Wheels,Chassis,136,544,12180,597,600,12236,952,11284,0,10,None,0.0,0,1
2025-05-11,Tyres,Chassis,136,544,3284,487,507,3247,952,2295,0,9,None,0.0,0,1
2025-05-11,Seats,Interior,136,730,5333,696,710,5313,1022,4291,0,14,None,0.0,0,1
2025-05-11,Nuts,Fastener_Cooling,136,15060,4460,16319,15779,5179,21084,-15905,0,6,None,0.0,0,1
2025-05-11,ECU,Electrical,136,136,15367,148,147,15378,285,15093,0,20,None,0.0,0,1
2025-05-11,Radiator,Fastener_Cooling,136,136,8869,118,119,8852,238,8614,0,15,None,0.0,0,1
2025-05-12,Engine,Powertrain,127,112,14002,105,104,13994,235,13759,0,18,None,0.0,0,0
2025-05-12,Battery,Powertrain,127,15,8456,15,14,8455,100,8355,0,25,None,0.0,0,0
2025-05-12,Transmission,Powertrain,127,127,12050,115,116,12039,266,11773,0,22,None,0.0,0,0
2025-05-12,Brake_Pads,Chassis,127,508,5756,485,508,5756,889,4867,0,12,None,0.0,0,0
2025-05-12,Wheels,Chassis,127,508,12236,497,484,12212,889,11323,0,10,None,0.0,0,0
2025-05-12,Tyres,Chassis,127,508,3247,493,470,3209,889,2320,0,9,None,0.0,0,0
2025-05-12,Seats,Interior,127,683,5313,636,629,5259,956,4303,0,14,None,0.0,0,0
2025-05-12,Nuts,Fastener_Cooling,127,14095,5179,15082,15533,6617,19733,-13116,0,6,None,0.0,0,0
2025-05-12,ECU,Electrical,127,127,15378,130,134,15385,266,15119,0,20,None,0.0,0,0
2025-05-12,Radiator,Fastener_Cooling,127,127,8852,112,112,8837,222,8615,0,15,None,0.0,0,0
2025-05-13,Engine,Powertrain,118,104,13994,93,93,13983,218,13765,0,18,None,0.0,0,0
2025-05-13,Battery,Powertrain,118,14,8455,14,13,8454,100,8354,0,25,None,0.0,0,0
2025-05-13,Transmission,Powertrain,118,118,12039,116,112,12033,247,11786,0,22,None,0.0,0,0
2025-05-13,Brake_Pads,Chassis,118,472,5756,450,428,5712,826,4886,0,12,None,0.0,0,0
2025-05-13,Wheels,Chassis,118,472,12212,518,513,12253,826,11427,0,10,None,0.0,0,0
2025-05-13,Tyres,Chassis,118,472,3209,431,431,3168,826,2342,0,9,None,0.0,0,0
2025-05-13,Seats,Interior,118,636,5259,677,686,5309,890,4419,0,14,None,0.0,0,0
2025-05-13,Nuts,Fastener_Cooling,118,13115,6617,12412,12470,5972,18361,-12389,0,6,None,0.0,0,0
2025-05-13,ECU,Electrical,118,118,15385,112,109,15376,247,15129,0,20,None,0.0,0,0
2025-05-13,Radiator,Fastener_Cooling,118,118,8837,116,120,8839,206,8633,0,15,None,0.0,0,0
2025-05-14,Engine,Powertrain,119,104,13983,111,111,13990,218,13772,0,18,None,0.0,0,0
2025-05-14,Battery,Powertrain,119,15,8454,15,15,8454,100,8354,0,25,None,0.0,0,0
2025-05-14,Transmission,Powertrain,119,119,12033,101,99,12013,249,11764,0,22,None,0.0,0,0
2025-05-14,Brake_Pads,Chassis,119,476,5712,458,473,5709,833,4876,0,12,None,0.0,0,0
2025-05-14,Wheels,Chassis,119,476,12253,444,459,12236,833,11403,0,10,None,0.0,0,0
2025-05-14,Tyres,Chassis,119,476,3168,407,414,3106,833,2273,0,9,None,0.0,0,0
2025-05-14,Seats,Interior,119,637,5309,613,592,5264,891,4373,0,14,None,0.0,0,0
2025-05-14,Nuts,Fastener_Cooling,119,13140,5972,13594,13804,6636,18396,-11760,0,6,None,0.0,0,0
2025-05-14,ECU,Electrical,119,119,15376,112,112,15369,249,15120,0,20,None,0.0,0,0
2025-05-14,Radiator,Fastener_Cooling,119,119,8839,126,120,8840,208,8632,0,15,None,0.0,0,0
2025-05-15,Engine,Powertrain,118,102,13990,108,108,13996,214,13782,0,18,None,0.0,0,0
2025-05-15,Battery,Powertrain,118,16,8454,14,13,8451,100,8351,0,25,None,0.0,0,0
2025-05-15,Transmission,Powertrain,118,118,12013,126,127,12022,247,11775,0,22,None,0.0,0,0
2025-05-15,Brake_Pads,Chassis,118,472,5709,418,432,5669,826,4843,0,12,None,0.0,0,0
2025-05-15,Wheels,Chassis,118,472,12236,422,421,12185,826,11359,0,10,None,0.0,0,0
2025-05-15,Tyres,Chassis,118,472,3106,413,430,3064,826,2238,0,9,None,0.0,0,0
2025-05-15,Seats,Interior,118,634,5264,578,600,5230,887,4343,0,14,None,0.0,0,0
2025-05-15,Nuts,Fastener_Cooling,118,13100,6636,14030,14377,7913,18340,-10427,0,6,None,0.0,0,0
2025-05-15,ECU,Electrical,118,118,15369,106,110,15361,247,15114,0,20,None,0.0,0,0
2025-05-15,Radiator,Fastener_Cooling,118,118,8840,101,96,8818,206,8612,0,15,None,0.0,0,0
2025-05-16,Engine,Powertrain,114,100,13996,104,108,14004,210,13794,0,18,None,0.0,0,0
2025-05-16,Battery,Powertrain,114,14,8451,14,14,8451,100,8351,0,25,None,0.0,0,0
2025-05-16,Transmission,Powertrain,114,114,12022,117,111,12019,239,11780,0,22,None,0.0,0,0
2025-05-16,Brake_Pads,Chassis,114,456,5669,448,466,5679,798,4881,0,12,None,0.0,0,0
2025-05-16,Wheels,Chassis,114,456,12185,427,430,12159,798,11361,0,10,None,0.0,0,0
2025-05-16,Tyres,Chassis,114,456,3064,491,489,3097,798,2299,0,9,None,0.0,0,0
2025-05-16,Seats,Interior,114,614,5230,616,597,5213,859,4354,0,14,None,0.0,0,0
2025-05-16,Nuts,Fastener_Cooling,114,12640,7913,11735,11973,7246,17696,-10450,0,6,None,0.0,0,0
2025-05-16,ECU,Electrical,114,114,15361,104,108,15355,239,15116,0,20,None,0.0,0,0
2025-05-16,Radiator,Fastener_Cooling,114,114,8818,109,111,8815,199,8616,0,15,None,0.0,0,0
2025-05-17,Engine,Powertrain,134,116,14004,101,102,13990,243,13747,0,18,None,0.0,0,1
2025-05-17,Battery,Powertrain,134,18,8451,18,17,8450,100,8350,0,25,None,0.0,0,1
2025-05-17,Transmission,Powertrain,134,134,12019,120,119,12004,281,11723,0,22,None,0.0,0,1
2025-05-17,Brake_Pads,Chassis,134,536,5679,464,483,5626,938,4688,0,12,None,0.0,0,1
2025-05-17,Wheels,Chassis,134,536,12159,522,534,12157,938,11219,0,10,None,0.0,0,1
2025-05-17,Tyres,Chassis,134,536,3097,537,537,3098,938,2160,0,9,None,0.0,0,1
2025-05-17,Seats,Interior,134,718,5213,729,723,5218,1005,4213,0,14,None,0.0,0,1
2025-05-17,Nuts,Fastener_Cooling,134,14860,7246,13314,13898,6284,20804,-14520,0,6,None,0.0,0,1
2025-05-17,ECU,Electrical,134,134,15355,123,117,15338,281,15057,0,20,None,0.0,0,1
2025-05-17,Radiator,Fastener_Cooling,134,134,8815,131,126,8807,234,8573,0,15,None,0.0,0,1
2025-05-18,Engine,Powertrain,129,114,13990,123,127,14003,239,13764,0,18,None,0.0,0,1
2025-05-18,Battery,Powertrain,129,15,8450,14,13,8448,100,8348,0,25,None,0.0,0,1
2025-05-18,Transmission,Powertrain,129,129,12004,129,125,12000,270,11730,0,22,None,0.0,0,1
2025-05-18,Brake_Pads,Chassis,129,516,5626,512,523,5633,903,4730,0,12,None,0.0,0,1
2025-05-18,Wheels,Chassis,129,516,12157,550,547,12188,903,11285,0,10,None,0.0,0,1
2025-05-18,Tyres,Chassis,129,516,3098,559,540,3122,903,2219,0,9,None,0.0,0,1
2025-05-18,Seats,Interior,129,693,5218,728,763,5288,970,4318,0,14,None,0.0,0,1
2025-05-18,Nuts,Fastener_Cooling,129,14305,6284,12612,11999,3978,20027,-16049,0,6,None,0.0,0,1
2025-05-18,ECU,Electrical,129,129,15338,114,111,15320,270,15050,0,20,None,0.0,0,1
2025-05-18,Radiator,Fastener_Cooling,129,129,8807,123,119,8797,225,8572,0,15,None,0.0,0,1
2025-05-19,Engine,Powertrain,121,106,14003,97,97,13994,222,13772,0,18,None,0.0,0,0
2025-05-19,Battery,Powertrain,121,15,8448,14,13,8446,100,8346,0,25,None,0.0,0,0
2025-05-19,Transmission,Powertrain,121,121,12000,113,110,11989,254,11735,0,22,None,0.0,0,0
2025-05-19,Brake_Pads,Chassis,121,484,5633,511,513,5662,847,4815,0,12,None,0.0,0,0
2025-05-19,Wheels,Chassis,121,484,12188,436,439,12143,847,11296,0,10,None,0.0,0,0
2025-05-19,Tyres,Chassis,121,484,3122,480,470,3108,847,2261,0,9,None,0.0,0,0
2025-05-19,Seats,Interior,121,651,5288,575,554,5191,911,4280,0,14,None,0.0,0,0
2025-05-19,Nuts,Fastener_Cooling,121,13440,3978,11656,11132,1670,18816,-17146,0,6,None,0.0,0,0
2025-05-19,ECU,Electrical,121,121,15320,114,113,15312,254,15058,0,20,None,0.0,0,0
2025-05-19,Radiator,Fastener_Cooling,121,121,8797,120,122,8798,211,8587,0,15,None,0.0,0,0
2025-05-20,Engine,Powertrain,117,103,13994,95,99,13990,216,13774,0,18,None,0.0,0,0
2025-05-20,Battery,Powertrain,117,14,8446,12,12,8444,100,8344,0,25,None,0.0,0,0
2025-05-20,Transmission,Powertrain,117,117,11989,113,109,11981,245,11736,0,22,None,0.0,0,0
2025-05-20,Brake_Pads,Chassis,117,468,5662,422,426,5620,819,4801,0,12,None,0.0,0,0
2025-05-20,Wheels,Chassis,117,468,12143,474,454,12129,819,11310,0,10,None,0.0,0,0
2025-05-20,Tyres,Chassis,117,468,3108,496,516,3156,819,2337,0,9,None,0.0,0,0
2025-05-20,Seats,Interior,117,627,5191,591,600,5164,877,4287,0,14,None,0.0,0,0
2025-05-20,Nuts,Fastener_Cooling,117,12945,1670,13944,14221,2946,18123,-15177,0,6,None,0.0,0,0
2025-05-20,ECU,Electrical,117,117,15312,121,125,15320,245,15075,0,20,None,0.0,0,0
2025-05-20,Radiator,Fastener_Cooling,117,117,8798,113,109,8790,204,8586,0,15,None,0.0,0,0
2025-05-21,Engine,Powertrain,118,105,13990,112,107,13992,220,13772,0,18,None,0.0,0,0
2025-05-21,Battery,Powertrain,118,13,8444,11,10,8441,100,8341,0,25,None,0.0,0,0
2025-05-21,Transmission,Powertrain,118,118,11981,100,101,11964,247,11717,0,22,None,0.0,0,0
2025-05-21,Brake_Pads,Chassis,118,472,5620,489,512,5660,826,4834,0,12,None,0.0,0,0
2025-05-21,Wheels,Chassis,118,472,12129,404,418,12075,826,11249,0,10,None,0.0,0,0
2025-05-21,Tyres,Chassis,118,472,3156,418,433,3117,826,2291,0,9,None,0.0,0,0
2025-05-21,Seats,Interior,118,634,5164,634,618,5148,887,4261,0,14,None,0.0,0,0
2025-05-21,Nuts,Fastener_Cooling,118,13095,2946,13254,13266,3117,18333,-15216,0,6,None,0.0,0,0
2025-05-21,ECU,Electrical,118,118,15320,107,101,15303,247,15056,0,20,None,0.0,0,0
2025-05-21,Radiator,Fastener_Cooling,118,118,8790,126,129,8801,206,8595,0,15,None,0.0,0,0
2025-05-22,Engine,Powertrain,122,107,13992,103,103,13988,224,13764,0,18,None,0.0,0,0
2025-05-22,Battery,Powertrain,122,15,8441,12,11,8437,100,8337,0,25,None,0.0,0,0
2025-05-22,Transmission,Powertrain,122,122,11964,114,116,11958,256,11702,0,22,None,0.0,0,0
2025-05-22,Brake_Pads,Chassis,122,488,5660,504,527,5699,854,4845,0,12,None,0.0,0,0
2025-05-22,Wheels,Chassis,122,488,12075,515,533,12120,854,11266,0,10,None,0.0,0,0
2025-05-22,Tyres,Chassis,122,488,3117,504,512,3141,854,2287,0,9,None,0.0,0,0
2025-05-22,Seats,Interior,122,658,5148,653,648,5138,921,4217,0,14,None,0.0,0,0
2025-05-22,Nuts,Fastener_Cooling,122,13575,3117,14082,13553,3095,19005,-15910,0,6,None,0.0,0,0
2025-05-22,ECU,Electrical,122,122,15303,121,122,15303,256,15047,0,20,None,0.0,0,0
2025-05-22,Radiator,Fastener_Cooling,122,122,8801,122,126,8805,213,8592,0,15,None,0.0,0,0
2025-05-23,Engine,Powertrain,120,105,13988,90,88,13971,220,13751,0,18,None,0.0,0,0
2025-05-23,Battery,Powertrain,120,15,8437,15,15,8437,100,8337,0,25,None,0.0,0,0
2025-05-23,Transmission,Powertrain,120,120,11958,115,120,11958,252,11706,0,22,None,0.0,0,0
2025-05-23,Brake_Pads,Chassis,120,480,5699,432,437,5656,840,4816,0,12,None,0.0,0,0
2025-05-23,Wheels,Chassis,120,480,12120,455,433,12073,840,11233,0,10,None,0.0,0,0
2025-05-23,Tyres,Chassis,120,480,3141,425,406,3067,840,2227,0,9,None,0.0,0,0
2025-05-23,Seats,Interior,120,646,5138,571,567,5059,904,4155,0,14,None,0.0,0,0
2025-05-23,Nuts,Fastener_Cooling,120,13320,3095,11478,11477,1252,18648,-17396,0,6,None,0.0,0,0
2025-05-23,ECU,Electrical,120,120,15303,102,104,15287,252,15035,0,20,None,0.0,0,0
2025-05-23,Radiator,Fastener_Cooling,120,120,8805,129,130,8815,210,8605,0,15,None,0.0,0,0
2025-05-24,Engine,Powertrain,132,115,13971,124,122,13978,241,13737,0,18,None,0.0,0,1
2025-05-24,Battery,Powertrain,132,17,8437,16,16,8436,100,8336,0,25,None,0.0,0,1
2025-05-24,Transmission,Powertrain,132,132,11958,134,139,11965,277,11688,0,22,None,0.0,0,1
2025-05-24,Brake_Pads,Chassis,132,528,5656,474,493,5621,924,4697,0,12,None,0.0,0,1
2025-05-24,Wheels,Chassis,132,528,12073,575,561,12106,924,11182,0,10,None,0.0,0,1
2025-05-24,Tyres,Chassis,132,528,3067,504,487,3026,924,2102,0,9,None,0.0,0,1
2025-05-24,Seats,Interior,132,712,5059,627,623,4970,996,3974,0,14,None,0.0,0,1
2025-05-24,Nuts,Fastener_Cooling,132,14705,1252,14835,14993,1540,20587,-19047,0,6,None,0.0,0,1
2025-05-24,ECU,Electrical,132,132,15287,112,109,15264,277,14987,0,20,None,0.0,0,1
2025-05-24,Radiator,Fastener_Cooling,132,132,8815,118,114,8797,231,8566,0,15,None,0.0,0,1
2025-05-25,Engine,Powertrain,138,122,13978,111,112,13968,256,13712,0,18,None,0.0,0,1
2025-05-25,Battery,Powertrain,138,16,8436,15,15,8435,100,8335,0,25,None,0.0,0,1
2025-05-25,Transmission,Powertrain,138,138,11965,143,141,11968,289,11679,0,22,None,0.0,0,1
2025-05-25,Brake_Pads,Chassis,138,552,5621,541,551,5620,966,4654,0,12,None,0.0,0,1
2025-05-25,Wheels,Chassis,138,552,12106,520,516,12070,966,11104,0,10,None,0.0,0,1
2025-05-25,Tyres,Chassis,138,552,3026,539,555,3029,966,2063,0,9,None,0.0,0,1
2025-05-25,Seats,Interior,138,742,4970,797,830,5058,1038,4020,0,14,None,0.0,0,1
2025-05-25,Nuts,Fastener_Cooling,138,15320,1540,13407,13503,0,21448,-21448,0,6,None,0.0,0,1
2025-05-25,ECU,Electrical,138,138,15264,125,125,15251,289,14962,0,20,None,0.0,0,1
2025-05-25,Radiator,Fastener_Cooling,138,138,8797,124,129,8788,241,8547,0,15,None,0.0,0,1
2025-05-26,Engine,Powertrain,117,104,13968,92,88,13952,218,13734,0,18,None,0.0,0,0
2025-05-26,Battery,Powertrain,117,13,8435,13,12,8434,100,8334,0,25,None,0.0,0,0
2025-05-26,Transmission,Powertrain,117,117,11968,101,96,11947,245,11702,0,22,None,0.0,0,0
2025-05-26,Brake_Pads,Chassis,117,468,5620,494,490,5642,819,4823,0,12,None,0.0,0,0
2025-05-26,Wheels,Chassis,117,468,12070,401,417,12019,819,11200,0,10,None,0.0,0,0
2025-05-26,Tyres,Chassis,117,468,3029,425,431,2992,819,2173,0,9,None,0.0,0,0
2025-05-26,Seats,Interior,117,627,5058,684,682,5113,877,4236,0,14,None,0.0,0,0
2025-05-26,Nuts,Fastener_Cooling,117,12950,0,12173,12342,0,18130,-18130,0,6,None,0.0,0,0
2025-05-26,ECU,Electrical,117,117,15251,101,104,15238,245,14993,0,20,None,0.0,0,0
2025-05-26,Radiator,Fastener_Cooling,117,117,8788,113,113,8784,204,8580,0,15,None,0.0,0,0
2025-05-27,Engine,Powertrain,121,106,13952,104,99,13945,222,13723,0,18,None,0.0,0,0
2025-05-27,Battery,Powertrain,121,15,8434,14,14,8433,100,8333,0,25,None,0.0,0,0
2025-05-27,Transmission,Powertrain,121,121,11947,112,111,11937,254,11683,0,22,None,0.0,0,0
2025-05-27,Brake_Pads,Chassis,121,484,5642,467,457,5615,847,4768,0,12,None,0.0,0,0
2025-05-27,Wheels,Chassis,121,484,12019,447,449,11984,847,11137,0,10,None,0.0,0,0
2025-05-27,Tyres,Chassis,121,484,2992,475,480,2988,847,2141,0,9,None,0.0,0,0
2025-05-27,Seats,Interior,121,651,5113,660,690,5152,911,4241,0,14,None,0.0,0,0
2025-05-27,Nuts,Fastener_Cooling,121,13430,0,14110,14179,749,18802,-18053,0,6,None,0.0,0,0
2025-05-27,ECU,Electrical,121,121,15238,112,117,15234,254,14980,0,20,None,0.0,0,0
2025-05-27,Radiator,Fastener_Cooling,121,121,8784,107,102,8765,211,8554,0,15,None,0.0,0,0
2025-05-28,Engine,Powertrain,118,103,13945,103,104,13946,216,13730,0,18,None,0.0,0,0
2025-05-28,Battery,Powertrain,118,15,8433,15,14,8432,100,8332,0,25,None,0.0,0,0
2025-05-28,Transmission,Powertrain,118,118,11937,108,107,11926,247,11679,0,22,None,0.0,0,0
2025-05-28,Brake_Pads,Chassis,118,472,5615,444,453,5596,826,4770,0,12,None,0.0,0,0
2025-05-28,Wheels,Chassis,118,472,11984,463,458,11970,826,11144,0,10,None,0.0,0,0
2025-05-28,Tyres,Chassis,118,472,2988,474,471,2987,826,2161,0,9,None,0.0,0,0
2025-05-28,Seats,Interior,118,634,5152,635,629,5147,887,4260,0,14,None,0.0,0,0
2025-05-28,Nuts,Fastener_Cooling,118,13095,749,11167,11378,0,18333,-18333,0,6,None,0.0,0,0
2025-05-28,ECU,Electrical,118,118,15234,103,98,15214,247,14967,0,20,None,0.0,0,0
2025-05-28,Radiator,Fastener_Cooling,118,118,8765,104,107,8754,206,8548,0,15,None,0.0,0,0
2025-05-29,Engine,Powertrain,122,108,13946,101,102,13940,226,13714,0,18,None,0.0,0,0
2025-05-29,Battery,Powertrain,122,14,8432,11,10,8428,100,8328,0,25,None,0.0,0,0
2025-05-29,Transmission,Powertrain,122,122,11926,117,116,11920,256,11664,0,22,None,0.0,0,0
2025-05-29,Brake_Pads,Chassis,122,488,5596,517,510,5618,854,4764,0,12,None,0.0,0,0
2025-05-29,Wheels,Chassis,122,488,11970,422,421,11903,854,11049,0,10,None,0.0,0,0
2025-05-29,Tyres,Chassis,122,488,2987,471,451,2950,854,2096,0,9,None,0.0,0,0
2025-05-29,Seats,Interior,122,652,5147,602,588,5083,912,4171,0,14,None,0.0,0,0
2025-05-29,Nuts,Fastener_Cooling,122,13455,0,12974,12612,0,18837,-18837,0,6,None,0.0,0,0
2025-05-29,ECU,Electrical,122,122,15214,115,109,15201,256,14945,0,20,None,0.0,0,0
2025-05-29,Radiator,Fastener_Cooling,122,122,8754,120,121,8753,213,8540,0,15,None,0.0,0,0
2025-05-30,Engine,Powertrain,121,107,13940,97,97,13930,224,13706,0,18,None,0.0,0,0
2025-05-30,Battery,Powertrain,121,14,8428,14,14,8428,100,8328,0,25,None,0.0,0,0
2025-05-30,Transmission,Powertrain,121,121,11920,131,129,11928,254,11674,0,22,None,0.0,0,0
2025-05-30,Brake_Pads,Chassis,121,484,5618,445,443,5577,847,4730,0,12,None,0.0,0,0
2025-05-30,Wheels,Chassis,121,484,11903,419,428,11847,847,11000,0,10,None,0.0,0,0
2025-05-30,Tyres,Chassis,121,484,2950,431,421,2887,847,2040,0,9,None,0.0,0,0
2025-05-30,Seats,Interior,121,647,5083,707,706,5142,905,4237,0,14,None,0.0,0,0
2025-05-30,Nuts,Fastener_Cooling,121,13345,0,12050,11951,0,18683,-18683,0,6,None,0.0,0,0
2025-05-30,ECU,Electrical,121,121,15201,126,128,15208,254,14954,0,20,None,0.0,0,0
2025-05-30,Radiator,Fastener_Cooling,121,121,8753,125,130,8762,211,8551,0,15,None,0.0,0,0
2025-05-31,Engine,Powertrain,127,112,13930,111,107,13925,235,13690,0,18,None,0.0,0,1
2025-05-31,Battery,Powertrain,127,15,8428,14,13,8426,100,8326,0,25,None,0.0,0,1
2025-05-31,Transmission,Powertrain,127,127,11928,126,130,11931,266,11665,0,22,None,0.0,0,1
2025-05-31,Brake_Pads,Chassis,127,508,5577,551,555,5624,889,4735,0,12,None,0.0,0,1
2025-05-31,Wheels,Chassis,127,508,11847,450,431,11770,889,10881,0,10,None,0.0,0,1
2025-05-31,Tyres,Chassis,127,508,2887,530,552,2931,889,2042,0,9,None,0.0,0,1
2025-05-31,Seats,Interior,127,683,5142,740,743,5202,956,4246,0,14,None,0.0,0,1
2025-05-31,Nuts,Fastener_Cooling,127,14095,0,13167,13518,0,19733,-19733,0,6,None,0.0,0,1
2025-05-31,ECU,Electrical,127,127,15208,121,115,15196,266,14930,0,20,None,0.0,0,1
2025-05-31,Radiator,Fastener_Cooling,127,127,8762,136,137,8772,222,8550,0,15,None,0.0,0,1
2025-06-01,Engine,Powertrain,133,117,13925,127,125,13933,245,13688,0,18,None,0.0,0,1
2025-06-01,Battery,Powertrain,133,16,8426,16,15,8425,100,8325,0,25,None,0.0,0,1
2025-06-01,Transmission,Powertrain,133,133,11931,137,136,11934,279,11655,0,22,None,0.0,0,1
2025-06-01,Brake_Pads,Chassis,133,532,5624,454,470,5562,931,4631,0,12,None,0.0,0,1
2025-06-01,Wheels,Chassis,133,532,11770,565,571,11809,931,10878,0,10,None,0.0,0,1
2025-06-01,Tyres,Chassis,133,532,2931,500,495,2894,931,1963,0,9,None,0.0,0,1
2025-06-01,Seats,Interior,133,713,5202,703,712,5201,998,4203,0,14,None,0.0,0,1
2025-06-01,Nuts,Fastener_Cooling,133,14710,0,13510,14026,0,20594,-20594,0,6,None,0.0,0,1
2025-06-01,ECU,Electrical,133,133,15196,135,131,15194,279,14915,0,20,None,0.0,0,1
2025-06-01,Radiator,Fastener_Cooling,133,133,8772,137,134,8773,232,8541,0,15,None,0.0,0,1
2025-06-02,Engine,Powertrain,127,112,13933,113,114,13935,235,13700,0,18,None,0.0,0,0
2025-06-02,Battery,Powertrain,127,15,8425,16,16,8426,100,8326,0,25,None,0.0,0,0
2025-06-02,Transmission,Powertrain,127,127,11934,124,129,11936,266,11670,0,22,None,0.0,0,0
2025-06-02,Brake_Pads,Chassis,127,508,5562,469,490,5544,889,4655,0,12,None,0.0,0,0
2025-06-02,Wheels,Chassis,127,508,11809,552,545,11846,889,10957,0,10,None,0.0,0,0
2025-06-02,Tyres,Chassis,127,508,2894,489,486,2872,889,1983,0,9,None,0.0,0,0
2025-06-02,Seats,Interior,127,679,5201,695,725,5247,950,4297,0,14,None,0.0,0,0
2025-06-02,Nuts,Fastener_Cooling,127,14025,0,15406,15725,1700,19635,-17935,0,6,None,0.0,0,0
2025-06-02,ECU,Electrical,127,127,15194,121,117,15184,266,14918,0,20,None,0.0,0,0
2025-06-02,Radiator,Fastener_Cooling,127,127,8773,137,143,8789,222,8567,0,15,None,0.0,0,0
2025-06-03,Engine,Powertrain,119,104,13935,91,50,13881,218,13663,1,18,None,0.0,0,0
2025-06-03,Battery,Powertrain,119,15,8426,15,15,8426,100,8326,0,25,None,0.0,0,0
2025-06-03,Transmission,Powertrain,119,119,11936,118,123,11940,249,11691,0,22,None,0.0,0,0
2025-06-03,Brake_Pads,Chassis,119,476,5544,419,423,5491,833,4658,0,12,None,0.0,0,0
2025-06-03,Wheels,Chassis,119,476,11846,489,508,11878,833,11045,0,10,None,0.0,0,0
2025-06-03,Tyres,Chassis,119,476,2872,430,437,2833,833,2000,0,9,None,0.0,0,0
2025-06-03,Seats,Interior,119,639,5247,559,567,5175,894,4281,0,14,None,0.0,0,0
2025-06-03,Nuts,Fastener_Cooling,119,13215,1700,13947,13560,2045,18501,-16456,0,6,None,0.0,0,0
2025-06-03,ECU,Electrical,119,119,15184,121,121,15186,249,14937,0,20,None,0.0,0,0
2025-06-03,Radiator,Fastener_Cooling,119,119,8789,107,111,8781,208,8573,0,15,None,0.0,0,0
2025-06-04,Engine,Powertrain,119,106,13881,108,102,13877,222,13655,0,18,None,0.0,0,0
2025-06-04,Battery,Powertrain,119,13,8426,13,12,8425,100,8325,0,25,None,0.0,0,0
2025-06-04,Transmission,Powertrain,119,119,11940,106,101,11922,249,11673,0,22,None,0.0,0,0
2025-06-04,Brake_Pads,Chassis,119,476,5491,444,444,5459,833,4626,0,12,None,0.0,0,0
2025-06-04,Wheels,Chassis,119,476,11878,476,480,11882,833,11049,0,10,None,0.0,0,0
2025-06-04,Tyres,Chassis,119,476,2833,423,402,2759,833,1926,0,9,None,0.0,0,0
2025-06-04,Seats,Interior,119,647,5175,618,612,5140,905,4235,0,14,None,0.0,0,0
2025-06-04,Nuts,Fastener_Cooling,119,13305,2045,11686,11311,51,18627,-18576,0,6,None,0.0,0,0
2025-06-04,ECU,Electrical,119,119,15186,116,117,15184,249,14935,0,20,None,0.0,0,0
2025-06-04,Radiator,Fastener_Cooling,119,119,8781,125,123,8785,208,8577,0,15,None,0.0,0,0
2025-06-05,Engine,Powertrain,121,107,13877,103,102,13872,224,13648,0,18,None,0.0,0,0
2025-06-05,Battery,Powertrain,121,14,8425,12,11,8422,100,8322,0,25,None,0.0,0,0
2025-06-05,Transmission,Powertrain,121,121,11922,132,137,11938,254,11684,0,22,None,0.0,0,0
2025-06-05,Brake_Pads,Chassis,121,484,5459,465,445,5420,847,4573,0,12,None,0.0,0,0
2025-06-05,Wheels,Chassis,121,484,11882,434,424,11822,847,10975,0,10,None,0.0,0,0
2025-06-05,Tyres,Chassis,121,484,2759,442,457,2732,847,1885,0,9,None,0.0,0,0
2025-06-05,Seats,Interior,121,645,5140,683,694,5189,903,4286,0,14,None,0.0,0,0
2025-06-05,Nuts,Fastener_Cooling,121,13330,51,13507,13951,672,18662,-17990,0,6,None,0.0,0,0
2025-06-05,ECU,Electrical,121,121,15184,128,134,15197,254,14943,0,20,None,0.0,0,0
2025-06-05,Radiator,Fastener_Cooling,121,121,8785,130,127,8791,211,8580,0,15,None,0.0,0,0
2025-06-06,Engine,Powertrain,116,103,13872,110,104,13873,216,13657,0,18,None,0.0,0,0
2025-06-06,Battery,Powertrain,116,13,8422,12,12,8421,100,8321,0,25,None,0.0,0,0
2025-06-06,Transmission,Powertrain,116,116,11938,113,113,11935,243,11692,0,22,None,0.0,0,0
2025-06-06,Brake_Pads,Chassis,116,464,5420,509,511,5467,812,4655,0,12,None,0.0,0,0
2025-06-06,Wheels,Chassis,116,464,11822,493,475,11833,812,11021,0,10,None,0.0,0,0
2025-06-06,Tyres,Chassis,116,464,2732,426,444,2712,812,1900,0,9,None,0.0,0,0
2025-06-06,Seats,Interior,116,628,5189,629,617,5178,879,4299,0,14,None,0.0,0,0
2025-06-06,Nuts,Fastener_Cooling,116,12935,672,12841,12892,629,18109,-17480,0,6,None,0.0,0,0
2025-06-06,ECU,Electrical,116,116,15197,102,106,15187,243,14944,0,20,None,0.0,0,0
2025-06-06,Radiator,Fastener_Cooling,116,116,8791,102,106,8781,203,8578,0,15,None,0.0,0,0
2025-06-07,Engine,Powertrain,132,115,13873,118,114,13872,241,13631,0,18,None,0.0,0,1
2025-06-07,Battery,Powertrain,132,17,8421,14,14,8418,100,8318,0,25,None,0.0,0,1
2025-06-07,Transmission,Powertrain,132,132,11935,119,115,11918,277,11641,0,22,None,0.0,0,1
2025-06-07,Brake_Pads,Chassis,132,528,5467,454,436,5375,924,4451,0,12,None,0.0,0,1
2025-06-07,Wheels,Chassis,132,528,11833,459,460,11765,924,10841,0,10,None,0.0,0,1
2025-06-07,Tyres,Chassis,132,528,2712,451,445,2629,924,1705,0,9,None,0.0,0,1
2025-06-07,Seats,Interior,132,710,5178,775,752,5220,994,4226,0,14,None,0.0,0,1
2025-06-07,Nuts,Fastener_Cooling,132,14670,629,14940,15346,1305,20538,-19233,0,6,None,0.0,0,1
2025-06-07,ECU,Electrical,132,132,15187,118,118,15173,277,14896,0,20,None,0.0,0,1
2025-06-07,Radiator,Fastener_Cooling,132,132,8781,137,130,8779,231,8548,0,15,None,0.0,0,1
2025-06-08,Engine,Powertrain,129,113,13872,99,99,13858,237,13621,0,18,None,0.0,0,1
2025-06-08,Battery,Powertrain,129,16,8418,14,14,8416,100,8316,0,25,None,0.0,0,1
2025-06-08,Transmission,Powertrain,129,129,11918,116,110,11899,270,11629,0,22,None,0.0,0,1
2025-06-08,Brake_Pads,Chassis,129,516,5375,547,524,5383,903,4480,0,12,None,0.0,0,1
2025-06-08,Wheels,Chassis,129,516,11765,521,516,11765,903,10862,0,10,None,0.0,0,1
2025-06-08,Tyres,Chassis,129,516,2629,493,493,2606,903,1703,0,9,None,0.0,0,1
2025-06-08,Seats,Interior,129,693,5220,656,627,5154,970,4184,0,14,None,0.0,0,1
2025-06-08,Nuts,Fastener_Cooling,129,14320,1305,15663,8614,0,20048,-20048,1,6,None,0.0,0,1
2025-06-08,ECU,Electrical,129,129,15173,111,115,15159,270,14889,0,20,None,0.0,0,1
2025-06-08,Radiator,Fastener_Cooling,129,129,8779,136,131,8781,225,8556,0,15,None,0.0,0,1
2025-06-09,Engine,Powertrain,115,102,13858,104,106,13862,214,13648,0,18,None,0.0,0,0
2025-06-09,Battery,Powertrain,115,13,8416,12,11,8414,100,8314,0,25,None,0.0,0,0
2025-06-09,Transmission,Powertrain,115,115,11899,107,107,11891,241,11650,0,22,None,0.0,0,0
2025-06-09,Brake_Pads,Chassis,115,460,5383,490,510,5433,805,4628,0,12,None,0.0,0,0
2025-06-09,Wheels,Chassis,115,460,11765,408,423,11728,805,10923,0,10,None,0.0,0,0
2025-06-09,Tyres,Chassis,115,460,2606,397,394,2540,805,1735,0,9,None,0.0,0,0
2025-06-09,Seats,Interior,115,615,5154,545,534,5073,861,4212,0,14,None,0.0,0,0
2025-06-09,Nuts,Fastener_Cooling,115,12665,0,12722,12986,321,17731,-17410,0,6,None,0.0,0,0
2025-06-09,ECU,Electrical,115,115,15159,110,113,15157,241,14916,0,20,None,0.0,0,0
2025-06-09,Radiator,Fastener_Cooling,115,115,8781,110,110,8776,201,8575,0,15,None,0.0,0,0
2025-06-10,Engine,Powertrain,113,99,13862,103,98,13861,207,13654,0,18,None,0.0,0,0
2025-06-10,Battery,Powertrain,113,14,8414,13,13,8413,100,8313,0,25,None,0.0,0,0
2025-06-10,Transmission,Powertrain,113,113,11891,109,105,11883,237,11646,0,22,None,0.0,0,0
2025-06-10,Brake_Pads,Chassis,113,452,5433,439,456,5437,791,4646,0,12,None,0.0,0,0
2025-06-10,Wheels,Chassis,113,452,11728,439,455,11731,791,10940,0,10,None,0.0,0,0
2025-06-10,Tyres,Chassis,113,452,2540,491,484,2572,791,1781,0,9,None,0.0,0,0
2025-06-10,Seats,Interior,113,611,5073,663,668,5130,855,4275,0,14,None,0.0,0,0
2025-06-10,Nuts,Fastener_Cooling,113,12565,321,11972,11474,0,17591,-17591,0,6,None,0.0,0,0
2025-06-10,ECU,Electrical,113,113,15157,104,104,15148,237,14911,0,20,None,0.0,0,0
2025-06-10,Radiator,Fastener_Cooling,113,113,8776,111,106,8769,197,8572,0,15,None,0.0,0,0
2025-06-11,Engine,Powertrain,117,103,13861,99,54,13812,216,13596,1,18,None,0.0,0,0
2025-06-11,Battery,Powertrain,117,14,8413,15,14,8413,100,8313,0,25,None,0.0,0,0
2025-06-11,Transmission,Powertrain,117,117,11883,115,116,11882,245,11637,0,22,None,0.0,0,0
2025-06-11,Brake_Pads,Chassis,117,468,5437,484,466,5435,819,4616,0,12,None,0.0,0,0
2025-06-11,Wheels,Chassis,117,468,11731,439,442,11705,819,10886,0,10,None,0.0,0,0
2025-06-11,Tyres,Chassis,117,468,2572,491,492,2596,819,1777,0,9,None,0.0,0,0
2025-06-11,Seats,Interior,117,625,5130,639,637,5142,875,4267,0,14,None,0.0,0,0
2025-06-11,Nuts,Fastener_Cooling,117,12920,0,12415,12311,0,18088,-18088,0,6,None,0.0,0,0
2025-06-11,ECU,Electrical,117,117,15148,114,118,15149,245,14904,0,20,None,0.0,0,0
2025-06-11,Radiator,Fastener_Cooling,117,117,8769,113,109,8761,204,8557,0,15,None,0.0,0,0
2025-06-12,Engine,Powertrain,116,102,13812,91,50,13760,214,13546,1,18,None,0.0,0,0
2025-06-12,Battery,Powertrain,116,14,8413,12,12,8411,100,8311,0,25,None,0.0,0,0
2025-06-12,Transmission,Powertrain,116,116,11882,99,98,11864,243,11621,0,22,None,0.0,0,0
2025-06-12,Brake_Pads,Chassis,116,464,5435,433,450,5421,812,4609,0,12,None,0.0,0,0
2025-06-12,Wheels,Chassis,116,464,11705,497,505,11746,812,10934,0,10,None,0.0,0,0
2025-06-12,Tyres,Chassis,116,464,2596,439,447,2579,812,1767,0,9,None,0.0,0,0
2025-06-12,Seats,Interior,116,626,5142,564,589,5105,876,4229,0,14,None,0.0,0,0
2025-06-12,Nuts,Fastener_Cooling,116,12905,0,11200,10860,0,18067,-18067,0,6,None,0.0,0,0
2025-06-12,ECU,Electrical,116,116,15149,123,127,15160,243,14917,0,20,None,0.0,0,0
2025-06-12,Radiator,Fastener_Cooling,116,116,8761,100,96,8741,203,8538,0,15,None,0.0,0,0
2025-06-13,Engine,Powertrain,124,109,13760,107,109,13760,228,13532,0,18,None,0.0,0,0
2025-06-13,Battery,Powertrain,124,15,8411,13,12,8408,100,8308,0,25,None,0.0,0,0
2025-06-13,Transmission,Powertrain,124,124,11864,127,128,11868,260,11608,0,22,None,0.0,0,0
2025-06-13,Brake_Pads,Chassis,124,496,5421,439,458,5383,868,4515,0,12,None,0.0,0,0
2025-06-13,Wheels,Chassis,124,496,11746,464,442,11692,868,10824,0,10,None,0.0,0,0
2025-06-13,Tyres,Chassis,124,496,2579,446,433,2516,868,1648,0,9,None,0.0,0,0
2025-06-13,Seats,Interior,124,670,5105,700,717,5152,938,4214,0,14,None,0.0,0,0
2025-06-13,Nuts,Fastener_Cooling,124,13780,0,14232,14910,1130,19292,-18162,0,6,None,0.0,0,0
2025-06-13,ECU,Electrical,124,124,15160,136,134,15170,260,14910,0,20,None,0.0,0,0
2025-06-13,Radiator,Fastener_Cooling,124,124,8741,123,116,8733,217,8516,0,15,None,0.0,0,0
2025-06-14,Engine,Powertrain,126,110,13760,105,107,13757,231,13526,0,18,None,0.0,0,1
2025-06-14,Battery,Powertrain,126,16,8408,14,13,8405,100,8305,0,25,None,0.0,0,1
2025-06-14,Transmission,Powertrain,126,126,11868,118,115,11857,264,11593,0,22,None,0.0,0,1
2025-06-14,Brake_Pads,Chassis,126,504,5383,516,500,5379,882,4497,0,12,None,0.0,0,1
2025-06-14,Wheels,Chassis,126,504,11692,428,429,11617,882,10735,0,10,None,0.0,0,1
2025-06-14,Tyres,Chassis,126,504,2516,499,518,2530,882,1648,0,9,None,0.0,0,1
2025-06-14,Seats,Interior,126,676,5152,605,574,5050,946,4104,0,14,None,0.0,0,1
2025-06-14,Nuts,Fastener_Cooling,126,13965,1130,13674,14087,1252,19551,-18299,0,6,None,0.0,0,1
2025-06-14,ECU,Electrical,126,126,15170,138,142,15186,264,14922,0,20,None,0.0,0,1
2025-06-14,Radiator,Fastener_Cooling,126,126,8733,124,129,8736,220,8516,0,15,None,0.0,0,1
2025-06-15,Engine,Powertrain,131,115,13757,119,123,13765,241,13524,0,18,None,0.0,0,1
2025-06-15,Battery,Powertrain,131,16,8405,16,16,8405,100,8305,0,25,None,0.0,0,1
2025-06-15,Transmission,Powertrain,131,131,11857,119,120,11846,275,11571,0,22,None,0.0,0,1
2025-06-15,Brake_Pads,Chassis,131,524,5379,565,548,5403,917,4486,0,12,None,0.0,0,1
2025-06-15,Wheels,Chassis,131,524,11617,448,452,11545,917,10628,0,10,None,0.0,0,1
2025-06-15,Tyres,Chassis,131,524,2530,571,576,2582,917,1665,0,9,None,0.0,0,1
2025-06-15,Seats,Interior,131,707,5050,669,683,5026,989,4037,0,14,None,0.0,0,1
2025-06-15,Nuts,Fastener_Cooling,131,14600,1252,12533,12953,0,20440,-20440,0,6,None,0.0,0,1
2025-06-15,ECU,Electrical,131,131,15186,133,132,15187,275,14912,0,20,None,0.0,0,1
2025-06-15,Radiator,Fastener_Cooling,131,131,8736,116,111,8716,229,8487,0,15,None,0.0,0,1
2025-06-16,Engine,Powertrain,115,101,13765,101,101,13765,212,13553,0,18,None,0.0,0,0
2025-06-16,Battery,Powertrain,115,14,8405,14,14,8405,100,8305,0,25,None,0.0,0,0
2025-06-16,Transmission,Powertrain,115,115,11846,114,116,11847,241,11606,0,22,None,0.0,0,0
2025-06-16,Brake_Pads,Chassis,115,460,5403,420,411,5354,805,4549,0,12,None,0.0,0,0
2025-06-16,Wheels,Chassis,115,460,11545,440,460,11545,805,10740,0,10,None,0.0,0,0
2025-06-16,Tyres,Chassis,115,460,2582,435,419,2541,805,1736,0,9,None,0.0,0,0
2025-06-16,Seats,Interior,115,619,5026,600,607,5014,866,4148,0,14,None,0.0,0,0
2025-06-16,Nuts,Fastener_Cooling,115,12790,0,11124,11439,0,17906,-17906,0,6,None,0.0,0,0
2025-06-16,ECU,Electrical,115,115,15187,115,112,15184,241,14943,0,20,None,0.0,0,0
2025-06-16,Radiator,Fastener_Cooling,115,115,8716,117,121,8722,201,8521,0,15,None,0.0,0,0
2025-06-17,Engine,Powertrain,121,107,13765,115,119,13777,224,13553,0,18,None,0.0,0,0
2025-06-17,Battery,Powertrain,121,14,8405,14,13,8404,100,8304,0,25,None,0.0,0,0
2025-06-17,Transmission,Powertrain,121,121,11847,122,116,11842,254,11588,0,22,None,0.0,0,0
2025-06-17,Brake_Pads,Chassis,121,484,5354,491,513,5383,847,4536,0,12,None,0.0,0,0
2025-06-17,Wheels,Chassis,121,484,11545,414,396,11457,847,10610,0,10,None,0.0,0,0
2025-06-17,Tyres,Chassis,121,484,2541,523,287,2344,847,1497,1,9,None,0.0,0,0
2025-06-17,Seats,Interior,121,645,5014,659,653,5022,903,4119,0,14,None,0.0,0,0
2025-06-17,Nuts,Fastener_Cooling,121,13330,0,12929,13496,166,18662,-18496,0,6,None,0.0,0,0
2025-06-17,ECU,Electrical,121,121,15184,131,130,15193,254,14939,0,20,None,0.0,0,0
2025-06-17,Radiator,Fastener_Cooling,121,121,8722,112,113,8714,211,8503,0,15,None,0.0,0,0
2025-06-18,Engine,Powertrain,121,107,13777,103,103,13773,224,13549,0,18,None,0.0,0,0
2025-06-18,Battery,Powertrain,121,14,8404,15,14,8404,100,8304,0,25,None,0.0,0,0
2025-06-18,Transmission,Powertrain,121,121,11842,124,126,11847,254,11593,0,22,None,0.0,0,0
2025-06-18,Brake_Pads,Chassis,121,484,5383,451,454,5353,847,4506,0,12,None,0.0,0,0
2025-06-18,Wheels,Chassis,121,484,11457,448,439,11412,847,10565,0,10,None,0.0,0,0
2025-06-18,Tyres,Chassis,121,484,2344,437,454,2314,847,1467,0,9,None,0.0,0,0
2025-06-18,Seats,Interior,121,647,5022,694,683,5058,905,4153,0,14,None,0.0,0,0
2025-06-18,Nuts,Fastener_Cooling,121,13355,166,13305,12892,0,18697,-18697,0,6,None,0.0,0,0
2025-06-18,ECU,Electrical,121,121,15193,114,113,15185,254,14931,0,20,None,0.0,0,0
2025-06-18,Radiator,Fastener_Cooling,121,121,8714,111,108,8701,211,8490,0,15,None,0.0,0,0
2025-06-19,Engine,Powertrain,123,109,13773,100,101,13765,228,13537,0,18,None,0.0,0,0
2025-06-19,Battery,Powertrain,123,14,8404,14,14,8404,100,8304,0,25,None,0.0,0,0
2025-06-19,Transmission,Powertrain,123,123,11847,109,107,11831,258,11573,0,22,None,0.0,0,0
2025-06-19,Brake_Pads,Chassis,123,492,5353,514,491,5352,861,4491,0,12,None,0.0,0,0
2025-06-19,Wheels,Chassis,123,492,11412,523,543,11463,861,10602,0,10,None,0.0,0,0
2025-06-19,Tyres,Chassis,123,492,2314,479,476,2298,861,1437,0,9,None,0.0,0,0
2025-06-19,Seats,Interior,123,661,5058,599,577,4974,925,4049,0,14,None,0.0,0,0
2025-06-19,Nuts,Fastener_Cooling,123,13605,0,13368,13502,0,19047,-19047,0,6,None,0.0,0,0
2025-06-19,ECU,Electrical,123,123,15185,133,138,15200,258,14942,0,20,None,0.0,0,0
2025-06-19,Radiator,Fastener_Cooling,123,123,8701,114,110,8688,215,8473,0,15,None,0.0,0,0
2025-06-20,Engine,Powertrain,118,104,13765,110,115,13776,218,13558,0,18,None,0.0,0,0
2025-06-20,Battery,Powertrain,118,14,8404,13,12,8402,100,8302,0,25,None,0.0,0,0
2025-06-20,Transmission,Powertrain,118,118,11831,119,119,11832,247,11585,0,22,None,0.0,0,0
2025-06-20,Brake_Pads,Chassis,118,472,5352,427,422,5302,826,4476,0,12,None,0.0,0,0
2025-06-20,Wheels,Chassis,118,472,11463,497,513,11504,826,10678,0,10,None,0.0,0,0
2025-06-20,Tyres,Chassis,118,472,2298,462,450,2276,826,1450,0,9,None,0.0,0,0
2025-06-20,Seats,Interior,118,636,4974,692,677,5015,890,4125,0,14,None,0.0,0,0
2025-06-20,Nuts,Fastener_Cooling,118,13135,0,11238,11425,0,18389,-18389,0,6,None,0.0,0,0
2025-06-20,ECU,Electrical,118,118,15200,104,100,15182,247,14935,0,20,None,0.0,0,0
2025-06-20,Radiator,Fastener_Cooling,118,118,8688,113,109,8679,206,8473,0,15,None,0.0,0,0
2025-06-21,Engine,Powertrain,131,115,13776,99,94,13755,241,13514,0,18,None,0.0,0,1
2025-06-21,Battery,Powertrain,131,16,8402,14,13,8399,100,8299,0,25,None,0.0,0,1
2025-06-21,Transmission,Powertrain,131,131,11832,116,118,11819,275,11544,0,22,None,0.0,0,1
2025-06-21,Brake_Pads,Chassis,131,524,5302,469,476,5254,917,4337,0,12,None,0.0,0,1
2025-06-21,Wheels,Chassis,131,524,11504,560,547,11527,917,10610,0,10,None,0.0,0,1
2025-06-21,Tyres,Chassis,131,524,2276,502,484,2236,917,1319,0,9,None,0.0,0,1
2025-06-21,Seats,Interior,131,701,5015,655,665,4979,981,3998,0,14,None,0.0,0,1
2025-06-21,Nuts,Fastener_Cooling,131,14495,0,13350,13828,0,20293,-20293,0,6,None,0.0,0,1
2025-06-21,ECU,Electrical,131,131,15182,116,116,15167,275,14892,0,20,None,0.0,0,1
2025-06-21,Radiator,Fastener_Cooling,131,131,8679,137,133,8681,229,8452,0,15,None,0.0,0,1
2025-06-22,Engine,Powertrain,138,124,13755,130,134,13765,260,13505,0,18,None,0.0,0,1
2025-06-22,Battery,Powertrain,138,14,8399,12,12,8397,100,8297,0,25,None,0.0,0,1
2025-06-22,Transmission,Powertrain,138,138,11819,133,138,11819,289,11530,0,22,None,0.0,0,1
2025-06-22,Brake_Pads,Chassis,138,552,5254,585,567,5269,966,4303,0,12,None,0.0,0,1
2025-06-22,Wheels,Chassis,138,552,11527,586,602,11577,966,10611,0,10,None,0.0,0,1
2025-06-22,Tyres,Chassis,138,552,2236,578,582,2266,966,1300,0,9,None,0.0,0,1
2025-06-22,Seats,Interior,138,740,4979,780,799,5038,1036,4002,0,14,None,0.0,0,1
2025-06-22,Nuts,Fastener_Cooling,138,15215,0,15207,15785,570,21301,-20731,0,6,None,0.0,0,1
2025-06-22,ECU,Electrical,138,138,15167,142,78,15107,289,14818,1,20,None,0.0,0,1
2025-06-22,Radiator,Fastener_Cooling,138,138,8681,146,141,8684,241,8443,0,15,None,0.0,0,1
2025-06-23,Engine,Powertrain,120,106,13765,93,94,13753,222,13531,0,18,None,0.0,0,0
2025-06-23,Battery,Powertrain,120,14,8397,14,14,8397,100,8297,0,25,None,0.0,0,0
2025-06-23,Transmission,Powertrain,120,120,11819,121,125,11824,252,11572,0,22,None,0.0,0,0
2025-06-23,Brake_Pads,Chassis,120,480,5269,410,410,5199,840,4359,0,12,None,0.0,0,0
2025-06-23,Wheels,Chassis,120,480,11577,468,472,11569,840,10729,0,10,None,0.0,0,0
2025-06-23,Tyres,Chassis,120,480,2266,512,490,2276,840,1436,0,9,None,0.0,0,0
2025-06-23,Seats,Interior,120,646,5038,649,671,5063,904,4159,0,14,None,0.0,0,0
2025-06-23,Nuts,Fastener_Cooling,120,13325,570,11792,11906,0,18655,-18655,0,6,None,0.0,0,0
2025-06-23,ECU,Electrical,120,120,15107,109,113,15100,252,14848,0,20,None,0.0,0,0
2025-06-23,Radiator,Fastener_Cooling,120,120,8684,103,98,8662,210,8452,0,15,None,0.0,0,0
2025-06-24,Engine,Powertrain,121,107,13753,94,93,13739,224,13515,0,18,None,0.0,0,0
2025-06-24,Battery,Powertrain,121,14,8397,13,12,8395,100,8295,0,25,None,0.0,0,0
2025-06-24,Transmission,Powertrain,121,121,11824,132,138,11841,254,11587,0,22,None,0.0,0,0
2025-06-24,Brake_Pads,Chassis,121,484,5199,455,463,5178,847,4331,0,12,None,0.0,0,0
2025-06-24,Wheels,Chassis,121,484,11569,505,510,11595,847,10748,0,10,None,0.0,0,0
2025-06-24,Tyres,Chassis,121,484,2276,461,477,2269,847,1422,0,9,None,0.0,0,0
2025-06-24,Seats,Interior,121,653,5063,670,684,5094,914,4180,0,14,None,0.0,0,0
2025-06-24,Nuts,Fastener_Cooling,121,13470,0,12444,12563,0,18858,-18858,0,6,None,0.0,0,0
2025-06-24,ECU,Electrical,121,121,15100,120,115,15094,254,14840,0,20,None,0.0,0,0
2025-06-24,Radiator,Fastener_Cooling,121,121,8662,125,121,8662,211,8451,0,15,None,0.0,0,0
2025-06-25,Engine,Powertrain,120,104,13739,107,109,13744,218,13526,0,18,None,0.0,0,0
2025-06-25,Battery,Powertrain,120,16,8395,15,15,8394,100,8294,0,25,None,0.0,0,0
2025-06-25,Transmission,Powertrain,120,120,11841,118,114,11835,252,11583,0,22,None,0.0,0,0
2025-06-25,Brake_Pads,Chassis,120,480,5178,523,513,5211,840,4371,0,12,None,0.0,0,0
2025-06-25,Wheels,Chassis,120,480,11595,433,448,11563,840,10723,0,10,None,0.0,0,0
2025-06-25,Tyres,Chassis,120,480,2269,503,519,2308,840,1468,0,9,None,0.0,0,0
2025-06-25,Seats,Interior,120,644,5094,672,668,5118,901,4217,0,14,None,0.0,0,0
2025-06-25,Nuts,Fastener_Cooling,120,13300,0,14275,14208,908,18620,-17712,0,6,None,0.0,0,0
2025-06-25,ECU,Electrical,120,120,15094,121,122,15096,252,14844,0,20,None,0.0,0,0
2025-06-25,Radiator,Fastener_Cooling,120,120,8662,112,114,8656,210,8446,0,15,None,0.0,0,0
2025-06-26,Engine,Powertrain,125,110,13744,106,102,13736,231,13505,0,18,None,0.0,0,0
2025-06-26,Battery,Powertrain,125,15,8394,15,14,8393,100,8293,0,25,None,0.0,0,0
2025-06-26,Transmission,Powertrain,125,125,11835,130,127,11837,262,11575,0,22,None,0.0,0,0
2025-06-26,Brake_Pads,Chassis,125,500,5211,495,494,5205,875,4330,0,12,None,0.0,0,0
2025-06-26,Wheels,Chassis,125,500,11563,520,503,11566,875,10691,0,10,None,0.0,0,0
2025-06-26,Tyres,Chassis,125,500,2308,520,502,2310,875,1435,0,9,None,0.0,0,0
2025-06-26,Seats,Interior,125,671,5118,681,713,5160,939,4221,0,14,None,0.0,0,0
2025-06-26,Nuts,Fastener_Cooling,125,13850,908,13123,13280,338,19390,-19052,0,6,None,0.0,0,0
2025-06-26,ECU,Electrical,125,125,15096,129,128,15099,262,14837,0,20,None,0.0,0,0
2025-06-26,Radiator,Fastener_Cooling,125,125,8656,115,120,8651,218,8433,0,15,None,0.0,0,0
2025-06-27,Engine,Powertrain,124,110,13736,94,91,13717,231,13486,0,18,None,0.0,0,0
2025-06-27,Battery,Powertrain,124,14,8393,14,13,8392,100,8292,0,25,None,0.0,0,0
2025-06-27,Transmission,Powertrain,124,124,11837,113,109,11822,260,11562,0,22,None,0.0,0,0
2025-06-27,Brake_Pads,Chassis,124,496,5205,476,476,5185,868,4317,0,12,None,0.0,0,0
2025-06-27,Wheels,Chassis,124,496,11566,435,430,11500,868,10632,0,10,None,0.0,0,0
2025-06-27,Tyres,Chassis,124,496,2310,492,493,2307,868,1439,0,9,None,0.0,0,0
2025-06-27,Seats,Interior,124,668,5160,570,578,5070,935,4135,0,14,None,0.0,0,0
2025-06-27,Nuts,Fastener_Cooling,124,13770,338,13385,13486,54,19278,-19224,0,6,None,0.0,0,0
2025-06-27,ECU,Electrical,124,124,15099,129,126,15101,260,14841,0,20,None,0.0,0,0
2025-06-27,Radiator,Fastener_Cooling,124,124,8651,122,122,8649,217,8432,0,15,None,0.0,0,0
2025-06-28,Engine,Powertrain,132,116,13717,111,115,13716,243,13473,0,18,None,0.0,0,1
2025-06-28,Battery,Powertrain,132,16,8392,15,14,8390,100,8290,0,25,None,0.0,0,1
2025-06-28,Transmission,Powertrain,132,132,11822,121,120,11810,277,11533,0,22,None,0.0,0,1
2025-06-28,Brake_Pads,Chassis,132,528,5185,473,449,5106,924,4182,0,12,None,0.0,0,1
2025-06-28,Wheels,Chassis,132,528,11500,506,483,11455,924,10531,0,10,None,0.0,0,1
2025-06-28,Tyres,Chassis,132,528,2307,480,468,2247,924,1323,0,9,None,0.0,0,1
2025-06-28,Seats,Interior,132,712,5070,659,658,5016,996,4020,0,14,None,0.0,0,1
2025-06-28,Nuts,Fastener_Cooling,132,14690,54,15977,16415,1779,20566,-18787,0,6,None,0.0,0,1
2025-06-28,ECU,Electrical,132,132,15101,136,133,15102,277,14825,0,20,None,0.0,0,1
2025-06-28,Radiator,Fastener_Cooling,132,132,8649,126,126,8643,231,8412,0,15,None,0.0,0,1
2025-06-29,Engine,Powertrain,134,118,13716,112,114,13712,247,13465,0,18,None,0.0,0,1
2025-06-29,Battery,Powertrain,134,16,8390,17,17,8391,100,8291,0,25,None,0.0,0,1
2025-06-29,Transmission,Powertrain,134,134,11810,131,129,11805,281,11524,0,22,None,0.0,0,1
2025-06-29,Brake_Pads,Chassis,134,536,5106,470,488,5058,938,4120,0,12,None,0.0,0,1
2025-06-29,Wheels,Chassis,134,536,11455,484,473,11392,938,10454,0,10,None,0.0,0,1
2025-06-29,Tyres,Chassis,134,536,2247,491,496,2207,938,1269,0,9,None,0.0,0,1
2025-06-29,Seats,Interior,134,722,5016,732,738,5032,1010,4022,0,14,None,0.0,0,1
2025-06-29,Nuts,Fastener_Cooling,134,14910,1779,13832,13624,493,20874,-20381,0,6,None,0.0,0,1
2025-06-29,ECU,Electrical,134,134,15102,129,133,15101,281,14820,0,20,None,0.0,0,1
2025-06-29,Radiator,Fastener_Cooling,134,134,8643,146,138,8647,234,8413,0,15,None,0.0,0,1
2025-06-30,Engine,Powertrain,118,103,13712,105,109,13718,216,13502,0,18,None,0.0,0,0
2025-06-30,Battery,Powertrain,118,15,8391,15,14,8390,100,8290,0,25,None,0.0,0,0
2025-06-30,Transmission,Powertrain,118,118,11805,123,118,11805,247,11558,0,22,None,0.0,0,0
2025-06-30,Brake_Pads,Chassis,118,472,5058,437,430,5016,826,4190,0,12,None,0.0,0,0
2025-06-30,Wheels,Chassis,118,472,11392,410,415,11335,826,10509,0,10,None,0.0,0,0
2025-06-30,Tyres,Chassis,118,472,2207,412,401,2136,826,1310,0,9,None,0.0,0,0
2025-06-30,Seats,Interior,118,636,5032,622,342,4738,890,3848,1,14,None,0.0,0,0
2025-06-30,Nuts,Fastener_Cooling,118,13110,493,14179,13991,1374,18354,-16980,0,6,None,0.0,0,0
2025-06-30,ECU,Electrical,118,118,15101,101,99,15082,247,14835,0,20,None,0.0,0,0
2025-06-30,Radiator,Fastener_Cooling,118,118,8647,126,122,8651,206,8445,0,15,None,0.0,0,0
2025-07-01,Engine,Powertrain,118,103,13718,99,102,13717,216,13501,0,18,None,0.0,0,0
2025-07-01,Battery,Powertrain,118,15,8390,15,14,8389,100,8289,0,25,None,0.0,0,0
2025-07-01,Transmission,Powertrain,118,118,11805,106,103,11790,247,11543,0,22,None,0.0,0,0
2025-07-01,Brake_Pads,Chassis,118,472,5016,514,519,5063,826,4237,0,12,None,0.0,0,0
2025-07-01,Wheels,Chassis,118,472,11335,429,435,11298,826,10472,0,10,None,0.0,0,0
2025-07-01,Tyres,Chassis,118,472,2136,412,395,2059,826,1233,0,9,None,0.0,0,0
2025-07-01,Seats,Interior,118,634,4738,599,625,4729,887,3842,0,14,None,0.0,0,0
2025-07-01,Nuts,Fastener_Cooling,118,13095,1374,13394,13831,2110,18333,-16223,0,6,None,0.0,0,0
2025-07-01,ECU,Electrical,118,118,15082,105,102,15066,247,14819,0,20,None,0.0,0,0
2025-07-01,Radiator,Fastener_Cooling,118,118,8651,113,109,8642,206,8436,0,15,None,0.0,0,0
2025-07-02,Engine,Powertrain,116,101,13717,95,99,13715,212,13503,0,18,None,0.0,0,0
2025-07-02,Battery,Powertrain,116,15,8389,15,15,8389,100,8289,0,25,None,0.0,0,0
2025-07-02,Transmission,Powertrain,116,116,11790,101,100,11774,243,11531,0,22,None,0.0,0,0
2025-07-02,Brake_Pads,Chassis,116,464,5063,405,401,5000,812,4188,0,12,None,0.0,0,0
2025-07-02,Wheels,Chassis,116,464,11298,431,449,11283,812,10471,0,10,None,0.0,0,0
2025-07-02,Tyres,Chassis,116,464,2059,401,405,2000,812,1188,0,9,None,0.0,0,0
2025-07-02,Seats,Interior,116,626,4729,601,624,4727,876,3851,0,14,None,0.0,0,0
2025-07-02,Nuts,Fastener_Cooling,116,12920,2110,14009,14701,3891,18088,-14197,0,6,None,0.0,0,0
2025-07-02,ECU,Electrical,116,116,15066,108,105,15055,243,14812,0,20,None,0.0,0,0
2025-07-02,Radiator,Fastener_Cooling,116,116,8642,103,98,8624,203,8421,0,15,None,0.0,0,0
2025-07-03,Engine,Powertrain,124,111,13715,112,106,13710,233,13477,0,18,None,0.0,0,0
2025-07-03,Battery,Powertrain,124,13,8389,13,12,8388,100,8288,0,25,None,0.0,0,0
2025-07-03,Transmission,Powertrain,124,124,11774,106,101,11751,260,11491,0,22,None,0.0,0,0
2025-07-03,Brake_Pads,Chassis,124,496,5000,437,435,4939,868,4071,0,12,None,0.0,0,0
2025-07-03,Wheels,Chassis,124,496,11283,459,469,11256,868,10388,0,10,None,0.0,0,0
2025-07-03,Tyres,Chassis,124,496,2000,469,489,1993,868,1125,0,9,None,0.0,0,0
2025-07-03,Seats,Interior,124,662,4727,663,658,4723,926,3797,0,14,None,0.0,0,0
2025-07-03,Nuts,Fastener_Cooling,124,13640,3891,13001,13059,3310,19096,-15786,0,6,None,0.0,0,0
2025-07-03,ECU,Electrical,124,124,15055,134,128,15059,260,14799,0,20,None,0.0,0,0
2025-07-03,Radiator,Fastener_Cooling,124,124,8624,128,130,8630,217,8413,0,15,None,0.0,0,0
2025-07-04,Engine,Powertrain,123,109,13710,101,99,13700,228,13472,0,18,None,0.0,0,0
2025-07-04,Battery,Powertrain,123,14,8388,12,12,8386,100,8286,0,25,None,0.0,0,0
2025-07-04,Transmission,Powertrain,123,123,11751,131,127,11755,258,11497,0,22,None,0.0,0,0
2025-07-04,Brake_Pads,Chassis,123,492,4939,428,443,4890,861,4029,0,12,None,0.0,0,0
2025-07-04,Wheels,Chassis,123,492,11256,494,511,11275,861,10414,0,10,None,0.0,0,0
2025-07-04,Tyres,Chassis,123,492,1993,480,478,1979,861,1118,0,9,None,0.0,0,0
2025-07-04,Seats,Interior,123,663,4723,682,702,4762,928,3834,0,14,None,0.0,0,0
2025-07-04,Nuts,Fastener_Cooling,123,13680,3310,12818,12731,2361,19152,-16791,0,6,None,0.0,0,0
2025-07-04,ECU,Electrical,123,123,15059,127,127,15063,258,14805,0,20,None,0.0,0,0
2025-07-04,Radiator,Fastener_Cooling,123,123,8630,123,67,8574,215,8359,1,15,None,0.0,0,0
2025-07-05,Engine,Powertrain,128,112,13700,115,111,13699,235,13464,0,18,None,0.0,0,1
2025-07-05,Battery,Powertrain,128,16,8386,13,7,8377,100,8277,1,25,None,0.0,0,1
2025-07-05,Transmission,Powertrain,128,128,11755,132,133,11760,268,11492,0,22,None,0.0,0,1
2025-07-05,Brake_Pads,Chassis,128,512,4890,510,280,4658,896,3762,1,12,None,0.0,0,1
2025-07-05,Wheels,Chassis,128,512,11275,537,523,11286,896,10390,0,10,None,0.0,0,1
2025-07-05,Tyres,Chassis,128,512,1979,516,522,1989,896,1093,0,9,None,0.0,0,1
2025-07-05,Seats,Interior,128,686,4762,585,566,4642,960,3682,0,14,None,0.0,0,1
2025-07-05,Nuts,Fastener_Cooling,128,14165,2361,14224,14335,2531,19831,-17300,0,6,None,0.0,0,1
2025-07-05,ECU,Electrical,128,128,15063,111,109,15044,268,14776,0,20,None,0.0,0,1
2025-07-05,Radiator,Fastener_Cooling,128,128,8574,112,116,8562,224,8338,0,15,None,0.0,0,1
2025-07-06,Engine,Powertrain,137,121,13699,123,120,13698,254,13444,0,18,None,0.0,0,1
2025-07-06,Battery,Powertrain,137,16,8377,16,15,8376,100,8276,0,25,None,0.0,0,1
2025-07-06,Transmission,Powertrain,137,137,11760,149,150,11773,287,11486,0,22,None,0.0,0,1
2025-07-06,Brake_Pads,Chassis,137,548,4658,572,314,4424,959,3465,1,12,None,0.0,0,1
2025-07-06,Wheels,Chassis,137,548,11286,503,519,11257,959,10298,0,10,None,0.0,0,1
2025-07-06,Tyres,Chassis,137,548,1989,474,468,1909,959,950,0,9,None,0.0,0,1
2025-07-06,Seats,Interior,137,733,4642,787,815,4724,1026,3698,0,14,None,0.0,0,1
2025-07-06,Nuts,Fastener_Cooling,137,15180,2531,13064,12476,0,21252,-21252,0,6,None,0.0,0,1
2025-07-06,ECU,Electrical,137,137,15044,122,117,15024,287,14737,0,20,None,0.0,0,1
2025-07-06,Radiator,Fastener_Cooling,137,137,8562,140,142,8567,239,8328,0,15,None,0.0,0,1
2025-07-07,Engine,Powertrain,120,104,13698,90,92,13686,218,13468,0,18,None,0.0,0,0
2025-07-07,Battery,Powertrain,120,16,8376,14,14,8374,100,8274,0,25,None,0.0,0,0
2025-07-07,Transmission,Powertrain,120,120,11773,105,108,11761,252,11509,0,22,None,0.0,0,0
2025-07-07,Brake_Pads,Chassis,120,480,4424,482,500,4444,840,3604,0,12,None,0.0,0,0
2025-07-07,Wheels,Chassis,120,480,11257,478,470,11247,840,10407,0,10,None,0.0,0,0
2025-07-07,Tyres,Chassis,120,480,1909,508,533,1962,840,1122,0,9,None,0.0,0,0
2025-07-07,Seats,Interior,120,644,4724,674,687,4767,901,3866,0,14,None,0.0,0,0
2025-07-07,Nuts,Fastener_Cooling,120,13300,0,12113,12020,0,18620,-18620,0,6,None,0.0,0,0
2025-07-07,ECU,Electrical,120,120,15024,118,119,15023,252,14771,0,20,None,0.0,0,0
2025-07-07,Radiator,Fastener_Cooling,120,120,8567,127,131,8578,210,8368,0,15,None,0.0,0,0
2025-07-08,Engine,Powertrain,121,108,13686,113,115,13693,226,13467,0,18,None,0.0,0,0
2025-07-08,Battery,Powertrain,121,13,8374,13,12,8373,100,8273,0,25,None,0.0,0,0
2025-07-08,Transmission,Powertrain,121,121,11761,106,106,11746,254,11492,0,22,None,0.0,0,0
2025-07-08,Brake_Pads,Chassis,121,484,4444,496,513,4473,847,3626,0,12,None,0.0,0,0
2025-07-08,Wheels,Chassis,121,484,11247,425,233,10996,847,10149,1,10,None,0.0,0,0
2025-07-08,Tyres,Chassis,121,484,1962,440,450,1928,847,1081,0,9,None,0.0,0,0
2025-07-08,Seats,Interior,121,651,4767,673,641,4757,911,3846,0,14,None,0.0,0,0
2025-07-08,Nuts,Fastener_Cooling,121,13410,0,14622,14430,1020,18774,-17754,0,6,None,0.0,0,0
2025-07-08,ECU,Electrical,121,121,15023,111,116,15018,254,14764,0,20,None,0.0,0,0
2025-07-08,Radiator,Fastener_Cooling,121,121,8578,112,108,8565,211,8354,0,15,None,0.0,0,0
2025-07-09,Engine,Powertrain,119,105,13693,104,101,13689,220,13469,0,18,None,0.0,0,0
2025-07-09,Battery,Powertrain,119,14,8373,14,13,8372,100,8272,0,25,None,0.0,0,0
2025-07-09,Transmission,Powertrain,119,119,11746,119,122,11749,249,11500,0,22,None,0.0,0,0
2025-07-09,Brake_Pads,Chassis,119,476,4473,504,480,4477,833,3644,0,12,None,0.0,0,0
2025-07-09,Wheels,Chassis,119,476,10996,414,410,10930,833,10097,0,10,None,0.0,0,0
2025-07-09,Tyres,Chassis,119,476,1928,475,495,1947,833,1114,0,9,None,0.0,0,0
2025-07-09,Seats,Interior,119,641,4757,594,605,4721,897,3824,0,14,None,0.0,0,0
2025-07-09,Nuts,Fastener_Cooling,119,13225,1020,14405,13805,1600,18515,-16915,0,6,None,0.0,0,0
2025-07-09,ECU,Electrical,119,119,15018,113,111,15010,249,14761,0,20,None,0.0,0,0
2025-07-09,Radiator,Fastener_Cooling,119,119,8565,109,103,8549,208,8341,0,15,None,0.0,0,0
2025-07-10,Engine,Powertrain,84,75,13689,65,63,13677,157,13520,0,18,None,0.0,1,0
2025-07-10,Battery,Powertrain,84,9,8372,9,9,8372,100,8272,0,25,None,0.0,1,0
2025-07-10,Transmission,Powertrain,84,84,11749,79,76,11741,176,11565,0,22,None,0.0,1,0
2025-07-10,Brake_Pads,Chassis,84,336,4477,328,324,4465,588,3877,0,12,None,0.0,1,0
2025-07-10,Wheels,Chassis,84,336,10930,328,326,10920,588,10332,0,10,None,0.0,1,0
2025-07-10,Tyres,Chassis,84,336,1947,352,359,1970,588,1382,0,9,None,0.0,1,0
2025-07-10,Seats,Interior,84,454,4721,412,414,4681,635,4046,0,14,None,0.0,1,0
2025-07-10,Nuts,Fastener_Cooling,84,9330,1600,9182,9504,1774,13062,-11288,0,6,None,0.0,1,0
2025-07-10,ECU,Electrical,84,84,15010,72,68,14994,176,14818,0,20,None,0.0,1,0
2025-07-10,Radiator,Fastener_Cooling,84,84,8549,76,76,8541,147,8394,0,15,None,0.0,1,0
2025-07-11,Engine,Powertrain,78,69,13677,63,64,13672,144,13528,0,18,None,0.0,1,0
2025-07-11,Battery,Powertrain,78,9,8372,9,8,8371,100,8271,0,25,None,0.0,1,0
2025-07-11,Transmission,Powertrain,78,78,11741,71,73,11736,163,11573,0,22,None,0.0,1,0
2025-07-11,Brake_Pads,Chassis,78,312,4465,330,332,4485,546,3939,0,12,None,0.0,1,0
2025-07-11,Wheels,Chassis,78,312,10920,308,306,10914,546,10368,0,10,None,0.0,1,0
2025-07-11,Tyres,Chassis,78,312,1970,287,299,1957,546,1411,0,9,None,0.0,1,0
2025-07-11,Seats,Interior,78,420,4681,364,379,4640,588,4052,0,14,None,0.0,1,0
2025-07-11,Nuts,Fastener_Cooling,78,8640,1774,8815,9099,2233,12096,-9863,0,6,None,0.0,1,0
2025-07-11,ECU,Electrical,78,78,14994,68,69,14985,163,14822,0,20,None,0.0,1,0
2025-07-11,Radiator,Fastener_Cooling,78,78,8541,75,76,8539,136,8403,0,15,None,0.0,1,0
2025-07-12,Engine,Powertrain,88,76,13672,66,69,13665,159,13506,0,18,None,0.0,1,1
2025-07-12,Battery,Powertrain,88,12,8371,12,11,8370,100,8270,0,25,None,0.0,1,1
2025-07-12,Transmission,Powertrain,88,88,11736,79,76,11724,184,11540,0,22,None,0.0,1,1
2025-07-12,Brake_Pads,Chassis,88,352,4485,364,354,4487,616,3871,0,12,None,0.0,1,1
2025-07-12,Wheels,Chassis,88,352,10914,345,350,10912,616,10296,0,10,None,0.0,1,1
2025-07-12,Tyres,Chassis,88,352,1957,356,351,1956,616,1340,0,9,None,0.0,1,1
2025-07-12,Seats,Interior,88,470,4640,408,427,4597,658,3939,0,14,None,0.0,1,1
2025-07-12,Nuts,Fastener_Cooling,88,9745,2233,8526,8411,899,13643,-12744,0,6,None,0.0,1,1
2025-07-12,ECU,Electrical,88,88,14985,86,87,14984,184,14800,0,20,None,0.0,1,1
2025-07-12,Radiator,Fastener_Cooling,88,88,8539,95,93,8544,154,8390,0,15,None,0.0,1,1
2025-07-13,Engine,Powertrain,83,72,13665,63,60,13653,151,13502,0,18,None,0.0,1,1
2025-07-13,Battery,Powertrain,83,11,8370,10,10,8369,100,8269,0,25,None,0.0,1,1
2025-07-13,Transmission,Powertrain,83,83,11724,77,76,11717,174,11543,0,22,None,0.0,1,1
2025-07-13,Brake_Pads,Chassis,83,332,4487,290,276,4431,581,3850,0,12,None,0.0,1,1
2025-07-13,Wheels,Chassis,83,332,10912,337,321,10901,581,10320,0,10,None,0.0,1,1
2025-07-13,Tyres,Chassis,83,332,1956,312,321,1945,581,1364,0,9,None,0.0,1,1
2025-07-13,Seats,Interior,83,447,4597,382,399,4549,625,3924,0,14,None,0.0,1,1
2025-07-13,Nuts,Fastener_Cooling,83,9225,899,8526,8634,308,12915,-12607,0,6,None,0.0,1,1
2025-07-13,ECU,Electrical,83,83,14984,74,71,14972,174,14798,0,20,None,0.0,1,1
2025-07-13,Radiator,Fastener_Cooling,83,83,8544,77,75,8536,145,8391,0,15,None,0.0,1,1
2025-07-14,Engine,Powertrain,77,69,13653,75,77,13661,144,13517,0,18,None,0.0,1,0
2025-07-14,Battery,Powertrain,77,8,8369,7,6,8367,100,8267,0,25,None,0.0,1,0
2025-07-14,Transmission,Powertrain,77,77,11717,77,78,11718,161,11557,0,22,None,0.0,1,0
2025-07-14,Brake_Pads,Chassis,77,308,4431,326,325,4448,539,3909,0,12,None,0.0,1,0
2025-07-14,Wheels,Chassis,77,308,10901,300,286,10879,539,10340,0,10,None,0.0,1,0
2025-07-14,Tyres,Chassis,77,308,1945,338,339,1976,539,1437,0,9,None,0.0,1,0
2025-07-14,Seats,Interior,77,413,4549,381,368,4504,578,3926,0,14,None,0.0,1,0
2025-07-14,Nuts,Fastener_Cooling,77,8480,308,8917,8958,786,11872,-11086,0,6,None,0.0,1,0
2025-07-14,ECU,Electrical,77,77,14972,72,74,14969,161,14808,0,20,None,0.0,1,0
2025-07-14,Radiator,Fastener_Cooling,77,77,8536,81,84,8543,134,8409,0,15,None,0.0,1,0
2025-07-15,Engine,Powertrain,120,104,13661,93,90,13647,218,13429,0,18,None,0.0,0,0
2025-07-15,Battery,Powertrain,120,16,8367,14,13,8364,100,8264,0,25,None,0.0,0,0
2025-07-15,Transmission,Powertrain,120,120,11718,104,108,11706,252,11454,0,22,None,0.0,0,0
2025-07-15,Brake_Pads,Chassis,120,480,4448,424,233,4201,840,3361,1,12,None,0.0,0,0
2025-07-15,Wheels,Chassis,120,480,10879,526,289,10688,840,9848,1,10,None,0.0,0,0
2025-07-15,Tyres,Chassis,120,480,1976,431,414,1910,840,1070,0,9,None,0.0,0,0
2025-07-15,Seats,Interior,120,646,4504,706,709,4567,904,3663,0,14,None,0.0,0,0
2025-07-15,Nuts,Fastener_Cooling,120,13335,786,12550,12069,0,18669,-18669,0,6,None,0.0,0,0
2025-07-15,ECU,Electrical,120,120,14969,114,116,14965,252,14713,0,20,None,0.0,0,0
2025-07-15,Radiator,Fastener_Cooling,120,120,8543,106,106,8529,210,8319,0,15,None,0.0,0,0
2025-07-16,Engine,Powertrain,119,103,13647,100,102,13646,216,13430,0,18,None,0.0,0,0
2025-07-16,Battery,Powertrain,119,16,8364,17,16,8364,100,8264,0,25,None,0.0,0,0
2025-07-16,Transmission,Powertrain,119,119,11706,122,123,11710,249,11461,0,22,None,0.0,0,0
2025-07-16,Brake_Pads,Chassis,119,476,4201,406,408,4133,833,3300,0,12,None,0.0,0,0
2025-07-16,Wheels,Chassis,119,476,10688,522,518,10730,833,9897,0,10,None,0.0,0,0
2025-07-16,Tyres,Chassis,119,476,1910,424,443,1877,833,1044,0,9,None,0.0,0,0
2025-07-16,Seats,Interior,119,637,4567,646,650,4580,891,3689,0,14,None,0.0,0,0
2025-07-16,Nuts,Fastener_Cooling,119,13205,0,11370,11268,0,18487,-18487,0,6,None,0.0,0,0
2025-07-16,ECU,Electrical,119,119,14965,106,106,14952,249,14703,0,20,None,0.0,0,0
2025-07-16,Radiator,Fastener_Cooling,119,119,8529,125,130,8540,208,8332,0,15,None,0.0,0,0
2025-07-17,Engine,Powertrain,125,111,13646,113,113,13648,233,13415,0,18,None,0.0,0,0
2025-07-17,Battery,Powertrain,125,14,8364,12,11,8361,100,8261,0,25,None,0.0,0,0
2025-07-17,Transmission,Powertrain,125,125,11710,106,108,11693,262,11431,0,22,None,0.0,0,0
2025-07-17,Brake_Pads,Chassis,125,500,4133,541,560,4193,875,3318,0,12,None,0.0,0,0
2025-07-17,Wheels,Chassis,125,500,10730,536,562,10792,875,9917,0,10,None,0.0,0,0
2025-07-17,Tyres,Chassis,125,500,1877,503,500,1877,875,1002,0,9,None,0.0,0,0
2025-07-17,Seats,Interior,125,669,4580,686,684,4595,936,3659,0,14,None,0.0,0,0
2025-07-17,Nuts,Fastener_Cooling,125,13810,0,12528,12889,0,19334,-19334,0,6,None,0.0,0,0
2025-07-17,ECU,Electrical,125,125,14952,106,101,14928,262,14666,0,20,None,0.0,0,0
2025-07-17,Radiator,Fastener_Cooling,125,125,8540,111,113,8528,218,8310,0,15,None,0.0,0,0
2025-07-18,Engine,Powertrain,116,103,13648,100,96,13641,216,13425,0,18,None,0.0,0,0
2025-07-18,Battery,Powertrain,116,13,8361,12,11,8359,100,8259,0,25,None,0.0,0,0
2025-07-18,Transmission,Powertrain,116,116,11693,126,129,11706,243,11463,0,22,None,0.0,0,0
2025-07-18,Brake_Pads,Chassis,116,464,4193,450,434,4163,812,3351,0,12,None,0.0,0,0
2025-07-18,Wheels,Chassis,116,464,10792,446,461,10789,812,9977,0,10,None,0.0,0,0
2025-07-18,Tyres,Chassis,116,464,1877,414,410,1823,812,1011,0,9,None,0.0,0,0
2025-07-18,Seats,Interior,116,630,4595,670,660,4625,882,3743,0,14,None,0.0,0,0
2025-07-18,Nuts,Fastener_Cooling,116,12940,0,11560,12027,0,18116,-18116,0,6,None,0.0,0,0
2025-07-18,ECU,Electrical,116,116,14928,120,118,14930,243,14687,0,20,None,0.0,0,0
2025-07-18,Radiator,Fastener_Cooling,116,116,8528,119,114,8526,203,8323,0,15,None,0.0,0,0
2025-07-19,Engine,Powertrain,137,121,13641,111,114,13634,254,13380,0,18,None,0.0,0,1
2025-07-19,Battery,Powertrain,137,16,8359,15,14,8357,100,8257,0,25,None,0.0,0,1
2025-07-19,Transmission,Powertrain,137,137,11706,145,145,11714,287,11427,0,22,None,0.0,0,1
2025-07-19,Brake_Pads,Chassis,137,548,4163,504,496,4111,959,3152,0,12,None,0.0,0,1
2025-07-19,Wheels,Chassis,137,548,10789,566,541,10782,959,9823,0,10,None,0.0,0,1
2025-07-19,Tyres,Chassis,137,548,1823,520,506,1781,959,822,0,9,None,0.0,0,1
2025-07-19,Seats,Interior,137,735,4625,649,636,4526,1029,3497,0,14,None,0.0,0,1
2025-07-19,Nuts,Fastener_Cooling,137,15165,0,13391,13225,0,21231,-21231,0,6,None,0.0,0,1
2025-07-19,ECU,Electrical,137,137,14930,127,125,14918,287,14631,0,20,None,0.0,0,1
2025-07-19,Radiator,Fastener_Cooling,137,137,8526,149,154,8543,239,8304,0,15,None,0.0,0,1
2025-07-20,Engine,Powertrain,119,103,13634,102,103,13634,216,13418,0,18,None,0.0,0,1
2025-07-20,Battery,Powertrain,119,16,8357,14,14,8355,100,8255,0,25,None,0.0,0,1
2025-07-20,Transmission,Powertrain,119,119,11714,128,123,11718,249,11469,0,22,None,0.0,0,1
2025-07-20,Brake_Pads,Chassis,119,476,4111,511,531,4166,833,3333,0,12,None,0.0,0,1
2025-07-20,Wheels,Chassis,119,476,10782,494,511,10817,833,9984,0,10,None,0.0,0,1
2025-07-20,Tyres,Chassis,119,476,1781,482,493,1798,833,965,0,9,None,0.0,0,1
2025-07-20,Seats,Interior,119,641,4526,696,728,4613,897,3716,0,14,None,0.0,0,1
2025-07-20,Nuts,Fastener_Cooling,119,13245,0,11509,11991,0,18543,-18543,0,6,None,0.0,0,1
2025-07-20,ECU,Electrical,119,119,14918,105,107,14906,249,14657,0,20,None,0.0,0,1
2025-07-20,Radiator,Fastener_Cooling,119,119,8543,105,102,8526,208,8318,0,15,None,0.0,0,1
2025-07-21,Engine,Powertrain,120,105,13634,114,112,13641,220,13421,0,18,None,0.0,0,0
2025-07-21,Battery,Powertrain,120,15,8355,14,14,8354,100,8254,0,25,None,0.0,0,0
2025-07-21,Transmission,Powertrain,120,120,11718,120,114,11712,252,11460,0,22,None,0.0,0,0
2025-07-21,Brake_Pads,Chassis,120,480,4166,509,523,4209,840,3369,0,12,None,0.0,0,0
2025-07-21,Wheels,Chassis,120,480,10817,483,476,10813,840,9973,0,10,None,0.0,0,0
2025-07-21,Tyres,Chassis,120,480,1798,493,509,1827,840,987,0,9,None,0.0,0,0
2025-07-21,Seats,Interior,120,644,4613,584,593,4562,901,3661,0,14,None,0.0,0,0
2025-07-21,Nuts,Fastener_Cooling,120,13305,0,13399,13221,0,18627,-18627,0,6,None,0.0,0,0
2025-07-21,ECU,Electrical,120,120,14906,130,127,14913,252,14661,0,20,None,0.0,0,0
2025-07-21,Radiator,Fastener_Cooling,120,120,8526,124,124,8530,210,8320,0,15,None,0.0,0,0
2025-07-22,Engine,Powertrain,117,104,13641,96,93,13630,218,13412,0,18,None,0.0,0,0
2025-07-22,Battery,Powertrain,117,13,8354,13,12,8353,100,8253,0,25,None,0.0,0,0
2025-07-22,Transmission,Powertrain,117,117,11712,125,127,11722,245,11477,0,22,None,0.0,0,0
2025-07-22,Brake_Pads,Chassis,117,468,4209,483,469,4210,819,3391,0,12,None,0.0,0,0
2025-07-22,Wheels,Chassis,117,468,10813,406,391,10736,819,9917,0,10,None,0.0,0,0
2025-07-22,Tyres,Chassis,117,468,1827,430,414,1773,819,954,0,9,None,0.0,0,0
2025-07-22,Seats,Interior,117,623,4562,585,604,4543,872,3671,0,14,None,0.0,0,0
2025-07-22,Nuts,Fastener_Cooling,117,12840,0,10964,11364,0,17976,-17976,0,6,None,0.0,0,0
2025-07-22,ECU,Electrical,117,117,14913,101,96,14892,245,14647,0,20,None,0.0,0,0
2025-07-22,Radiator,Fastener_Cooling,117,117,8530,114,115,8528,204,8324,0,15,None,0.0,0,0
2025-07-23,Engine,Powertrain,121,107,13630,104,106,13629,224,13405,0,18,None,0.0,0,0
2025-07-23,Battery,Powertrain,121,14,8353,14,14,8353,100,8253,0,25,None,0.0,0,0
2025-07-23,Transmission,Powertrain,121,121,11722,117,64,11665,254,11411,1,22,None,0.0,0,0
2025-07-23,Brake_Pads,Chassis,121,484,4210,435,420,4146,847,3299,0,12,None,0.0,0,0
2025-07-23,Wheels,Chassis,121,484,10736,445,459,10711,847,9864,0,10,None,0.0,0,0
2025-07-23,Tyres,Chassis,121,484,1773,484,463,1752,847,905,0,9,None,0.0,0,0
2025-07-23,Seats,Interior,121,649,4543,592,571,4465,908,3557,0,14,None,0.0,0,0
2025-07-23,Nuts,Fastener_Cooling,121,13400,0,12164,12015,0,18760,-18760,0,6,None,0.0,0,0
2025-07-23,ECU,Electrical,121,121,14892,131,132,14903,254,14649,0,20,None,0.0,0,0
2025-07-23,Radiator,Fastener_Cooling,121,121,8528,119,118,8525,211,8314,0,15,None,0.0,0,0
2025-07-24,Engine,Powertrain,127,112,13629,111,110,13627,235,13392,0,18,None,0.0,0,0
2025-07-24,Battery,Powertrain,127,15,8353,14,13,8351,100,8251,0,25,None,0.0,0,0
2025-07-24,Transmission,Powertrain,127,127,11665,133,136,11674,266,11408,0,22,None,0.0,0,0
2025-07-24,Brake_Pads,Chassis,127,508,4146,513,538,4176,889,3287,0,12,None,0.0,0,0
2025-07-24,Wheels,Chassis,127,508,10711,498,488,10691,889,9802,0,10,None,0.0,0,0
2025-07-24,Tyres,Chassis,127,508,1752,473,484,1728,889,839,0,9,None,0.0,0,0
2025-07-24,Seats,Interior,127,685,4465,593,569,4349,959,3390,0,14,None,0.0,0,0
2025-07-24,Nuts,Fastener_Cooling,127,14120,0,15000,14475,355,19768,-19413,0,6,None,0.0,0,0
2025-07-24,ECU,Electrical,127,127,14903,135,133,14909,266,14643,0,20,None,0.0,0,0
2025-07-24,Radiator,Fastener_Cooling,127,127,8525,110,114,8512,222,8290,0,15,None,0.0,0,0
2025-07-25,Engine,Powertrain,119,103,13627,89,90,13614,216,13398,0,18,None,0.0,0,0
2025-07-25,Battery,Powertrain,119,16,8351,15,14,8349,100,8249,0,25,None,0.0,0,0
2025-07-25,Transmission,Powertrain,119,119,11674,119,114,11669,249,11420,0,22,None,0.0,0,0
2025-07-25,Brake_Pads,Chassis,119,476,4176,407,415,4115,833,3282,0,12,None,0.0,0,0
2025-07-25,Wheels,Chassis,119,476,10691,457,459,10674,833,9841,0,10,None,0.0,0,0
2025-07-25,Tyres,Chassis,119,476,1728,498,498,1750,833,917,0,9,None,0.0,0,0
2025-07-25,Seats,Interior,119,637,4349,693,725,4437,891,3546,0,14,None,0.0,0,0
2025-07-25,Nuts,Fastener_Cooling,119,13195,355,11321,11565,0,18473,-18473,0,6,None,0.0,0,0
2025-07-25,ECU,Electrical,119,119,14909,123,116,14906,249,14657,0,20,None,0.0,0,0
2025-07-25,Radiator,Fastener_Cooling,119,119,8512,103,106,8499,208,8291,0,15,None,0.0,0,0
2025-07-26,Engine,Powertrain,131,115,13614,102,102,13601,241,13360,0,18,None,0.0,0,1
2025-07-26,Battery,Powertrain,131,16,8349,17,17,8350,100,8250,0,25,None,0.0,0,1
2025-07-26,Transmission,Powertrain,131,131,11669,121,123,11661,275,11386,0,22,None,0.0,0,1
2025-07-26,Brake_Pads,Chassis,131,524,4115,572,578,4169,917,3252,0,12,None,0.0,0,1
2025-07-26,Wheels,Chassis,131,524,10674,547,531,10681,917,9764,0,10,None,0.0,0,1
2025-07-26,Tyres,Chassis,131,524,1750,481,467,1693,917,776,0,9,None,0.0,0,1
2025-07-26,Seats,Interior,131,701,4437,740,407,4143,981,3162,1,14,None,0.0,0,1
2025-07-26,Nuts,Fastener_Cooling,131,14475,0,14443,14431,0,20265,-20265,0,6,None,0.0,0,1
2025-07-26,ECU,Electrical,131,131,14906,125,122,14897,275,14622,0,20,None,0.0,0,1
2025-07-26,Radiator,Fastener_Cooling,131,131,8499,134,129,8497,229,8268,0,15,None,0.0,0,1
2025-07-27,Engine,Powertrain,132,115,13601,113,108,13594,241,13353,0,18,None,0.0,0,1
2025-07-27,Battery,Powertrain,132,17,8350,15,15,8348,100,8248,0,25,None,0.0,0,1
2025-07-27,Transmission,Powertrain,132,132,11661,132,125,11654,277,11377,0,22,None,0.0,0,1
2025-07-27,Brake_Pads,Chassis,132,528,4169,501,490,4131,924,3207,0,12,None,0.0,0,1
2025-07-27,Wheels,Chassis,132,528,10681,457,435,10588,924,9664,0,10,None,0.0,0,1
2025-07-27,Tyres,Chassis,132,528,1693,483,492,1657,924,733,0,9,None,0.0,0,1
2025-07-27,Seats,Interior,132,708,4143,709,743,4178,991,3187,0,14,None,0.0,0,1
2025-07-27,Nuts,Fastener_Cooling,132,14625,0,15256,15471,846,20475,-19629,0,6,None,0.0,0,1
2025-07-27,ECU,Electrical,132,132,14897,125,124,14889,277,14612,0,20,None,0.0,0,1
2025-07-27,Radiator,Fastener_Cooling,132,132,8497,131,129,8494,231,8263,0,15,None,0.0,0,1
2025-07-28,Engine,Powertrain,121,106,13594,106,104,13592,222,13370,0,18,None,0.0,0,0
2025-07-28,Battery,Powertrain,121,15,8348,15,15,8348,100,8248,0,25,None,0.0,0,0
2025-07-28,Transmission,Powertrain,121,121,11654,102,105,11638,254,11384,0,22,None,0.0,0,0
2025-07-28,Brake_Pads,Chassis,121,484,4131,516,524,4171,847,3324,0,12,None,0.0,0,0
2025-07-28,Wheels,Chassis,121,484,10588,526,503,10607,847,9760,0,10,None,0.0,0,0
2025-07-28,Tyres,Chassis,121,484,1657,487,485,1658,847,811,0,9,None,0.0,0,0
2025-07-28,Seats,Interior,121,653,4178,658,625,4150,914,3236,0,14,None,0.0,0,0
2025-07-28,Nuts,Fastener_Cooling,121,13445,846,14312,14815,2216,18823,-16607,0,6,None,0.0,0,0
2025-07-28,ECU,Electrical,121,121,14889,113,108,14876,254,14622,0,20,None,0.0,0,0
2025-07-28,Radiator,Fastener_Cooling,121,121,8494,121,120,8493,211,8282,0,15,None,0.0,0,0
2025-07-29,Engine,Powertrain,128,113,13592,118,121,13600,237,13363,0,18,None,0.0,0,0
2025-07-29,Battery,Powertrain,128,15,8348,13,12,8345,100,8245,0,25,None,0.0,0,0
2025-07-29,Transmission,Powertrain,128,128,11638,127,130,11640,268,11372,0,22,None,0.0,0,0
2025-07-29,Brake_Pads,Chassis,128,512,4171,479,460,4119,896,3223,0,12,None,0.0,0,0
2025-07-29,Wheels,Chassis,128,512,10607,456,457,10552,896,9656,0,10,None,0.0,0,0
2025-07-29,Tyres,Chassis,128,512,1658,542,535,1681,896,785,0,9,None,0.0,0,0
2025-07-29,Seats,Interior,128,690,4150,601,586,4046,966,3080,0,14,None,0.0,0,0
2025-07-29,Nuts,Fastener_Cooling,128,14190,2216,14283,14454,2480,19866,-17386,0,6,None,0.0,0,0
2025-07-29,ECU,Electrical,128,128,14876,116,115,14863,268,14595,0,20,None,0.0,0,0
2025-07-29,Radiator,Fastener_Cooling,128,128,8493,115,113,8478,224,8254,0,15,None,0.0,0,0
2025-07-30,Engine,Powertrain,126,112,13600,118,115,13603,235,13368,0,18,None,0.0,0,0
2025-07-30,Battery,Powertrain,126,14,8345,15,15,8346,100,8246,0,25,None,0.0,0,0
2025-07-30,Transmission,Powertrain,126,126,11640,119,117,11631,264,11367,0,22,None,0.0,0,0
2025-07-30,Brake_Pads,Chassis,126,504,4119,440,441,4056,882,3174,0,12,None,0.0,0,0
2025-07-30,Wheels,Chassis,126,504,10552,506,509,10557,882,9675,0,10,None,0.0,0,0
2025-07-30,Tyres,Chassis,126,504,1681,481,466,1643,882,761,0,9,None,0.0,0,0
2025-07-30,Seats,Interior,126,676,4046,728,714,4084,946,3138,0,14,None,0.0,0,0
2025-07-30,Nuts,Fastener_Cooling,126,13935,2480,14971,15486,4031,19509,-15478,0,6,None,0.0,0,0
2025-07-30,ECU,Electrical,126,126,14863,118,113,14850,264,14586,0,20,None,0.0,0,0
2025-07-30,Radiator,Fastener_Cooling,126,126,8478,122,120,8472,220,8252,0,15,None,0.0,0,0
2025-07-31,Engine,Powertrain,123,108,13603,109,104,13599,226,13373,0,18,None,0.0,0,0
2025-07-31,Battery,Powertrain,123,15,8346,14,13,8344,100,8244,0,25,None,0.0,0,0
2025-07-31,Transmission,Powertrain,123,123,11631,121,66,11574,258,11316,1,22,None,0.0,0,0
2025-07-31,Brake_Pads,Chassis,123,492,4056,430,431,3995,861,3134,0,12,None,0.0,0,0
2025-07-31,Wheels,Chassis,123,492,10557,472,494,10559,861,9698,0,10,None,0.0,0,0
2025-07-31,Tyres,Chassis,123,492,1643,526,517,1668,861,807,0,9,None,0.0,0,0
2025-07-31,Seats,Interior,123,657,4084,583,608,4035,919,3116,0,14,None,0.0,0,0
2025-07-31,Nuts,Fastener_Cooling,123,13570,4031,12278,12082,2543,18998,-16455,0,6,None,0.0,0,0
2025-07-31,ECU,Electrical,123,123,14850,116,110,14837,258,14579,0,20,None,0.0,0,0
2025-07-31,Radiator,Fastener_Cooling,123,123,8472,131,136,8485,215,8270,0,15,None,0.0,0,0
2025-08-01,Engine,Powertrain,122,109,13599,101,97,13587,228,13359,0,18,None,0.0,0,0
2025-08-01,Battery,Powertrain,122,13,8344,13,13,8344,100,8244,0,25,None,0.0,0,0
2025-08-01,Transmission,Powertrain,122,122,11574,118,117,11569,256,11313,0,22,None,0.0,0,0
2025-08-01,Brake_Pads,Chassis,122,488,3995,459,457,3964,854,3110,0,12,None,0.0,0,0
2025-08-01,Wheels,Chassis,122,488,10559,429,416,10487,854,9633,0,10,None,0.0,0,0
2025-08-01,Tyres,Chassis,122,488,1668,535,548,1728,854,874,0,9,None,0.0,0,0
2025-08-01,Seats,Interior,122,654,4035,572,550,3931,915,3016,0,14,None,0.0,0,0
2025-08-01,Nuts,Fastener_Cooling,122,13475,2543,11666,11954,1022,18865,-17843,0,6,None,0.0,0,0
2025-08-01,ECU,Electrical,122,122,14837,132,134,14849,256,14593,0,20,None,0.0,0,0
2025-08-01,Radiator,Fastener_Cooling,122,122,8485,128,132,8495,213,8282,0,15,None,0.0,0,0
2025-08-02,Engine,Powertrain,135,119,13587,103,101,13569,249,13320,0,18,None,0.0,0,1
2025-08-02,Battery,Powertrain,135,16,8344,16,15,8343,100,8243,0,25,None,0.0,0,1
2025-08-02,Transmission,Powertrain,135,135,11569,123,129,11563,283,11280,0,22,None,0.0,0,1
2025-08-02,Brake_Pads,Chassis,135,540,3964,571,549,3973,945,3028,0,12,None,0.0,0,1
2025-08-02,Wheels,Chassis,135,540,10487,575,564,10511,945,9566,0,10,None,0.0,0,1
2025-08-02,Tyres,Chassis,135,540,1728,593,620,1808,945,863,0,9,None,0.0,0,1
2025-08-02,Seats,Interior,135,729,3931,690,664,3866,1020,2846,0,14,None,0.0,0,1
2025-08-02,Nuts,Fastener_Cooling,135,15045,1022,15497,14958,935,21063,-20128,0,6,None,0.0,0,1
2025-08-02,ECU,Electrical,135,135,14849,145,79,14793,283,14510,1,20,None,0.0,0,1
2025-08-02,Radiator,Fastener_Cooling,135,135,8495,138,144,8504,236,8268,0,15,None,0.0,0,1
2025-08-03,Engine,Powertrain,127,112,13569,104,108,13565,235,13330,0,18,None,0.0,0,1
2025-08-03,Battery,Powertrain,127,15,8343,12,11,8339,100,8239,0,25,None,0.0,0,1
2025-08-03,Transmission,Powertrain,127,127,11563,111,107,11543,266,11277,0,22,None,0.0,0,1
2025-08-03,Brake_Pads,Chassis,127,508,3973,520,499,3964,889,3075,0,12,None,0.0,0,1
2025-08-03,Wheels,Chassis,127,508,10511,505,497,10500,889,9611,0,10,None,0.0,0,1
2025-08-03,Tyres,Chassis,127,508,1808,514,527,1827,889,938,0,9,None,0.0,0,1
2025-08-03,Seats,Interior,127,683,3866,718,738,3921,956,2965,0,14,None,0.0,0,1
2025-08-03,Nuts,Fastener_Cooling,127,14075,935,13292,13493,353,19705,-19352,0,6,None,0.0,0,1
2025-08-03,ECU,Electrical,127,127,14793,138,138,14804,266,14538,0,20,None,0.0,0,1
2025-08-03,Radiator,Fastener_Cooling,127,127,8504,122,120,8497,222,8275,0,15,None,0.0,0,1
2025-08-04,Engine,Powertrain,118,103,13565,102,106,13568,216,13352,0,18,None,0.0,0,0
2025-08-04,Battery,Powertrain,118,15,8339,16,16,8340,100,8240,0,25,None,0.0,0,0
2025-08-04,Transmission,Powertrain,118,118,11543,108,112,11537,247,11290,0,22,None,0.0,0,0
2025-08-04,Brake_Pads,Chassis,118,472,3964,418,421,3913,826,3087,0,12,None,0.0,0,0
2025-08-04,Wheels,Chassis,118,472,10500,475,459,10487,826,9661,0,10,None,0.0,0,0
2025-08-04,Tyres,Chassis,118,472,1827,447,448,1803,826,977,0,9,None,0.0,0,0
2025-08-04,Seats,Interior,118,636,3921,656,676,3961,890,3071,0,14,None,0.0,0,0
2025-08-04,Nuts,Fastener_Cooling,118,13150,353,14146,14556,1759,18410,-16651,0,6,None,0.0,0,0
2025-08-04,ECU,Electrical,118,118,14804,102,103,14789,247,14542,0,20,None,0.0,0,0
2025-08-04,Radiator,Fastener_Cooling,118,118,8497,128,121,8500,206,8294,0,15,None,0.0,0,0
2025-08-05,Engine,Powertrain,114,100,13568,105,109,13577,210,13367,0,18,None,0.0,0,0
2025-08-05,Battery,Powertrain,114,14,8340,13,13,8339,100,8239,0,25,None,0.0,0,0
2025-08-05,Transmission,Powertrain,114,114,11537,119,124,11547,239,11308,0,22,None,0.0,0,0
2025-08-05,Brake_Pads,Chassis,114,456,3913,418,436,3893,798,3095,0,12,None,0.0,0,0
2025-08-05,Wheels,Chassis,114,456,10487,389,389,10420,798,9622,0,10,None,0.0,0,0
2025-08-05,Tyres,Chassis,114,456,1803,415,424,1771,798,973,0,9,None,0.0,0,0
2025-08-05,Seats,Interior,114,616,3961,542,528,3873,862,3011,0,14,None,0.0,0,0
2025-08-05,Nuts,Fastener_Cooling,114,12695,1759,13506,13545,2609,17773,-15164,0,6,None,0.0,0,0
2025-08-05,ECU,Electrical,114,114,14789,98,96,14771,239,14532,0,20,None,0.0,0,0
2025-08-05,Radiator,Fastener_Cooling,114,114,8500,119,120,8506,199,8307,0,15,None,0.0,0,0
2025-08-06,Engine,Powertrain,118,103,13577,96,100,13574,216,13358,0,18,None,0.0,0,0
2025-08-06,Battery,Powertrain,118,15,8339,16,15,8339,100,8239,0,25,None,0.0,0,0
2025-08-06,Transmission,Powertrain,118,118,11547,118,64,11493,247,11246,1,22,None,0.0,0,0
2025-08-06,Brake_Pads,Chassis,118,472,3893,493,473,3894,826,3068,0,12,None,0.0,0,0
2025-08-06,Wheels,Chassis,118,472,10420,424,424,10372,826,9546,0,10,None,0.0,0,0
2025-08-06,Tyres,Chassis,118,472,1771,508,491,1790,826,964,0,9,None,0.0,0,0
2025-08-06,Seats,Interior,118,630,3873,536,517,3760,882,2878,0,14,None,0.0,0,0
2025-08-06,Nuts,Fastener_Cooling,118,13055,2609,11230,11278,832,18277,-17445,0,6,None,0.0,0,0
2025-08-06,ECU,Electrical,118,118,14771,121,125,14778,247,14531,0,20,None,0.0,0,0
2025-08-06,Radiator,Fastener_Cooling,118,118,8506,102,101,8489,206,8283,0,15,None,0.0,0,0
2025-08-07,Engine,Powertrain,122,109,13574,103,106,13571,228,13343,0,18,None,0.0,0,0
2025-08-07,Battery,Powertrain,122,13,8339,11,11,8337,100,8237,0,25,None,0.0,0,0
2025-08-07,Transmission,Powertrain,122,122,11493,110,114,11485,256,11229,0,22,None,0.0,0,0
2025-08-07,Brake_Pads,Chassis,122,488,3894,511,494,3900,854,3046,0,12,None,0.0,0,0
2025-08-07,Wheels,Chassis,122,488,10372,510,498,10382,854,9528,0,10,None,0.0,0,0
2025-08-07,Tyres,Chassis,122,488,1790,428,443,1745,854,891,0,9,None,0.0,0,0
2025-08-07,Seats,Interior,122,658,3760,587,589,3691,921,2770,0,14,None,0.0,0,0
2025-08-07,Nuts,Fastener_Cooling,122,13555,832,13463,7404,0,18977,-18977,1,6,None,0.0,0,0
2025-08-07,ECU,Electrical,122,122,14778,116,119,14775,256,14519,0,20,None,0.0,0,0
2025-08-07,Radiator,Fastener_Cooling,122,122,8489,119,121,8488,213,8275,0,15,None,0.0,0,0
2025-08-08,Engine,Powertrain,119,105,13571,115,119,13585,220,13365,0,18,None,0.0,0,0
2025-08-08,Battery,Powertrain,119,14,8337,14,13,8336,100,8236,0,25,None,0.0,0,0
2025-08-08,Transmission,Powertrain,119,119,11485,116,111,11477,249,11228,0,22,None,0.0,0,0
2025-08-08,Brake_Pads,Chassis,119,476,3900,448,458,3882,833,3049,0,12,None,0.0,0,0
2025-08-08,Wheels,Chassis,119,476,10382,433,443,10349,833,9516,0,10,None,0.0,0,0
2025-08-08,Tyres,Chassis,119,476,1745,434,430,1699,833,866,0,9,None,0.0,0,0
2025-08-08,Seats,Interior,119,643,3691,598,583,3631,900,2731,0,14,None,0.0,0,0
2025-08-08,Nuts,Fastener_Cooling,119,13270,0,12277,12236,0,18578,-18578,0,6,None,0.0,0,0
2025-08-08,ECU,Electrical,119,119,14775,106,104,14760,249,14511,0,20,None,0.0,0,0
2025-08-08,Radiator,Fastener_Cooling,119,119,8488,103,101,8470,208,8262,0,15,None,0.0,0,0
2025-08-09,Engine,Powertrain,144,125,13585,129,132,13592,262,13330,0,18,Raksha Bandhan,1.0,0,1
2025-08-09,Battery,Powertrain,144,19,8336,20,19,8336,100,8236,0,25,Raksha Bandhan,1.0,0,1
2025-08-09,Transmission,Powertrain,144,144,11477,140,141,11474,302,11172,0,22,Raksha Bandhan,1.0,0,1
2025-08-09,Brake_Pads,Chassis,144,576,3882,559,585,3891,1008,2883,0,12,Raksha Bandhan,1.0,0,1
2025-08-09,Wheels,Chassis,144,576,10349,624,654,10427,1008,9419,0,10,Raksha Bandhan,1.0,0,1
2025-08-09,Tyres,Chassis,144,576,1699,508,499,1622,1008,614,0,9,Raksha Bandhan,1.0,0,1
2025-08-09,Seats,Interior,144,772,3631,827,865,3724,1080,2644,0,14,Raksha Bandhan,1.0,0,1
2025-08-09,Nuts,Fastener_Cooling,144,15945,0,13633,14083,0,22323,-22323,0,6,Raksha Bandhan,1.0,0,1
2025-08-09,ECU,Electrical,144,144,14760,149,146,14762,302,14460,0,20,Raksha Bandhan,1.0,0,1
2025-08-09,Radiator,Fastener_Cooling,144,144,8470,131,125,8451,252,8199,0,15,Raksha Bandhan,1.0,0,1
2025-08-10,Engine,Powertrain,135,119,13592,104,103,13576,249,13327,0,18,None,0.0,0,1
2025-08-10,Battery,Powertrain,135,16,8336,13,13,8333,100,8233,0,25,None,0.0,0,1
2025-08-10,Transmission,Powertrain,135,135,11474,136,132,11471,283,11188,0,22,None,0.0,0,1
2025-08-10,Brake_Pads,Chassis,135,540,3891,460,456,3807,945,2862,0,12,None,0.0,0,1
2025-08-10,Wheels,Chassis,135,540,10427,474,486,10373,945,9428,0,10,None,0.0,0,1
2025-08-10,Tyres,Chassis,135,540,1622,502,479,1561,945,616,0,9,None,0.0,0,1
2025-08-10,Seats,Interior,135,721,3724,775,746,3749,1009,2740,0,14,None,0.0,0,1
2025-08-10,Nuts,Fastener_Cooling,135,14925,0,15795,15916,991,20895,-19904,0,6,None,0.0,0,1
2025-08-10,ECU,Electrical,135,135,14762,116,115,14742,283,14459,0,20,None,0.0,0,1
2025-08-10,Radiator,Fastener_Cooling,135,135,8451,140,136,8452,236,8216,0,15,None,0.0,0,1
2025-08-11,Engine,Powertrain,120,105,13576,94,91,13562,220,13342,0,18,None,0.0,0,0
2025-08-11,Battery,Powertrain,120,15,8333,13,12,8330,100,8230,0,25,None,0.0,0,0
2025-08-11,Transmission,Powertrain,120,120,11471,125,129,11480,252,11228,0,22,None,0.0,0,0
2025-08-11,Brake_Pads,Chassis,120,480,3807,430,451,3778,840,2938,0,12,None,0.0,0,0
2025-08-11,Wheels,Chassis,120,480,10373,473,459,10352,840,9512,0,10,None,0.0,0,0
2025-08-11,Tyres,Chassis,120,480,1561,446,466,1547,840,707,0,9,None,0.0,0,0
2025-08-11,Seats,Interior,120,642,3749,697,717,3824,898,2926,0,14,None,0.0,0,0
2025-08-11,Nuts,Fastener_Cooling,120,13300,991,14472,14072,1763,18620,-16857,0,6,None,0.0,0,0
2025-08-11,ECU,Electrical,120,120,14742,105,103,14725,252,14473,0,20,None,0.0,0,0
2025-08-11,Radiator,Fastener_Cooling,120,120,8452,131,128,8460,210,8250,0,15,None,0.0,0,0
2025-08-12,Engine,Powertrain,125,112,13562,112,113,13563,235,13328,0,18,None,0.0,0,0
2025-08-12,Battery,Powertrain,125,13,8330,12,12,8329,100,8229,0,25,None,0.0,0,0
2025-08-12,Transmission,Powertrain,125,125,11480,136,132,11487,262,11225,0,22,None,0.0,0,0
2025-08-12,Brake_Pads,Chassis,125,500,3778,510,509,3787,875,2912,0,12,None,0.0,0,0
2025-08-12,Wheels,Chassis,125,500,10352,531,505,10357,875,9482,0,10,None,0.0,0,0
2025-08-12,Tyres,Chassis,125,500,1547,458,479,1526,875,651,0,9,None,0.0,0,0
2025-08-12,Seats,Interior,125,671,3824,713,691,3844,939,2905,0,14,None,0.0,0,0
2025-08-12,Nuts,Fastener_Cooling,125,13810,1763,11957,12237,190,19334,-19144,0,6,None,0.0,0,0
2025-08-12,ECU,Electrical,125,125,14725,132,134,14734,262,14472,0,20,None,0.0,0,0
2025-08-12,Radiator,Fastener_Cooling,125,125,8460,136,133,8468,218,8250,0,15,None,0.0,0,0
2025-08-13,Engine,Powertrain,116,103,13563,94,97,13557,216,13341,0,18,None,0.0,0,0
2025-08-13,Battery,Powertrain,116,13,8329,12,11,8327,100,8227,0,25,None,0.0,0,0
2025-08-13,Transmission,Powertrain,116,116,11487,105,109,11480,243,11237,0,22,None,0.0,0,0
2025-08-13,Brake_Pads,Chassis,116,464,3787,504,498,3821,812,3009,0,12,None,0.0,0,0
2025-08-13,Wheels,Chassis,116,464,10357,446,464,10357,812,9545,0,10,None,0.0,0,0
2025-08-13,Tyres,Chassis,116,464,1526,432,426,1488,812,676,0,9,None,0.0,0,0
2025-08-13,Seats,Interior,116,622,3844,666,646,3868,870,2998,0,14,None,0.0,0,0
2025-08-13,Nuts,Fastener_Cooling,116,12860,190,11914,11416,0,18004,-18004,0,6,None,0.0,0,0
2025-08-13,ECU,Electrical,116,116,14734,121,126,14744,243,14501,0,20,None,0.0,0,0
2025-08-13,Radiator,Fastener_Cooling,116,116,8468,120,121,8473,203,8270,0,15,None,0.0,0,0
2025-08-14,Engine,Powertrain,123,110,13557,94,89,13536,231,13305,0,18,None,0.0,0,0
2025-08-14,Battery,Powertrain,123,13,8327,13,13,8327,100,8227,0,25,None,0.0,0,0
2025-08-14,Transmission,Powertrain,123,123,11480,110,113,11470,258,11212,0,22,None,0.0,0,0
2025-08-14,Brake_Pads,Chassis,123,492,3821,528,521,3850,861,2989,0,12,None,0.0,0,0
2025-08-14,Wheels,Chassis,123,492,10357,439,430,10295,861,9434,0,10,None,0.0,0,0
2025-08-14,Tyres,Chassis,123,492,1488,479,459,1455,861,594,0,9,None,0.0,0,0
2025-08-14,Seats,Interior,123,661,3868,574,598,3805,925,2880,0,14,None,0.0,0,0
2025-08-14,Nuts,Fastener_Cooling,123,13600,0,13052,13152,0,19040,-19040,0,6,None,0.0,0,0
2025-08-14,ECU,Electrical,123,123,14744,106,108,14729,258,14471,0,20,None,0.0,0,0
2025-08-14,Radiator,Fastener_Cooling,123,123,8473,118,112,8462,215,8247,0,15,None,0.0,0,0
2025-08-15,Engine,Powertrain,123,107,13536,116,111,13540,224,13316,0,18,Independence Day,0.9,0,0
2025-08-15,Battery,Powertrain,123,16,8327,17,9,8320,100,8220,1,25,Independence Day,0.9,0,0
2025-08-15,Transmission,Powertrain,123,123,11470,118,112,11459,258,11201,0,22,Independence Day,0.9,0,0
2025-08-15,Brake_Pads,Chassis,123,492,3850,518,506,3864,861,3003,0,12,Independence Day,0.9,0,0
2025-08-15,Wheels,Chassis,123,492,10295,529,543,10346,861,9485,0,10,Independence Day,0.9,0,0
2025-08-15,Tyres,Chassis,123,492,1455,529,534,1497,861,636,0,9,Independence Day,0.9,0,0
2025-08-15,Seats,Interior,123,665,3805,582,578,3718,931,2787,0,14,Independence Day,0.9,0,0
2025-08-15,Nuts,Fastener_Cooling,123,13725,0,13065,12868,0,19215,-19215,0,6,Independence Day,0.9,0,0
2025-08-15,ECU,Electrical,123,123,14729,123,120,14726,258,14468,0,20,Independence Day,0.9,0,0
2025-08-15,Radiator,Fastener_Cooling,123,123,8462,126,127,8466,215,8251,0,15,Independence Day,0.9,0,0
2025-08-16,Engine,Powertrain,135,118,13540,107,102,13524,247,13277,0,18,None,0.0,0,1
2025-08-16,Battery,Powertrain,135,17,8320,17,17,8320,100,8220,0,25,None,0.0,0,1
2025-08-16,Transmission,Powertrain,135,135,11459,119,118,11442,283,11159,0,22,None,0.0,0,1
2025-08-16,Brake_Pads,Chassis,135,540,3864,521,507,3831,945,2886,0,12,None,0.0,0,1
2025-08-16,Wheels,Chassis,135,540,10346,584,587,10393,945,9448,0,10,None,0.0,0,1
2025-08-16,Tyres,Chassis,135,540,1497,549,566,1523,945,578,0,9,None,0.0,0,1
2025-08-16,Seats,Interior,135,725,3718,635,642,3635,1015,2620,0,14,None,0.0,0,1
2025-08-16,Nuts,Fastener_Cooling,135,14980,0,13094,13239,0,20972,-20972,0,6,None,0.0,0,1
2025-08-16,ECU,Electrical,135,135,14726,118,123,14714,283,14431,0,20,None,0.0,0,1
2025-08-16,Radiator,Fastener_Cooling,135,135,8466,125,119,8450,236,8214,0,15,None,0.0,0,1
2025-08-17,Engine,Powertrain,129,112,13524,121,118,13530,235,13295,0,18,None,0.0,0,1
2025-08-17,Battery,Powertrain,129,17,8320,17,16,8319,100,8219,0,25,None,0.0,0,1
2025-08-17,Transmission,Powertrain,129,129,11442,116,112,11425,270,11155,0,22,None,0.0,0,1
2025-08-17,Brake_Pads,Chassis,129,516,3831,478,480,3795,903,2892,0,12,None,0.0,0,1
2025-08-17,Wheels,Chassis,129,516,10393,501,522,10399,903,9496,0,10,None,0.0,0,1
2025-08-17,Tyres,Chassis,129,516,1523,503,502,1509,903,606,0,9,None,0.0,0,1
2025-08-17,Seats,Interior,129,695,3635,709,675,3615,973,2642,0,14,None,0.0,0,1
2025-08-17,Nuts,Fastener_Cooling,129,14350,0,14270,14641,291,20090,-19799,0,6,None,0.0,0,1
2025-08-17,ECU,Electrical,129,129,14714,125,126,14711,270,14441,0,20,None,0.0,0,1
2025-08-17,Radiator,Fastener_Cooling,129,129,8450,132,129,8450,225,8225,0,15,None,0.0,0,1
2025-08-18,Engine,Powertrain,120,107,13530,111,116,13539,224,13315,0,18,None,0.0,0,0
2025-08-18,Battery,Powertrain,120,13,8319,12,12,8318,100,8218,0,25,None,0.0,0,0
2025-08-18,Transmission,Powertrain,120,120,11425,114,112,11417,252,11165,0,22,None,0.0,0,0
2025-08-18,Brake_Pads,Chassis,120,480,3795,489,486,3801,840,2961,0,12,None,0.0,0,0
2025-08-18,Wheels,Chassis,120,480,10399,475,498,10417,840,9577,0,10,None,0.0,0,0
2025-08-18,Tyres,Chassis,120,480,1509,469,489,1518,840,678,0,9,None,0.0,0,0
2025-08-18,Seats,Interior,120,646,3615,604,584,3553,904,2649,0,14,None,0.0,0,0
2025-08-18,Nuts,Fastener_Cooling,120,13330,291,12391,12369,0,18662,-18662,0,6,None,0.0,0,0
2025-08-18,ECU,Electrical,120,120,14711,125,126,14717,252,14465,0,20,None,0.0,0,0
2025-08-18,Radiator,Fastener_Cooling,120,120,8450,124,124,8454,210,8244,0,15,None,0.0,0,0
2025-08-19,Engine,Powertrain,130,114,13539,119,121,13546,239,13307,0,18,None,0.0,0,0
2025-08-19,Battery,Powertrain,130,16,8318,14,14,8316,100,8216,0,25,None,0.0,0,0
2025-08-19,Transmission,Powertrain,130,130,11417,136,132,11419,273,11146,0,22,None,0.0,0,0
2025-08-19,Brake_Pads,Chassis,130,520,3801,481,479,3760,910,2850,0,12,None,0.0,0,0
2025-08-19,Wheels,Chassis,130,520,10417,479,456,10353,910,9443,0,10,None,0.0,0,0
2025-08-19,Tyres,Chassis,130,520,1518,451,449,1447,910,537,0,9,None,0.0,0,0
2025-08-19,Seats,Interior,130,694,3553,661,674,3533,971,2562,0,14,None,0.0,0,0
2025-08-19,Nuts,Fastener_Cooling,130,14340,0,12982,13470,0,20076,-20076,0,6,None,0.0,0,0
2025-08-19,ECU,Electrical,130,130,14717,130,133,14720,273,14447,0,20,None,0.0,0,0
2025-08-19,Radiator,Fastener_Cooling,130,130,8454,112,117,8441,227,8214,0,15,None,0.0,0,0
2025-08-20,Engine,Powertrain,121,106,13546,98,95,13535,222,13313,0,18,None,0.0,0,0
2025-08-20,Battery,Powertrain,121,15,8316,14,14,8315,100,8215,0,25,None,0.0,0,0
2025-08-20,Transmission,Powertrain,121,121,11419,121,125,11423,254,11169,0,22,None,0.0,0,0
2025-08-20,Brake_Pads,Chassis,121,484,3760,485,482,3758,847,2911,0,12,None,0.0,0,0
2025-08-20,Wheels,Chassis,121,484,10353,472,452,10321,847,9474,0,10,None,0.0,0,0
2025-08-20,Tyres,Chassis,121,484,1447,448,461,1424,847,577,0,9,None,0.0,0,0
2025-08-20,Seats,Interior,121,651,3533,705,721,3603,911,2692,0,14,None,0.0,0,0
2025-08-20,Nuts,Fastener_Cooling,121,13440,0,12447,12374,0,18816,-18816,0,6,None,0.0,0,0
2025-08-20,ECU,Electrical,121,121,14720,124,126,14725,254,14471,0,20,None,0.0,0,0
2025-08-20,Radiator,Fastener_Cooling,121,121,8441,103,56,8376,211,8165,1,15,None,0.0,0,0
2025-08-21,Engine,Powertrain,117,104,13535,89,91,13522,218,13304,0,18,None,0.0,0,0
2025-08-21,Battery,Powertrain,117,13,8315,12,11,8313,100,8213,0,25,None,0.0,0,0
2025-08-21,Transmission,Powertrain,117,117,11423,102,99,11405,245,11160,0,22,None,0.0,0,0
2025-08-21,Brake_Pads,Chassis,117,468,3758,478,458,3748,819,2929,0,12,None,0.0,0,0
2025-08-21,Wheels,Chassis,117,468,10321,445,449,10302,819,9483,0,10,None,0.0,0,0
2025-08-21,Tyres,Chassis,117,468,1424,466,459,1415,819,596,0,9,None,0.0,0,0
2025-08-21,Seats,Interior,117,631,3603,650,672,3644,883,2761,0,14,None,0.0,0,0
2025-08-21,Nuts,Fastener_Cooling,117,13010,0,11335,10902,0,18214,-18214,0,6,None,0.0,0,0
2025-08-21,ECU,Electrical,117,117,14725,108,102,14710,245,14465,0,20,None,0.0,0,0
2025-08-21,Radiator,Fastener_Cooling,117,117,8376,124,126,8385,204,8181,0,15,None,0.0,0,0
2025-08-22,Engine,Powertrain,122,109,13522,111,111,13524,228,13296,0,18,None,0.0,0,0
2025-08-22,Battery,Powertrain,122,13,8313,11,11,8311,100,8211,0,25,None,0.0,0,0
2025-08-22,Transmission,Powertrain,122,122,11405,111,109,11392,256,11136,0,22,None,0.0,0,0
2025-08-22,Brake_Pads,Chassis,122,488,3748,536,543,3803,854,2949,0,12,None,0.0,0,0
2025-08-22,Wheels,Chassis,122,488,10302,530,534,10348,854,9494,0,10,None,0.0,0,0
2025-08-22,Tyres,Chassis,122,488,1415,525,506,1433,854,579,0,9,None,0.0,0,0
2025-08-22,Seats,Interior,122,654,3644,621,628,3618,915,2703,0,14,None,0.0,0,0
2025-08-22,Nuts,Fastener_Cooling,122,13485,0,12625,13057,0,18879,-18879,0,6,None,0.0,0,0
2025-08-22,ECU,Electrical,122,122,14710,115,117,14705,256,14449,0,20,None,0.0,0,0
2025-08-22,Radiator,Fastener_Cooling,122,122,8385,113,111,8374,213,8161,0,15,None,0.0,0,0
2025-08-23,Engine,Powertrain,129,115,13524,110,106,13515,241,13274,0,18,None,0.0,0,1
2025-08-23,Battery,Powertrain,129,14,8311,12,11,8308,100,8208,0,25,None,0.0,0,1
2025-08-23,Transmission,Powertrain,129,129,11392,130,129,11392,270,11122,0,22,None,0.0,0,1
2025-08-23,Brake_Pads,Chassis,129,516,3803,462,442,3729,903,2826,0,12,None,0.0,0,1
2025-08-23,Wheels,Chassis,129,516,10348,444,424,10256,903,9353,0,10,None,0.0,0,1
2025-08-23,Tyres,Chassis,129,516,1433,553,564,1481,903,578,0,9,None,0.0,0,1
2025-08-23,Seats,Interior,129,693,3618,635,664,3589,970,2619,0,14,None,0.0,0,1
2025-08-23,Nuts,Fastener_Cooling,129,14290,0,15103,15021,731,20006,-19275,0,6,None,0.0,0,1
2025-08-23,ECU,Electrical,129,129,14705,141,138,14714,270,14444,0,20,None,0.0,0,1
2025-08-23,Radiator,Fastener_Cooling,129,129,8374,111,113,8358,225,8133,0,15,None,0.0,0,1
2025-08-24,Engine,Powertrain,135,119,13515,108,109,13505,249,13256,0,18,None,0.0,0,1
2025-08-24,Battery,Powertrain,135,16,8308,15,15,8307,100,8207,0,25,None,0.0,0,1
2025-08-24,Transmission,Powertrain,135,135,11392,132,133,11390,283,11107,0,22,None,0.0,0,1
2025-08-24,Brake_Pads,Chassis,135,540,3729,547,554,3743,945,2798,0,12,None,0.0,0,1
2025-08-24,Wheels,Chassis,135,540,10256,568,595,10311,945,9366,0,10,None,0.0,0,1
2025-08-24,Tyres,Chassis,135,540,1481,529,539,1480,945,535,0,9,None,0.0,0,1
2025-08-24,Seats,Interior,135,729,3589,738,701,3561,1020,2541,0,14,None,0.0,0,1
2025-08-24,Nuts,Fastener_Cooling,135,15015,731,16195,16478,2194,21021,-18827,0,6,None,0.0,0,1
2025-08-24,ECU,Electrical,135,135,14714,132,72,14651,283,14368,1,20,None,0.0,0,1
2025-08-24,Radiator,Fastener_Cooling,135,135,8358,142,136,8359,236,8123,0,15,None,0.0,0,1
2025-08-25,Engine,Powertrain,114,100,13505,102,102,13507,210,13297,0,18,None,0.0,0,0
2025-08-25,Battery,Powertrain,114,14,8307,14,14,8307,100,8207,0,25,None,0.0,0,0
2025-08-25,Transmission,Powertrain,114,114,11390,104,105,11381,239,11142,0,22,None,0.0,0,0
2025-08-25,Brake_Pads,Chassis,114,456,3743,426,423,3710,798,2912,0,12,None,0.0,0,0
2025-08-25,Wheels,Chassis,114,456,10311,482,503,10358,798,9560,0,10,None,0.0,0,0
2025-08-25,Tyres,Chassis,114,456,1480,397,390,1414,798,616,0,9,None,0.0,0,0
2025-08-25,Seats,Interior,114,614,3561,623,629,3576,859,2717,0,14,None,0.0,0,0
2025-08-25,Nuts,Fastener_Cooling,114,12660,2194,12177,11696,1230,17724,-16494,0,6,None,0.0,0,0
2025-08-25,ECU,Electrical,114,114,14651,107,103,14640,239,14401,0,20,None,0.0,0,0
2025-08-25,Radiator,Fastener_Cooling,114,114,8359,103,99,8344,199,8145,0,15,None,0.0,0,0
2025-08-26,Engine,Powertrain,120,106,13507,111,115,13516,222,13294,0,18,None,0.0,0,0
2025-08-26,Battery,Powertrain,120,14,8307,13,13,8306,100,8206,0,25,None,0.0,0,0
2025-08-26,Transmission,Powertrain,120,120,11381,127,126,11387,252,11135,0,22,None,0.0,0,0
2025-08-26,Brake_Pads,Chassis,120,480,3710,492,472,3702,840,2862,0,12,None,0.0,0,0
2025-08-26,Wheels,Chassis,120,480,10358,520,542,10420,840,9580,0,10,None,0.0,0,0
2025-08-26,Tyres,Chassis,120,480,1414,487,477,1411,840,571,0,9,None,0.0,0,0
2025-08-26,Seats,Interior,120,648,3576,623,613,3541,907,2634,0,14,None,0.0,0,0
2025-08-26,Nuts,Fastener_Cooling,120,13370,1230,12887,13457,1317,18718,-17401,0,6,None,0.0,0,0
2025-08-26,ECU,Electrical,120,120,14640,107,104,14624,252,14372,0,20,None,0.0,0,0
2025-08-26,Radiator,Fastener_Cooling,120,120,8344,102,102,8326,210,8116,0,15,None,0.0,0,0
2025-08-27,Engine,Powertrain,117,104,13516,91,95,13507,218,13289,0,18,None,0.0,0,0
2025-08-27,Battery,Powertrain,117,13,8306,11,11,8304,100,8204,0,25,None,0.0,0,0
2025-08-27,Transmission,Powertrain,117,117,11387,117,116,11386,245,11141,0,22,None,0.0,0,0
2025-08-27,Brake_Pads,Chassis,117,468,3702,451,471,3705,819,2886,0,12,None,0.0,0,0
2025-08-27,Wheels,Chassis,117,468,10420,471,487,10439,819,9620,0,10,None,0.0,0,0
2025-08-27,Tyres,Chassis,117,468,1411,501,481,1424,819,605,0,9,None,0.0,0,0
2025-08-27,Seats,Interior,117,629,3541,660,692,3604,880,2724,0,14,None,0.0,0,0
2025-08-27,Nuts,Fastener_Cooling,117,12975,1317,14156,14386,2728,18165,-15437,0,6,None,0.0,0,0
2025-08-27,ECU,Electrical,117,117,14624,126,130,14637,245,14392,0,20,None,0.0,0,0
2025-08-27,Radiator,Fastener_Cooling,117,117,8326,121,119,8328,204,8124,0,15,None,0.0,0,0
2025-08-28,Engine,Powertrain,129,116,13507,110,110,13501,243,13258,0,18,None,0.0,0,0
2025-08-28,Battery,Powertrain,129,13,8304,11,10,8301,100,8201,0,25,None,0.0,0,0
2025-08-28,Transmission,Powertrain,129,129,11386,128,126,11383,270,11113,0,22,None,0.0,0,0
2025-08-28,Brake_Pads,Chassis,129,516,3705,503,479,3668,903,2765,0,12,None,0.0,0,0
2025-08-28,Wheels,Chassis,129,516,10439,528,537,10460,903,9557,0,10,None,0.0,0,0
2025-08-28,Tyres,Chassis,129,516,1424,522,522,1430,903,527,0,9,None,0.0,0,0
2025-08-28,Seats,Interior,129,693,3604,605,619,3530,970,2560,0,14,None,0.0,0,0
2025-08-28,Nuts,Fastener_Cooling,129,14295,2728,15191,15789,4222,20013,-15791,0,6,None,0.0,0,0
2025-08-28,ECU,Electrical,129,129,14637,126,122,14630,270,14360,0,20,None,0.0,0,0
2025-08-28,Radiator,Fastener_Cooling,129,129,8328,132,135,8334,225,8109,0,15,None,0.0,0,0
2025-08-29,Engine,Powertrain,123,108,13501,117,114,13507,226,13281,0,18,None,0.0,0,0
2025-08-29,Battery,Powertrain,123,15,8301,16,16,8302,100,8202,0,25,None,0.0,0,0
2025-08-29,Transmission,Powertrain,123,123,11383,110,109,11369,258,11111,0,22,None,0.0,0,0
2025-08-29,Brake_Pads,Chassis,123,492,3668,453,433,3609,861,2748,0,12,None,0.0,0,0
2025-08-29,Wheels,Chassis,123,492,10460,494,474,10442,861,9581,0,10,None,0.0,0,0
2025-08-29,Tyres,Chassis,123,492,1430,430,425,1363,861,502,0,9,None,0.0,0,0
2025-08-29,Seats,Interior,123,665,3530,662,650,3515,931,2584,0,14,None,0.0,0,0
2025-08-29,Nuts,Fastener_Cooling,123,13710,4222,12823,12505,3017,19194,-16177,0,6,None,0.0,0,0
2025-08-29,ECU,Electrical,123,123,14630,108,113,14620,258,14362,0,20,None,0.0,0,0
2025-08-29,Radiator,Fastener_Cooling,123,123,8334,108,111,8322,215,8107,0,15,None,0.0,0,0
2025-08-30,Engine,Powertrain,129,113,13507,108,113,13507,237,13270,0,18,None,0.0,0,1
2025-08-30,Battery,Powertrain,129,16,8302,14,14,8300,100,8200,0,25,None,0.0,0,1
2025-08-30,Transmission,Powertrain,129,129,11369,118,112,11352,270,11082,0,22,None,0.0,0,1
2025-08-30,Brake_Pads,Chassis,129,516,3609,533,520,3613,903,2710,0,12,None,0.0,0,1
2025-08-30,Wheels,Chassis,129,516,10442,460,473,10399,903,9496,0,10,None,0.0,0,1
2025-08-30,Tyres,Chassis,129,516,1363,460,460,1307,903,404,0,9,None,0.0,0,1
2025-08-30,Seats,Interior,129,693,3515,700,703,3525,970,2555,0,14,None,0.0,0,1
2025-08-30,Nuts,Fastener_Cooling,129,14320,3017,13966,13761,2458,20048,-17590,0,6,None,0.0,0,1
2025-08-30,ECU,Electrical,129,129,14620,111,111,14602,270,14332,0,20,None,0.0,0,1
2025-08-30,Radiator,Fastener_Cooling,129,129,8322,134,132,8325,225,8100,0,15,None,0.0,0,1
2025-08-31,Engine,Powertrain,131,117,13507,104,109,13499,245,13254,0,18,None,0.0,0,1
2025-08-31,Battery,Powertrain,131,14,8300,12,12,8298,100,8198,0,25,None,0.0,0,1
2025-08-31,Transmission,Powertrain,131,131,11352,140,143,11364,275,11089,0,22,None,0.0,0,1
2025-08-31,Brake_Pads,Chassis,131,524,3613,461,458,3547,917,2630,0,12,None,0.0,0,1
2025-08-31,Wheels,Chassis,131,524,10399,500,485,10360,917,9443,0,10,None,0.0,0,1
2025-08-31,Tyres,Chassis,131,524,1307,512,487,1270,917,353,0,9,None,0.0,0,1
2025-08-31,Seats,Interior,131,703,3525,603,625,3447,984,2463,0,14,None,0.0,0,1
2025-08-31,Nuts,Fastener_Cooling,131,14490,2458,12896,13242,1210,20286,-19076,0,6,None,0.0,0,1
2025-08-31,ECU,Electrical,131,131,14602,128,124,14595,275,14320,0,20,None,0.0,0,1
2025-08-31,Radiator,Fastener_Cooling,131,131,8325,140,135,8329,229,8100,0,15,None,0.0,0,1
2025-09-01,Engine,Powertrain,120,107,13499,96,95,13487,224,13263,0,18,None,0.0,0,0
2025-09-01,Battery,Powertrain,120,13,8298,11,10,8295,100,8195,0,25,None,0.0,0,0
2025-09-01,Transmission,Powertrain,120,120,11364,114,118,11362,252,11110,0,22,None,0.0,0,0
2025-09-01,Brake_Pads,Chassis,120,480,3547,515,537,3604,840,2764,0,12,None,0.0,0,0
2025-09-01,Wheels,Chassis,120,480,10360,513,536,10416,840,9576,0,10,None,0.0,0,0
2025-09-01,Tyres,Chassis,120,480,1270,484,476,1266,840,426,0,9,None,0.0,0,0
2025-09-01,Seats,Interior,120,644,3447,589,564,3367,901,2466,0,14,None,0.0,0,0
2025-09-01,Nuts,Fastener_Cooling,120,13285,1210,13462,12795,720,18599,-17879,0,6,None,0.0,0,0
2025-09-01,ECU,Electrical,120,120,14595,104,108,14583,252,14331,0,20,None,0.0,0,0
2025-09-01,Radiator,Fastener_Cooling,120,120,8329,102,105,8314,210,8104,0,15,None,0.0,0,0
2025-09-02,Engine,Powertrain,121,106,13487,111,115,13496,222,13274,0,18,None,0.0,0,0
2025-09-02,Battery,Powertrain,121,15,8295,13,13,8293,100,8193,0,25,None,0.0,0,0
2025-09-02,Transmission,Powertrain,121,121,11362,111,111,11352,254,11098,0,22,None,0.0,0,0
2025-09-02,Brake_Pads,Chassis,121,484,3604,470,475,3595,847,2748,0,12,None,0.0,0,0
2025-09-02,Wheels,Chassis,121,484,10416,466,455,10387,847,9540,0,10,None,0.0,0,0
2025-09-02,Tyres,Chassis,121,484,1266,474,260,1042,847,195,1,9,None,0.0,0,0
2025-09-02,Seats,Interior,121,649,3367,621,596,3314,908,2406,0,14,None,0.0,0,0
2025-09-02,Nuts,Fastener_Cooling,121,13385,720,12281,11667,0,18739,-18739,0,6,None,0.0,0,0
2025-09-02,ECU,Electrical,121,121,14583,121,121,14583,254,14329,0,20,None,0.0,0,0
2025-09-02,Radiator,Fastener_Cooling,121,121,8314,112,107,8300,211,8089,0,15,None,0.0,0,0
2025-09-03,Engine,Powertrain,119,106,13496,111,112,13502,222,13280,0,18,None,0.0,0,0
2025-09-03,Battery,Powertrain,119,13,8293,13,12,8292,100,8192,0,25,None,0.0,0,0
2025-09-03,Transmission,Powertrain,119,119,11352,120,120,11353,249,11104,0,22,None,0.0,0,0
2025-09-03,Brake_Pads,Chassis,119,476,3595,460,440,3559,833,2726,0,12,None,0.0,0,0
2025-09-03,Wheels,Chassis,119,476,10387,443,429,10340,833,9507,0,10,None,0.0,0,0
2025-09-03,Tyres,Chassis,119,476,1042,407,426,992,833,159,0,9,None,0.0,0,0
2025-09-03,Seats,Interior,119,641,3314,702,705,3378,897,2481,0,14,None,0.0,0,0
2025-09-03,Nuts,Fastener_Cooling,119,13210,0,11708,11357,0,18494,-18494,0,6,None,0.0,0,0
2025-09-03,ECU,Electrical,119,119,14583,107,110,14574,249,14325,0,20,None,0.0,0,0
2025-09-03,Radiator,Fastener_Cooling,119,119,8300,116,116,8297,208,8089,0,15,None,0.0,0,0
2025-09-04,Engine,Powertrain,121,107,13502,117,116,13511,224,13287,0,18,None,0.0,0,0
2025-09-04,Battery,Powertrain,121,14,8292,15,15,8293,100,8193,0,25,None,0.0,0,0
2025-09-04,Transmission,Powertrain,121,121,11353,126,124,11356,254,11102,0,22,None,0.0,0,0
2025-09-04,Brake_Pads,Chassis,121,484,3559,453,458,3533,847,2686,0,12,None,0.0,0,0
2025-09-04,Wheels,Chassis,121,484,10340,456,457,10313,847,9466,0,10,None,0.0,0,0
2025-09-04,Tyres,Chassis,121,484,992,436,440,948,847,101,0,9,None,0.0,0,0
2025-09-04,Seats,Interior,121,649,3378,560,546,3275,908,2367,0,14,None,0.0,0,0
2025-09-04,Nuts,Fastener_Cooling,121,13400,0,11411,11385,0,18760,-18760,0,6,None,0.0,0,0
2025-09-04,ECU,Electrical,121,121,14574,114,115,14568,254,14314,0,20,None,0.0,0,0
2025-09-04,Radiator,Fastener_Cooling,121,121,8297,128,126,8302,211,8091,0,15,None,0.0,0,0
2025-09-05,Engine,Powertrain,120,107,13511,94,96,13500,224,13276,0,18,None,0.0,0,0
2025-09-05,Battery,Powertrain,120,13,8293,14,13,8293,100,8193,0,25,None,0.0,0,0
2025-09-05,Transmission,Powertrain,120,120,11356,114,109,11345,252,11093,0,22,None,0.0,0,0
2025-09-05,Brake_Pads,Chassis,120,480,3533,429,441,3494,840,2654,0,12,None,0.0,0,0
2025-09-05,Wheels,Chassis,120,480,10313,498,497,10330,840,9490,0,10,None,0.0,0,0
2025-09-05,Tyres,Chassis,120,480,948,496,504,972,840,132,0,9,None,0.0,0,0
2025-09-05,Seats,Interior,120,644,3275,653,658,3289,901,2388,0,14,None,0.0,0,0
2025-09-05,Nuts,Fastener_Cooling,120,13265,0,12270,11879,0,18571,-18571,0,6,None,0.0,0,0
2025-09-05,ECU,Electrical,120,120,14568,118,122,14570,252,14318,0,20,None,0.0,0,0
2025-09-05,Radiator,Fastener_Cooling,120,120,8302,128,128,8310,210,8100,0,15,None,0.0,0,0
2025-09-06,Engine,Powertrain,133,117,13500,109,103,13486,245,13241,0,18,None,0.0,0,1
2025-09-06,Battery,Powertrain,133,16,8293,16,15,8292,100,8192,0,25,None,0.0,0,1
2025-09-06,Transmission,Powertrain,133,133,11345,142,139,11351,279,11072,0,22,None,0.0,0,1
2025-09-06,Brake_Pads,Chassis,133,532,3494,568,312,3274,931,2343,1,12,None,0.0,0,1
2025-09-06,Wheels,Chassis,133,532,10330,483,485,10283,931,9352,0,10,None,0.0,0,1
2025-09-06,Tyres,Chassis,133,532,972,556,566,1006,931,75,0,9,None,0.0,0,1
2025-09-06,Seats,Interior,133,719,3289,734,744,3314,1006,2308,0,14,None,0.0,0,1
2025-09-06,Nuts,Fastener_Cooling,133,14835,0,14241,14171,0,20769,-20769,0,6,None,0.0,0,1
2025-09-06,ECU,Electrical,133,133,14570,126,122,14559,279,14280,0,20,None,0.0,0,1
2025-09-06,Radiator,Fastener_Cooling,133,133,8310,131,127,8304,232,8072,0,15,None,0.0,0,1
2025-09-07,Engine,Powertrain,134,120,13486,125,128,13494,252,13242,0,18,None,0.0,0,1
2025-09-07,Battery,Powertrain,134,14,8292,12,12,8290,100,8190,0,25,None,0.0,0,1
2025-09-07,Transmission,Powertrain,134,134,11351,121,116,11333,281,11052,0,22,None,0.0,0,1
2025-09-07,Brake_Pads,Chassis,134,536,3274,512,494,3232,938,2294,0,12,None,0.0,0,1
2025-09-07,Wheels,Chassis,134,536,10283,522,523,10270,938,9332,0,10,None,0.0,0,1
2025-09-07,Tyres,Chassis,134,536,1006,587,559,1029,938,91,0,9,None,0.0,0,1
2025-09-07,Seats,Interior,134,720,3314,675,692,3286,1008,2278,0,14,None,0.0,0,1
2025-09-07,Nuts,Fastener_Cooling,134,14825,0,14898,15093,268,20755,-20487,0,6,None,0.0,0,1
2025-09-07,ECU,Electrical,134,134,14559,138,132,14557,281,14276,0,20,None,0.0,0,1
2025-09-07,Radiator,Fastener_Cooling,134,134,8304,142,142,8312,234,8078,0,15,None,0.0,0,1
2025-09-08,Engine,Powertrain,120,106,13494,115,120,13508,222,13286,0,18,None,0.0,0,0
2025-09-08,Battery,Powertrain,120,14,8290,13,12,8288,100,8188,0,25,None,0.0,0,0
2025-09-08,Transmission,Powertrain,120,120,11333,131,127,11340,252,11088,0,22,None,0.0,0,0
2025-09-08,Brake_Pads,Chassis,120,480,3232,515,509,3261,840,2421,0,12,None,0.0,0,0
2025-09-08,Wheels,Chassis,120,480,10270,449,426,10216,840,9376,0,10,None,0.0,0,0
2025-09-08,Tyres,Chassis,120,480,1029,436,444,993,840,153,0,9,None,0.0,0,0
2025-09-08,Seats,Interior,120,644,3286,667,648,3290,901,2389,0,14,None,0.0,0,0
2025-09-08,Nuts,Fastener_Cooling,120,13290,268,14508,13848,826,18606,-17780,0,6,None,0.0,0,0
2025-09-08,ECU,Electrical,120,120,14557,123,129,14566,252,14314,0,20,None,0.0,0,0
2025-09-08,Radiator,Fastener_Cooling,120,120,8312,131,136,8328,210,8118,0,15,None,0.0,0,0
2025-09-09,Engine,Powertrain,122,107,13508,101,101,13502,224,13278,0,18,None,0.0,0,0
2025-09-09,Battery,Powertrain,122,15,8288,15,14,8287,100,8187,0,25,None,0.0,0,0
2025-09-09,Transmission,Powertrain,122,122,11340,129,128,11346,256,11090,0,22,None,0.0,0,0
2025-09-09,Brake_Pads,Chassis,122,488,3261,454,438,3211,854,2357,0,12,None,0.0,0,0
2025-09-09,Wheels,Chassis,122,488,10216,464,470,10198,854,9344,0,10,None,0.0,0,0
2025-09-09,Tyres,Chassis,122,488,993,425,417,922,854,68,0,9,None,0.0,0,0
2025-09-09,Seats,Interior,122,658,3290,577,605,3237,921,2316,0,14,None,0.0,0,0
2025-09-09,Nuts,Fastener_Cooling,122,13595,826,14750,15089,2320,19033,-16713,0,6,None,0.0,0,0
2025-09-09,ECU,Electrical,122,122,14566,123,120,14564,256,14308,0,20,None,0.0,0,0
2025-09-09,Radiator,Fastener_Cooling,122,122,8328,110,110,8316,213,8103,0,15,None,0.0,0,0
2025-09-10,Engine,Powertrain,119,104,13502,109,111,13509,218,13291,0,18,None,0.0,0,0
2025-09-10,Battery,Powertrain,119,15,8287,13,13,8285,100,8185,0,25,None,0.0,0,0
2025-09-10,Transmission,Powertrain,119,119,11346,112,107,11334,249,11085,0,22,None,0.0,0,0
2025-09-10,Brake_Pads,Chassis,119,476,3211,417,421,3156,833,2323,0,12,None,0.0,0,0
2025-09-10,Wheels,Chassis,119,476,10198,455,462,10184,833,9351,0,10,None,0.0,0,0
2025-09-10,Tyres,Chassis,119,476,922,509,495,941,833,108,0,9,None,0.0,0,0
2025-09-10,Seats,Interior,119,643,3237,693,682,3276,900,2376,0,14,None,0.0,0,0
2025-09-10,Nuts,Fastener_Cooling,119,13265,2320,14368,14367,3422,18571,-15149,0,6,None,0.0,0,0
2025-09-10,ECU,Electrical,119,119,14564,129,125,14570,249,14321,0,20,None,0.0,0,0
2025-09-10,Radiator,Fastener_Cooling,119,119,8316,120,125,8322,208,8114,0,15,None,0.0,0,0
2025-09-11,Engine,Powertrain,119,105,13509,110,108,13512,220,13292,0,18,None,0.0,0,0
2025-09-11,Battery,Powertrain,119,14,8285,14,14,8285,100,8185,0,25,None,0.0,0,0
2025-09-11,Transmission,Powertrain,119,119,11334,103,107,11322,249,11073,0,22,None,0.0,0,0
2025-09-11,Brake_Pads,Chassis,119,476,3156,406,406,3086,833,2253,0,12,None,0.0,0,0
2025-09-11,Wheels,Chassis,119,476,10184,521,511,10219,833,9386,0,10,None,0.0,0,0
2025-09-11,Tyres,Chassis,119,476,941,459,454,919,833,86,0,9,None,0.0,0,0
2025-09-11,Seats,Interior,119,643,3276,589,584,3217,900,2317,0,14,None,0.0,0,0
2025-09-11,Nuts,Fastener_Cooling,119,13230,3422,11717,11575,1767,18522,-16755,0,6,None,0.0,0,0
2025-09-11,ECU,Electrical,119,119,14570,113,115,14566,249,14317,0,20,None,0.0,0,0
2025-09-11,Radiator,Fastener_Cooling,119,119,8322,126,127,8330,208,8122,0,15,None,0.0,0,0
2025-09-12,Engine,Powertrain,121,107,13512,99,99,13504,224,13280,0,18,None,0.0,0,0
2025-09-12,Battery,Powertrain,121,14,8285,12,12,8283,100,8183,0,25,None,0.0,0,0
2025-09-12,Transmission,Powertrain,121,121,11322,108,110,11311,254,11057,0,22,None,0.0,0,0
2025-09-12,Brake_Pads,Chassis,121,484,3086,469,481,3083,847,2236,0,12,None,0.0,0,0
2025-09-12,Wheels,Chassis,121,484,10219,525,538,10273,847,9426,0,10,None,0.0,0,0
2025-09-12,Tyres,Chassis,121,484,919,455,469,904,847,57,0,9,None,0.0,0,0
2025-09-12,Seats,Interior,121,655,3217,583,583,3145,917,2228,0,14,None,0.0,0,0
2025-09-12,Nuts,Fastener_Cooling,121,13485,1767,12799,12809,1091,18879,-17788,0,6,None,0.0,0,0
2025-09-12,ECU,Electrical,121,121,14566,127,123,14568,254,14314,0,20,None,0.0,0,0
2025-09-12,Radiator,Fastener_Cooling,121,121,8330,114,110,8319,211,8108,0,15,None,0.0,0,0
2025-09-13,Engine,Powertrain,134,118,13504,122,126,13512,247,13265,0,18,None,0.0,0,1
2025-09-13,Battery,Powertrain,134,16,8283,17,17,8284,100,8184,0,25,None,0.0,0,1
2025-09-13,Transmission,Powertrain,134,134,11311,127,121,11298,281,11017,0,22,None,0.0,0,1
2025-09-13,Brake_Pads,Chassis,134,536,3083,585,557,3104,938,2166,0,12,None,0.0,0,1
2025-09-13,Wheels,Chassis,134,536,10273,527,509,10246,938,9308,0,10,None,0.0,0,1
2025-09-13,Tyres,Chassis,134,536,904,508,503,871,938,-67,0,9,None,0.0,0,1
2025-09-13,Seats,Interior,134,720,3145,656,648,3073,1008,2065,0,14,None,0.0,0,1
2025-09-13,Nuts,Fastener_Cooling,134,14835,1091,14389,14537,793,20769,-19976,0,6,None,0.0,0,1
2025-09-13,ECU,Electrical,134,134,14568,123,118,14552,281,14271,0,20,None,0.0,0,1
2025-09-13,Radiator,Fastener_Cooling,134,134,8319,123,129,8314,234,8080,0,15,None,0.0,0,1
2025-09-14,Engine,Powertrain,127,112,13512,119,65,13465,235,13230,1,18,None,0.0,0,1
2025-09-14,Battery,Powertrain,127,15,8284,12,12,8281,100,8181,0,25,None,0.0,0,1
2025-09-14,Transmission,Powertrain,127,127,11298,127,131,11302,266,11036,0,22,None,0.0,0,1
2025-09-14,Brake_Pads,Chassis,127,508,3104,552,554,3150,889,2261,0,12,None,0.0,0,1
2025-09-14,Wheels,Chassis,127,508,10246,498,489,10227,889,9338,0,10,None,0.0,0,1
2025-09-14,Tyres,Chassis,127,508,871,451,466,829,889,-60,0,9,None,0.0,0,1
2025-09-14,Seats,Interior,127,683,3073,660,687,3077,956,2121,0,14,None,0.0,0,1
2025-09-14,Nuts,Fastener_Cooling,127,14065,793,14726,14033,761,19691,-18930,0,6,None,0.0,0,1
2025-09-14,ECU,Electrical,127,127,14552,113,112,14537,266,14271,0,20,None,0.0,0,1
2025-09-14,Radiator,Fastener_Cooling,127,127,8314,110,105,8292,222,8070,0,15,None,0.0,0,1
2025-09-15,Engine,Powertrain,119,105,13465,101,99,13459,220,13239,0,18,None,0.0,0,0
2025-09-15,Battery,Powertrain,119,14,8281,15,15,8282,100,8182,0,25,None,0.0,0,0
2025-09-15,Transmission,Powertrain,119,119,11302,121,125,11308,249,11059,0,22,None,0.0,0,0
2025-09-15,Brake_Pads,Chassis,119,476,3150,461,438,3112,833,2279,0,12,None,0.0,0,0
2025-09-15,Wheels,Chassis,119,476,10227,419,427,10178,833,9345,0,10,None,0.0,0,0
2025-09-15,Tyres,Chassis,119,476,829,409,412,765,833,-68,0,9,None,0.0,0,0
2025-09-15,Seats,Interior,119,635,3077,571,593,3035,889,2146,0,14,None,0.0,0,0
2025-09-15,Nuts,Fastener_Cooling,119,13120,761,13714,13459,1100,18368,-17268,0,6,None,0.0,0,0
2025-09-15,ECU,Electrical,119,119,14537,127,122,14540,249,14291,0,20,None,0.0,0,0
2025-09-15,Radiator,Fastener_Cooling,119,119,8292,122,123,8296,208,8088,0,15,None,0.0,0,0
2025-09-16,Engine,Powertrain,117,103,13459,112,108,13464,216,13248,0,18,None,0.0,0,0
2025-09-16,Battery,Powertrain,117,14,8282,14,13,8281,100,8181,0,25,None,0.0,0,0
2025-09-16,Transmission,Powertrain,117,117,11308,110,114,11305,245,11060,0,22,None,0.0,0,0
2025-09-16,Brake_Pads,Chassis,117,468,3112,428,410,3054,819,2235,0,12,None,0.0,0,0
2025-09-16,Wheels,Chassis,117,468,10178,415,401,10111,819,9292,0,10,None,0.0,0,0
2025-09-16,Tyres,Chassis,117,468,765,437,421,718,819,-101,0,9,None,0.0,0,0
2025-09-16,Seats,Interior,117,627,3035,536,552,2960,877,2083,0,14,None,0.0,0,0
2025-09-16,Nuts,Fastener_Cooling,117,12955,1100,13660,13860,2005,18137,-16132,0,6,None,0.0,0,0
2025-09-16,ECU,Electrical,117,117,14540,127,125,14548,245,14303,0,20,None,0.0,0,0
2025-09-16,Radiator,Fastener_Cooling,117,117,8296,116,111,8290,204,8086,0,15,None,0.0,0,0
2025-09-17,Engine,Powertrain,123,109,13464,117,121,13476,228,13248,0,18,None,0.0,0,0
2025-09-17,Battery,Powertrain,123,14,8281,13,13,8280,100,8180,0,25,None,0.0,0,0
2025-09-17,Transmission,Powertrain,123,123,11305,112,112,11294,258,11036,0,22,None,0.0,0,0
2025-09-17,Brake_Pads,Chassis,123,492,3054,444,450,3012,861,2151,0,12,None,0.0,0,0
2025-09-17,Wheels,Chassis,123,492,10111,458,478,10097,861,9236,0,10,None,0.0,0,0
2025-09-17,Tyres,Chassis,123,492,718,491,476,702,861,-159,0,9,None,0.0,0,0
2025-09-17,Seats,Interior,123,661,2960,675,680,2979,925,2054,0,14,None,0.0,0,0
2025-09-17,Nuts,Fastener_Cooling,123,13645,2005,12151,11950,310,19103,-18793,0,6,None,0.0,0,0
2025-09-17,ECU,Electrical,123,123,14548,108,108,14533,258,14275,0,20,None,0.0,0,0
2025-09-17,Radiator,Fastener_Cooling,123,123,8290,104,108,8275,215,8060,0,15,None,0.0,0,0
2025-09-18,Engine,Powertrain,122,107,13476,110,112,13481,224,13257,0,18,None,0.0,0,0
2025-09-18,Battery,Powertrain,122,15,8280,13,13,8278,100,8178,0,25,None,0.0,0,0
2025-09-18,Transmission,Powertrain,122,122,11294,130,130,11302,256,11046,0,22,None,0.0,0,0
2025-09-18,Brake_Pads,Chassis,122,488,3012,435,423,2947,854,2093,0,12,None,0.0,0,0
2025-09-18,Wheels,Chassis,122,488,10097,463,464,10073,854,9219,0,10,None,0.0,0,0
2025-09-18,Tyres,Chassis,122,488,702,435,426,640,854,-214,0,9,None,0.0,0,0
2025-09-18,Seats,Interior,122,652,2979,703,677,3004,912,2092,0,14,None,0.0,0,0
2025-09-18,Nuts,Fastener_Cooling,122,13450,310,14658,15148,2008,18830,-16822,0,6,None,0.0,0,0
2025-09-18,ECU,Electrical,122,122,14533,120,124,14535,256,14279,0,20,None,0.0,0,0
2025-09-18,Radiator,Fastener_Cooling,122,122,8275,131,132,8285,213,8072,0,15,None,0.0,0,0
2025-09-19,Engine,Powertrain,117,104,13481,108,111,13488,218,13270,0,18,None,0.0,0,0
2025-09-19,Battery,Powertrain,117,13,8278,11,11,8276,100,8176,0,25,None,0.0,0,0
2025-09-19,Transmission,Powertrain,117,117,11302,105,100,11285,245,11040,0,22,None,0.0,0,0
2025-09-19,Brake_Pads,Chassis,117,468,2947,457,445,2924,819,2105,0,12,None,0.0,0,0
2025-09-19,Wheels,Chassis,117,468,10073,510,486,10091,819,9272,0,10,None,0.0,0,0
2025-09-19,Tyres,Chassis,117,468,640,426,438,610,819,-209,0,9,None,0.0,0,0
2025-09-19,Seats,Interior,117,625,3004,561,541,2920,875,2045,0,14,None,0.0,0,0
2025-09-19,Nuts,Fastener_Cooling,117,12905,2008,13291,13567,2670,18067,-15397,0,6,None,0.0,0,0
2025-09-19,ECU,Electrical,117,117,14535,112,113,14531,245,14286,0,20,None,0.0,0,0
2025-09-19,Radiator,Fastener_Cooling,117,117,8285,121,124,8292,204,8088,0,15,None,0.0,0,0
2025-09-20,Engine,Powertrain,132,118,13488,111,106,13476,247,13229,0,18,None,0.0,0,1
2025-09-20,Battery,Powertrain,132,14,8276,12,11,8273,100,8173,0,25,None,0.0,0,1
2025-09-20,Transmission,Powertrain,132,132,11285,130,128,11281,277,11004,0,22,None,0.0,0,1
2025-09-20,Brake_Pads,Chassis,132,528,2924,481,460,2856,924,1932,0,12,None,0.0,0,1
2025-09-20,Wheels,Chassis,132,528,10091,456,477,10040,924,9116,0,10,None,0.0,0,1
2025-09-20,Tyres,Chassis,132,528,610,565,590,672,924,-252,0,9,None,0.0,0,1
2025-09-20,Seats,Interior,132,710,2920,678,704,2914,994,1920,0,14,None,0.0,0,1
2025-09-20,Nuts,Fastener_Cooling,132,14645,2670,14232,13902,1927,20503,-18576,0,6,None,0.0,0,1
2025-09-20,ECU,Electrical,132,132,14531,139,140,14539,277,14262,0,20,None,0.0,0,1
2025-09-20,Radiator,Fastener_Cooling,132,132,8292,130,130,8290,231,8059,0,15,None,0.0,0,1
2025-09-21,Engine,Powertrain,130,115,13476,124,120,13481,241,13240,0,18,None,0.0,0,1
2025-09-21,Battery,Powertrain,130,15,8273,13,13,8271,100,8171,0,25,None,0.0,0,1
2025-09-21,Transmission,Powertrain,130,130,11281,121,120,11271,273,10998,0,22,None,0.0,0,1
2025-09-21,Brake_Pads,Chassis,130,520,2856,460,477,2813,910,1903,0,12,None,0.0,0,1
2025-09-21,Wheels,Chassis,130,520,10040,545,536,10056,910,9146,0,10,None,0.0,0,1
2025-09-21,Tyres,Chassis,130,520,672,479,460,612,910,-298,0,9,None,0.0,0,1
2025-09-21,Seats,Interior,130,702,2914,598,626,2838,982,1856,0,14,None,0.0,0,1
2025-09-21,Nuts,Fastener_Cooling,130,14465,1927,13456,13562,1024,20251,-19227,0,6,None,0.0,0,1
2025-09-21,ECU,Electrical,130,130,14539,116,113,14522,273,14249,0,20,None,0.0,0,1
2025-09-21,Radiator,Fastener_Cooling,130,130,8290,137,131,8291,227,8064,0,15,None,0.0,0,1
2025-09-22,Engine,Powertrain,121,107,13481,107,106,13480,224,13256,0,18,None,0.0,0,0
2025-09-22,Battery,Powertrain,121,14,8271,13,12,8269,100,8169,0,25,None,0.0,0,0
2025-09-22,Transmission,Powertrain,121,121,11271,129,128,11278,254,11024,0,22,None,0.0,0,0
2025-09-22,Brake_Pads,Chassis,121,484,2813,447,432,2761,847,1914,0,12,None,0.0,0,0
2025-09-22,Wheels,Chassis,121,484,10056,440,440,10012,847,9165,0,10,None,0.0,0,0
2025-09-22,Tyres,Chassis,121,484,612,430,427,555,847,-292,0,9,None,0.0,0,0
2025-09-22,Seats,Interior,121,649,2838,694,704,2893,908,1985,0,14,None,0.0,0,0
2025-09-22,Nuts,Fastener_Cooling,121,13400,1024,12467,12281,0,18760,-18760,0,6,None,0.0,0,0
2025-09-22,ECU,Electrical,121,121,14522,131,124,14525,254,14271,0,20,None,0.0,0,0
2025-09-22,Radiator,Fastener_Cooling,121,121,8291,117,112,8282,211,8071,0,15,None,0.0,0,0
2025-09-23,Engine,Powertrain,130,116,13480,101,104,13468,243,13225,0,18,None,0.0,0,0
2025-09-23,Battery,Powertrain,130,14,8269,13,13,8268,100,8168,0,25,None,0.0,0,0
2025-09-23,Transmission,Powertrain,130,130,11278,121,121,11269,273,10996,0,22,None,0.0,0,0
2025-09-23,Brake_Pads,Chassis,130,520,2761,500,499,2740,910,1830,0,12,None,0.0,0,0
2025-09-23,Wheels,Chassis,130,520,10012,497,508,10000,910,9090,0,10,None,0.0,0,0
2025-09-23,Tyres,Chassis,130,520,555,504,277,312,910,-598,1,9,None,0.0,0,0
2025-09-23,Seats,Interior,130,698,2893,700,699,2894,977,1917,0,14,None,0.0,0,0
2025-09-23,Nuts,Fastener_Cooling,130,14390,0,13645,13600,0,20146,-20146,0,6,None,0.0,0,0
2025-09-23,ECU,Electrical,130,130,14525,114,108,14503,273,14230,0,20,None,0.0,0,0
2025-09-23,Radiator,Fastener_Cooling,130,130,8282,125,130,8282,227,8055,0,15,None,0.0,0,0
2025-09-24,Engine,Powertrain,113,99,13468,90,91,13460,207,13253,0,18,None,0.0,0,0
2025-09-24,Battery,Powertrain,113,14,8268,13,12,8266,100,8166,0,25,None,0.0,0,0
2025-09-24,Transmission,Powertrain,113,113,11269,110,110,11266,237,11029,0,22,None,0.0,0,0
2025-09-24,Brake_Pads,Chassis,113,452,2740,414,405,2693,791,1902,0,12,None,0.0,0,0
2025-09-24,Wheels,Chassis,113,452,10000,493,502,10050,791,9259,0,10,None,0.0,0,0
2025-09-24,Tyres,Chassis,113,452,312,424,410,270,791,-521,0,9,None,0.0,0,0
2025-09-24,Seats,Interior,113,611,2894,662,637,2920,855,2065,0,14,None,0.0,0,0
2025-09-24,Nuts,Fastener_Cooling,113,12585,0,13345,13670,1085,17619,-16534,0,6,None,0.0,0,0
2025-09-24,ECU,Electrical,113,113,14503,103,106,14496,237,14259,0,20,None,0.0,0,0
2025-09-24,Radiator,Fastener_Cooling,113,113,8282,110,105,8274,197,8077,0,15,None,0.0,0,0
2025-09-25,Engine,Powertrain,121,108,13460,93,90,13442,226,13216,0,18,None,0.0,0,0
2025-09-25,Battery,Powertrain,121,13,8266,13,13,8266,100,8166,0,25,None,0.0,0,0
2025-09-25,Transmission,Powertrain,121,121,11266,125,126,11271,254,11017,0,22,None,0.0,0,0
2025-09-25,Brake_Pads,Chassis,121,484,2693,510,500,2709,847,1862,0,12,None,0.0,0,0
2025-09-25,Wheels,Chassis,121,484,10050,425,430,9996,847,9149,0,10,None,0.0,0,0
2025-09-25,Tyres,Chassis,121,484,270,462,458,244,847,-603,0,9,None,0.0,0,0
2025-09-25,Seats,Interior,121,653,2920,677,667,2934,914,2020,0,14,None,0.0,0,0
2025-09-25,Nuts,Fastener_Cooling,121,13445,1085,14277,14387,2027,18823,-16796,0,6,None,0.0,0,0
2025-09-25,ECU,Electrical,121,121,14496,106,103,14478,254,14224,0,20,None,0.0,0,0
2025-09-25,Radiator,Fastener_Cooling,121,121,8274,129,132,8285,211,8074,0,15,None,0.0,0,0
2025-09-26,Engine,Powertrain,120,106,13442,105,102,13438,222,13216,0,18,None,0.0,0,0
2025-09-26,Battery,Powertrain,120,14,8266,13,12,8264,100,8164,0,25,None,0.0,0,0
2025-09-26,Transmission,Powertrain,120,120,11271,127,124,11275,252,11023,0,22,None,0.0,0,0
2025-09-26,Brake_Pads,Chassis,120,480,2709,466,442,2671,840,1831,0,12,None,0.0,0,0
2025-09-26,Wheels,Chassis,120,480,9996,471,481,9997,840,9157,0,10,None,0.0,0,0
2025-09-26,Tyres,Chassis,120,480,244,430,411,175,840,-665,0,9,None,0.0,0,0
2025-09-26,Seats,Interior,120,650,2934,611,619,2903,910,1993,0,14,None,0.0,0,0
2025-09-26,Nuts,Fastener_Cooling,120,13415,2027,13933,13716,2328,18781,-16453,0,6,None,0.0,0,0
2025-09-26,ECU,Electrical,120,120,14478,117,119,14477,252,14225,0,20,None,0.0,0,0
2025-09-26,Radiator,Fastener_Cooling,120,120,8285,131,130,8295,210,8085,0,15,None,0.0,0,0
2025-09-27,Engine,Powertrain,133,118,13438,116,116,13436,247,13189,0,18,None,0.0,0,1
2025-09-27,Battery,Powertrain,133,15,8264,15,15,8264,100,8164,0,25,None,0.0,0,1
2025-09-27,Transmission,Powertrain,133,133,11275,123,117,11259,279,10980,0,22,None,0.0,0,1
2025-09-27,Brake_Pads,Chassis,133,532,2671,516,508,2647,931,1716,0,12,None,0.0,0,1
2025-09-27,Wheels,Chassis,133,532,9997,558,542,10007,931,9076,0,10,None,0.0,0,1
2025-09-27,Tyres,Chassis,133,532,175,557,561,204,931,-727,0,9,None,0.0,0,1
2025-09-27,Seats,Interior,133,721,2903,781,770,2952,1009,1943,0,14,None,0.0,0,1
2025-09-27,Nuts,Fastener_Cooling,133,14835,2328,13114,13627,1120,20769,-19649,0,6,None,0.0,0,1
2025-09-27,ECU,Electrical,133,133,14477,127,129,14473,279,14194,0,20,None,0.0,0,1
2025-09-27,Radiator,Fastener_Cooling,133,133,8295,134,131,8293,232,8061,0,15,None,0.0,0,1
2025-09-28,Engine,Powertrain,137,122,13436,103,100,13414,256,13158,0,18,None,0.0,0,1
2025-09-28,Battery,Powertrain,137,15,8264,14,13,8262,100,8162,0,25,None,0.0,0,1
2025-09-28,Transmission,Powertrain,137,137,11259,122,120,11242,287,10955,0,22,None,0.0,0,1
2025-09-28,Brake_Pads,Chassis,137,548,2647,526,542,2641,959,1682,0,12,None,0.0,0,1
2025-09-28,Wheels,Chassis,137,548,10007,562,557,10016,959,9057,0,10,None,0.0,0,1
2025-09-28,Tyres,Chassis,137,548,204,507,496,152,959,-807,0,9,None,0.0,0,1
2025-09-28,Seats,Interior,137,737,2952,663,694,2909,1031,1878,0,14,None,0.0,0,1
2025-09-28,Nuts,Fastener_Cooling,137,15195,1120,14439,15158,1083,21273,-20190,0,6,None,0.0,0,1
2025-09-28,ECU,Electrical,137,137,14473,142,138,14474,287,14187,0,20,None,0.0,0,1
2025-09-28,Radiator,Fastener_Cooling,137,137,8293,118,122,8278,239,8039,0,15,None,0.0,0,1
2025-09-29,Engine,Powertrain,117,102,13414,101,105,13417,214,13203,0,18,None,0.0,0,0
2025-09-29,Battery,Powertrain,117,15,8262,16,16,8263,100,8163,0,25,None,0.0,0,0
2025-09-29,Transmission,Powertrain,117,117,11242,113,116,11241,245,10996,0,22,None,0.0,0,0
2025-09-29,Brake_Pads,Chassis,117,468,2641,442,451,2624,819,1805,0,12,None,0.0,0,0
2025-09-29,Wheels,Chassis,117,468,10016,486,508,10056,819,9237,0,10,None,0.0,0,0
2025-09-29,Tyres,Chassis,117,468,152,436,450,134,819,-685,0,9,None,0.0,0,0
2025-09-29,Seats,Interior,117,629,2909,539,521,2801,880,1921,0,14,None,0.0,0,0
2025-09-29,Nuts,Fastener_Cooling,117,13015,1083,13482,13882,1950,18221,-16271,0,6,None,0.0,0,0
2025-09-29,ECU,Electrical,117,117,14474,101,96,14453,245,14208,0,20,None,0.0,0,0
2025-09-29,Radiator,Fastener_Cooling,117,117,8278,119,123,8284,204,8080,0,15,None,0.0,0,0
2025-09-30,Engine,Powertrain,124,109,13417,98,100,13408,228,13180,0,18,None,0.0,0,0
2025-09-30,Battery,Powertrain,124,15,8263,16,16,8264,100,8164,0,25,None,0.0,0,0
2025-09-30,Transmission,Powertrain,124,124,11241,129,126,11243,260,10983,0,22,None,0.0,0,0
2025-09-30,Brake_Pads,Chassis,124,496,2624,518,536,2664,868,1796,0,12,None,0.0,0,0
2025-09-30,Wheels,Chassis,124,496,10056,526,508,10068,868,9200,0,10,None,0.0,0,0
2025-09-30,Tyres,Chassis,124,496,134,536,511,149,868,-719,0,9,None,0.0,0,0
2025-09-30,Seats,Interior,124,666,2801,675,696,2831,932,1899,0,14,None,0.0,0,0
2025-09-30,Nuts,Fastener_Cooling,124,13770,1950,14835,15567,3747,19278,-15531,0,6,None,0.0,0,0
2025-09-30,ECU,Electrical,124,124,14453,118,119,14448,260,14188,0,20,None,0.0,0,0
2025-09-30,Radiator,Fastener_Cooling,124,124,8284,128,122,8282,217,8065,0,15,None,0.0,0,0
2025-10-01,Engine,Powertrain,125,111,13408,98,100,13397,233,13164,0,18,None,0.0,0,0
2025-10-01,Battery,Powertrain,125,14,8264,14,13,8263,100,8163,0,25,None,0.0,0,0
2025-10-01,Transmission,Powertrain,125,125,11243,118,119,11237,262,10975,0,22,None,0.0,0,0
2025-10-01,Brake_Pads,Chassis,125,500,2664,505,499,2663,875,1788,0,12,None,0.0,0,0
2025-10-01,Wheels,Chassis,125,500,10068,481,461,10029,875,9154,0,10,None,0.0,0,0
2025-10-01,Tyres,Chassis,125,500,149,456,444,93,875,-782,0,9,None,0.0,0,0
2025-10-01,Seats,Interior,125,675,2831,695,665,2821,945,1876,0,14,None,0.0,0,0
2025-10-01,Nuts,Fastener_Cooling,125,13905,3747,12153,12500,2342,19467,-17125,0,6,None,0.0,0,0
2025-10-01,ECU,Electrical,125,125,14448,118,120,14443,262,14181,0,20,None,0.0,0,0
2025-10-01,Radiator,Fastener_Cooling,125,125,8282,109,112,8269,218,8051,0,15,None,0.0,0,0
2025-10-02,Engine,Powertrain,136,118,13397,126,127,13406,247,13159,0,18,Gandhi Jayanti,0.7,0,0
2025-10-02,Battery,Powertrain,136,18,8263,18,18,8263,100,8163,0,25,Gandhi Jayanti,0.7,0,0
2025-10-02,Transmission,Powertrain,136,136,11237,120,122,11223,285,10938,0,22,Gandhi Jayanti,0.7,0,0
2025-10-02,Brake_Pads,Chassis,136,544,2663,510,521,2640,952,1688,0,12,Gandhi Jayanti,0.7,0,0
2025-10-02,Wheels,Chassis,136,544,10029,522,534,10019,952,9067,0,10,Gandhi Jayanti,0.7,0,0
2025-10-02,Tyres,Chassis,136,544,93,509,515,64,952,-888,0,9,Gandhi Jayanti,0.7,0,0
2025-10-02,Seats,Interior,136,728,2821,777,812,2905,1019,1886,0,14,Gandhi Jayanti,0.7,0,0
2025-10-02,Nuts,Fastener_Cooling,136,15070,2342,15757,16397,3669,21098,-17429,0,6,Gandhi Jayanti,0.7,0,0
2025-10-02,ECU,Electrical,136,136,14443,141,135,14442,285,14157,0,20,Gandhi Jayanti,0.7,0,0
2025-10-02,Radiator,Fastener_Cooling,136,136,8269,124,118,8251,238,8013,0,15,Gandhi Jayanti,0.7,0,0
2025-10-03,Engine,Powertrain,124,109,13406,98,93,13390,228,13162,0,18,None,0.0,0,0
2025-10-03,Battery,Powertrain,124,15,8263,13,13,8261,100,8161,0,25,None,0.0,0,0
2025-10-03,Transmission,Powertrain,124,124,11223,128,125,11224,260,10964,0,22,None,0.0,0,0
2025-10-03,Brake_Pads,Chassis,124,496,2640,425,430,2574,868,1706,0,12,None,0.0,0,0
2025-10-03,Wheels,Chassis,124,496,10019,478,462,9985,868,9117,0,10,None,0.0,0,0
2025-10-03,Tyres,Chassis,124,496,64,447,443,11,868,-857,0,9,None,0.0,0,0
2025-10-03,Seats,Interior,124,668,2905,658,684,2921,935,1986,0,14,None,0.0,0,0
2025-10-03,Nuts,Fastener_Cooling,124,13775,3669,12193,11673,1567,19285,-17718,0,6,None,0.0,0,0
2025-10-03,ECU,Electrical,124,124,14442,124,127,14445,260,14185,0,20,None,0.0,0,0
2025-10-03,Radiator,Fastener_Cooling,124,124,8251,108,112,8239,217,8022,0,15,None,0.0,0,0
2025-10-04,Engine,Powertrain,127,112,13390,113,111,13389,235,13154,0,18,None,0.0,0,1
2025-10-04,Battery,Powertrain,127,15,8261,15,14,8260,100,8160,0,25,None,0.0,0,1
2025-10-04,Transmission,Powertrain,127,127,11224,126,69,11166,266,10900,1,22,None,0.0,0,1
2025-10-04,Brake_Pads,Chassis,127,508,2574,451,469,2535,889,1646,0,12,None,0.0,0,1
2025-10-04,Wheels,Chassis,127,508,9985,468,462,9939,889,9050,0,10,None,0.0,0,1
2025-10-04,Tyres,Chassis,127,508,11,442,450,0,889,-889,0,9,None,0.0,0,1
2025-10-04,Seats,Interior,127,685,2921,613,589,2825,959,1866,0,14,None,0.0,0,1
2025-10-04,Nuts,Fastener_Cooling,127,14110,1567,13566,13073,530,19754,-19224,0,6,None,0.0,0,1
2025-10-04,ECU,Electrical,127,127,14445,123,128,14446,266,14180,0,20,None,0.0,0,1
2025-10-04,Radiator,Fastener_Cooling,127,127,8239,108,107,8219,222,7997,0,15,None,0.0,0,1
2025-10-05,Engine,Powertrain,131,118,13389,115,113,13384,247,13137,0,18,None,0.0,0,1
2025-10-05,Battery,Powertrain,131,13,8260,12,12,8259,100,8159,0,25,None,0.0,0,1
2025-10-05,Transmission,Powertrain,131,131,11166,124,120,11155,275,10880,0,22,None,0.0,0,1
2025-10-05,Brake_Pads,Chassis,131,524,2535,549,570,2581,917,1664,0,12,None,0.0,0,1
2025-10-05,Wheels,Chassis,131,524,9939,510,499,9914,917,8997,0,10,None,0.0,0,1
2025-10-05,Tyres,Chassis,131,524,0,559,538,14,917,-903,0,9,None,0.0,0,1
2025-10-05,Seats,Interior,131,705,2825,721,707,2827,987,1840,0,14,None,0.0,0,1
2025-10-05,Nuts,Fastener_Cooling,131,14500,530,13682,13923,0,20300,-20300,0,6,None,0.0,0,1
2025-10-05,ECU,Electrical,131,131,14446,140,140,14455,275,14180,0,20,None,0.0,0,1
2025-10-05,Radiator,Fastener_Cooling,131,131,8219,130,129,8217,229,7988,0,15,None,0.0,0,1
2025-10-06,Engine,Powertrain,120,107,13384,98,97,13374,224,13150,0,18,None,0.0,0,0
2025-10-06,Battery,Powertrain,120,13,8259,13,13,8259,100,8159,0,25,None,0.0,0,0
2025-10-06,Transmission,Powertrain,120,120,11155,104,108,11143,252,10891,0,22,None,0.0,0,0
2025-10-06,Brake_Pads,Chassis,120,480,2581,472,451,2552,840,1712,0,12,None,0.0,0,0
2025-10-06,Wheels,Chassis,120,480,9914,408,424,9858,840,9018,0,10,None,0.0,0,0
2025-10-06,Tyres,Chassis,120,480,14,430,444,0,840,-840,0,9,None,0.0,0,0
2025-10-06,Seats,Interior,120,644,2827,588,593,2776,901,1875,0,14,None,0.0,0,0
2025-10-06,Nuts,Fastener_Cooling,120,13295,0,12253,11696,0,18613,-18613,0,6,None,0.0,0,0
2025-10-06,ECU,Electrical,120,120,14455,105,108,14443,252,14191,0,20,None,0.0,0,0
2025-10-06,Radiator,Fastener_Cooling,120,120,8217,110,110,8207,210,7997,0,15,None,0.0,0,0
2025-10-07,Engine,Powertrain,125,110,13374,111,110,13374,231,13143,0,18,None,0.0,0,0
2025-10-07,Battery,Powertrain,125,15,8259,13,12,8256,100,8156,0,25,None,0.0,0,0
2025-10-07,Transmission,Powertrain,125,125,11143,135,133,11151,262,10889,0,22,None,0.0,0,0
2025-10-07,Brake_Pads,Chassis,125,500,2552,486,463,2515,875,1640,0,12,None,0.0,0,0
2025-10-07,Wheels,Chassis,125,500,9858,458,466,9824,875,8949,0,10,None,0.0,0,0
2025-10-07,Tyres,Chassis,125,500,0,448,447,0,875,-875,0,9,None,0.0,0,0
2025-10-07,Seats,Interior,125,667,2776,661,650,2759,933,1826,0,14,None,0.0,0,0
2025-10-07,Nuts,Fastener_Cooling,125,13790,0,13350,13251,0,19306,-19306,0,6,None,0.0,0,0
2025-10-07,ECU,Electrical,125,125,14443,130,129,14447,262,14185,0,20,None,0.0,0,0
2025-10-07,Radiator,Fastener_Cooling,125,125,8207,108,106,8188,218,7970,0,15,None,0.0,0,0
2025-10-08,Engine,Powertrain,113,98,13374,99,96,13372,205,13167,0,18,None,0.0,0,0
2025-10-08,Battery,Powertrain,113,15,8256,15,8,8249,100,8149,1,25,None,0.0,0,0
2025-10-08,Transmission,Powertrain,113,113,11151,117,119,11157,237,10920,0,22,None,0.0,0,0
2025-10-08,Brake_Pads,Chassis,113,452,2515,467,466,2529,791,1738,0,12,None,0.0,0,0
2025-10-08,Wheels,Chassis,113,452,9824,424,436,9808,791,9017,0,10,None,0.0,0,0
2025-10-08,Tyres,Chassis,113,452,0,407,396,0,791,-791,0,9,None,0.0,0,0
2025-10-08,Seats,Interior,113,609,2759,628,613,2763,852,1911,0,14,None,0.0,0,0
2025-10-08,Nuts,Fastener_Cooling,113,12595,0,10794,10992,0,17633,-17633,0,6,None,0.0,0,0
2025-10-08,ECU,Electrical,113,113,14447,115,117,14451,237,14214,0,20,None,0.0,0,0
2025-10-08,Radiator,Fastener_Cooling,113,113,8188,107,110,8185,197,7988,0,15,None,0.0,0,0
2025-10-09,Engine,Powertrain,123,110,13372,112,112,13374,231,13143,0,18,None,0.0,0,0
2025-10-09,Battery,Powertrain,123,13,8249,12,12,8248,100,8148,0,25,None,0.0,0,0
2025-10-09,Transmission,Powertrain,123,123,11157,135,129,11163,258,10905,0,22,None,0.0,0,0
2025-10-09,Brake_Pads,Chassis,123,492,2529,446,463,2500,861,1639,0,12,None,0.0,0,0
2025-10-09,Wheels,Chassis,123,492,9808,499,498,9814,861,8953,0,10,None,0.0,0,0
2025-10-09,Tyres,Chassis,123,492,0,486,475,0,861,-861,0,9,None,0.0,0,0
2025-10-09,Seats,Interior,123,663,2763,648,632,2732,928,1804,0,14,None,0.0,0,0
2025-10-09,Nuts,Fastener_Cooling,123,13675,0,11687,11944,0,19145,-19145,0,6,None,0.0,0,0
2025-10-09,ECU,Electrical,123,123,14451,124,119,14447,258,14189,0,20,None,0.0,0,0
2025-10-09,Radiator,Fastener_Cooling,123,123,8185,126,129,8191,215,7976,0,15,None,0.0,0,0
2025-10-10,Engine,Powertrain,121,106,13374,107,107,13375,222,13153,0,18,None,0.0,0,0
2025-10-10,Battery,Powertrain,121,15,8248,12,11,8244,100,8144,0,25,None,0.0,0,0
2025-10-10,Transmission,Powertrain,121,121,11163,112,114,11156,254,10902,0,22,None,0.0,0,0
2025-10-10,Brake_Pads,Chassis,121,484,2500,454,431,2447,847,1600,0,12,None,0.0,0,0
2025-10-10,Wheels,Chassis,121,484,9814,458,441,9771,847,8924,0,10,None,0.0,0,0
2025-10-10,Tyres,Chassis,121,484,0,527,507,23,847,-824,0,9,None,0.0,0,0
2025-10-10,Seats,Interior,121,649,2732,654,683,2766,908,1858,0,14,None,0.0,0,0
2025-10-10,Nuts,Fastener_Cooling,121,13395,0,14504,14417,1022,18753,-17731,0,6,None,0.0,0,0
2025-10-10,ECU,Electrical,121,121,14447,113,108,14434,254,14180,0,20,None,0.0,0,0
2025-10-10,Radiator,Fastener_Cooling,121,121,8191,119,122,8192,211,7981,0,15,None,0.0,0,0
2025-10-11,Engine,Powertrain,141,125,13375,131,128,13378,262,13116,0,18,None,0.0,0,1
2025-10-11,Battery,Powertrain,141,16,8244,16,15,8243,100,8143,0,25,None,0.0,0,1
2025-10-11,Transmission,Powertrain,141,141,11156,133,136,11151,296,10855,0,22,None,0.0,0,1
2025-10-11,Brake_Pads,Chassis,141,564,2447,586,598,2481,987,1494,0,12,None,0.0,0,1
2025-10-11,Wheels,Chassis,141,564,9771,507,511,9718,987,8731,0,10,None,0.0,0,1
2025-10-11,Tyres,Chassis,141,564,23,612,582,41,987,-946,0,9,None,0.0,0,1
2025-10-11,Seats,Interior,141,759,2766,782,744,2751,1062,1689,0,14,None,0.0,0,1
2025-10-11,Nuts,Fastener_Cooling,141,15635,1022,13562,13702,0,21889,-21889,0,6,None,0.0,0,1
2025-10-11,ECU,Electrical,141,141,14434,147,148,14441,296,14145,0,20,None,0.0,0,1
2025-10-11,Radiator,Fastener_Cooling,141,141,8192,132,136,8187,246,7941,0,15,None,0.0,0,1
2025-10-12,Engine,Powertrain,135,118,13378,119,116,13376,247,13129,0,18,None,0.0,0,1
2025-10-12,Battery,Powertrain,135,17,8243,17,17,8243,100,8143,0,25,None,0.0,0,1
2025-10-12,Transmission,Powertrain,135,135,11151,142,78,11094,283,10811,1,22,None,0.0,0,1
2025-10-12,Brake_Pads,Chassis,135,540,2481,527,537,2478,945,1533,0,12,None,0.0,0,1
2025-10-12,Wheels,Chassis,135,540,9718,491,491,9669,945,8724,0,10,None,0.0,0,1
2025-10-12,Tyres,Chassis,135,540,41,542,520,21,945,-924,0,9,None,0.0,0,1
2025-10-12,Seats,Interior,135,723,2751,721,756,2784,1012,1772,0,14,None,0.0,0,1
2025-10-12,Nuts,Fastener_Cooling,135,14945,0,14294,14993,48,20923,-20875,0,6,None,0.0,0,1
2025-10-12,ECU,Electrical,135,135,14441,137,137,14443,283,14160,0,20,None,0.0,0,1
2025-10-12,Radiator,Fastener_Cooling,135,135,8187,135,139,8191,236,7955,0,15,None,0.0,0,1
2025-10-13,Engine,Powertrain,118,103,13376,91,88,13361,216,13145,0,18,None,0.0,0,0
2025-10-13,Battery,Powertrain,118,15,8243,15,15,8243,100,8143,0,25,None,0.0,0,0
2025-10-13,Transmission,Powertrain,118,118,11094,121,120,11096,247,10849,0,22,None,0.0,0,0
2025-10-13,Brake_Pads,Chassis,118,472,2478,430,422,2428,826,1602,0,12,None,0.0,0,0
2025-10-13,Wheels,Chassis,118,472,9669,420,420,9617,826,8791,0,10,None,0.0,0,0
2025-10-13,Tyres,Chassis,118,472,21,449,469,18,826,-808,0,9,None,0.0,0,0
2025-10-13,Seats,Interior,118,632,2784,548,558,2710,884,1826,0,14,None,0.0,0,0
2025-10-13,Nuts,Fastener_Cooling,118,13040,48,12629,12369,0,18256,-18256,0,6,None,0.0,0,0
2025-10-13,ECU,Electrical,118,118,14443,101,104,14429,247,14182,0,20,None,0.0,0,0
2025-10-13,Radiator,Fastener_Cooling,118,118,8191,111,115,8188,206,7982,0,15,None,0.0,0,0
2025-10-14,Engine,Powertrain,125,109,13361,111,114,13366,228,13138,0,18,None,0.0,0,0
2025-10-14,Battery,Powertrain,125,16,8243,13,13,8240,100,8140,0,25,None,0.0,0,0
2025-10-14,Transmission,Powertrain,125,125,11096,135,132,11103,262,10841,0,22,None,0.0,0,0
2025-10-14,Brake_Pads,Chassis,125,500,2428,478,476,2404,875,1529,0,12,None,0.0,0,0
2025-10-14,Wheels,Chassis,125,500,9617,455,459,9576,875,8701,0,10,None,0.0,0,0
2025-10-14,Tyres,Chassis,125,500,18,441,431,0,875,-875,0,9,None,0.0,0,0
2025-10-14,Seats,Interior,125,671,2710,672,656,2695,939,1756,0,14,None,0.0,0,0
2025-10-14,Nuts,Fastener_Cooling,125,13855,0,13033,13465,0,19397,-19397,0,6,None,0.0,0,0
2025-10-14,ECU,Electrical,125,125,14429,127,124,14428,262,14166,0,20,None,0.0,0,0
2025-10-14,Radiator,Fastener_Cooling,125,125,8188,132,134,8197,218,7979,0,15,None,0.0,0,0
2025-10-15,Engine,Powertrain,131,116,13366,119,117,13367,243,13124,0,18,None,0.0,0,0
2025-10-15,Battery,Powertrain,131,15,8240,15,15,8240,100,8140,0,25,None,0.0,0,0
2025-10-15,Transmission,Powertrain,131,131,11103,133,137,11109,275,10834,0,22,None,0.0,0,0
2025-10-15,Brake_Pads,Chassis,131,524,2404,508,494,2374,917,1457,0,12,None,0.0,0,0
2025-10-15,Wheels,Chassis,131,524,9576,497,504,9556,917,8639,0,10,None,0.0,0,0
2025-10-15,Tyres,Chassis,131,524,0,509,514,0,917,-917,0,9,None,0.0,0,0
2025-10-15,Seats,Interior,131,703,2695,727,736,2728,984,1744,0,14,None,0.0,0,0
2025-10-15,Nuts,Fastener_Cooling,131,14515,0,14072,13881,0,20321,-20321,0,6,None,0.0,0,0
2025-10-15,ECU,Electrical,131,131,14428,136,138,14435,275,14160,0,20,None,0.0,0,0
2025-10-15,Radiator,Fastener_Cooling,131,131,8197,118,121,8187,229,7958,0,15,None,0.0,0,0
2025-10-16,Engine,Powertrain,119,104,13367,94,90,13353,218,13135,0,18,None,0.0,0,0
2025-10-16,Battery,Powertrain,119,15,8240,15,15,8240,100,8140,0,25,None,0.0,0,0
2025-10-16,Transmission,Powertrain,119,119,11109,126,126,11116,249,10867,0,22,None,0.0,0,0
2025-10-16,Brake_Pads,Chassis,119,476,2374,411,417,2315,833,1482,0,12,None,0.0,0,0
2025-10-16,Wheels,Chassis,119,476,9556,433,416,9496,833,8663,0,10,None,0.0,0,0
2025-10-16,Tyres,Chassis,119,476,0,411,415,0,833,-833,0,9,None,0.0,0,0
2025-10-16,Seats,Interior,119,641,2728,691,692,2779,897,1882,0,14,None,0.0,0,0
2025-10-16,Nuts,Fastener_Cooling,119,13220,0,13431,13699,479,18508,-18029,0,6,None,0.0,0,0
2025-10-16,ECU,Electrical,119,119,14435,113,108,14424,249,14175,0,20,None,0.0,0,0
2025-10-16,Radiator,Fastener_Cooling,119,119,8187,110,110,8178,208,7970,0,15,None,0.0,0,0
2025-10-17,Engine,Powertrain,118,104,13353,106,103,13352,218,13134,0,18,None,0.0,0,0
2025-10-17,Battery,Powertrain,118,14,8240,14,14,8240,100,8140,0,25,None,0.0,0,0
2025-10-17,Transmission,Powertrain,118,118,11116,109,113,11111,247,10864,0,22,None,0.0,0,0
2025-10-17,Brake_Pads,Chassis,118,472,2315,433,412,2255,826,1429,0,12,None,0.0,0,0
2025-10-17,Wheels,Chassis,118,472,9496,450,438,9462,826,8636,0,10,None,0.0,0,0
2025-10-17,Tyres,Chassis,118,472,0,402,221,0,826,-826,1,9,None,0.0,0,0
2025-10-17,Seats,Interior,118,636,2779,657,670,2813,890,1923,0,14,None,0.0,0,0
2025-10-17,Nuts,Fastener_Cooling,118,13135,479,13444,12854,198,18389,-18191,0,6,None,0.0,0,0
2025-10-17,ECU,Electrical,118,118,14424,112,111,14417,247,14170,0,20,None,0.0,0,0
2025-10-17,Radiator,Fastener_Cooling,118,118,8178,106,104,8164,206,7958,0,15,None,0.0,0,0
2025-10-18,Engine,Powertrain,144,124,13352,121,120,13348,260,13088,0,18,Diwali,1.0,0,1
2025-10-18,Battery,Powertrain,144,20,8240,21,21,8241,100,8141,0,25,Diwali,1.0,0,1
2025-10-18,Transmission,Powertrain,144,144,11111,152,154,11121,302,10819,0,22,Diwali,1.0,0,1
2025-10-18,Brake_Pads,Chassis,144,576,2255,496,498,2177,1008,1169,0,12,Diwali,1.0,0,1
2025-10-18,Wheels,Chassis,144,576,9462,623,626,9512,1008,8504,0,10,Diwali,1.0,0,1
2025-10-18,Tyres,Chassis,144,576,0,524,519,0,1008,-1008,0,9,Diwali,1.0,0,1
2025-10-18,Seats,Interior,144,782,2813,823,832,2863,1094,1769,0,14,Diwali,1.0,0,1
2025-10-18,Nuts,Fastener_Cooling,144,16125,198,15523,15205,0,22575,-22575,0,6,Diwali,1.0,0,1
2025-10-18,ECU,Electrical,144,144,14417,139,132,14405,302,14103,0,20,Diwali,1.0,0,1
2025-10-18,Radiator,Fastener_Cooling,144,144,8164,146,146,8166,252,7914,0,15,Diwali,1.0,0,1
2025-10-19,Engine,Powertrain,152,133,13348,132,132,13347,279,13068,0,18,Diwali,1.25,0,1
2025-10-19,Battery,Powertrain,152,19,8241,16,15,8237,100,8137,0,25,Diwali,1.25,0,1
2025-10-19,Transmission,Powertrain,152,152,11121,134,139,11108,319,10789,0,22,Diwali,1.25,0,1
2025-10-19,Brake_Pads,Chassis,152,608,2177,632,662,2231,1064,1167,0,12,Diwali,1.25,0,1
2025-10-19,Wheels,Chassis,152,608,9512,605,595,9499,1064,8435,0,10,Diwali,1.25,0,1
2025-10-19,Tyres,Chassis,152,608,0,637,605,0,1064,-1064,0,9,Diwali,1.25,0,1
2025-10-19,Seats,Interior,152,820,2863,859,870,2913,1148,1765,0,14,Diwali,1.25,0,1
2025-10-19,Nuts,Fastener_Cooling,152,16885,0,17921,17124,239,23639,-23400,0,6,Diwali,1.25,0,1
2025-10-19,ECU,Electrical,152,152,14405,136,129,14382,319,14063,0,20,Diwali,1.25,0,1
2025-10-19,Radiator,Fastener_Cooling,152,152,8166,141,136,8150,266,7884,0,15,Diwali,1.25,0,1
2025-10-20,Engine,Powertrain,140,121,13347,119,123,13349,254,13095,0,18,Diwali,1.5,0,0
2025-10-20,Battery,Powertrain,140,19,8237,20,20,8238,100,8138,0,25,Diwali,1.5,0,0
2025-10-20,Transmission,Powertrain,140,140,11108,123,119,11087,294,10793,0,22,Diwali,1.5,0,0
2025-10-20,Brake_Pads,Chassis,140,560,2231,522,542,2213,980,1233,0,12,Diwali,1.5,0,0
2025-10-20,Wheels,Chassis,140,560,9499,598,591,9530,980,8550,0,10,Diwali,1.5,0,0
2025-10-20,Tyres,Chassis,140,560,0,486,483,0,980,-980,0,9,Diwali,1.5,0,0
2025-10-20,Seats,Interior,140,754,2913,725,741,2900,1055,1845,0,14,Diwali,1.5,0,0
2025-10-20,Nuts,Fastener_Cooling,140,15550,239,16441,16657,1346,21770,-20424,0,6,Diwali,1.5,0,0
2025-10-20,ECU,Electrical,140,140,14382,137,138,14380,294,14086,0,20,Diwali,1.5,0,0
2025-10-20,Radiator,Fastener_Cooling,140,140,8150,138,140,8150,245,7905,0,15,Diwali,1.5,0,0
2025-10-21,Engine,Powertrain,144,124,13349,129,127,13352,260,13092,0,18,Diwali,1.5,0,0
2025-10-21,Battery,Powertrain,144,20,8238,20,11,8229,100,8129,1,25,Diwali,1.5,0,0
2025-10-21,Transmission,Powertrain,144,144,11087,148,155,11098,302,10796,0,22,Diwali,1.5,0,0
2025-10-21,Brake_Pads,Chassis,144,576,2213,629,633,2270,1008,1262,0,12,Diwali,1.5,0,0
2025-10-21,Wheels,Chassis,144,576,9530,587,569,9523,1008,8515,0,10,Diwali,1.5,0,0
2025-10-21,Tyres,Chassis,144,576,0,553,525,0,1008,-1008,0,9,Diwali,1.5,0,0
2025-10-21,Seats,Interior,144,774,2900,681,653,2779,1083,1696,0,14,Diwali,1.5,0,0
2025-10-21,Nuts,Fastener_Cooling,144,16005,1346,17137,16337,1678,22407,-20729,0,6,Diwali,1.5,0,0
2025-10-21,ECU,Electrical,144,144,14380,140,145,14381,302,14079,0,20,Diwali,1.5,0,0
2025-10-21,Radiator,Fastener_Cooling,144,144,8150,155,153,8159,252,7907,0,15,Diwali,1.5,0,0
2025-10-22,Engine,Powertrain,136,117,13352,123,118,13353,245,13108,0,18,Diwali,1.0,0,0
2025-10-22,Battery,Powertrain,136,19,8229,20,19,8229,100,8129,0,25,Diwali,1.0,0,0
2025-10-22,Transmission,Powertrain,136,136,11098,122,116,11078,285,10793,0,22,Diwali,1.0,0,0
2025-10-22,Brake_Pads,Chassis,136,544,2270,484,480,2206,952,1254,0,12,Diwali,1.0,0,0
2025-10-22,Wheels,Chassis,136,544,9523,529,543,9522,952,8570,0,10,Diwali,1.0,0,0
2025-10-22,Tyres,Chassis,136,544,0,540,540,0,952,-952,0,9,Diwali,1.0,0,0
2025-10-22,Seats,Interior,136,736,2779,699,727,2770,1030,1740,0,14,Diwali,1.0,0,0
2025-10-22,Nuts,Fastener_Cooling,136,15185,1678,13153,13600,93,21259,-21166,0,6,Diwali,1.0,0,0
2025-10-22,ECU,Electrical,136,136,14381,142,146,14391,285,14106,0,20,Diwali,1.0,0,0
2025-10-22,Radiator,Fastener_Cooling,136,136,8159,117,115,8138,238,7900,0,15,Diwali,1.0,0,0
2025-10-23,Engine,Powertrain,123,109,13353,107,108,13352,228,13124,0,18,None,0.0,0,0
2025-10-23,Battery,Powertrain,123,14,8229,12,12,8227,100,8127,0,25,None,0.0,0,0
2025-10-23,Transmission,Powertrain,123,123,11078,121,117,11072,258,10814,0,22,None,0.0,0,0
2025-10-23,Brake_Pads,Chassis,123,492,2206,449,467,2181,861,1320,0,12,None,0.0,0,0
2025-10-23,Wheels,Chassis,123,492,9522,534,526,9556,861,8695,0,10,None,0.0,0,0
2025-10-23,Tyres,Chassis,123,492,0,491,472,0,861,-861,0,9,None,0.0,0,0
2025-10-23,Seats,Interior,123,659,2770,685,696,2807,922,1885,0,14,None,0.0,0,0
2025-10-23,Nuts,Fastener_Cooling,123,13610,93,12233,12635,0,19054,-19054,0,6,None,0.0,0,0
2025-10-23,ECU,Electrical,123,123,14391,125,124,14392,258,14134,0,20,None,0.0,0,0
2025-10-23,Radiator,Fastener_Cooling,123,123,8138,116,110,8125,215,7910,0,15,None,0.0,0,0
2025-10-24,Engine,Powertrain,121,106,13352,99,98,13344,222,13122,0,18,None,0.0,0,0
2025-10-24,Battery,Powertrain,121,15,8227,14,14,8226,100,8126,0,25,None,0.0,0,0
2025-10-24,Transmission,Powertrain,121,121,11072,127,121,11072,254,10818,0,22,None,0.0,0,0
2025-10-24,Brake_Pads,Chassis,121,484,2181,527,552,2249,847,1402,0,12,None,0.0,0,0
2025-10-24,Wheels,Chassis,121,484,9556,470,490,9562,847,8715,0,10,None,0.0,0,0
2025-10-24,Tyres,Chassis,121,484,0,418,433,0,847,-847,0,9,None,0.0,0,0
2025-10-24,Seats,Interior,121,649,2807,678,672,2830,908,1922,0,14,None,0.0,0,0
2025-10-24,Nuts,Fastener_Cooling,121,13395,0,13783,13640,245,18753,-18508,0,6,None,0.0,0,0
2025-10-24,ECU,Electrical,121,121,14392,111,107,14378,254,14124,0,20,None,0.0,0,0
2025-10-24,Radiator,Fastener_Cooling,121,121,8125,113,107,8111,211,7900,0,15,None,0.0,0,0
2025-10-25,Engine,Powertrain,136,120,13344,125,128,13352,252,13100,0,18,None,0.0,0,1
2025-10-25,Battery,Powertrain,136,16,8226,16,15,8225,100,8125,0,25,None,0.0,0,1
2025-10-25,Transmission,Powertrain,136,136,11072,124,68,11004,285,10719,1,22,None,0.0,0,1
2025-10-25,Brake_Pads,Chassis,136,544,2249,544,524,2229,952,1277,0,12,None,0.0,0,1
2025-10-25,Wheels,Chassis,136,544,9562,592,569,9587,952,8635,0,10,None,0.0,0,1
2025-10-25,Tyres,Chassis,136,544,0,545,545,1,952,-951,0,9,None,0.0,0,1
2025-10-25,Seats,Interior,136,732,2830,759,736,2834,1024,1810,0,14,None,0.0,0,1
2025-10-25,Nuts,Fastener_Cooling,136,15090,245,13812,13239,0,21126,-21126,0,6,None,0.0,0,1
2025-10-25,ECU,Electrical,136,136,14378,124,127,14369,285,14084,0,20,None,0.0,0,1
2025-10-25,Radiator,Fastener_Cooling,136,136,8111,123,127,8102,238,7864,0,15,None,0.0,0,1
2025-10-26,Engine,Powertrain,135,118,13352,121,118,13352,247,13105,0,18,None,0.0,0,1
2025-10-26,Battery,Powertrain,135,17,8225,18,18,8226,100,8126,0,25,None,0.0,0,1
2025-10-26,Transmission,Powertrain,135,135,11004,125,127,10996,283,10713,0,22,None,0.0,0,1
2025-10-26,Brake_Pads,Chassis,135,540,2229,575,546,2235,945,1290,0,12,None,0.0,0,1
2025-10-26,Wheels,Chassis,135,540,9587,475,466,9513,945,8568,0,10,None,0.0,0,1
2025-10-26,Tyres,Chassis,135,540,1,545,523,0,945,-945,0,9,None,0.0,0,1
2025-10-26,Seats,Interior,135,731,2834,674,682,2785,1023,1762,0,14,None,0.0,0,1
2025-10-26,Nuts,Fastener_Cooling,135,15085,0,13253,13598,0,21119,-21119,0,6,None,0.0,0,1
2025-10-26,ECU,Electrical,135,135,14369,147,147,14381,283,14098,0,20,None,0.0,0,1
2025-10-26,Radiator,Fastener_Cooling,135,135,8102,118,122,8089,236,7853,0,15,None,0.0,0,1
2025-10-27,Engine,Powertrain,113,99,13352,92,92,13345,207,13138,0,18,None,0.0,0,0
2025-10-27,Battery,Powertrain,113,14,8226,13,13,8225,100,8125,0,25,None,0.0,0,0
2025-10-27,Transmission,Powertrain,113,113,10996,116,120,11003,237,10766,0,22,None,0.0,0,0
2025-10-27,Brake_Pads,Chassis,113,452,2235,388,407,2190,791,1399,0,12,None,0.0,0,0
2025-10-27,Wheels,Chassis,113,452,9513,435,426,9487,791,8696,0,10,None,0.0,0,0
2025-10-27,Tyres,Chassis,113,452,0,464,476,24,791,-767,0,9,None,0.0,0,0
2025-10-27,Seats,Interior,113,611,2785,559,561,2735,855,1880,0,14,None,0.0,0,0
2025-10-27,Nuts,Fastener_Cooling,113,12595,0,12664,12805,210,17633,-17423,0,6,None,0.0,0,0
2025-10-27,ECU,Electrical,113,113,14381,96,92,14360,237,14123,0,20,None,0.0,0,0
2025-10-27,Radiator,Fastener_Cooling,113,113,8089,112,107,8083,197,7886,0,15,None,0.0,0,0
2025-10-28,Engine,Powertrain,119,104,13345,105,104,13345,218,13127,0,18,None,0.0,0,0
2025-10-28,Battery,Powertrain,119,15,8225,14,13,8223,100,8123,0,25,None,0.0,0,0
2025-10-28,Transmission,Powertrain,119,119,11003,114,113,10997,249,10748,0,22,None,0.0,0,0
2025-10-28,Brake_Pads,Chassis,119,476,2190,460,437,2151,833,1318,0,12,None,0.0,0,0
2025-10-28,Wheels,Chassis,119,476,9487,412,426,9437,833,8604,0,10,None,0.0,0,0
2025-10-28,Tyres,Chassis,119,476,24,475,472,20,833,-813,0,9,None,0.0,0,0
2025-10-28,Seats,Interior,119,639,2735,647,621,2717,894,1823,0,14,None,0.0,0,0
2025-10-28,Nuts,Fastener_Cooling,119,13205,210,11829,11943,0,18487,-18487,0,6,None,0.0,0,0
2025-10-28,ECU,Electrical,119,119,14360,103,102,14343,249,14094,0,20,None,0.0,0,0
2025-10-28,Radiator,Fastener_Cooling,119,119,8083,108,107,8071,208,7863,0,15,None,0.0,0,0
2025-10-29,Engine,Powertrain,117,103,13345,101,101,13343,216,13127,0,18,None,0.0,0,0
2025-10-29,Battery,Powertrain,117,14,8223,12,11,8220,100,8120,0,25,None,0.0,0,0
2025-10-29,Transmission,Powertrain,117,117,10997,101,97,10977,245,10732,0,22,None,0.0,0,0
2025-10-29,Brake_Pads,Chassis,117,468,2151,489,484,2167,819,1348,0,12,None,0.0,0,0
2025-10-29,Wheels,Chassis,117,468,9437,446,459,9428,819,8609,0,10,None,0.0,0,0
2025-10-29,Tyres,Chassis,117,468,20,450,471,23,819,-796,0,9,None,0.0,0,0
2025-10-29,Seats,Interior,117,631,2717,538,541,2627,883,1744,0,14,None,0.0,0,0
2025-10-29,Nuts,Fastener_Cooling,117,13025,0,13816,14055,1030,18235,-17205,0,6,None,0.0,0,0
2025-10-29,ECU,Electrical,117,117,14343,107,110,14336,245,14091,0,20,None,0.0,0,0
2025-10-29,Radiator,Fastener_Cooling,117,117,8071,118,114,8068,204,7864,0,15,None,0.0,0,0
2025-10-30,Engine,Powertrain,117,104,13343,108,104,13343,218,13125,0,18,None,0.0,0,0
2025-10-30,Battery,Powertrain,117,13,8220,13,12,8219,100,8119,0,25,None,0.0,0,0
2025-10-30,Transmission,Powertrain,117,117,10977,105,101,10961,245,10716,0,22,None,0.0,0,0
2025-10-30,Brake_Pads,Chassis,117,468,2167,432,438,2137,819,1318,0,12,None,0.0,0,0
2025-10-30,Wheels,Chassis,117,468,9428,407,223,9183,819,8364,1,10,None,0.0,0,0
2025-10-30,Tyres,Chassis,117,468,23,441,457,12,819,-807,0,9,None,0.0,0,0
2025-10-30,Seats,Interior,117,629,2627,632,644,2642,880,1762,0,14,None,0.0,0,0
2025-10-30,Nuts,Fastener_Cooling,117,12995,1030,13257,12924,959,18193,-17234,0,6,None,0.0,0,0
2025-10-30,ECU,Electrical,117,117,14336,115,118,14337,245,14092,0,20,None,0.0,0,0
2025-10-30,Radiator,Fastener_Cooling,117,117,8068,103,101,8052,204,7848,0,15,None,0.0,0,0
2025-10-31,Engine,Powertrain,123,109,13343,96,91,13325,228,13097,0,18,None,0.0,0,0
2025-10-31,Battery,Powertrain,123,14,8219,12,11,8216,100,8116,0,25,None,0.0,0,0
2025-10-31,Transmission,Powertrain,123,123,10961,133,132,10970,258,10712,0,22,None,0.0,0,0
2025-10-31,Brake_Pads,Chassis,123,492,2137,458,472,2117,861,1256,0,12,None,0.0,0,0
2025-10-31,Wheels,Chassis,123,492,9183,447,426,9117,861,8256,0,10,None,0.0,0,0
2025-10-31,Tyres,Chassis,123,492,12,465,441,0,861,-861,0,9,None,0.0,0,0
2025-10-31,Seats,Interior,123,659,2642,580,555,2538,922,1616,0,14,None,0.0,0,0
2025-10-31,Nuts,Fastener_Cooling,123,13570,959,14149,13701,1090,18998,-17908,0,6,None,0.0,0,0
2025-10-31,ECU,Electrical,123,123,14337,113,110,14324,258,14066,0,20,None,0.0,0,0
2025-10-31,Radiator,Fastener_Cooling,123,123,8052,111,105,8034,215,7819,0,15,None,0.0,0,0
2025-11-01,Engine,Powertrain,125,108,13325,114,108,13325,226,13099,0,18,None,0.0,0,1
2025-11-01,Battery,Powertrain,125,17,8216,15,14,8213,100,8113,0,25,None,0.0,0,1
2025-11-01,Transmission,Powertrain,125,125,10970,107,108,10953,262,10691,0,22,None,0.0,0,1
2025-11-01,Brake_Pads,Chassis,125,500,2117,529,518,2135,875,1260,0,12,None,0.0,0,1
2025-11-01,Wheels,Chassis,125,500,9117,441,446,9063,875,8188,0,10,None,0.0,0,1
2025-11-01,Tyres,Chassis,125,500,0,499,480,0,875,-875,0,9,None,0.0,0,1
2025-11-01,Seats,Interior,125,673,2538,667,639,2504,942,1562,0,14,None,0.0,0,1
2025-11-01,Nuts,Fastener_Cooling,125,13915,1090,14622,14154,1329,19481,-18152,0,6,None,0.0,0,1
2025-11-01,ECU,Electrical,125,125,14324,110,114,14313,262,14051,0,20,None,0.0,0,1
2025-11-01,Radiator,Fastener_Cooling,125,125,8034,116,118,8027,218,7809,0,15,None,0.0,0,1
2025-11-02,Engine,Powertrain,136,121,13325,111,61,13265,254,13011,1,18,None,0.0,0,1
2025-11-02,Battery,Powertrain,136,15,8213,14,13,8211,100,8111,0,25,None,0.0,0,1
2025-11-02,Transmission,Powertrain,136,136,10953,131,135,10952,285,10667,0,22,None,0.0,0,1
2025-11-02,Brake_Pads,Chassis,136,544,2135,577,585,2176,952,1224,0,12,None,0.0,0,1
2025-11-02,Wheels,Chassis,136,544,9063,572,573,9092,952,8140,0,10,None,0.0,0,1
2025-11-02,Tyres,Chassis,136,544,0,584,562,18,952,-934,0,9,None,0.0,0,1
2025-11-02,Seats,Interior,136,732,2504,802,832,2604,1024,1580,0,14,None,0.0,0,1
2025-11-02,Nuts,Fastener_Cooling,136,15085,1329,15766,16368,2612,21119,-18507,0,6,None,0.0,0,1
2025-11-02,ECU,Electrical,136,136,14313,118,117,14294,285,14009,0,20,None,0.0,0,1
2025-11-02,Radiator,Fastener_Cooling,136,136,8027,116,121,8012,238,7774,0,15,None,0.0,0,1
2025-11-03,Engine,Powertrain,125,112,13265,117,118,13271,235,13036,0,18,None,0.0,0,0
2025-11-03,Battery,Powertrain,125,13,8211,12,12,8210,100,8110,0,25,None,0.0,0,0
2025-11-03,Transmission,Powertrain,125,125,10952,110,113,10940,262,10678,0,22,None,0.0,0,0
2025-11-03,Brake_Pads,Chassis,125,500,2176,474,476,2152,875,1277,0,12,None,0.0,0,0
2025-11-03,Wheels,Chassis,125,500,9092,464,442,9034,875,8159,0,10,None,0.0,0,0
2025-11-03,Tyres,Chassis,125,500,18,544,527,45,875,-830,0,9,None,0.0,0,0
2025-11-03,Seats,Interior,125,671,2604,724,688,2621,939,1682,0,14,None,0.0,0,0
2025-11-03,Nuts,Fastener_Cooling,125,13830,2612,12377,12781,1563,19362,-17799,0,6,None,0.0,0,0
2025-11-03,ECU,Electrical,125,125,14294,127,131,14300,262,14038,0,20,None,0.0,0,0
2025-11-03,Radiator,Fastener_Cooling,125,125,8012,129,124,8011,218,7793,0,15,None,0.0,0,0
2025-11-04,Engine,Powertrain,126,111,13271,119,124,13284,233,13051,0,18,None,0.0,0,0
2025-11-04,Battery,Powertrain,126,15,8210,16,15,8210,100,8110,0,25,None,0.0,0,0
2025-11-04,Transmission,Powertrain,126,126,10940,134,139,10953,264,10689,0,22,None,0.0,0,0
2025-11-04,Brake_Pads,Chassis,126,504,2152,469,478,2126,882,1244,0,12,None,0.0,0,0
2025-11-04,Wheels,Chassis,126,504,9034,526,512,9042,882,8160,0,10,None,0.0,0,0
2025-11-04,Tyres,Chassis,126,504,45,452,462,3,882,-879,0,9,None,0.0,0,0
2025-11-04,Seats,Interior,126,678,2621,667,697,2640,949,1691,0,14,None,0.0,0,0
2025-11-04,Nuts,Fastener_Cooling,126,13965,1563,12870,13305,903,19551,-18648,0,6,None,0.0,0,0
2025-11-04,ECU,Electrical,126,126,14300,115,117,14291,264,14027,0,20,None,0.0,0,0
2025-11-04,Radiator,Fastener_Cooling,126,126,8011,135,134,8019,220,7799,0,15,None,0.0,0,0
2025-11-05,Engine,Powertrain,118,105,13284,98,95,13274,220,13054,0,18,None,0.0,0,0
2025-11-05,Battery,Powertrain,118,13,8210,11,11,8208,100,8108,0,25,None,0.0,0,0
2025-11-05,Transmission,Powertrain,118,118,10953,108,109,10944,247,10697,0,22,None,0.0,0,0
2025-11-05,Brake_Pads,Chassis,118,472,2126,461,464,2118,826,1292,0,12,None,0.0,0,0
2025-11-05,Wheels,Chassis,118,472,9042,464,484,9054,826,8228,0,10,None,0.0,0,0
2025-11-05,Tyres,Chassis,118,472,3,471,259,0,826,-826,1,9,None,0.0,0,0
2025-11-05,Seats,Interior,118,634,2640,675,647,2653,887,1766,0,14,None,0.0,0,0
2025-11-05,Nuts,Fastener_Cooling,118,13055,903,12418,12633,481,18277,-17796,0,6,None,0.0,0,0
2025-11-05,ECU,Electrical,118,118,14291,124,68,14241,247,13994,1,20,None,0.0,0,0
2025-11-05,Radiator,Fastener_Cooling,118,118,8019,127,132,8033,206,7827,0,15,None,0.0,0,0
2025-11-06,Engine,Powertrain,126,110,13274,113,114,13278,231,13047,0,18,None,0.0,0,0
2025-11-06,Battery,Powertrain,126,16,8208,14,14,8206,100,8106,0,25,None,0.0,0,0
2025-11-06,Transmission,Powertrain,126,126,10944,131,130,10948,264,10684,0,22,None,0.0,0,0
2025-11-06,Brake_Pads,Chassis,126,504,2118,471,467,2081,882,1199,0,12,None,0.0,0,0
2025-11-06,Wheels,Chassis,126,504,9054,521,505,9055,882,8173,0,10,None,0.0,0,0
2025-11-06,Tyres,Chassis,126,504,0,532,551,47,882,-835,0,9,None,0.0,0,0
2025-11-06,Seats,Interior,126,674,2653,646,671,2650,943,1707,0,14,None,0.0,0,0
2025-11-06,Nuts,Fastener_Cooling,126,13910,481,12176,11627,0,19474,-19474,0,6,None,0.0,0,0
2025-11-06,ECU,Electrical,126,126,14241,113,111,14226,264,13962,0,20,None,0.0,0,0
2025-11-06,Radiator,Fastener_Cooling,126,126,8033,114,118,8025,220,7805,0,15,None,0.0,0,0
2025-11-07,Engine,Powertrain,128,112,13278,119,122,13288,235,13053,0,18,None,0.0,0,0
2025-11-07,Battery,Powertrain,128,16,8206,14,13,8203,100,8103,0,25,None,0.0,0,0
2025-11-07,Transmission,Powertrain,128,128,10948,117,116,10936,268,10668,0,22,None,0.0,0,0
2025-11-07,Brake_Pads,Chassis,128,512,2081,561,547,2116,896,1220,0,12,None,0.0,0,0
2025-11-07,Wheels,Chassis,128,512,9055,456,463,9006,896,8110,0,10,None,0.0,0,0
2025-11-07,Tyres,Chassis,128,512,47,558,565,100,896,-796,0,9,None,0.0,0,0
2025-11-07,Seats,Interior,128,688,2650,743,727,2689,963,1726,0,14,None,0.0,0,0
2025-11-07,Nuts,Fastener_Cooling,128,14170,0,12092,11751,0,19838,-19838,0,6,None,0.0,0,0
2025-11-07,ECU,Electrical,128,128,14226,130,133,14231,268,13963,0,20,None,0.0,0,0
2025-11-07,Radiator,Fastener_Cooling,128,128,8025,110,109,8006,224,7782,0,15,None,0.0,0,0
2025-11-08,Engine,Powertrain,135,118,13288,110,109,13279,247,13032,0,18,None,0.0,0,1
2025-11-08,Battery,Powertrain,135,17,8203,16,16,8202,100,8102,0,25,None,0.0,0,1
2025-11-08,Transmission,Powertrain,135,135,10936,145,149,10950,283,10667,0,22,None,0.0,0,1
2025-11-08,Brake_Pads,Chassis,135,540,2116,567,568,2144,945,1199,0,12,None,0.0,0,1
2025-11-08,Wheels,Chassis,135,540,9006,508,503,8969,945,8024,0,10,None,0.0,0,1
2025-11-08,Tyres,Chassis,135,540,100,576,573,133,945,-812,0,9,None,0.0,0,1
2025-11-08,Seats,Interior,135,725,2689,731,722,2686,1015,1671,0,14,None,0.0,0,1
2025-11-08,Nuts,Fastener_Cooling,135,14980,0,14617,15127,147,20972,-20825,0,6,None,0.0,0,1
2025-11-08,ECU,Electrical,135,135,14231,118,122,14218,283,13935,0,20,None,0.0,0,1
2025-11-08,Radiator,Fastener_Cooling,135,135,8006,142,145,8016,236,7780,0,15,None,0.0,0,1
2025-11-09,Engine,Powertrain,133,117,13279,126,127,13289,245,13044,0,18,None,0.0,0,1
2025-11-09,Battery,Powertrain,133,16,8202,15,15,8201,100,8101,0,25,None,0.0,0,1
2025-11-09,Transmission,Powertrain,133,133,10950,121,120,10937,279,10658,0,22,None,0.0,0,1
2025-11-09,Brake_Pads,Chassis,133,532,2144,536,557,2169,931,1238,0,12,None,0.0,0,1
2025-11-09,Wheels,Chassis,133,532,8969,578,594,9031,931,8100,0,10,None,0.0,0,1
2025-11-09,Tyres,Chassis,133,532,133,511,536,137,931,-794,0,9,None,0.0,0,1
2025-11-09,Seats,Interior,133,715,2686,681,703,2674,1001,1673,0,14,None,0.0,0,1
2025-11-09,Nuts,Fastener_Cooling,133,14735,147,13452,13475,0,20629,-20629,0,6,None,0.0,0,1
2025-11-09,ECU,Electrical,133,133,14218,115,118,14203,279,13924,0,20,None,0.0,0,1
2025-11-09,Radiator,Fastener_Cooling,133,133,8016,128,126,8009,232,7777,0,15,None,0.0,0,1
2025-11-10,Engine,Powertrain,130,114,13289,103,102,13277,239,13038,0,18,None,0.0,0,0
2025-11-10,Battery,Powertrain,130,16,8201,13,13,8198,100,8098,0,25,None,0.0,0,0
2025-11-10,Transmission,Powertrain,130,130,10937,118,112,10919,273,10646,0,22,None,0.0,0,0
2025-11-10,Brake_Pads,Chassis,130,520,2169,476,479,2128,910,1218,0,12,None,0.0,0,0
2025-11-10,Wheels,Chassis,130,520,9031,447,433,8944,910,8034,0,10,None,0.0,0,0
2025-11-10,Tyres,Chassis,130,520,137,556,534,151,910,-759,0,9,None,0.0,0,0
2025-11-10,Seats,Interior,130,696,2674,757,725,2703,974,1729,0,14,None,0.0,0,0
2025-11-10,Nuts,Fastener_Cooling,130,14375,0,14984,15636,1261,20125,-18864,0,6,None,0.0,0,0
2025-11-10,ECU,Electrical,130,130,14203,131,134,14207,273,13934,0,20,None,0.0,0,0
2025-11-10,Radiator,Fastener_Cooling,130,130,8009,132,132,8011,227,7784,0,15,None,0.0,0,0
2025-11-11,Engine,Powertrain,123,107,13277,105,105,13275,224,13051,0,18,None,0.0,0,0
2025-11-11,Battery,Powertrain,123,16,8198,14,14,8196,100,8096,0,25,None,0.0,0,0
2025-11-11,Transmission,Powertrain,123,123,10919,123,123,10919,258,10661,0,22,None,0.0,0,0
2025-11-11,Brake_Pads,Chassis,123,492,2128,516,512,2148,861,1287,0,12,None,0.0,0,0
2025-11-11,Wheels,Chassis,123,492,8944,455,449,8901,861,8040,0,10,None,0.0,0,0
2025-11-11,Tyres,Chassis,123,492,151,430,443,102,861,-759,0,9,None,0.0,0,0
2025-11-11,Seats,Interior,123,665,2703,646,621,2659,931,1728,0,14,None,0.0,0,0
2025-11-11,Nuts,Fastener_Cooling,123,13725,1261,11822,12269,0,19215,-19215,0,6,None,0.0,0,0
2025-11-11,ECU,Electrical,123,123,14207,131,129,14213,258,13955,0,20,None,0.0,0,0
2025-11-11,Radiator,Fastener_Cooling,123,123,8011,125,119,8007,215,7792,0,15,None,0.0,0,0
2025-11-12,Engine,Powertrain,123,109,13275,114,108,13274,228,13046,0,18,None,0.0,0,0
2025-11-12,Battery,Powertrain,123,14,8196,13,13,8195,100,8095,0,25,None,0.0,0,0
2025-11-12,Transmission,Powertrain,123,123,10919,107,109,10905,258,10647,0,22,None,0.0,0,0
2025-11-12,Brake_Pads,Chassis,123,492,2148,526,501,2157,861,1296,0,12,None,0.0,0,0
2025-11-12,Wheels,Chassis,123,492,8901,519,524,8933,861,8072,0,10,None,0.0,0,0
2025-11-12,Tyres,Chassis,123,492,102,447,440,50,861,-811,0,9,None,0.0,0,0
2025-11-12,Seats,Interior,123,661,2659,687,717,2715,925,1790,0,14,None,0.0,0,0
2025-11-12,Nuts,Fastener_Cooling,123,13645,0,14725,15307,1662,19103,-17441,0,6,None,0.0,0,0
2025-11-12,ECU,Electrical,123,123,14213,111,114,14204,258,13946,0,20,None,0.0,0,0
2025-11-12,Radiator,Fastener_Cooling,123,123,8007,111,114,7998,215,7783,0,15,None,0.0,0,0
2025-11-13,Engine,Powertrain,119,103,13274,103,107,13278,216,13062,0,18,None,0.0,0,0
2025-11-13,Battery,Powertrain,119,16,8195,13,13,8192,100,8092,0,25,None,0.0,0,0
2025-11-13,Transmission,Powertrain,119,119,10905,110,109,10895,249,10646,0,22,None,0.0,0,0
2025-11-13,Brake_Pads,Chassis,119,476,2157,501,510,2191,833,1358,0,12,None,0.0,0,0
2025-11-13,Wheels,Chassis,119,476,8933,437,429,8886,833,8053,0,10,None,0.0,0,0
2025-11-13,Tyres,Chassis,119,476,50,420,433,7,833,-826,0,9,None,0.0,0,0
2025-11-13,Seats,Interior,119,643,2715,588,608,2680,900,1780,0,14,None,0.0,0,0
2025-11-13,Nuts,Fastener_Cooling,119,13250,1662,13621,14139,2551,18550,-15999,0,6,None,0.0,0,0
2025-11-13,ECU,Electrical,119,119,14204,120,117,14202,249,13953,0,20,None,0.0,0,0
2025-11-13,Radiator,Fastener_Cooling,119,119,7998,110,111,7990,208,7782,0,15,None,0.0,0,0
2025-11-14,Engine,Powertrain,119,105,13278,98,96,13269,220,13049,0,18,None,0.0,0,0
2025-11-14,Battery,Powertrain,119,14,8192,12,11,8189,100,8089,0,25,None,0.0,0,0
2025-11-14,Transmission,Powertrain,119,119,10895,110,60,10836,249,10587,1,22,None,0.0,0,0
2025-11-14,Brake_Pads,Chassis,119,476,2191,469,464,2179,833,1346,0,12,None,0.0,0,0
2025-11-14,Wheels,Chassis,119,476,8886,469,448,8858,833,8025,0,10,None,0.0,0,0
2025-11-14,Tyres,Chassis,119,476,7,410,423,0,833,-833,0,9,None,0.0,0,0
2025-11-14,Seats,Interior,119,639,2680,553,579,2620,894,1726,0,14,None,0.0,0,0
2025-11-14,Nuts,Fastener_Cooling,119,13160,2551,13998,13886,3277,18424,-15147,0,6,None,0.0,0,0
2025-11-14,ECU,Electrical,119,119,14202,111,109,14192,249,13943,0,20,None,0.0,0,0
2025-11-14,Radiator,Fastener_Cooling,119,119,7990,102,101,7972,208,7764,0,15,None,0.0,0,0
2025-11-15,Engine,Powertrain,131,115,13269,113,109,13263,241,13022,0,18,None,0.0,0,1
2025-11-15,Battery,Powertrain,131,16,8189,15,15,8188,100,8088,0,25,None,0.0,0,1
2025-11-15,Transmission,Powertrain,131,131,10836,119,118,10823,275,10548,0,22,None,0.0,0,1
2025-11-15,Brake_Pads,Chassis,131,524,2179,524,517,2172,917,1255,0,12,None,0.0,0,1
2025-11-15,Wheels,Chassis,131,524,8858,525,500,8834,917,7917,0,10,None,0.0,0,1
2025-11-15,Tyres,Chassis,131,524,0,561,581,57,917,-860,0,9,None,0.0,0,1
2025-11-15,Seats,Interior,131,707,2620,604,594,2507,989,1518,0,14,None,0.0,0,1
2025-11-15,Nuts,Fastener_Cooling,131,14610,3277,15051,15520,4187,20454,-16267,0,6,None,0.0,0,1
2025-11-15,ECU,Electrical,131,131,14192,125,121,14182,275,13907,0,20,None,0.0,0,1
2025-11-15,Radiator,Fastener_Cooling,131,131,7972,122,124,7965,229,7736,0,15,None,0.0,0,1
2025-11-16,Engine,Powertrain,135,121,13263,107,111,13253,254,12999,0,18,None,0.0,0,1
2025-11-16,Battery,Powertrain,135,14,8188,13,12,8186,100,8086,0,25,None,0.0,0,1
2025-11-16,Transmission,Powertrain,135,135,10823,117,116,10804,283,10521,0,22,None,0.0,0,1
2025-11-16,Brake_Pads,Chassis,135,540,2172,571,567,2199,945,1254,0,12,None,0.0,0,1
2025-11-16,Wheels,Chassis,135,540,8834,583,587,8881,945,7936,0,10,None,0.0,0,1
2025-11-16,Tyres,Chassis,135,540,57,591,588,105,945,-840,0,9,None,0.0,0,1
2025-11-16,Seats,Interior,135,725,2507,685,696,2478,1015,1463,0,14,None,0.0,0,1
2025-11-16,Nuts,Fastener_Cooling,135,14915,4187,15021,14643,3915,20881,-16966,0,6,None,0.0,0,1
2025-11-16,ECU,Electrical,135,135,14182,132,136,14183,283,13900,0,20,None,0.0,0,1
2025-11-16,Radiator,Fastener_Cooling,135,135,7965,132,72,7902,236,7666,1,15,None,0.0,0,1
2025-11-17,Engine,Powertrain,122,107,13253,109,104,13250,224,13026,0,18,None,0.0,0,0
2025-11-17,Battery,Powertrain,122,15,8186,12,11,8182,100,8082,0,25,None,0.0,0,0
2025-11-17,Transmission,Powertrain,122,122,10804,111,105,10787,256,10531,0,22,None,0.0,0,0
2025-11-17,Brake_Pads,Chassis,122,488,2199,505,494,2205,854,1351,0,12,None,0.0,0,0
2025-11-17,Wheels,Chassis,122,488,8881,475,498,8891,854,8037,0,10,None,0.0,0,0
2025-11-17,Tyres,Chassis,122,488,105,530,547,164,854,-690,0,9,None,0.0,0,0
2025-11-17,Seats,Interior,122,658,2478,571,591,2411,921,1490,0,14,None,0.0,0,0
2025-11-17,Nuts,Fastener_Cooling,122,13545,3915,12468,12180,2550,18963,-16413,0,6,None,0.0,0,0
2025-11-17,ECU,Electrical,122,122,14183,112,117,14178,256,13922,0,20,None,0.0,0,0
2025-11-17,Radiator,Fastener_Cooling,122,122,7902,108,103,7883,213,7670,0,15,None,0.0,0,0
2025-11-18,Engine,Powertrain,124,110,13250,113,113,13253,231,13022,0,18,None,0.0,0,0
2025-11-18,Battery,Powertrain,124,14,8182,15,14,8182,100,8082,0,25,None,0.0,0,0
2025-11-18,Transmission,Powertrain,124,124,10787,111,110,10773,260,10513,0,22,None,0.0,0,0
2025-11-18,Brake_Pads,Chassis,124,496,2205,496,474,2183,868,1315,0,12,None,0.0,0,0
2025-11-18,Wheels,Chassis,124,496,8891,463,451,8846,868,7978,0,10,None,0.0,0,0
2025-11-18,Tyres,Chassis,124,496,164,497,521,189,868,-679,0,9,None,0.0,0,0
2025-11-18,Seats,Interior,124,668,2411,598,626,2369,935,1434,0,14,None,0.0,0,0
2025-11-18,Nuts,Fastener_Cooling,124,13760,2550,13971,13331,2121,19264,-17143,0,6,None,0.0,0,0
2025-11-18,ECU,Electrical,124,124,14178,136,142,14196,260,13936,0,20,None,0.0,0,0
2025-11-18,Radiator,Fastener_Cooling,124,124,7883,130,130,7889,217,7672,0,15,None,0.0,0,0
2025-11-19,Engine,Powertrain,112,98,13253,85,87,13242,205,13037,0,18,None,0.0,0,0
2025-11-19,Battery,Powertrain,112,14,8182,14,13,8181,100,8081,0,25,None,0.0,0,0
2025-11-19,Transmission,Powertrain,112,112,10773,117,122,10783,235,10548,0,22,None,0.0,0,0
2025-11-19,Brake_Pads,Chassis,112,448,2183,387,402,2137,784,1353,0,12,None,0.0,0,0
2025-11-19,Wheels,Chassis,112,448,8846,455,475,8873,784,8089,0,10,None,0.0,0,0
2025-11-19,Tyres,Chassis,112,448,189,449,458,199,784,-585,0,9,None,0.0,0,0
2025-11-19,Seats,Interior,112,602,2369,554,540,2307,842,1465,0,14,None,0.0,0,0
2025-11-19,Nuts,Fastener_Cooling,112,12455,2121,11342,11831,1497,17437,-15940,0,6,None,0.0,0,0
2025-11-19,ECU,Electrical,112,112,14196,112,106,14190,235,13955,0,20,None,0.0,0,0
2025-11-19,Radiator,Fastener_Cooling,112,112,7889,106,108,7885,196,7689,0,15,None,0.0,0,0
2025-11-20,Engine,Powertrain,118,104,13242,98,101,13239,218,13021,0,18,None,0.0,0,0
2025-11-20,Battery,Powertrain,118,14,8181,14,14,8181,100,8081,0,25,None,0.0,0,0
2025-11-20,Transmission,Powertrain,118,118,10783,111,109,10774,247,10527,0,22,None,0.0,0,0
2025-11-20,Brake_Pads,Chassis,118,472,2137,424,426,2091,826,1265,0,12,None,0.0,0,0
2025-11-20,Wheels,Chassis,118,472,8873,473,467,8868,826,8042,0,10,None,0.0,0,0
2025-11-20,Tyres,Chassis,118,472,199,454,443,170,826,-656,0,9,None,0.0,0,0
2025-11-20,Seats,Interior,118,636,2307,672,679,2350,890,1460,0,14,None,0.0,0,0
2025-11-20,Nuts,Fastener_Cooling,118,13125,1497,13520,13662,2034,18375,-16341,0,6,None,0.0,0,0
2025-11-20,ECU,Electrical,118,118,14190,118,113,14185,247,13938,0,20,None,0.0,0,0
2025-11-20,Radiator,Fastener_Cooling,118,118,7885,116,111,7878,206,7672,0,15,None,0.0,0,0
2025-11-21,Engine,Powertrain,128,114,13239,98,96,13221,239,12982,0,18,None,0.0,0,0
2025-11-21,Battery,Powertrain,128,14,8181,14,13,8180,100,8080,0,25,None,0.0,0,0
2025-11-21,Transmission,Powertrain,128,128,10774,122,118,10764,268,10496,0,22,None,0.0,0,0
2025-11-21,Brake_Pads,Chassis,128,512,2091,553,547,2126,896,1230,0,12,None,0.0,0,0
2025-11-21,Wheels,Chassis,128,512,8868,458,458,8814,896,7918,0,10,None,0.0,0,0
2025-11-21,Tyres,Chassis,128,512,170,456,467,125,896,-771,0,9,None,0.0,0,0
2025-11-21,Seats,Interior,128,688,2350,645,631,2293,963,1330,0,14,None,0.0,0,0
2025-11-21,Nuts,Fastener_Cooling,128,14170,2034,15320,15448,3312,19838,-16526,0,6,None,0.0,0,0
2025-11-21,ECU,Electrical,128,128,14185,129,127,14184,268,13916,0,20,None,0.0,0,0
2025-11-21,Radiator,Fastener_Cooling,128,128,7878,139,76,7826,224,7602,1,15,None,0.0,0,0
2025-11-22,Engine,Powertrain,135,119,13221,113,114,13216,249,12967,0,18,None,0.0,0,1
2025-11-22,Battery,Powertrain,135,16,8180,13,13,8177,100,8077,0,25,None,0.0,0,1
2025-11-22,Transmission,Powertrain,135,135,10764,143,138,10767,283,10484,0,22,None,0.0,0,1
2025-11-22,Brake_Pads,Chassis,135,540,2126,586,596,2182,945,1237,0,12,None,0.0,0,1
2025-11-22,Wheels,Chassis,135,540,8814,556,536,8810,945,7865,0,10,None,0.0,0,1
2025-11-22,Tyres,Chassis,135,540,125,547,567,152,945,-793,0,9,None,0.0,0,1
2025-11-22,Seats,Interior,135,727,2293,763,749,2315,1017,1298,0,14,None,0.0,0,1
2025-11-22,Nuts,Fastener_Cooling,135,15000,3312,14076,14634,2946,21000,-18054,0,6,None,0.0,0,1
2025-11-22,ECU,Electrical,135,135,14184,130,126,14175,283,13892,0,20,None,0.0,0,1
2025-11-22,Radiator,Fastener_Cooling,135,135,7826,134,134,7825,236,7589,0,15,None,0.0,0,1
2025-11-23,Engine,Powertrain,133,116,13216,105,105,13205,243,12962,0,18,None,0.0,0,1
2025-11-23,Battery,Powertrain,133,17,8177,15,14,8174,100,8074,0,25,None,0.0,0,1
2025-11-23,Transmission,Powertrain,133,133,10767,116,113,10747,279,10468,0,22,None,0.0,0,1
2025-11-23,Brake_Pads,Chassis,133,532,2182,505,521,2171,931,1240,0,12,None,0.0,0,1
2025-11-23,Wheels,Chassis,133,532,8810,542,530,8808,931,7877,0,10,None,0.0,0,1
2025-11-23,Tyres,Chassis,133,532,152,493,497,117,931,-814,0,9,None,0.0,0,1
2025-11-23,Seats,Interior,133,719,2315,759,795,2391,1006,1385,0,14,None,0.0,0,1
2025-11-23,Nuts,Fastener_Cooling,133,14850,2946,14161,14581,2677,20790,-18113,0,6,None,0.0,0,1
2025-11-23,ECU,Electrical,133,133,14175,144,142,14184,279,13905,0,20,None,0.0,0,1
2025-11-23,Radiator,Fastener_Cooling,133,133,7825,113,114,7806,232,7574,0,15,None,0.0,0,1
2025-11-24,Engine,Powertrain,124,110,13205,96,95,13190,231,12959,0,18,None,0.0,0,0
2025-11-24,Battery,Powertrain,124,14,8174,12,12,8172,100,8072,0,25,None,0.0,0,0
2025-11-24,Transmission,Powertrain,124,124,10747,124,118,10741,260,10481,0,22,None,0.0,0,0
2025-11-24,Brake_Pads,Chassis,124,496,2171,542,538,2213,868,1345,0,12,None,0.0,0,0
2025-11-24,Wheels,Chassis,124,496,8808,501,505,8817,868,7949,0,10,None,0.0,0,0
2025-11-24,Tyres,Chassis,124,496,117,539,558,179,868,-689,0,9,None,0.0,0,0
2025-11-24,Seats,Interior,124,666,2391,570,561,2286,932,1354,0,14,None,0.0,0,0
2025-11-24,Nuts,Fastener_Cooling,124,13745,2677,12838,13426,2358,19243,-16885,0,6,None,0.0,0,0
2025-11-24,ECU,Electrical,124,124,14184,119,116,14176,260,13916,0,20,None,0.0,0,0
2025-11-24,Radiator,Fastener_Cooling,124,124,7806,134,137,7819,217,7602,0,15,None,0.0,0,0
2025-11-25,Engine,Powertrain,127,112,13190,116,116,13194,235,12959,0,18,None,0.0,0,0
2025-11-25,Battery,Powertrain,127,15,8172,15,15,8172,100,8072,0,25,None,0.0,0,0
2025-11-25,Transmission,Powertrain,127,127,10741,131,127,10741,266,10475,0,22,None,0.0,0,0
2025-11-25,Brake_Pads,Chassis,127,508,2213,540,534,2239,889,1350,0,12,None,0.0,0,0
2025-11-25,Wheels,Chassis,127,508,8817,513,502,8811,889,7922,0,10,None,0.0,0,0
2025-11-25,Tyres,Chassis,127,508,179,506,514,185,889,-704,0,9,None,0.0,0,0
2025-11-25,Seats,Interior,127,685,2286,629,658,2259,959,1300,0,14,None,0.0,0,0
2025-11-25,Nuts,Fastener_Cooling,127,14110,2358,15010,15464,3712,19754,-16042,0,6,None,0.0,0,0
2025-11-25,ECU,Electrical,127,127,14176,123,118,14167,266,13901,0,20,None,0.0,0,0
2025-11-25,Radiator,Fastener_Cooling,127,127,7819,109,103,7795,222,7573,0,15,None,0.0,0,0
2025-11-26,Engine,Powertrain,123,108,13194,116,117,13203,226,12977,0,18,None,0.0,0,0
2025-11-26,Battery,Powertrain,123,15,8172,15,15,8172,100,8072,0,25,None,0.0,0,0
2025-11-26,Transmission,Powertrain,123,123,10741,107,111,10729,258,10471,0,22,None,0.0,0,0
2025-11-26,Brake_Pads,Chassis,123,492,2239,506,508,2255,861,1394,0,12,None,0.0,0,0
2025-11-26,Wheels,Chassis,123,492,8811,430,439,8758,861,7897,0,10,None,0.0,0,0
2025-11-26,Tyres,Chassis,123,492,185,532,530,223,861,-638,0,9,None,0.0,0,0
2025-11-26,Seats,Interior,123,659,2259,590,572,2172,922,1250,0,14,None,0.0,0,0
2025-11-26,Nuts,Fastener_Cooling,123,13605,3712,11902,11588,1695,19047,-17352,0,6,None,0.0,0,0
2025-11-26,ECU,Electrical,123,123,14167,126,129,14173,258,13915,0,20,None,0.0,0,0
2025-11-26,Radiator,Fastener_Cooling,123,123,7795,109,107,7779,215,7564,0,15,None,0.0,0,0
2025-11-27,Engine,Powertrain,121,106,13203,115,115,13212,222,12990,0,18,None,0.0,0,0
2025-11-27,Battery,Powertrain,121,15,8172,13,12,8169,100,8069,0,25,None,0.0,0,0
2025-11-27,Transmission,Powertrain,121,121,10729,119,120,10728,254,10474,0,22,None,0.0,0,0
2025-11-27,Brake_Pads,Chassis,121,484,2255,414,421,2192,847,1345,0,12,None,0.0,0,0
2025-11-27,Wheels,Chassis,121,484,8758,433,439,8713,847,7866,0,10,None,0.0,0,0
2025-11-27,Tyres,Chassis,121,484,223,484,492,231,847,-616,0,9,None,0.0,0,0
2025-11-27,Seats,Interior,121,647,2172,602,581,2106,905,1201,0,14,None,0.0,0,0
2025-11-27,Nuts,Fastener_Cooling,121,13380,1695,12148,12375,690,18732,-18042,0,6,None,0.0,0,0
2025-11-27,ECU,Electrical,121,121,14173,103,107,14159,254,13905,0,20,None,0.0,0,0
2025-11-27,Radiator,Fastener_Cooling,121,121,7779,106,105,7763,211,7552,0,15,None,0.0,0,0
2025-11-28,Engine,Powertrain,125,111,13212,121,121,13222,233,12989,0,18,None,0.0,0,0
2025-11-28,Battery,Powertrain,125,14,8169,15,15,8170,100,8070,0,25,None,0.0,0,0
2025-11-28,Transmission,Powertrain,125,125,10728,113,109,10712,262,10450,0,22,None,0.0,0,0
2025-11-28,Brake_Pads,Chassis,125,500,2192,535,510,2202,875,1327,0,12,None,0.0,0,0
2025-11-28,Wheels,Chassis,125,500,8713,528,510,8723,875,7848,0,10,None,0.0,0,0
2025-11-28,Tyres,Chassis,125,500,231,433,411,142,875,-733,0,9,None,0.0,0,0
2025-11-28,Seats,Interior,125,669,2106,703,670,2107,936,1171,0,14,None,0.0,0,0
2025-11-28,Nuts,Fastener_Cooling,125,13800,690,14243,14056,946,19320,-18374,0,6,None,0.0,0,0
2025-11-28,ECU,Electrical,125,125,14159,121,125,14159,262,13897,0,20,None,0.0,0,0
2025-11-28,Radiator,Fastener_Cooling,125,125,7763,108,110,7748,218,7530,0,15,None,0.0,0,0
2025-11-29,Engine,Powertrain,131,116,13222,108,107,13213,243,12970,0,18,None,0.0,0,1
2025-11-29,Battery,Powertrain,131,15,8170,15,15,8170,100,8070,0,25,None,0.0,0,1
2025-11-29,Transmission,Powertrain,131,131,10712,131,130,10711,275,10436,0,22,None,0.0,0,1
2025-11-29,Brake_Pads,Chassis,131,524,2202,569,597,2275,917,1358,0,12,None,0.0,0,1
2025-11-29,Wheels,Chassis,131,524,8723,542,547,8746,917,7829,0,10,None,0.0,0,1
2025-11-29,Tyres,Chassis,131,524,142,569,566,184,917,-733,0,9,None,0.0,0,1
2025-11-29,Seats,Interior,131,709,2107,622,642,2040,992,1048,0,14,None,0.0,0,1
2025-11-29,Nuts,Fastener_Cooling,131,14590,946,15196,15389,1745,20426,-18681,0,6,None,0.0,0,1
2025-11-29,ECU,Electrical,131,131,14159,139,143,14171,275,13896,0,20,None,0.0,0,1
2025-11-29,Radiator,Fastener_Cooling,131,131,7748,115,116,7733,229,7504,0,15,None,0.0,0,1
2025-11-30,Engine,Powertrain,135,119,13213,111,115,13209,249,12960,0,18,None,0.0,0,1
2025-11-30,Battery,Powertrain,135,16,8170,15,14,8168,100,8068,0,25,None,0.0,0,1
2025-11-30,Transmission,Powertrain,135,135,10711,127,123,10699,283,10416,0,22,None,0.0,0,1
2025-11-30,Brake_Pads,Chassis,135,540,2275,568,570,2305,945,1360,0,12,None,0.0,0,1
2025-11-30,Wheels,Chassis,135,540,8746,477,477,8683,945,7738,0,10,None,0.0,0,1
2025-11-30,Tyres,Chassis,135,540,184,542,568,212,945,-733,0,9,None,0.0,0,1
2025-11-30,Seats,Interior,135,723,2040,788,756,2073,1012,1061,0,14,None,0.0,0,1
2025-11-30,Nuts,Fastener_Cooling,135,14920,1745,14011,14489,1314,20888,-19574,0,6,None,0.0,0,1
2025-11-30,ECU,Electrical,135,135,14171,123,128,14164,283,13881,0,20,None,0.0,0,1
2025-11-30,Radiator,Fastener_Cooling,135,135,7733,128,122,7720,236,7484,0,15,None,0.0,0,1
2025-12-01,Engine,Powertrain,122,107,13209,115,117,13219,224,12995,0,18,None,0.0,0,0
2025-12-01,Battery,Powertrain,122,15,8168,14,13,8166,100,8066,0,25,None,0.0,0,0
2025-12-01,Transmission,Powertrain,122,122,10699,126,129,10706,256,10450,0,22,None,0.0,0,0
2025-12-01,Brake_Pads,Chassis,122,488,2305,417,427,2244,854,1390,0,12,None,0.0,0,0
2025-12-01,Wheels,Chassis,122,488,8683,432,443,8638,854,7784,0,10,None,0.0,0,0
2025-12-01,Tyres,Chassis,122,488,212,505,515,239,854,-615,0,9,None,0.0,0,0
2025-12-01,Seats,Interior,122,652,2073,680,374,1795,912,883,1,14,None,0.0,0,0
2025-12-01,Nuts,Fastener_Cooling,122,13480,1314,13165,13776,1610,18872,-17262,0,6,None,0.0,0,0
2025-12-01,ECU,Electrical,122,122,14164,115,117,14159,256,13903,0,20,None,0.0,0,0
2025-12-01,Radiator,Fastener_Cooling,122,122,7720,128,125,7723,213,7510,0,15,None,0.0,0,0
2025-12-02,Engine,Powertrain,117,103,13219,90,93,13209,216,12993,0,18,None,0.0,0,0
2025-12-02,Battery,Powertrain,117,14,8166,12,12,8164,100,8064,0,25,None,0.0,0,0
2025-12-02,Transmission,Powertrain,117,117,10706,104,99,10688,245,10443,0,22,None,0.0,0,0
2025-12-02,Brake_Pads,Chassis,117,468,2244,431,431,2207,819,1388,0,12,None,0.0,0,0
2025-12-02,Wheels,Chassis,117,468,8638,400,401,8571,819,7752,0,10,None,0.0,0,0
2025-12-02,Tyres,Chassis,117,468,239,492,478,249,819,-570,0,9,None,0.0,0,0
2025-12-02,Seats,Interior,117,625,1795,650,622,1792,875,917,0,14,None,0.0,0,0
2025-12-02,Nuts,Fastener_Cooling,117,12910,1610,11729,12126,826,18074,-17248,0,6,None,0.0,0,0
2025-12-02,ECU,Electrical,117,117,14159,111,114,14156,245,13911,0,20,None,0.0,0,0
2025-12-02,Radiator,Fastener_Cooling,117,117,7723,117,122,7728,204,7524,0,15,None,0.0,0,0
2025-12-03,Engine,Powertrain,119,106,13209,92,95,13198,222,12976,0,18,None,0.0,0,0
2025-12-03,Battery,Powertrain,119,13,8164,12,11,8162,100,8062,0,25,None,0.0,0,0
2025-12-03,Transmission,Powertrain,119,119,10688,109,106,10675,249,10426,0,22,None,0.0,0,0
2025-12-03,Brake_Pads,Chassis,119,476,2207,438,450,2181,833,1348,0,12,None,0.0,0,0
2025-12-03,Wheels,Chassis,119,476,8571,470,454,8549,833,7716,0,10,None,0.0,0,0
2025-12-03,Tyres,Chassis,119,476,249,446,440,213,833,-620,0,9,None,0.0,0,0
2025-12-03,Seats,Interior,119,643,1792,700,707,1856,900,956,0,14,None,0.0,0,0
2025-12-03,Nuts,Fastener_Cooling,119,13235,826,11887,11863,0,18529,-18529,0,6,None,0.0,0,0
2025-12-03,ECU,Electrical,119,119,14156,119,116,14153,249,13904,0,20,None,0.0,0,0
2025-12-03,Radiator,Fastener_Cooling,119,119,7728,124,124,7733,208,7525,0,15,None,0.0,0,0
2025-12-04,Engine,Powertrain,117,102,13198,96,99,13195,214,12981,0,18,None,0.0,0,0
2025-12-04,Battery,Powertrain,117,15,8162,15,15,8162,100,8062,0,25,None,0.0,0,0
2025-12-04,Transmission,Powertrain,117,117,10675,103,98,10656,245,10411,0,22,None,0.0,0,0
2025-12-04,Brake_Pads,Chassis,117,468,2181,494,471,2184,819,1365,0,12,None,0.0,0,0
2025-12-04,Wheels,Chassis,117,468,8549,426,440,8521,819,7702,0,10,None,0.0,0,0
2025-12-04,Tyres,Chassis,117,468,213,487,481,226,819,-593,0,9,None,0.0,0,0
2025-12-04,Seats,Interior,117,627,1856,673,683,1912,877,1035,0,14,None,0.0,0,0
2025-12-04,Nuts,Fastener_Cooling,117,12940,0,12089,12374,0,18116,-18116,0,6,None,0.0,0,0
2025-12-04,ECU,Electrical,117,117,14153,108,105,14141,245,13896,0,20,None,0.0,0,0
2025-12-04,Radiator,Fastener_Cooling,117,117,7733,128,128,7744,204,7540,0,15,None,0.0,0,0
2025-12-05,Engine,Powertrain,118,103,13195,103,100,13192,216,12976,0,18,None,0.0,0,0
2025-12-05,Battery,Powertrain,118,15,8162,13,12,8159,100,8059,0,25,None,0.0,0,0
2025-12-05,Transmission,Powertrain,118,118,10656,117,115,10653,247,10406,0,22,None,0.0,0,0
2025-12-05,Brake_Pads,Chassis,118,472,2184,504,487,2199,826,1373,0,12,None,0.0,0,0
2025-12-05,Wheels,Chassis,118,472,8521,464,469,8518,826,7692,0,10,None,0.0,0,0
2025-12-05,Tyres,Chassis,118,472,226,418,427,181,826,-645,0,9,None,0.0,0,0
2025-12-05,Seats,Interior,118,636,1912,623,602,1878,890,988,0,14,None,0.0,0,0
2025-12-05,Nuts,Fastener_Cooling,118,13090,0,14129,14369,1279,18326,-17047,0,6,None,0.0,0,0
2025-12-05,ECU,Electrical,118,118,14141,112,116,14139,247,13892,0,20,None,0.0,0,0
2025-12-05,Radiator,Fastener_Cooling,118,118,7744,105,107,7733,206,7527,0,15,None,0.0,0,0
2025-12-06,Engine,Powertrain,133,116,13192,104,105,13181,243,12938,0,18,None,0.0,0,1
2025-12-06,Battery,Powertrain,133,17,8159,18,17,8159,100,8059,0,25,None,0.0,0,1
2025-12-06,Transmission,Powertrain,133,133,10653,133,129,10649,279,10370,0,22,None,0.0,0,1
2025-12-06,Brake_Pads,Chassis,133,532,2199,581,553,2220,931,1289,0,12,None,0.0,0,1
2025-12-06,Wheels,Chassis,133,532,8518,541,554,8540,931,7609,0,10,None,0.0,0,1
2025-12-06,Tyres,Chassis,133,532,181,550,564,213,931,-718,0,9,None,0.0,0,1
2025-12-06,Seats,Interior,133,715,1878,742,707,1870,1001,869,0,14,None,0.0,0,1
2025-12-06,Nuts,Fastener_Cooling,133,14760,1279,14622,14521,1040,20664,-19624,0,6,None,0.0,0,1
2025-12-06,ECU,Electrical,133,133,14139,132,127,14133,279,13854,0,20,None,0.0,0,1
2025-12-06,Radiator,Fastener_Cooling,133,133,7733,119,121,7721,232,7489,0,15,None,0.0,0,1
2025-12-07,Engine,Powertrain,136,119,13181,119,120,13182,249,12933,0,18,None,0.0,0,1
2025-12-07,Battery,Powertrain,136,17,8159,18,18,8160,100,8060,0,25,None,0.0,0,1
2025-12-07,Transmission,Powertrain,136,136,10649,130,133,10646,285,10361,0,22,None,0.0,0,1
2025-12-07,Brake_Pads,Chassis,136,544,2220,518,542,2218,952,1266,0,12,None,0.0,0,1
2025-12-07,Wheels,Chassis,136,544,8540,577,578,8574,952,7622,0,10,None,0.0,0,1
2025-12-07,Tyres,Chassis,136,544,213,547,526,195,952,-757,0,9,None,0.0,0,1
2025-12-07,Seats,Interior,136,728,1870,767,778,1920,1019,901,0,14,None,0.0,0,1
2025-12-07,Nuts,Fastener_Cooling,136,15035,1040,16398,16977,2982,21049,-18067,0,6,None,0.0,0,1
2025-12-07,ECU,Electrical,136,136,14133,128,127,14124,285,13839,0,20,None,0.0,0,1
2025-12-07,Radiator,Fastener_Cooling,136,136,7721,144,141,7726,238,7488,0,15,None,0.0,0,1
2025-12-08,Engine,Powertrain,117,102,13182,92,91,13171,214,12957,0,18,None,0.0,0,0
2025-12-08,Battery,Powertrain,117,15,8160,15,15,8160,100,8060,0,25,None,0.0,0,0
2025-12-08,Transmission,Powertrain,117,117,10646,100,98,10627,245,10382,0,22,None,0.0,0,0
2025-12-08,Brake_Pads,Chassis,117,468,2218,503,486,2236,819,1417,0,12,None,0.0,0,0
2025-12-08,Wheels,Chassis,117,468,8574,503,506,8612,819,7793,0,10,None,0.0,0,0
2025-12-08,Tyres,Chassis,117,468,195,426,409,136,819,-683,0,9,None,0.0,0,0
2025-12-08,Seats,Interior,117,627,1920,638,652,1945,877,1068,0,14,None,0.0,0,0
2025-12-08,Nuts,Fastener_Cooling,117,12950,2982,12969,12522,2554,18130,-15576,0,6,None,0.0,0,0
2025-12-08,ECU,Electrical,117,117,14124,102,97,14104,245,13859,0,20,None,0.0,0,0
2025-12-08,Radiator,Fastener_Cooling,117,117,7726,106,102,7711,204,7507,0,15,None,0.0,0,0
2025-12-09,Engine,Powertrain,129,115,13171,108,104,13160,241,12919,0,18,None,0.0,0,0
2025-12-09,Battery,Powertrain,129,14,8160,12,11,8157,100,8057,0,25,None,0.0,0,0
2025-12-09,Transmission,Powertrain,129,129,10627,123,118,10616,270,10346,0,22,None,0.0,0,0
2025-12-09,Brake_Pads,Chassis,129,516,2236,441,437,2157,903,1254,0,12,None,0.0,0,0
2025-12-09,Wheels,Chassis,129,516,8612,442,444,8540,903,7637,0,10,None,0.0,0,0
2025-12-09,Tyres,Chassis,129,516,136,447,446,66,903,-837,0,9,None,0.0,0,0
2025-12-09,Seats,Interior,129,691,1945,671,642,1896,967,929,0,14,None,0.0,0,0
2025-12-09,Nuts,Fastener_Cooling,129,14245,2554,13696,13396,1705,19943,-18238,0,6,None,0.0,0,0
2025-12-09,ECU,Electrical,129,129,14104,125,130,14105,270,13835,0,20,None,0.0,0,0
2025-12-09,Radiator,Fastener_Cooling,129,129,7711,116,119,7701,225,7476,0,15,None,0.0,0,0
2025-12-10,Engine,Powertrain,117,103,13160,108,109,13166,216,12950,0,18,None,0.0,0,0
2025-12-10,Battery,Powertrain,117,14,8157,13,13,8156,100,8056,0,25,None,0.0,0,0
2025-12-10,Transmission,Powertrain,117,117,10616,117,117,10616,245,10371,0,22,None,0.0,0,0
2025-12-10,Brake_Pads,Chassis,117,468,2157,453,432,2121,819,1302,0,12,None,0.0,0,0
2025-12-10,Wheels,Chassis,117,468,8540,453,448,8520,819,7701,0,10,None,0.0,0,0
2025-12-10,Tyres,Chassis,117,468,66,413,411,9,819,-810,0,9,None,0.0,0,0
2025-12-10,Seats,Interior,117,629,1896,611,627,1894,880,1014,0,14,None,0.0,0,0
2025-12-10,Nuts,Fastener_Cooling,117,12970,1705,11646,11088,0,18158,-18158,0,6,None,0.0,0,0
2025-12-10,ECU,Electrical,117,117,14105,126,123,14111,245,13866,0,20,None,0.0,0,0
2025-12-10,Radiator,Fastener_Cooling,117,117,7701,119,121,7705,204,7501,0,15,None,0.0,0,0
2025-12-11,Engine,Powertrain,126,113,13166,105,109,13162,237,12925,0,18,None,0.0,0,0
2025-12-11,Battery,Powertrain,126,13,8156,11,11,8154,100,8054,0,25,None,0.0,0,0
2025-12-11,Transmission,Powertrain,126,126,10616,137,137,10627,264,10363,0,22,None,0.0,0,0
2025-12-11,Brake_Pads,Chassis,126,504,2121,451,468,2085,882,1203,0,12,None,0.0,0,0
2025-12-11,Wheels,Chassis,126,504,8520,478,465,8481,882,7599,0,10,None,0.0,0,0
2025-12-11,Tyres,Chassis,126,504,9,482,505,10,882,-872,0,9,None,0.0,0,0
2025-12-11,Seats,Interior,126,676,1894,708,696,1914,946,968,0,14,None,0.0,0,0
2025-12-11,Nuts,Fastener_Cooling,126,13930,0,14473,14341,411,19502,-19091,0,6,None,0.0,0,0
2025-12-11,ECU,Electrical,126,126,14111,130,127,14112,264,13848,0,20,None,0.0,0,0
2025-12-11,Radiator,Fastener_Cooling,126,126,7705,108,106,7685,220,7465,0,15,None,0.0,0,0
2025-12-12,Engine,Powertrain,126,112,13162,96,96,13146,235,12911,0,18,None,0.0,0,0
2025-12-12,Battery,Powertrain,126,14,8154,13,13,8153,100,8053,0,25,None,0.0,0,0
2025-12-12,Transmission,Powertrain,126,126,10627,120,121,10622,264,10358,0,22,None,0.0,0,0
2025-12-12,Brake_Pads,Chassis,126,504,2085,539,536,2117,882,1235,0,12,None,0.0,0,0
2025-12-12,Wheels,Chassis,126,504,8481,517,540,8517,882,7635,0,10,None,0.0,0,0
2025-12-12,Tyres,Chassis,126,504,10,553,539,45,882,-837,0,9,None,0.0,0,0
2025-12-12,Seats,Interior,126,676,1914,583,554,1792,946,846,0,14,None,0.0,0,0
2025-12-12,Nuts,Fastener_Cooling,126,13935,411,12262,12125,0,19509,-19509,0,6,None,0.0,0,0
2025-12-12,ECU,Electrical,126,126,14112,109,59,14045,264,13781,1,20,None,0.0,0,0
2025-12-12,Radiator,Fastener_Cooling,126,126,7685,124,121,7680,220,7460,0,15,None,0.0,0,0
2025-12-13,Engine,Powertrain,140,124,13146,125,118,13140,260,12880,0,18,None,0.0,0,1
2025-12-13,Battery,Powertrain,140,16,8153,13,13,8150,100,8050,0,25,None,0.0,0,1
2025-12-13,Transmission,Powertrain,140,140,10622,150,150,10632,294,10338,0,22,None,0.0,0,1
2025-12-13,Brake_Pads,Chassis,140,560,2117,500,521,2078,980,1098,0,12,None,0.0,0,1
2025-12-13,Wheels,Chassis,140,560,8517,553,550,8507,980,7527,0,10,None,0.0,0,1
2025-12-13,Tyres,Chassis,140,560,45,580,570,55,980,-925,0,9,None,0.0,0,1
2025-12-13,Seats,Interior,140,752,1792,788,825,1865,1052,813,0,14,None,0.0,0,1
2025-12-13,Nuts,Fastener_Cooling,140,15530,0,16045,16070,540,21742,-21202,0,6,None,0.0,0,1
2025-12-13,ECU,Electrical,140,140,14045,119,121,14026,294,13732,0,20,None,0.0,0,1
2025-12-13,Radiator,Fastener_Cooling,140,140,7680,148,144,7684,245,7439,0,15,None,0.0,0,1
2025-12-14,Engine,Powertrain,136,120,13140,110,112,13132,252,12880,0,18,None,0.0,0,1
2025-12-14,Battery,Powertrain,136,16,8150,14,14,8148,100,8048,0,25,None,0.0,0,1
2025-12-14,Transmission,Powertrain,136,136,10632,135,129,10625,285,10340,0,22,None,0.0,0,1
2025-12-14,Brake_Pads,Chassis,136,544,2078,494,471,2005,952,1053,0,12,None,0.0,0,1
2025-12-14,Wheels,Chassis,136,544,8507,470,471,8434,952,7482,0,10,None,0.0,0,1
2025-12-14,Tyres,Chassis,136,544,55,518,531,42,952,-910,0,9,None,0.0,0,1
2025-12-14,Seats,Interior,136,732,1865,725,690,1823,1024,799,0,14,None,0.0,0,1
2025-12-14,Nuts,Fastener_Cooling,136,15100,540,13788,13882,0,21140,-21140,0,6,None,0.0,0,1
2025-12-14,ECU,Electrical,136,136,14026,135,140,14030,285,13745,0,20,None,0.0,0,1
2025-12-14,Radiator,Fastener_Cooling,136,136,7684,124,119,7667,238,7429,0,15,None,0.0,0,1
2025-12-15,Engine,Powertrain,117,102,13132,86,89,13119,214,12905,0,18,None,0.0,0,0
2025-12-15,Battery,Powertrain,117,15,8148,16,16,8149,100,8049,0,25,None,0.0,0,0
2025-12-15,Transmission,Powertrain,117,117,10625,126,123,10631,245,10386,0,22,None,0.0,0,0
2025-12-15,Brake_Pads,Chassis,117,468,2005,477,481,2018,819,1199,0,12,None,0.0,0,0
2025-12-15,Wheels,Chassis,117,468,8434,503,524,8490,819,7671,0,10,None,0.0,0,0
2025-12-15,Tyres,Chassis,117,468,42,407,397,0,819,-819,0,9,None,0.0,0,0
2025-12-15,Seats,Interior,117,631,1823,551,559,1751,883,868,0,14,None,0.0,0,0
2025-12-15,Nuts,Fastener_Cooling,117,13010,0,14025,14473,1463,18214,-16751,0,6,None,0.0,0,0
2025-12-15,ECU,Electrical,117,117,14030,110,113,14026,245,13781,0,20,None,0.0,0,0
2025-12-15,Radiator,Fastener_Cooling,117,117,7667,115,119,7669,204,7465,0,15,None,0.0,0,0
2025-12-16,Engine,Powertrain,119,106,13119,114,113,13126,222,12904,0,18,None,0.0,0,0
2025-12-16,Battery,Powertrain,119,13,8149,14,14,8150,100,8050,0,25,None,0.0,0,0
2025-12-16,Transmission,Powertrain,119,119,10631,125,119,10631,249,10382,0,22,None,0.0,0,0
2025-12-16,Brake_Pads,Chassis,119,476,2018,492,511,2053,833,1220,0,12,None,0.0,0,0
2025-12-16,Wheels,Chassis,119,476,8490,441,446,8460,833,7627,0,10,None,0.0,0,0
2025-12-16,Tyres,Chassis,119,476,0,456,459,0,833,-833,0,9,None,0.0,0,0
2025-12-16,Seats,Interior,119,637,1751,628,608,1722,891,831,0,14,None,0.0,0,0
2025-12-16,Nuts,Fastener_Cooling,119,13160,1463,11764,11985,288,18424,-18136,0,6,None,0.0,0,0
2025-12-16,ECU,Electrical,119,119,14026,121,125,14032,249,13783,0,20,None,0.0,0,0
2025-12-16,Radiator,Fastener_Cooling,119,119,7669,114,114,7664,208,7456,0,15,None,0.0,0,0
2025-12-17,Engine,Powertrain,125,111,13126,105,100,13115,233,12882,0,18,None,0.0,0,0
2025-12-17,Battery,Powertrain,125,14,8150,12,11,8147,100,8047,0,25,None,0.0,0,0
2025-12-17,Transmission,Powertrain,125,125,10631,137,134,10640,262,10378,0,22,None,0.0,0,0
2025-12-17,Brake_Pads,Chassis,125,500,2053,477,463,2016,875,1141,0,12,None,0.0,0,0
2025-12-17,Wheels,Chassis,125,500,8460,436,432,8392,875,7517,0,10,None,0.0,0,0
2025-12-17,Tyres,Chassis,125,500,0,503,480,0,875,-875,0,9,None,0.0,0,0
2025-12-17,Seats,Interior,125,671,1722,574,595,1646,939,707,0,14,None,0.0,0,0
2025-12-17,Nuts,Fastener_Cooling,125,13855,288,13800,14090,523,19397,-18874,0,6,None,0.0,0,0
2025-12-17,ECU,Electrical,125,125,14032,110,110,14017,262,13755,0,20,None,0.0,0,0
2025-12-17,Radiator,Fastener_Cooling,125,125,7664,134,131,7670,218,7452,0,15,None,0.0,0,0
2025-12-18,Engine,Powertrain,121,106,13115,99,96,13105,222,12883,0,18,None,0.0,0,0
2025-12-18,Battery,Powertrain,121,15,8147,12,11,8143,100,8043,0,25,None,0.0,0,0
2025-12-18,Transmission,Powertrain,121,121,10640,128,127,10646,254,10392,0,22,None,0.0,0,0
2025-12-18,Brake_Pads,Chassis,121,484,2016,459,440,1972,847,1125,0,12,None,0.0,0,0
2025-12-18,Wheels,Chassis,121,484,8392,525,535,8443,847,7596,0,10,None,0.0,0,0
2025-12-18,Tyres,Chassis,121,484,0,468,467,0,847,-847,0,9,None,0.0,0,0
2025-12-18,Seats,Interior,121,653,1646,563,572,1565,914,651,0,14,None,0.0,0,0
2025-12-18,Nuts,Fastener_Cooling,121,13445,523,12459,12104,0,18823,-18823,0,6,None,0.0,0,0
2025-12-18,ECU,Electrical,121,121,14017,131,125,14021,254,13767,0,20,None,0.0,0,0
2025-12-18,Radiator,Fastener_Cooling,121,121,7670,123,126,7675,211,7464,0,15,None,0.0,0,0
2025-12-19,Engine,Powertrain,126,112,13105,121,125,13118,235,12883,0,18,None,0.0,0,0
2025-12-19,Battery,Powertrain,126,14,8143,12,11,8140,100,8040,0,25,None,0.0,0,0
2025-12-19,Transmission,Powertrain,126,126,10646,124,129,10649,264,10385,0,22,None,0.0,0,0
2025-12-19,Brake_Pads,Chassis,126,504,1972,520,500,1968,882,1086,0,12,None,0.0,0,0
2025-12-19,Wheels,Chassis,126,504,8443,545,544,8483,882,7601,0,10,None,0.0,0,0
2025-12-19,Tyres,Chassis,126,504,0,469,474,0,882,-882,0,9,None,0.0,0,0
2025-12-19,Seats,Interior,126,676,1565,586,587,1476,946,530,0,14,None,0.0,0,0
2025-12-19,Nuts,Fastener_Cooling,126,13935,0,13425,13388,0,19509,-19509,0,6,None,0.0,0,0
2025-12-19,ECU,Electrical,126,126,14021,131,135,14030,264,13766,0,20,None,0.0,0,0
2025-12-19,Radiator,Fastener_Cooling,126,126,7675,121,120,7669,220,7449,0,15,None,0.0,0,0
2025-12-20,Engine,Powertrain,134,119,13118,128,129,13128,249,12879,0,18,None,0.0,0,1
2025-12-20,Battery,Powertrain,134,15,8140,16,15,8140,100,8040,0,25,None,0.0,0,1
2025-12-20,Transmission,Powertrain,134,134,10649,127,129,10644,281,10363,0,22,None,0.0,0,1
2025-12-20,Brake_Pads,Chassis,134,536,1968,497,511,1943,938,1005,0,12,None,0.0,0,1
2025-12-20,Wheels,Chassis,134,536,8483,466,452,8399,938,7461,0,10,None,0.0,0,1
2025-12-20,Tyres,Chassis,134,536,0,471,447,0,938,-938,0,9,None,0.0,0,1
2025-12-20,Seats,Interior,134,720,1476,722,716,1472,1008,464,0,14,None,0.0,0,1
2025-12-20,Nuts,Fastener_Cooling,134,14860,0,15120,15113,253,20804,-20551,0,6,None,0.0,0,1
2025-12-20,ECU,Electrical,134,134,14030,137,132,14028,281,13747,0,20,None,0.0,0,1
2025-12-20,Radiator,Fastener_Cooling,134,134,7669,124,127,7662,234,7428,0,15,None,0.0,0,1
2025-12-21,Engine,Powertrain,136,120,13128,126,125,13133,252,12881,0,18,None,0.0,0,1
2025-12-21,Battery,Powertrain,136,16,8140,16,15,8139,100,8039,0,25,None,0.0,0,1
2025-12-21,Transmission,Powertrain,136,136,10644,128,128,10636,285,10351,0,22,None,0.0,0,1
2025-12-21,Brake_Pads,Chassis,136,544,1943,564,564,1963,952,1011,0,12,None,0.0,0,1
2025-12-21,Wheels,Chassis,136,544,8399,549,545,8400,952,7448,0,10,None,0.0,0,1
2025-12-21,Tyres,Chassis,136,544,0,571,549,5,952,-947,0,9,None,0.0,0,1
2025-12-21,Seats,Interior,136,736,1472,635,649,1385,1030,355,0,14,None,0.0,0,1
2025-12-21,Nuts,Fastener_Cooling,136,15160,253,14755,14411,0,21224,-21224,0,6,None,0.0,0,1
2025-12-21,ECU,Electrical,136,136,14028,136,135,14027,285,13742,0,20,None,0.0,0,1
2025-12-21,Radiator,Fastener_Cooling,136,136,7662,149,143,7669,238,7431,0,15,None,0.0,0,1
2025-12-22,Engine,Powertrain,111,97,13133,95,97,13133,203,12930,0,18,None,0.0,0,0
2025-12-22,Battery,Powertrain,111,14,8139,13,13,8138,100,8038,0,25,None,0.0,0,0
2025-12-22,Transmission,Powertrain,111,111,10636,118,112,10637,233,10404,0,22,None,0.0,0,0
2025-12-22,Brake_Pads,Chassis,111,444,1963,439,422,1941,777,1164,0,12,None,0.0,0,0
2025-12-22,Wheels,Chassis,111,444,8400,379,379,8335,777,7558,0,10,None,0.0,0,0
2025-12-22,Tyres,Chassis,111,444,5,482,473,34,777,-743,0,9,None,0.0,0,0
2025-12-22,Seats,Interior,111,597,1385,643,353,1141,835,306,1,14,None,0.0,0,0
2025-12-22,Nuts,Fastener_Cooling,111,12315,0,12255,12641,326,17241,-16915,0,6,None,0.0,0,0
2025-12-22,ECU,Electrical,111,111,14027,106,109,14025,233,13792,0,20,None,0.0,0,0
2025-12-22,Radiator,Fastener_Cooling,111,111,7669,114,118,7676,194,7482,0,15,None,0.0,0,0
2025-12-23,Engine,Powertrain,124,109,13133,116,113,13137,228,12909,0,18,None,0.0,0,0
2025-12-23,Battery,Powertrain,124,15,8138,13,12,8135,100,8035,0,25,None,0.0,0,0
2025-12-23,Transmission,Powertrain,124,124,10637,133,136,10649,260,10389,0,22,None,0.0,0,0
2025-12-23,Brake_Pads,Chassis,124,496,1941,542,545,1990,868,1122,0,12,None,0.0,0,0
2025-12-23,Wheels,Chassis,124,496,8335,426,410,8249,868,7381,0,10,None,0.0,0,0
2025-12-23,Tyres,Chassis,124,496,34,538,521,59,868,-809,0,9,None,0.0,0,0
2025-12-23,Seats,Interior,124,666,1141,572,547,1022,932,90,0,14,None,0.0,0,0
2025-12-23,Nuts,Fastener_Cooling,124,13730,326,12005,12484,0,19222,-19222,0,6,None,0.0,0,0
2025-12-23,ECU,Electrical,124,124,14025,124,122,14023,260,13763,0,20,None,0.0,0,0
2025-12-23,Radiator,Fastener_Cooling,124,124,7676,120,116,7668,217,7451,0,15,None,0.0,0,0
2025-12-24,Engine,Powertrain,123,110,13137,103,103,13130,231,12899,0,18,None,0.0,0,0
2025-12-24,Battery,Powertrain,123,13,8135,13,13,8135,100,8035,0,25,None,0.0,0,0
2025-12-24,Transmission,Powertrain,123,123,10649,116,118,10644,258,10386,0,22,None,0.0,0,0
2025-12-24,Brake_Pads,Chassis,123,492,1990,429,438,1936,861,1075,0,12,None,0.0,0,0
2025-12-24,Wheels,Chassis,123,492,8249,433,432,8189,861,7328,0,10,None,0.0,0,0
2025-12-24,Tyres,Chassis,123,492,59,421,433,0,861,-861,0,9,None,0.0,0,0
2025-12-24,Seats,Interior,123,663,1022,567,587,946,928,18,0,14,None,0.0,0,0
2025-12-24,Nuts,Fastener_Cooling,123,13635,0,14873,14547,912,19089,-18177,0,6,None,0.0,0,0
2025-12-24,ECU,Electrical,123,123,14023,124,129,14029,258,13771,0,20,None,0.0,0,0
2025-12-24,Radiator,Fastener_Cooling,123,123,7668,124,127,7672,215,7457,0,15,None,0.0,0,0
2025-12-25,Engine,Powertrain,145,127,13130,130,131,13134,266,12868,0,18,Christmas,1.2,0,0
2025-12-25,Battery,Powertrain,145,18,8135,16,15,8132,100,8032,0,25,Christmas,1.2,0,0
2025-12-25,Transmission,Powertrain,145,145,10644,133,127,10626,304,10322,0,22,Christmas,1.2,0,0
2025-12-25,Brake_Pads,Chassis,145,580,1936,567,545,1901,1015,886,0,12,Christmas,1.2,0,0
2025-12-25,Wheels,Chassis,145,580,8189,518,517,8126,1015,7111,0,10,Christmas,1.2,0,0
2025-12-25,Tyres,Chassis,145,580,0,603,608,28,1015,-987,0,9,Christmas,1.2,0,0
2025-12-25,Seats,Interior,145,779,946,674,669,836,1090,-254,0,14,Christmas,1.2,0,0
2025-12-25,Nuts,Fastener_Cooling,145,16085,912,15580,16283,1110,22519,-21409,0,6,Christmas,1.2,0,0
2025-12-25,ECU,Electrical,145,145,14029,145,147,14031,304,13727,0,20,Christmas,1.2,0,0
2025-12-25,Radiator,Fastener_Cooling,145,145,7672,139,144,7671,253,7418,0,15,Christmas,1.2,0,0
2025-12-26,Engine,Powertrain,125,111,13134,114,108,13131,233,12898,0,18,None,0.0,0,0
2025-12-26,Battery,Powertrain,125,14,8132,13,12,8130,100,8030,0,25,None,0.0,0,0
2025-12-26,Transmission,Powertrain,125,125,10626,135,138,10639,262,10377,0,22,None,0.0,0,0
2025-12-26,Brake_Pads,Chassis,125,500,1901,432,425,1826,875,951,0,12,None,0.0,0,0
2025-12-26,Wheels,Chassis,125,500,8126,428,408,8034,875,7159,0,10,None,0.0,0,0
2025-12-26,Tyres,Chassis,125,500,28,441,427,0,875,-875,0,9,None,0.0,0,0
2025-12-26,Seats,Interior,125,671,836,737,759,924,939,-15,0,14,None,0.0,0,0
2025-12-26,Nuts,Fastener_Cooling,125,13825,1110,12359,12455,0,19355,-19355,0,6,None,0.0,0,0
2025-12-26,ECU,Electrical,125,125,14031,126,129,14035,262,13773,0,20,None,0.0,0,0
2025-12-26,Radiator,Fastener_Cooling,125,125,7671,137,140,7686,218,7468,0,15,None,0.0,0,0
2025-12-27,Engine,Powertrain,136,120,13131,112,112,13123,252,12871,0,18,None,0.0,0,1
2025-12-27,Battery,Powertrain,136,16,8130,15,15,8129,100,8029,0,25,None,0.0,0,1
2025-12-27,Transmission,Powertrain,136,136,10639,144,140,10643,285,10358,0,22,None,0.0,0,1
2025-12-27,Brake_Pads,Chassis,136,544,1826,506,527,1809,952,857,0,12,None,0.0,0,1
2025-12-27,Wheels,Chassis,136,544,8034,531,553,8043,952,7091,0,10,None,0.0,0,1
2025-12-27,Tyres,Chassis,136,544,0,577,577,33,952,-919,0,9,None,0.0,0,1
2025-12-27,Seats,Interior,136,730,924,741,718,912,1022,-110,0,14,None,0.0,0,1
2025-12-27,Nuts,Fastener_Cooling,136,15045,0,13452,13735,0,21063,-21063,0,6,None,0.0,0,1
2025-12-27,ECU,Electrical,136,136,14035,120,115,14014,285,13729,0,20,None,0.0,0,1
2025-12-27,Radiator,Fastener_Cooling,136,136,7686,119,120,7670,238,7432,0,15,None,0.0,0,1
2025-12-28,Engine,Powertrain,136,120,13123,105,104,13107,252,12855,0,18,None,0.0,0,1
2025-12-28,Battery,Powertrain,136,16,8129,17,16,8129,100,8029,0,25,None,0.0,0,1
2025-12-28,Transmission,Powertrain,136,136,10643,123,126,10633,285,10348,0,22,None,0.0,0,1
2025-12-28,Brake_Pads,Chassis,136,544,1809,492,490,1755,952,803,0,12,None,0.0,0,1
2025-12-28,Wheels,Chassis,136,544,8043,520,514,8013,952,7061,0,10,None,0.0,0,1
2025-12-28,Tyres,Chassis,136,544,33,536,546,35,952,-917,0,9,None,0.0,0,1
2025-12-28,Seats,Interior,136,730,912,802,801,983,1022,-39,0,14,None,0.0,0,1
2025-12-28,Nuts,Fastener_Cooling,136,15045,0,15079,14804,0,21063,-21063,0,6,None,0.0,0,1
2025-12-28,ECU,Electrical,136,136,14014,126,125,14003,285,13718,0,20,None,0.0,0,1
2025-12-28,Radiator,Fastener_Cooling,136,136,7670,142,137,7671,238,7433,0,15,None,0.0,0,1
2025-12-29,Engine,Powertrain,126,112,13107,98,97,13092,235,12857,0,18,None,0.0,0,0
2025-12-29,Battery,Powertrain,126,14,8129,11,10,8125,100,8025,0,25,None,0.0,0,0
2025-12-29,Transmission,Powertrain,126,126,10633,107,102,10609,264,10345,0,22,None,0.0,0,0
2025-12-29,Brake_Pads,Chassis,126,504,1755,491,471,1722,882,840,0,12,None,0.0,0,0
2025-12-29,Wheels,Chassis,126,504,8013,513,512,8021,882,7139,0,10,None,0.0,0,0
2025-12-29,Tyres,Chassis,126,504,35,528,506,37,882,-845,0,9,None,0.0,0,0
2025-12-29,Seats,Interior,126,678,983,595,592,897,949,-52,0,14,None,0.0,0,0
2025-12-29,Nuts,Fastener_Cooling,126,13970,0,14197,14679,709,19558,-18849,0,6,None,0.0,0,0
2025-12-29,ECU,Electrical,126,126,14003,114,117,13994,264,13730,0,20,None,0.0,0,0
2025-12-29,Radiator,Fastener_Cooling,126,126,7671,112,109,7654,220,7434,0,15,None,0.0,0,0
2025-12-30,Engine,Powertrain,126,110,13092,113,108,13090,231,12859,0,18,None,0.0,0,0
2025-12-30,Battery,Powertrain,126,16,8125,15,15,8124,100,8024,0,25,None,0.0,0,0
2025-12-30,Transmission,Powertrain,126,126,10609,125,128,10611,264,10347,0,22,None,0.0,0,0
2025-12-30,Brake_Pads,Chassis,126,504,1722,470,460,1678,882,796,0,12,None,0.0,0,0
2025-12-30,Wheels,Chassis,126,504,8021,512,528,8045,882,7163,0,10,None,0.0,0,0
2025-12-30,Tyres,Chassis,126,504,37,457,453,0,882,-882,0,9,None,0.0,0,0
2025-12-30,Seats,Interior,126,676,897,687,718,939,946,-7,0,14,None,0.0,0,0
2025-12-30,Nuts,Fastener_Cooling,126,13955,709,14090,13635,389,19537,-19148,0,6,None,0.0,0,0
2025-12-30,ECU,Electrical,126,126,13994,130,133,14001,264,13737,0,20,None,0.0,0,0
2025-12-30,Radiator,Fastener_Cooling,126,126,7654,138,138,7666,220,7446,0,15,None,0.0,0,0
2025-12-31,Engine,Powertrain,134,117,13090,121,121,13094,245,12849,0,18,New Year,1.1,0,0
2025-12-31,Battery,Powertrain,134,17,8124,18,18,8125,100,8025,0,25,New Year,1.1,0,0
2025-12-31,Transmission,Powertrain,134,134,10611,125,120,10597,281,10316,0,22,New Year,1.1,0,0
2025-12-31,Brake_Pads,Chassis,134,536,1678,563,557,1699,938,761,0,12,New Year,1.1,0,0
2025-12-31,Wheels,Chassis,134,536,8045,495,500,8009,938,7071,0,10,New Year,1.1,0,0
2025-12-31,Tyres,Chassis,134,536,0,575,574,38,938,-900,0,9,New Year,1.1,0,0
2025-12-31,Seats,Interior,134,732,939,636,658,865,1024,-159,0,14,New Year,1.1,0,0
2025-12-31,Nuts,Fastener_Cooling,134,15060,389,14131,13717,0,21084,-21084,0,6,New Year,1.1,0,0
2025-12-31,ECU,Electrical,134,134,14001,139,142,14009,281,13728,0,20,New Year,1.1,0,0
2025-12-31,Radiator,Fastener_Cooling,134,134,7666,146,146,7678,234,7444,0,15,New Year,1.1,0,0
2026-01-01,Engine,Powertrain,118,104,13094,89,84,13074,218,12856,0,18,None,0.0,0,0
2026-01-01,Battery,Powertrain,118,14,8125,13,13,8124,100,8024,0,25,None,0.0,0,0
2026-01-01,Transmission,Powertrain,118,118,10597,129,131,10610,247,10363,0,22,None,0.0,0,0
2026-01-01,Brake_Pads,Chassis,118,472,1699,483,489,1716,826,890,0,12,None,0.0,0,0
2026-01-01,Wheels,Chassis,118,472,8009,465,453,7990,826,7164,0,10,None,0.0,0,0
2026-01-01,Tyres,Chassis,118,472,38,490,490,56,826,-770,0,9,None,0.0,0,0
2026-01-01,Seats,Interior,118,634,865,604,624,855,887,-32,0,14,None,0.0,0,0
2026-01-01,Nuts,Fastener_Cooling,118,13100,0,13531,13197,97,18340,-18243,0,6,None,0.0,0,0
2026-01-01,ECU,Electrical,118,118,14009,110,105,13996,247,13749,0,20,None,0.0,0,0
2026-01-01,Radiator,Fastener_Cooling,118,118,7678,121,119,7679,206,7473,0,15,None,0.0,0,0
2026-01-02,Engine,Powertrain,119,105,13074,107,107,13076,220,12856,0,18,None,0.0,0,0
2026-01-02,Battery,Powertrain,119,14,8124,14,13,8123,100,8023,0,25,None,0.0,0,0
2026-01-02,Transmission,Powertrain,119,119,10610,102,100,10591,249,10342,0,22,None,0.0,0,0
2026-01-02,Brake_Pads,Chassis,119,476,1716,510,485,1725,833,892,0,12,None,0.0,0,0
2026-01-02,Wheels,Chassis,119,476,7990,494,485,7999,833,7166,0,10,None,0.0,0,0
2026-01-02,Tyres,Chassis,119,476,56,424,414,0,833,-833,0,9,None,0.0,0,0
2026-01-02,Seats,Interior,119,645,855,555,552,762,903,-141,0,14,None,0.0,0,0
2026-01-02,Nuts,Fastener_Cooling,119,13285,97,13603,13377,189,18599,-18410,0,6,None,0.0,0,0
2026-01-02,ECU,Electrical,119,119,13996,102,106,13983,249,13734,0,20,None,0.0,0,0
2026-01-02,Radiator,Fastener_Cooling,119,119,7679,103,105,7665,208,7457,0,15,None,0.0,0,0
2026-01-03,Engine,Powertrain,135,118,13076,113,118,13076,247,12829,0,18,None,0.0,0,1
2026-01-03,Battery,Powertrain,135,17,8123,18,18,8124,100,8024,0,25,None,0.0,0,1
2026-01-03,Transmission,Powertrain,135,135,10591,132,126,10582,283,10299,0,22,None,0.0,0,1
2026-01-03,Brake_Pads,Chassis,135,540,1725,516,537,1722,945,777,0,12,None,0.0,0,1
2026-01-03,Wheels,Chassis,135,540,7999,523,500,7959,945,7014,0,10,None,0.0,0,1
2026-01-03,Tyres,Chassis,135,540,0,509,532,0,945,-945,0,9,None,0.0,0,1
2026-01-03,Seats,Interior,135,727,762,636,607,642,1017,-375,0,14,None,0.0,0,1
2026-01-03,Nuts,Fastener_Cooling,135,14955,189,14653,14207,0,20937,-20937,0,6,None,0.0,0,1
2026-01-03,ECU,Electrical,135,135,13983,125,118,13966,283,13683,0,20,None,0.0,0,1
2026-01-03,Radiator,Fastener_Cooling,135,135,7665,140,137,7667,236,7431,0,15,None,0.0,0,1
2026-01-04,Engine,Powertrain,133,117,13076,109,103,13062,245,12817,0,18,None,0.0,0,1
2026-01-04,Battery,Powertrain,133,16,8124,16,15,8123,100,8023,0,25,None,0.0,0,1
2026-01-04,Transmission,Powertrain,133,133,10582,121,119,10568,279,10289,0,22,None,0.0,0,1
2026-01-04,Brake_Pads,Chassis,133,532,1722,552,535,1725,931,794,0,12,None,0.0,0,1
2026-01-04,Wheels,Chassis,133,532,7959,580,561,7988,931,7057,0,10,None,0.0,0,1
2026-01-04,Tyres,Chassis,133,532,0,500,505,0,931,-931,0,9,None,0.0,0,1
2026-01-04,Seats,Interior,133,715,642,766,761,688,1001,-313,0,14,None,0.0,0,1
2026-01-04,Nuts,Fastener_Cooling,133,14765,0,14437,14829,64,20671,-20607,0,6,None,0.0,0,1
2026-01-04,ECU,Electrical,133,133,13966,136,130,13963,279,13684,0,20,None,0.0,0,1
2026-01-04,Radiator,Fastener_Cooling,133,133,7667,139,132,7666,232,7434,0,15,None,0.0,0,1
2026-01-05,Engine,Powertrain,125,109,13062,109,112,13065,228,12837,0,18,None,0.0,0,0
2026-01-05,Battery,Powertrain,125,16,8123,13,13,8120,100,8020,0,25,None,0.0,0,0
2026-01-05,Transmission,Powertrain,125,125,10568,109,108,10551,262,10289,0,22,None,0.0,0,0
2026-01-05,Brake_Pads,Chassis,125,500,1725,467,460,1685,875,810,0,12,None,0.0,0,0
2026-01-05,Wheels,Chassis,125,500,7988,521,507,7995,875,7120,0,10,None,0.0,0,0
2026-01-05,Tyres,Chassis,125,500,0,489,468,0,875,-875,0,9,None,0.0,0,0
2026-01-05,Seats,Interior,125,675,688,599,582,595,945,-350,0,14,None,0.0,0,0
2026-01-05,Nuts,Fastener_Cooling,125,13935,64,13550,13460,0,19509,-19509,0,6,None,0.0,0,0
2026-01-05,ECU,Electrical,125,125,13963,117,111,13949,262,13687,0,20,None,0.0,0,0
2026-01-05,Radiator,Fastener_Cooling,125,125,7666,108,104,7645,218,7427,0,15,None,0.0,0,0
2026-01-06,Engine,Powertrain,120,106,13065,114,110,13069,222,12847,0,18,None,0.0,0,0
2026-01-06,Battery,Powertrain,120,14,8120,12,11,8117,100,8017,0,25,None,0.0,0,0
2026-01-06,Transmission,Powertrain,120,120,10551,105,106,10537,252,10285,0,22,None,0.0,0,0
2026-01-06,Brake_Pads,Chassis,120,480,1685,504,508,1713,840,873,0,12,None,0.0,0,0
2026-01-06,Wheels,Chassis,120,480,7995,427,419,7934,840,7094,0,10,None,0.0,0,0
2026-01-06,Tyres,Chassis,120,480,0,462,468,0,840,-840,0,9,None,0.0,0,0
2026-01-06,Seats,Interior,120,642,595,653,662,615,898,-283,0,14,None,0.0,0,0
2026-01-06,Nuts,Fastener_Cooling,120,13255,0,14188,14517,1262,18557,-17295,0,6,None,0.0,0,0
2026-01-06,ECU,Electrical,120,120,13949,103,105,13934,252,13682,0,20,None,0.0,0,0
2026-01-06,Radiator,Fastener_Cooling,120,120,7645,129,131,7656,210,7446,0,15,None,0.0,0,0
2026-01-07,Engine,Powertrain,118,103,13069,88,88,13054,216,12838,0,18,None,0.0,0,0
2026-01-07,Battery,Powertrain,118,15,8117,16,16,8118,100,8018,0,25,None,0.0,0,0
2026-01-07,Transmission,Powertrain,118,118,10537,122,123,10542,247,10295,0,22,None,0.0,0,0
2026-01-07,Brake_Pads,Chassis,118,472,1713,469,469,1710,826,884,0,12,None,0.0,0,0
2026-01-07,Wheels,Chassis,118,472,7934,428,445,7907,826,7081,0,10,None,0.0,0,0
2026-01-07,Tyres,Chassis,118,472,0,452,438,0,826,-826,0,9,None,0.0,0,0
2026-01-07,Seats,Interior,118,636,615,633,610,589,890,-301,0,14,None,0.0,0,0
2026-01-07,Nuts,Fastener_Cooling,118,13130,1262,12011,6606,0,18382,-18382,1,6,None,0.0,0,0
2026-01-07,ECU,Electrical,118,118,13934,128,129,13945,247,13698,0,20,None,0.0,0,0
2026-01-07,Radiator,Fastener_Cooling,118,118,7656,129,127,7665,206,7459,0,15,None,0.0,0,0
2026-01-08,Engine,Powertrain,123,108,13054,117,119,13065,226,12839,0,18,None,0.0,0,0
2026-01-08,Battery,Powertrain,123,15,8118,15,14,8117,100,8017,0,25,None,0.0,0,0
2026-01-08,Transmission,Powertrain,123,123,10542,110,107,10526,258,10268,0,22,None,0.0,0,0
2026-01-08,Brake_Pads,Chassis,123,492,1710,522,495,1713,861,852,0,12,None,0.0,0,0
2026-01-08,Wheels,Chassis,123,492,7907,462,456,7871,861,7010,0,10,None,0.0,0,0
2026-01-08,Tyres,Chassis,123,492,0,519,527,35,861,-826,0,9,None,0.0,0,0
2026-01-08,Seats,Interior,123,659,589,692,684,614,922,-308,0,14,None,0.0,0,0
2026-01-08,Nuts,Fastener_Cooling,123,13605,0,12396,12071,0,19047,-19047,0,6,None,0.0,0,0
2026-01-08,ECU,Electrical,123,123,13945,127,126,13948,258,13690,0,20,None,0.0,0,0
2026-01-08,Radiator,Fastener_Cooling,123,123,7665,127,132,7674,215,7459,0,15,None,0.0,0,0
2026-01-09,Engine,Powertrain,117,102,13065,104,105,13068,214,12854,0,18,None,0.0,0,0
2026-01-09,Battery,Powertrain,117,15,8117,13,12,8114,100,8014,0,25,None,0.0,0,0
2026-01-09,Transmission,Powertrain,117,117,10526,126,130,10539,245,10294,0,22,None,0.0,0,0
2026-01-09,Brake_Pads,Chassis,117,468,1713,440,431,1676,819,857,0,12,None,0.0,0,0
2026-01-09,Wheels,Chassis,117,468,7871,492,505,7908,819,7089,0,10,None,0.0,0,0
2026-01-09,Tyres,Chassis,117,468,35,458,465,32,819,-787,0,9,None,0.0,0,0
2026-01-09,Seats,Interior,117,629,614,640,618,603,880,-277,0,14,None,0.0,0,0
2026-01-09,Nuts,Fastener_Cooling,117,13025,0,11317,10876,0,18235,-18235,0,6,None,0.0,0,0
2026-01-09,ECU,Electrical,117,117,13948,121,117,13948,245,13703,0,20,None,0.0,0,0
2026-01-09,Radiator,Fastener_Cooling,117,117,7674,109,112,7669,204,7465,0,15,None,0.0,0,0
2026-01-10,Engine,Powertrain,128,113,13068,97,98,13053,237,12816,0,18,None,0.0,0,1
2026-01-10,Battery,Powertrain,128,15,8114,12,12,8111,100,8011,0,25,None,0.0,0,1
2026-01-10,Transmission,Powertrain,128,128,10539,126,128,10539,268,10271,0,22,None,0.0,0,1
2026-01-10,Brake_Pads,Chassis,128,512,1676,457,455,1619,896,723,0,12,None,0.0,0,1
2026-01-10,Wheels,Chassis,128,512,7908,450,442,7838,896,6942,0,10,None,0.0,0,1
2026-01-10,Tyres,Chassis,128,512,32,543,548,68,896,-828,0,9,None,0.0,0,1
2026-01-10,Seats,Interior,128,688,603,663,661,576,963,-387,0,14,None,0.0,0,1
2026-01-10,Nuts,Fastener_Cooling,128,14195,0,12355,11949,0,19873,-19873,0,6,None,0.0,0,1
2026-01-10,ECU,Electrical,128,128,13948,131,129,13949,268,13681,0,20,None,0.0,0,1
2026-01-10,Radiator,Fastener_Cooling,128,128,7669,132,128,7669,224,7445,0,15,None,0.0,0,1
2026-01-11,Engine,Powertrain,135,120,13053,126,123,13056,252,12804,0,18,None,0.0,0,1
2026-01-11,Battery,Powertrain,135,15,8111,16,16,8112,100,8012,0,25,None,0.0,0,1
2026-01-11,Transmission,Powertrain,135,135,10539,115,116,10520,283,10237,0,22,None,0.0,0,1
2026-01-11,Brake_Pads,Chassis,135,540,1619,509,488,1567,945,622,0,12,None,0.0,0,1
2026-01-11,Wheels,Chassis,135,540,7838,529,544,7842,945,6897,0,10,None,0.0,0,1
2026-01-11,Tyres,Chassis,135,540,68,593,584,112,945,-833,0,9,None,0.0,0,1
2026-01-11,Seats,Interior,135,723,576,736,707,560,1012,-452,0,14,None,0.0,0,1
2026-01-11,Nuts,Fastener_Cooling,135,14925,0,14778,14317,0,20895,-20895,0,6,None,0.0,0,1
2026-01-11,ECU,Electrical,135,135,13949,146,153,13967,283,13684,0,20,None,0.0,0,1
2026-01-11,Radiator,Fastener_Cooling,135,135,7669,121,119,7653,236,7417,0,15,None,0.0,0,1
2026-01-12,Engine,Powertrain,114,99,13056,99,98,13055,207,12848,0,18,None,0.0,0,0
2026-01-12,Battery,Powertrain,114,15,8112,15,15,8112,100,8012,0,25,None,0.0,0,0
2026-01-12,Transmission,Powertrain,114,114,10520,108,108,10514,239,10275,0,22,None,0.0,0,0
2026-01-12,Brake_Pads,Chassis,114,456,1567,433,413,1524,798,726,0,12,None,0.0,0,0
2026-01-12,Wheels,Chassis,114,456,7842,477,469,7855,798,7057,0,10,None,0.0,0,0
2026-01-12,Tyres,Chassis,114,456,112,397,403,59,798,-739,0,9,None,0.0,0,0
2026-01-12,Seats,Interior,114,612,560,645,625,573,856,-283,0,14,None,0.0,0,0
2026-01-12,Nuts,Fastener_Cooling,114,12640,0,13591,13210,570,17696,-17126,0,6,None,0.0,0,0
2026-01-12,ECU,Electrical,114,114,13967,106,110,13963,239,13724,0,20,None,0.0,0,0
2026-01-12,Radiator,Fastener_Cooling,114,114,7653,100,104,7643,199,7444,0,15,None,0.0,0,0
2026-01-13,Engine,Powertrain,127,112,13055,99,99,13042,235,12807,0,18,None,0.0,0,0
2026-01-13,Battery,Powertrain,127,15,8112,14,7,8104,100,8004,1,25,None,0.0,0,0
2026-01-13,Transmission,Powertrain,127,127,10514,125,126,10513,266,10247,0,22,None,0.0,0,0
2026-01-13,Brake_Pads,Chassis,127,508,1524,496,272,1288,889,399,1,12,None,0.0,0,0
2026-01-13,Wheels,Chassis,127,508,7855,482,503,7850,889,6961,0,10,None,0.0,0,0
2026-01-13,Tyres,Chassis,127,508,59,462,465,16,889,-873,0,9,None,0.0,0,0
2026-01-13,Seats,Interior,127,681,573,699,717,609,953,-344,0,14,None,0.0,0,0
2026-01-13,Nuts,Fastener_Cooling,127,14040,570,15156,14755,1285,19656,-18371,0,6,None,0.0,0,0
2026-01-13,ECU,Electrical,127,127,13963,136,134,13970,266,13704,0,20,None,0.0,0,0
2026-01-13,Radiator,Fastener_Cooling,127,127,7643,129,134,7650,222,7428,0,15,None,0.0,0,0
2026-01-14,Engine,Powertrain,139,119,13042,119,114,13037,249,12788,0,18,Makar Sankranti,1.0,0,0
2026-01-14,Battery,Powertrain,139,20,8104,17,16,8100,100,8000,0,25,Makar Sankranti,1.0,0,0
2026-01-14,Transmission,Powertrain,139,139,10513,121,117,10491,291,10200,0,22,Makar Sankranti,1.0,0,0
2026-01-14,Brake_Pads,Chassis,139,556,1288,596,572,1304,973,331,0,12,Makar Sankranti,1.0,0,0
2026-01-14,Wheels,Chassis,139,556,7850,582,603,7897,973,6924,0,10,Makar Sankranti,1.0,0,0
2026-01-14,Tyres,Chassis,139,556,16,509,489,0,973,-973,0,9,Makar Sankranti,1.0,0,0
2026-01-14,Seats,Interior,139,747,609,778,762,624,1045,-421,0,14,Makar Sankranti,1.0,0,0
2026-01-14,Nuts,Fastener_Cooling,139,15450,1285,13810,13719,0,21630,-21630,0,6,Makar Sankranti,1.0,0,0
2026-01-14,ECU,Electrical,139,139,13970,130,123,13954,291,13663,0,20,Makar Sankranti,1.0,0,0
2026-01-14,Radiator,Fastener_Cooling,139,139,7650,122,122,7633,243,7390,0,15,Makar Sankranti,1.0,0,0
2026-01-15,Engine,Powertrain,125,112,13037,110,106,13031,235,12796,0,18,None,0.0,0,0
2026-01-15,Battery,Powertrain,125,13,8100,12,11,8098,100,7998,0,25,None,0.0,0,0
2026-01-15,Transmission,Powertrain,125,125,10491,137,135,10501,262,10239,0,22,None,0.0,0,0
2026-01-15,Brake_Pads,Chassis,125,500,1304,436,443,1247,875,372,0,12,None,0.0,0,0
2026-01-15,Wheels,Chassis,125,500,7897,517,494,7891,875,7016,0,10,None,0.0,0,0
2026-01-15,Tyres,Chassis,125,500,0,518,512,12,875,-863,0,9,None,0.0,0,0
2026-01-15,Seats,Interior,125,669,624,700,732,687,936,-249,0,14,None,0.0,0,0
2026-01-15,Nuts,Fastener_Cooling,125,13795,0,13869,13692,0,19313,-19313,0,6,None,0.0,0,0
2026-01-15,ECU,Electrical,125,125,13954,129,130,13959,262,13697,0,20,None,0.0,0,0
2026-01-15,Radiator,Fastener_Cooling,125,125,7633,112,112,7620,218,7402,0,15,None,0.0,0,0
2026-01-16,Engine,Powertrain,123,108,13031,107,103,13026,226,12800,0,18,None,0.0,0,0
2026-01-16,Battery,Powertrain,123,15,8098,15,14,8097,100,7997,0,25,None,0.0,0,0
2026-01-16,Transmission,Powertrain,123,123,10501,118,121,10499,258,10241,0,22,None,0.0,0,0
2026-01-16,Brake_Pads,Chassis,123,492,1247,462,483,1238,861,377,0,12,None,0.0,0,0
2026-01-16,Wheels,Chassis,123,492,7891,430,449,7848,861,6987,0,10,None,0.0,0,0
2026-01-16,Tyres,Chassis,123,492,12,505,486,6,861,-855,0,9,None,0.0,0,0
2026-01-16,Seats,Interior,123,663,687,722,713,737,928,-191,0,14,None,0.0,0,0
2026-01-16,Nuts,Fastener_Cooling,123,13655,0,13510,13053,0,19117,-19117,0,6,None,0.0,0,0
2026-01-16,ECU,Electrical,123,123,13959,123,118,13954,258,13696,0,20,None,0.0,0,0
2026-01-16,Radiator,Fastener_Cooling,123,123,7620,126,124,7621,215,7406,0,15,None,0.0,0,0
2026-01-17,Engine,Powertrain,133,118,13026,125,124,13032,247,12785,0,18,None,0.0,0,1
2026-01-17,Battery,Powertrain,133,15,8097,12,11,8093,100,7993,0,25,None,0.0,0,1
2026-01-17,Transmission,Powertrain,133,133,10499,117,115,10481,279,10202,0,22,None,0.0,0,1
2026-01-17,Brake_Pads,Chassis,133,532,1238,486,469,1175,931,244,0,12,None,0.0,0,1
2026-01-17,Wheels,Chassis,133,532,7848,463,448,7764,931,6833,0,10,None,0.0,0,1
2026-01-17,Tyres,Chassis,133,532,6,578,558,32,931,-899,0,9,None,0.0,0,1
2026-01-17,Seats,Interior,133,717,737,781,429,449,1003,-554,1,14,None,0.0,0,1
2026-01-17,Nuts,Fastener_Cooling,133,14765,0,13535,14047,0,20671,-20671,0,6,None,0.0,0,1
2026-01-17,ECU,Electrical,133,133,13954,137,138,13959,279,13680,0,20,None,0.0,0,1
2026-01-17,Radiator,Fastener_Cooling,133,133,7621,145,144,7632,232,7400,0,15,None,0.0,0,1
2026-01-18,Engine,Powertrain,128,113,13032,99,100,13019,237,12782,0,18,None,0.0,0,1
2026-01-18,Battery,Powertrain,128,15,8093,12,11,8089,100,7989,0,25,None,0.0,0,1
2026-01-18,Transmission,Powertrain,128,128,10481,132,135,10488,268,10220,0,22,None,0.0,0,1
2026-01-18,Brake_Pads,Chassis,128,512,1175,447,454,1117,896,221,0,12,None,0.0,0,1
2026-01-18,Wheels,Chassis,128,512,7764,461,447,7699,896,6803,0,10,None,0.0,0,1
2026-01-18,Tyres,Chassis,128,512,32,518,523,43,896,-853,0,9,None,0.0,0,1
2026-01-18,Seats,Interior,128,690,449,705,692,451,966,-515,0,14,None,0.0,0,1
2026-01-18,Nuts,Fastener_Cooling,128,14220,0,14203,14369,149,19908,-19759,0,6,None,0.0,0,1
2026-01-18,ECU,Electrical,128,128,13959,122,125,13956,268,13688,0,20,None,0.0,0,1
2026-01-18,Radiator,Fastener_Cooling,128,128,7632,122,122,7626,224,7402,0,15,None,0.0,0,1
2026-01-19,Engine,Powertrain,128,114,13019,105,107,13012,239,12773,0,18,None,0.0,0,0
2026-01-19,Battery,Powertrain,128,14,8089,13,13,8088,100,7988,0,25,None,0.0,0,0
2026-01-19,Transmission,Powertrain,128,128,10488,109,105,10465,268,10197,0,22,None,0.0,0,0
2026-01-19,Brake_Pads,Chassis,128,512,1117,479,487,1092,896,196,0,12,None,0.0,0,0
2026-01-19,Wheels,Chassis,128,512,7699,498,499,7686,896,6790,0,10,None,0.0,0,0
2026-01-19,Tyres,Chassis,128,512,43,484,472,3,896,-893,0,9,None,0.0,0,0
2026-01-19,Seats,Interior,128,694,451,664,668,425,971,-546,0,14,None,0.0,0,0
2026-01-19,Nuts,Fastener_Cooling,128,14255,149,13392,13342,0,19957,-19957,0,6,None,0.0,0,0
2026-01-19,ECU,Electrical,128,128,13956,128,133,13961,268,13693,0,20,None,0.0,0,0
2026-01-19,Radiator,Fastener_Cooling,128,128,7626,134,128,7626,224,7402,0,15,None,0.0,0,0
2026-01-20,Engine,Powertrain,126,111,13012,104,106,13007,233,12774,0,18,None,0.0,0,0
2026-01-20,Battery,Powertrain,126,15,8088,15,14,8087,100,7987,0,25,None,0.0,0,0
2026-01-20,Transmission,Powertrain,126,126,10465,130,123,10462,264,10198,0,22,None,0.0,0,0
2026-01-20,Brake_Pads,Chassis,126,504,1092,514,504,1092,882,210,0,12,None,0.0,0,0
2026-01-20,Wheels,Chassis,126,504,7686,540,564,7746,882,6864,0,10,None,0.0,0,0
2026-01-20,Tyres,Chassis,126,504,3,553,572,71,882,-811,0,9,None,0.0,0,0
2026-01-20,Seats,Interior,126,678,425,702,732,479,949,-470,0,14,None,0.0,0,0
2026-01-20,Nuts,Fastener_Cooling,126,13985,0,13067,12665,0,19579,-19579,0,6,None,0.0,0,0
2026-01-20,ECU,Electrical,126,126,13961,112,106,13941,264,13677,0,20,None,0.0,0,0
2026-01-20,Radiator,Fastener_Cooling,126,126,7626,117,112,7612,220,7392,0,15,None,0.0,0,0
2026-01-21,Engine,Powertrain,128,114,13007,100,101,12994,239,12755,0,18,None,0.0,0,0
2026-01-21,Battery,Powertrain,128,14,8087,15,14,8087,100,7987,0,25,None,0.0,0,0
2026-01-21,Transmission,Powertrain,128,128,10462,128,128,10462,268,10194,0,22,None,0.0,0,0
2026-01-21,Brake_Pads,Chassis,128,512,1092,457,447,1027,896,131,0,12,None,0.0,0,0
2026-01-21,Wheels,Chassis,128,512,7746,527,289,7523,896,6627,1,10,None,0.0,0,0
2026-01-21,Tyres,Chassis,128,512,71,465,469,28,896,-868,0,9,None,0.0,0,0
2026-01-21,Seats,Interior,128,692,479,598,582,369,968,-599,0,14,None,0.0,0,0
2026-01-21,Nuts,Fastener_Cooling,128,14200,0,14183,14142,0,19880,-19880,0,6,None,0.0,0,0
2026-01-21,ECU,Electrical,128,128,13941,140,133,13946,268,13678,0,20,None,0.0,0,0
2026-01-21,Radiator,Fastener_Cooling,128,128,7612,136,136,7620,224,7396,0,15,None,0.0,0,0
2026-01-22,Engine,Powertrain,124,109,12994,111,113,12998,228,12770,0,18,None,0.0,0,0
2026-01-22,Battery,Powertrain,124,15,8087,12,12,8084,100,7984,0,25,None,0.0,0,0
2026-01-22,Transmission,Powertrain,124,124,10462,105,101,10439,260,10179,0,22,None,0.0,0,0
2026-01-22,Brake_Pads,Chassis,124,496,1027,457,435,966,868,98,0,12,None,0.0,0,0
2026-01-22,Wheels,Chassis,124,496,7523,532,536,7563,868,6695,0,10,None,0.0,0,0
2026-01-22,Tyres,Chassis,124,496,28,432,442,0,868,-868,0,9,None,0.0,0,0
2026-01-22,Seats,Interior,124,664,369,564,591,296,929,-633,0,14,None,0.0,0,0
2026-01-22,Nuts,Fastener_Cooling,124,13695,0,12539,12289,0,19173,-19173,0,6,None,0.0,0,0
2026-01-22,ECU,Electrical,124,124,13946,131,132,13954,260,13694,0,20,None,0.0,0,0
2026-01-22,Radiator,Fastener_Cooling,124,124,7620,115,113,7609,217,7392,0,15,None,0.0,0,0
2026-01-23,Engine,Powertrain,123,108,12998,115,117,13007,226,12781,0,18,None,0.0,0,0
2026-01-23,Battery,Powertrain,123,15,8084,16,15,8084,100,7984,0,25,None,0.0,0,0
2026-01-23,Transmission,Powertrain,123,123,10439,115,120,10436,258,10178,0,22,None,0.0,0,0
2026-01-23,Brake_Pads,Chassis,123,492,966,428,421,895,861,34,0,12,None,0.0,0,0
2026-01-23,Wheels,Chassis,123,492,7563,460,468,7539,861,6678,0,10,None,0.0,0,0
2026-01-23,Tyres,Chassis,123,492,0,500,479,0,861,-861,0,9,None,0.0,0,0
2026-01-23,Seats,Interior,123,661,296,604,621,256,925,-669,0,14,None,0.0,0,0
2026-01-23,Nuts,Fastener_Cooling,123,13650,0,12183,12035,0,19110,-19110,0,6,None,0.0,0,0
2026-01-23,ECU,Electrical,123,123,13954,119,117,13948,258,13690,0,20,None,0.0,0,0
2026-01-23,Radiator,Fastener_Cooling,123,123,7609,116,110,7596,215,7381,0,15,None,0.0,0,0
2026-01-24,Engine,Powertrain,134,117,13007,125,123,13013,245,12768,0,18,None,0.0,0,1
2026-01-24,Battery,Powertrain,134,17,8084,16,16,8083,100,7983,0,25,None,0.0,0,1
2026-01-24,Transmission,Powertrain,134,134,10436,143,143,10445,281,10164,0,22,None,0.0,0,1
2026-01-24,Brake_Pads,Chassis,134,536,895,558,532,891,938,-47,0,12,None,0.0,0,1
2026-01-24,Wheels,Chassis,134,536,7539,493,496,7499,938,6561,0,10,None,0.0,0,1
2026-01-24,Tyres,Chassis,134,536,0,529,526,0,938,-938,0,9,None,0.0,0,1
2026-01-24,Seats,Interior,134,716,256,782,766,306,1002,-696,0,14,None,0.0,0,1
2026-01-24,Nuts,Fastener_Cooling,134,14800,0,15661,16272,1472,20720,-19248,0,6,None,0.0,0,1
2026-01-24,ECU,Electrical,134,134,13948,132,135,13949,281,13668,0,20,None,0.0,0,1
2026-01-24,Radiator,Fastener_Cooling,134,134,7596,146,143,7605,234,7371,0,15,None,0.0,0,1
2026-01-25,Engine,Powertrain,137,120,13013,103,98,12991,252,12739,0,18,None,0.0,0,1
2026-01-25,Battery,Powertrain,137,17,8083,15,15,8081,100,7981,0,25,None,0.0,0,1
2026-01-25,Transmission,Powertrain,137,137,10445,127,126,10434,287,10147,0,22,None,0.0,0,1
2026-01-25,Brake_Pads,Chassis,137,548,891,551,551,894,959,-65,0,12,None,0.0,0,1
2026-01-25,Wheels,Chassis,137,548,7499,559,552,7503,959,6544,0,10,None,0.0,0,1
2026-01-25,Tyres,Chassis,137,548,0,547,530,0,959,-959,0,9,None,0.0,0,1
2026-01-25,Seats,Interior,137,735,306,671,699,270,1029,-759,0,14,None,0.0,0,1
2026-01-25,Nuts,Fastener_Cooling,137,15170,1472,16581,16986,3288,21238,-17950,0,6,None,0.0,0,1
2026-01-25,ECU,Electrical,137,137,13949,128,129,13941,287,13654,0,20,None,0.0,0,1
2026-01-25,Radiator,Fastener_Cooling,137,137,7605,146,153,7621,239,7382,0,15,None,0.0,0,1
2026-01-26,Engine,Powertrain,134,117,12991,122,126,13000,245,12755,0,18,Republic Day,0.8,0,0
2026-01-26,Battery,Powertrain,134,17,8081,16,16,8080,100,7980,0,25,Republic Day,0.8,0,0
2026-01-26,Transmission,Powertrain,134,134,10434,132,130,10430,281,10149,0,22,Republic Day,0.8,0,0
2026-01-26,Brake_Pads,Chassis,134,536,894,579,592,950,938,12,0,12,Republic Day,0.8,0,0
2026-01-26,Wheels,Chassis,134,536,7503,467,448,7415,938,6477,0,10,Republic Day,0.8,0,0
2026-01-26,Tyres,Chassis,134,536,0,472,455,0,938,-938,0,9,Republic Day,0.8,0,0
2026-01-26,Seats,Interior,134,720,270,664,631,181,1008,-827,0,14,Republic Day,0.8,0,0
2026-01-26,Nuts,Fastener_Cooling,134,14830,3288,14827,14838,3296,20762,-17466,0,6,Republic Day,0.8,0,0
2026-01-26,ECU,Electrical,134,134,13941,130,134,13941,281,13660,0,20,Republic Day,0.8,0,0
2026-01-26,Radiator,Fastener_Cooling,134,134,7621,122,119,7606,234,7372,0,15,Republic Day,0.8,0,0
2026-01-27,Engine,Powertrain,130,116,13000,124,123,13007,243,12764,0,18,None,0.0,0,0
2026-01-27,Battery,Powertrain,130,14,8080,12,12,8078,100,7978,0,25,None,0.0,0,0
2026-01-27,Transmission,Powertrain,130,130,10430,129,125,10425,273,10152,0,22,None,0.0,0,0
2026-01-27,Brake_Pads,Chassis,130,520,950,497,499,929,910,19,0,12,None,0.0,0,0
2026-01-27,Wheels,Chassis,130,520,7415,507,497,7392,910,6482,0,10,None,0.0,0,0
2026-01-27,Tyres,Chassis,130,520,0,507,488,0,910,-910,0,9,None,0.0,0,0
2026-01-27,Seats,Interior,130,704,181,655,657,134,985,-851,0,14,None,0.0,0,0
2026-01-27,Nuts,Fastener_Cooling,130,14465,3296,12781,12498,1329,20251,-18922,0,6,None,0.0,0,0
2026-01-27,ECU,Electrical,130,130,13941,137,130,13941,273,13668,0,20,None,0.0,0,0
2026-01-27,Radiator,Fastener_Cooling,130,130,7606,136,133,7609,227,7382,0,15,None,0.0,0,0
2026-01-28,Engine,Powertrain,120,106,13007,96,100,13001,222,12779,0,18,None,0.0,0,0
2026-01-28,Battery,Powertrain,120,14,8078,12,11,8075,100,7975,0,25,None,0.0,0,0
2026-01-28,Transmission,Powertrain,120,120,10425,107,112,10417,252,10165,0,22,None,0.0,0,0
2026-01-28,Brake_Pads,Chassis,120,480,929,490,509,958,840,118,0,12,None,0.0,0,0
2026-01-28,Wheels,Chassis,120,480,7392,423,412,7324,840,6484,0,10,None,0.0,0,0
2026-01-28,Tyres,Chassis,120,480,0,453,452,0,840,-840,0,9,None,0.0,0,0
2026-01-28,Seats,Interior,120,644,134,548,542,32,901,-869,0,14,None,0.0,0,0
2026-01-28,Nuts,Fastener_Cooling,120,13290,1329,13924,14552,2591,18606,-16015,0,6,None,0.0,0,0
2026-01-28,ECU,Electrical,120,120,13941,115,112,13933,252,13681,0,20,None,0.0,0,0
2026-01-28,Radiator,Fastener_Cooling,120,120,7609,105,109,7598,210,7388,0,15,None,0.0,0,0
2026-01-29,Engine,Powertrain,119,104,13001,95,97,12994,218,12776,0,18,None,0.0,0,0
2026-01-29,Battery,Powertrain,119,15,8075,15,14,8074,100,7974,0,25,None,0.0,0,0
2026-01-29,Transmission,Powertrain,119,119,10417,130,127,10425,249,10176,0,22,None,0.0,0,0
2026-01-29,Brake_Pads,Chassis,119,476,958,432,444,926,833,93,0,12,None,0.0,0,0
2026-01-29,Wheels,Chassis,119,476,7324,521,541,7389,833,6556,0,10,None,0.0,0,0
2026-01-29,Tyres,Chassis,119,476,0,418,423,0,833,-833,0,9,None,0.0,0,0
2026-01-29,Seats,Interior,119,641,32,585,587,0,897,-897,0,14,None,0.0,0,0
2026-01-29,Nuts,Fastener_Cooling,119,13240,2591,13033,12764,2115,18536,-16421,0,6,None,0.0,0,0
2026-01-29,ECU,Electrical,119,119,13933,106,108,13922,249,13673,0,20,None,0.0,0,0
2026-01-29,Radiator,Fastener_Cooling,119,119,7598,115,120,7599,208,7391,0,15,None,0.0,0,0
2026-01-30,Engine,Powertrain,114,100,12994,86,88,12982,210,12772,0,18,None,0.0,0,0
2026-01-30,Battery,Powertrain,114,14,8074,14,13,8073,100,7973,0,25,None,0.0,0,0
2026-01-30,Transmission,Powertrain,114,114,10425,123,123,10434,239,10195,0,22,None,0.0,0,0
2026-01-30,Brake_Pads,Chassis,114,456,926,489,478,948,798,150,0,12,None,0.0,0,0
2026-01-30,Wheels,Chassis,114,456,7389,432,440,7373,798,6575,0,10,None,0.0,0,0
2026-01-30,Tyres,Chassis,114,456,0,441,441,0,798,-798,0,9,None,0.0,0,0
2026-01-30,Seats,Interior,114,612,0,577,552,0,856,-856,0,14,None,0.0,0,0
2026-01-30,Nuts,Fastener_Cooling,114,12655,2115,13048,13452,2912,17717,-14805,0,6,None,0.0,0,0
2026-01-30,ECU,Electrical,114,114,13922,106,107,13915,239,13676,0,20,None,0.0,0,0
2026-01-30,Radiator,Fastener_Cooling,114,114,7599,113,112,7597,199,7398,0,15,None,0.0,0,0
2026-01-31,Engine,Powertrain,132,116,12982,98,102,12968,243,12725,0,18,None,0.0,0,1
2026-01-31,Battery,Powertrain,132,16,8073,14,13,8070,100,7970,0,25,None,0.0,0,1
2026-01-31,Transmission,Powertrain,132,132,10434,137,137,10439,277,10162,0,22,None,0.0,0,1
2026-01-31,Brake_Pads,Chassis,132,528,948,508,483,903,924,-21,0,12,None,0.0,0,1
2026-01-31,Wheels,Chassis,132,528,7373,500,502,7347,924,6423,0,10,None,0.0,0,1
2026-01-31,Tyres,Chassis,132,528,0,579,579,51,924,-873,0,9,None,0.0,0,1
2026-01-31,Seats,Interior,132,712,0,776,758,46,996,-950,0,14,None,0.0,0,1
2026-01-31,Nuts,Fastener_Cooling,132,14690,2912,15134,15232,3454,20566,-17112,0,6,None,0.0,0,1
2026-01-31,ECU,Electrical,132,132,13915,130,135,13918,277,13641,0,20,None,0.0,0,1
2026-01-31,Radiator,Fastener_Cooling,132,132,7597,138,134,7599,231,7368,0,15,None,0.0,0,1
2026-02-01,Engine,Powertrain,130,115,12968,100,100,12953,241,12712,0,18,None,0.0,0,1
2026-02-01,Battery,Powertrain,130,15,8070,13,13,8068,100,7968,0,25,None,0.0,0,1
2026-02-01,Transmission,Powertrain,130,130,10439,122,122,10431,273,10158,0,22,None,0.0,0,1
2026-02-01,Brake_Pads,Chassis,130,520,903,536,535,918,910,8,0,12,None,0.0,0,1
2026-02-01,Wheels,Chassis,130,520,7347,554,547,7374,910,6464,0,10,None,0.0,0,1
2026-02-01,Tyres,Chassis,130,520,51,456,462,0,910,-910,0,9,None,0.0,0,1
2026-02-01,Seats,Interior,130,698,46,600,599,0,977,-977,0,14,None,0.0,0,1
2026-02-01,Nuts,Fastener_Cooling,130,14395,3454,14148,14652,3711,20153,-16442,0,6,None,0.0,0,1
2026-02-01,ECU,Electrical,130,130,13918,142,141,13929,273,13656,0,20,None,0.0,0,1
2026-02-01,Radiator,Fastener_Cooling,130,130,7599,139,141,7610,227,7383,0,15,None,0.0,0,1
2026-02-02,Engine,Powertrain,126,112,12953,102,98,12939,235,12704,0,18,None,0.0,0,0
2026-02-02,Battery,Powertrain,126,14,8068,14,13,8067,100,7967,0,25,None,0.0,0,0
2026-02-02,Transmission,Powertrain,126,126,10431,121,123,10428,264,10164,0,22,None,0.0,0,0
2026-02-02,Brake_Pads,Chassis,126,504,918,481,463,877,882,-5,0,12,None,0.0,0,0
2026-02-02,Wheels,Chassis,126,504,7374,548,521,7391,882,6509,0,10,None,0.0,0,0
2026-02-02,Tyres,Chassis,126,504,0,538,514,10,882,-872,0,9,None,0.0,0,0
2026-02-02,Seats,Interior,126,678,0,725,398,0,949,-949,1,14,None,0.0,0,0
2026-02-02,Nuts,Fastener_Cooling,126,13940,3711,12733,13326,3097,19516,-16419,0,6,None,0.0,0,0
2026-02-02,ECU,Electrical,126,126,13929,110,109,13912,264,13648,0,20,None,0.0,0,0
2026-02-02,Radiator,Fastener_Cooling,126,126,7610,128,129,7613,220,7393,0,15,None,0.0,0,0
2026-02-03,Engine,Powertrain,126,112,12939,102,103,12930,235,12695,0,18,None,0.0,0,0
2026-02-03,Battery,Powertrain,126,14,8067,14,13,8066,100,7966,0,25,None,0.0,0,0
2026-02-03,Transmission,Powertrain,126,126,10428,109,112,10414,264,10150,0,22,None,0.0,0,0
2026-02-03,Brake_Pads,Chassis,126,504,877,478,479,852,882,-30,0,12,None,0.0,0,0
2026-02-03,Wheels,Chassis,126,504,7391,539,530,7417,882,6535,0,10,None,0.0,0,0
2026-02-03,Tyres,Chassis,126,504,10,537,535,41,882,-841,0,9,None,0.0,0,0
2026-02-03,Seats,Interior,126,670,0,595,616,0,938,-938,0,14,None,0.0,0,0
2026-02-03,Nuts,Fastener_Cooling,126,13840,3097,13312,12673,1930,19376,-17446,0,6,None,0.0,0,0
2026-02-03,ECU,Electrical,126,126,13912,116,115,13901,264,13637,0,20,None,0.0,0,0
2026-02-03,Radiator,Fastener_Cooling,126,126,7613,125,121,7608,220,7388,0,15,None,0.0,0,0
2026-02-04,Engine,Powertrain,123,109,12930,119,116,12937,228,12709,0,18,None,0.0,0,0
2026-02-04,Battery,Powertrain,123,14,8066,13,12,8064,100,7964,0,25,None,0.0,0,0
2026-02-04,Transmission,Powertrain,123,123,10414,134,138,10429,258,10171,0,22,None,0.0,0,0
2026-02-04,Brake_Pads,Chassis,123,492,852,429,427,787,861,-74,0,12,None,0.0,0,0
2026-02-04,Wheels,Chassis,123,492,7417,454,472,7397,861,6536,0,10,None,0.0,0,0
2026-02-04,Tyres,Chassis,123,492,41,514,516,65,861,-796,0,9,None,0.0,0,0
2026-02-04,Seats,Interior,123,661,0,586,601,0,925,-925,0,14,None,0.0,0,0
2026-02-04,Nuts,Fastener_Cooling,123,13605,1930,13264,12838,1163,19047,-17884,0,6,None,0.0,0,0
2026-02-04,ECU,Electrical,123,123,13901,108,104,13882,258,13624,0,20,None,0.0,0,0
2026-02-04,Radiator,Fastener_Cooling,123,123,7608,126,130,7615,215,7400,0,15,None,0.0,0,0
2026-02-05,Engine,Powertrain,123,109,12937,108,105,12933,228,12705,0,18,None,0.0,0,0
2026-02-05,Battery,Powertrain,123,14,8064,11,11,8061,100,7961,0,25,None,0.0,0,0
2026-02-05,Transmission,Powertrain,123,123,10429,120,118,10424,258,10166,0,22,None,0.0,0,0
2026-02-05,Brake_Pads,Chassis,123,492,787,427,419,714,861,-147,0,12,None,0.0,0,0
2026-02-05,Wheels,Chassis,123,492,7397,426,445,7350,861,6489,0,10,None,0.0,0,0
2026-02-05,Tyres,Chassis,123,492,65,472,454,27,861,-834,0,9,None,0.0,0,0
2026-02-05,Seats,Interior,123,655,0,645,651,0,917,-917,0,14,None,0.0,0,0
2026-02-05,Nuts,Fastener_Cooling,123,13520,1163,12463,11856,0,18928,-18928,0,6,None,0.0,0,0
2026-02-05,ECU,Electrical,123,123,13882,126,127,13886,258,13628,0,20,None,0.0,0,0
2026-02-05,Radiator,Fastener_Cooling,123,123,7615,128,123,7615,215,7400,0,15,None,0.0,0,0
2026-02-06,Engine,Powertrain,122,108,12933,105,107,12932,226,12706,0,18,None,0.0,0,0
2026-02-06,Battery,Powertrain,122,14,8061,14,14,8061,100,7961,0,25,None,0.0,0,0
2026-02-06,Transmission,Powertrain,122,122,10424,107,109,10411,256,10155,0,22,None,0.0,0,0
2026-02-06,Brake_Pads,Chassis,122,488,714,493,468,694,854,-160,0,12,None,0.0,0,0
2026-02-06,Wheels,Chassis,122,488,7350,505,489,7351,854,6497,0,10,None,0.0,0,0
2026-02-06,Tyres,Chassis,122,488,27,436,450,0,854,-854,0,9,None,0.0,0,0
2026-02-06,Seats,Interior,122,654,0,642,646,0,915,-915,0,14,None,0.0,0,0
2026-02-06,Nuts,Fastener_Cooling,122,13520,0,11808,11520,0,18928,-18928,0,6,None,0.0,0,0
2026-02-06,ECU,Electrical,122,122,13886,131,134,13898,256,13642,0,20,None,0.0,0,0
2026-02-06,Radiator,Fastener_Cooling,122,122,7615,128,121,7614,213,7401,0,15,None,0.0,0,0
2026-02-07,Engine,Powertrain,132,116,12932,112,115,12931,243,12688,0,18,None,0.0,0,1
2026-02-07,Battery,Powertrain,132,16,8061,15,15,8060,100,7960,0,25,None,0.0,0,1
2026-02-07,Transmission,Powertrain,132,132,10411,141,137,10416,277,10139,0,22,None,0.0,0,1
2026-02-07,Brake_Pads,Chassis,132,528,694,566,543,709,924,-215,0,12,None,0.0,0,1
2026-02-07,Wheels,Chassis,132,528,7351,525,529,7352,924,6428,0,10,None,0.0,0,1
2026-02-07,Tyres,Chassis,132,528,0,454,450,0,924,-924,0,9,None,0.0,0,1
2026-02-07,Seats,Interior,132,710,0,770,789,79,994,-915,0,14,None,0.0,0,1
2026-02-07,Nuts,Fastener_Cooling,132,14675,0,13244,13775,0,20545,-20545,0,6,None,0.0,0,1
2026-02-07,ECU,Electrical,132,132,13898,143,149,13915,277,13638,0,20,None,0.0,0,1
2026-02-07,Radiator,Fastener_Cooling,132,132,7614,121,116,7598,231,7367,0,15,None,0.0,0,1
2026-02-08,Engine,Powertrain,129,115,12931,109,107,12923,241,12682,0,18,None,0.0,0,1
2026-02-08,Battery,Powertrain,129,14,8060,14,13,8059,100,7959,0,25,None,0.0,0,1
2026-02-08,Transmission,Powertrain,129,129,10416,129,123,10410,270,10140,0,22,None,0.0,0,1
2026-02-08,Brake_Pads,Chassis,129,516,709,541,561,754,903,-149,0,12,None,0.0,0,1
2026-02-08,Wheels,Chassis,129,516,7352,503,521,7357,903,6454,0,10,None,0.0,0,1
2026-02-08,Tyres,Chassis,129,516,0,540,516,0,903,-903,0,9,None,0.0,0,1
2026-02-08,Seats,Interior,129,693,79,603,574,0,970,-970,0,14,None,0.0,0,1
2026-02-08,Nuts,Fastener_Cooling,129,14300,0,12582,12361,0,20020,-20020,0,6,None,0.0,0,1
2026-02-08,ECU,Electrical,129,129,13915,127,129,13915,270,13645,0,20,None,0.0,0,1
2026-02-08,Radiator,Fastener_Cooling,129,129,7598,125,131,7600,225,7375,0,15,None,0.0,0,1
2026-02-09,Engine,Powertrain,115,102,12923,88,86,12907,214,12693,0,18,None,0.0,0,0
2026-02-09,Battery,Powertrain,115,13,8059,11,10,8056,100,7956,0,25,None,0.0,0,0
2026-02-09,Transmission,Powertrain,115,115,10410,120,124,10419,241,10178,0,22,None,0.0,0,0
2026-02-09,Brake_Pads,Chassis,115,460,754,422,429,723,805,-82,0,12,None,0.0,0,0
2026-02-09,Wheels,Chassis,115,460,7357,410,419,7316,805,6511,0,10,None,0.0,0,0
2026-02-09,Tyres,Chassis,115,460,0,411,404,0,805,-805,0,9,None,0.0,0,0
2026-02-09,Seats,Interior,115,619,0,641,639,20,866,-846,0,14,None,0.0,0,0
2026-02-09,Nuts,Fastener_Cooling,115,12785,0,12164,11811,0,17899,-17899,0,6,None,0.0,0,0
2026-02-09,ECU,Electrical,115,115,13915,99,102,13902,241,13661,0,20,None,0.0,0,0
2026-02-09,Radiator,Fastener_Cooling,115,115,7600,118,118,7603,201,7402,0,15,None,0.0,0,0
2026-02-10,Engine,Powertrain,121,106,12907,90,90,12891,222,12669,0,18,None,0.0,0,0
2026-02-10,Battery,Powertrain,121,15,8056,15,15,8056,100,7956,0,25,None,0.0,0,0
2026-02-10,Transmission,Powertrain,121,121,10419,107,107,10405,254,10151,0,22,None,0.0,0,0
2026-02-10,Brake_Pads,Chassis,121,484,723,491,490,729,847,-118,0,12,None,0.0,0,0
2026-02-10,Wheels,Chassis,121,484,7316,510,521,7353,847,6506,0,10,None,0.0,0,0
2026-02-10,Tyres,Chassis,121,484,0,470,458,0,847,-847,0,9,None,0.0,0,0
2026-02-10,Seats,Interior,121,653,20,601,613,0,914,-914,0,14,None,0.0,0,0
2026-02-10,Nuts,Fastener_Cooling,121,13475,0,13313,12855,0,18865,-18865,0,6,None,0.0,0,0
2026-02-10,ECU,Electrical,121,121,13902,123,119,13900,254,13646,0,20,None,0.0,0,0
2026-02-10,Radiator,Fastener_Cooling,121,121,7603,113,113,7595,211,7384,0,15,None,0.0,0,0
2026-02-11,Engine,Powertrain,123,108,12891,96,96,12879,226,12653,0,18,None,0.0,0,0
2026-02-11,Battery,Powertrain,123,15,8056,14,14,8055,100,7955,0,25,None,0.0,0,0
2026-02-11,Transmission,Powertrain,123,123,10405,120,116,10398,258,10140,0,22,None,0.0,0,0
2026-02-11,Brake_Pads,Chassis,123,492,729,493,501,738,861,-123,0,12,None,0.0,0,0
2026-02-11,Wheels,Chassis,123,492,7353,531,546,7407,861,6546,0,10,None,0.0,0,0
2026-02-11,Tyres,Chassis,123,492,0,496,501,9,861,-852,0,9,None,0.0,0,0
2026-02-11,Seats,Interior,123,667,0,638,666,0,933,-933,0,14,None,0.0,0,0
2026-02-11,Nuts,Fastener_Cooling,123,13735,0,14385,14358,623,19229,-18606,0,6,None,0.0,0,0
2026-02-11,ECU,Electrical,123,123,13900,116,110,13887,258,13629,0,20,None,0.0,0,0
2026-02-11,Radiator,Fastener_Cooling,123,123,7595,121,116,7588,215,7373,0,15,None,0.0,0,0
2026-02-12,Engine,Powertrain,123,109,12879,115,119,12889,228,12661,0,18,None,0.0,0,0
2026-02-12,Battery,Powertrain,123,14,8055,13,13,8054,100,7954,0,25,None,0.0,0,0
2026-02-12,Transmission,Powertrain,123,123,10398,106,101,10376,258,10118,0,22,None,0.0,0,0
2026-02-12,Brake_Pads,Chassis,123,492,738,475,488,734,861,-127,0,12,None,0.0,0,0
2026-02-12,Wheels,Chassis,123,492,7407,502,485,7400,861,6539,0,10,None,0.0,0,0
2026-02-12,Tyres,Chassis,123,492,9,491,495,12,861,-849,0,9,None,0.0,0,0
2026-02-12,Seats,Interior,123,661,0,615,606,0,925,-925,0,14,None,0.0,0,0
2026-02-12,Nuts,Fastener_Cooling,123,13625,623,14532,14571,1569,19075,-17506,0,6,None,0.0,0,0
2026-02-12,ECU,Electrical,123,123,13887,122,117,13881,258,13623,0,20,None,0.0,0,0
2026-02-12,Radiator,Fastener_Cooling,123,123,7588,132,134,7599,215,7384,0,15,None,0.0,0,0
2026-02-13,Engine,Powertrain,123,108,12889,106,110,12891,226,12665,0,18,None,0.0,0,0
2026-02-13,Battery,Powertrain,123,15,8054,15,15,8054,100,7954,0,25,None,0.0,0,0
2026-02-13,Transmission,Powertrain,123,123,10376,123,120,10373,258,10115,0,22,None,0.0,0,0
2026-02-13,Brake_Pads,Chassis,123,492,734,490,474,716,861,-145,0,12,None,0.0,0,0
2026-02-13,Wheels,Chassis,123,492,7400,440,438,7346,861,6485,0,10,None,0.0,0,0
2026-02-13,Tyres,Chassis,123,492,12,536,541,61,861,-800,0,9,None,0.0,0,0
2026-02-13,Seats,Interior,123,659,0,588,581,0,922,-922,0,14,None,0.0,0,0
2026-02-13,Nuts,Fastener_Cooling,123,13615,1569,13928,13329,1283,19061,-17778,0,6,None,0.0,0,0
2026-02-13,ECU,Electrical,123,123,13881,110,107,13865,258,13607,0,20,None,0.0,0,0
2026-02-13,Radiator,Fastener_Cooling,123,123,7599,126,128,7604,215,7389,0,15,None,0.0,0,0
2026-02-14,Engine,Powertrain,132,117,12891,106,58,12832,245,12587,1,18,None,0.0,0,1
2026-02-14,Battery,Powertrain,132,15,8054,14,13,8052,100,7952,0,25,None,0.0,0,1
2026-02-14,Transmission,Powertrain,132,132,10373,141,147,10388,277,10111,0,22,None,0.0,0,1
2026-02-14,Brake_Pads,Chassis,132,528,716,475,475,663,924,-261,0,12,None,0.0,0,1
2026-02-14,Wheels,Chassis,132,528,7346,457,444,7262,924,6338,0,10,None,0.0,0,1
2026-02-14,Tyres,Chassis,132,528,61,529,552,85,924,-839,0,9,None,0.0,0,1
2026-02-14,Seats,Interior,132,710,0,703,712,2,994,-992,0,14,None,0.0,0,1
2026-02-14,Nuts,Fastener_Cooling,132,14650,1283,13501,13671,304,20510,-20206,0,6,None,0.0,0,1
2026-02-14,ECU,Electrical,132,132,13865,143,141,13874,277,13597,0,20,None,0.0,0,1
2026-02-14,Radiator,Fastener_Cooling,132,132,7604,142,147,7619,231,7388,0,15,None,0.0,0,1
2026-02-15,Engine,Powertrain,138,122,12832,106,102,12812,256,12556,0,18,None,0.0,0,1
2026-02-15,Battery,Powertrain,138,16,8052,14,13,8049,100,7949,0,25,None,0.0,0,1
2026-02-15,Transmission,Powertrain,138,138,10388,125,130,10380,289,10091,0,22,None,0.0,0,1
2026-02-15,Brake_Pads,Chassis,138,552,663,527,550,661,966,-305,0,12,None,0.0,0,1
2026-02-15,Wheels,Chassis,138,552,7262,485,481,7191,966,6225,0,10,None,0.0,0,1
2026-02-15,Tyres,Chassis,138,552,85,539,563,96,966,-870,0,9,None,0.0,0,1
2026-02-15,Seats,Interior,138,740,2,636,614,0,1036,-1036,0,14,None,0.0,0,1
2026-02-15,Nuts,Fastener_Cooling,138,15275,304,16612,16246,1275,21385,-20110,0,6,None,0.0,0,1
2026-02-15,ECU,Electrical,138,138,13874,125,130,13866,289,13577,0,20,None,0.0,0,1
2026-02-15,Radiator,Fastener_Cooling,138,138,7619,136,129,7610,241,7369,0,15,None,0.0,0,1
2026-02-16,Engine,Powertrain,123,109,12812,103,103,12806,228,12578,0,18,None,0.0,0,0
2026-02-16,Battery,Powertrain,123,14,8049,12,11,8046,100,7946,0,25,None,0.0,0,0
2026-02-16,Transmission,Powertrain,123,123,10380,126,121,10378,258,10120,0,22,None,0.0,0,0
2026-02-16,Brake_Pads,Chassis,123,492,661,471,452,621,861,-240,0,12,None,0.0,0,0
2026-02-16,Wheels,Chassis,123,492,7191,462,469,7168,861,6307,0,10,None,0.0,0,0
2026-02-16,Tyres,Chassis,123,492,96,530,542,146,861,-715,0,9,None,0.0,0,0
2026-02-16,Seats,Interior,123,663,0,589,585,0,928,-928,0,14,None,0.0,0,0
2026-02-16,Nuts,Fastener_Cooling,123,13680,1275,12968,13587,1182,19152,-17970,0,6,None,0.0,0,0
2026-02-16,ECU,Electrical,123,123,13866,126,122,13865,258,13607,0,20,None,0.0,0,0
2026-02-16,Radiator,Fastener_Cooling,123,123,7610,107,102,7589,215,7374,0,15,None,0.0,0,0
2026-02-17,Engine,Powertrain,124,108,12806,117,118,12816,226,12590,0,18,None,0.0,0,0
2026-02-17,Battery,Powertrain,124,16,8046,13,13,8043,100,7943,0,25,None,0.0,0,0
2026-02-17,Transmission,Powertrain,124,124,10378,113,116,10370,260,10110,0,22,None,0.0,0,0
2026-02-17,Brake_Pads,Chassis,124,496,621,449,456,581,868,-287,0,12,None,0.0,0,0
2026-02-17,Wheels,Chassis,124,496,7168,493,473,7145,868,6277,0,10,None,0.0,0,0
2026-02-17,Tyres,Chassis,124,496,146,495,470,120,868,-748,0,9,None,0.0,0,0
2026-02-17,Seats,Interior,124,666,0,626,651,0,932,-932,0,14,None,0.0,0,0
2026-02-17,Nuts,Fastener_Cooling,124,13755,1182,12839,13178,605,19257,-18652,0,6,None,0.0,0,0
2026-02-17,ECU,Electrical,124,124,13865,115,118,13859,260,13599,0,20,None,0.0,0,0
2026-02-17,Radiator,Fastener_Cooling,124,124,7589,116,115,7580,217,7363,0,15,None,0.0,0,0
2026-02-18,Engine,Powertrain,119,104,12816,111,112,12824,218,12606,0,18,None,0.0,0,0
2026-02-18,Battery,Powertrain,119,15,8043,15,14,8042,100,7942,0,25,None,0.0,0,0
2026-02-18,Transmission,Powertrain,119,119,10370,121,119,10370,249,10121,0,22,None,0.0,0,0
2026-02-18,Brake_Pads,Chassis,119,476,581,423,427,532,833,-301,0,12,None,0.0,0,0
2026-02-18,Wheels,Chassis,119,476,7145,506,485,7154,833,6321,0,10,None,0.0,0,0
2026-02-18,Tyres,Chassis,119,476,120,414,424,68,833,-765,0,9,None,0.0,0,0
2026-02-18,Seats,Interior,119,637,0,606,631,0,891,-891,0,14,None,0.0,0,0
2026-02-18,Nuts,Fastener_Cooling,119,13180,605,11284,11307,0,18452,-18452,0,6,None,0.0,0,0
2026-02-18,ECU,Electrical,119,119,13859,123,121,13861,249,13612,0,20,None,0.0,0,0
2026-02-18,Radiator,Fastener_Cooling,119,119,7580,111,112,7573,208,7365,0,15,None,0.0,0,0
2026-02-19,Engine,Powertrain,124,109,12824,115,112,12827,228,12599,0,18,None,0.0,0,0
2026-02-19,Battery,Powertrain,124,15,8042,16,15,8042,100,7942,0,25,None,0.0,0,0
2026-02-19,Transmission,Powertrain,124,124,10370,136,131,10377,260,10117,0,22,None,0.0,0,0
2026-02-19,Brake_Pads,Chassis,124,496,532,467,445,481,868,-387,0,12,None,0.0,0,0
2026-02-19,Wheels,Chassis,124,496,7154,446,463,7121,868,6253,0,10,None,0.0,0,0
2026-02-19,Tyres,Chassis,124,496,68,439,427,0,868,-868,0,9,None,0.0,0,0
2026-02-19,Seats,Interior,124,668,0,630,614,0,935,-935,0,14,None,0.0,0,0
2026-02-19,Nuts,Fastener_Cooling,124,13745,0,13687,13354,0,19243,-19243,0,6,None,0.0,0,0
2026-02-19,ECU,Electrical,124,124,13861,106,102,13839,260,13579,0,20,None,0.0,0,0
2026-02-19,Radiator,Fastener_Cooling,124,124,7573,111,114,7563,217,7346,0,15,None,0.0,0,0
2026-02-20,Engine,Powertrain,128,113,12827,113,117,12831,237,12594,0,18,None,0.0,0,0
2026-02-20,Battery,Powertrain,128,15,8042,13,12,8039,100,7939,0,25,None,0.0,0,0
2026-02-20,Transmission,Powertrain,128,128,10377,140,144,10393,268,10125,0,22,None,0.0,0,0
2026-02-20,Brake_Pads,Chassis,128,512,481,449,461,430,896,-466,0,12,None,0.0,0,0
2026-02-20,Wheels,Chassis,128,512,7121,554,565,7174,896,6278,0,10,None,0.0,0,0
2026-02-20,Tyres,Chassis,128,512,0,513,508,0,896,-896,0,9,None,0.0,0,0
2026-02-20,Seats,Interior,128,688,0,693,720,32,963,-931,0,14,None,0.0,0,0
2026-02-20,Nuts,Fastener_Cooling,128,14215,0,12162,11732,0,19901,-19901,0,6,None,0.0,0,0
2026-02-20,ECU,Electrical,128,128,13839,130,131,13842,268,13574,0,20,None,0.0,0,0
2026-02-20,Radiator,Fastener_Cooling,128,128,7563,122,125,7560,224,7336,0,15,None,0.0,0,0
2026-02-21,Engine,Powertrain,137,123,12831,122,125,12833,258,12575,0,18,None,0.0,0,1
2026-02-21,Battery,Powertrain,137,14,8039,12,12,8037,100,7937,0,25,None,0.0,0,1
2026-02-21,Transmission,Powertrain,137,137,10393,133,138,10394,287,10107,0,22,None,0.0,0,1
2026-02-21,Brake_Pads,Chassis,137,548,430,590,571,453,959,-506,0,12,None,0.0,0,1
2026-02-21,Wheels,Chassis,137,548,7174,483,493,7119,959,6160,0,10,None,0.0,0,1
2026-02-21,Tyres,Chassis,137,548,0,507,528,0,959,-959,0,9,None,0.0,0,1
2026-02-21,Seats,Interior,137,739,32,806,819,112,1034,-922,0,14,None,0.0,0,1
2026-02-21,Nuts,Fastener_Cooling,137,15195,0,16500,16875,1680,21273,-19593,0,6,None,0.0,0,1
2026-02-21,ECU,Electrical,137,137,13842,126,121,13826,287,13539,0,20,None,0.0,0,1
2026-02-21,Radiator,Fastener_Cooling,137,137,7560,125,124,7547,239,7308,0,15,None,0.0,0,1
2026-02-22,Engine,Powertrain,131,115,12833,115,120,12838,241,12597,0,18,None,0.0,0,1
2026-02-22,Battery,Powertrain,131,16,8037,14,13,8034,100,7934,0,25,None,0.0,0,1
2026-02-22,Transmission,Powertrain,131,131,10394,125,130,10393,275,10118,0,22,None,0.0,0,1
2026-02-22,Brake_Pads,Chassis,131,524,453,483,496,425,917,-492,0,12,None,0.0,0,1
2026-02-22,Wheels,Chassis,131,524,7119,514,510,7105,917,6188,0,10,None,0.0,0,1
2026-02-22,Tyres,Chassis,131,524,0,554,534,10,917,-907,0,9,None,0.0,0,1
2026-02-22,Seats,Interior,131,703,112,598,597,6,984,-978,0,14,None,0.0,0,1
2026-02-22,Nuts,Fastener_Cooling,131,14530,1680,14787,15512,2662,20342,-17680,0,6,None,0.0,0,1
2026-02-22,ECU,Electrical,131,131,13826,128,129,13824,275,13549,0,20,None,0.0,0,1
2026-02-22,Radiator,Fastener_Cooling,131,131,7547,111,110,7526,229,7297,0,15,None,0.0,0,1
2026-02-23,Engine,Powertrain,123,108,12838,117,113,12843,226,12617,0,18,None,0.0,0,0
2026-02-23,Battery,Powertrain,123,15,8034,15,15,8034,100,7934,0,25,None,0.0,0,0
2026-02-23,Transmission,Powertrain,123,123,10393,121,122,10392,258,10134,0,22,None,0.0,0,0
2026-02-23,Brake_Pads,Chassis,123,492,425,469,452,385,861,-476,0,12,None,0.0,0,0
2026-02-23,Wheels,Chassis,123,492,7105,466,472,7085,861,6224,0,10,None,0.0,0,0
2026-02-23,Tyres,Chassis,123,492,10,438,446,0,861,-861,0,9,None,0.0,0,0
2026-02-23,Seats,Interior,123,661,6,592,617,0,925,-925,0,14,None,0.0,0,0
2026-02-23,Nuts,Fastener_Cooling,123,13630,2662,14063,14169,3201,19082,-15881,0,6,None,0.0,0,0
2026-02-23,ECU,Electrical,123,123,13824,115,112,13813,258,13555,0,20,None,0.0,0,0
2026-02-23,Radiator,Fastener_Cooling,123,123,7526,127,126,7529,215,7314,0,15,None,0.0,0,0
2026-02-24,Engine,Powertrain,122,107,12843,101,99,12835,224,12611,0,18,None,0.0,0,0
2026-02-24,Battery,Powertrain,122,15,8034,15,14,8033,100,7933,0,25,None,0.0,0,0
2026-02-24,Transmission,Powertrain,122,122,10392,126,126,10396,256,10140,0,22,None,0.0,0,0
2026-02-24,Brake_Pads,Chassis,122,488,385,494,513,410,854,-444,0,12,None,0.0,0,0
2026-02-24,Wheels,Chassis,122,488,7085,504,488,7085,854,6231,0,10,None,0.0,0,0
2026-02-24,Tyres,Chassis,122,488,0,450,472,0,854,-854,0,9,None,0.0,0,0
2026-02-24,Seats,Interior,122,652,0,708,701,49,912,-863,0,14,None,0.0,0,0
2026-02-24,Nuts,Fastener_Cooling,122,13460,3201,13203,12862,2603,18844,-16241,0,6,None,0.0,0,0
2026-02-24,ECU,Electrical,122,122,13813,115,117,13808,256,13552,0,20,None,0.0,0,0
2026-02-24,Radiator,Fastener_Cooling,122,122,7529,134,128,7535,213,7322,0,15,None,0.0,0,0
2026-02-25,Engine,Powertrain,118,102,12835,91,91,12824,214,12610,0,18,None,0.0,0,0
2026-02-25,Battery,Powertrain,118,16,8033,17,17,8034,100,7934,0,25,None,0.0,0,0
2026-02-25,Transmission,Powertrain,118,118,10396,109,108,10386,247,10139,0,22,None,0.0,0,0
2026-02-25,Brake_Pads,Chassis,118,472,410,481,484,422,826,-404,0,12,None,0.0,0,0
2026-02-25,Wheels,Chassis,118,472,7085,413,404,7017,826,6191,0,10,None,0.0,0,0
2026-02-25,Tyres,Chassis,118,472,0,427,411,0,826,-826,0,9,None,0.0,0,0
2026-02-25,Seats,Interior,118,636,49,589,596,9,890,-881,0,14,None,0.0,0,0
2026-02-25,Nuts,Fastener_Cooling,118,13155,2603,12112,12040,1488,18417,-16929,0,6,None,0.0,0,0
2026-02-25,ECU,Electrical,118,118,13808,110,115,13805,247,13558,0,20,None,0.0,0,0
2026-02-25,Radiator,Fastener_Cooling,118,118,7535,117,116,7533,206,7327,0,15,None,0.0,0,0
2026-02-26,Engine,Powertrain,124,110,12824,101,96,12810,231,12579,0,18,None,0.0,0,0
2026-02-26,Battery,Powertrain,124,14,8034,15,15,8035,100,7935,0,25,None,0.0,0,0
2026-02-26,Transmission,Powertrain,124,124,10386,134,136,10398,260,10138,0,22,None,0.0,0,0
2026-02-26,Brake_Pads,Chassis,124,496,422,535,560,486,868,-382,0,12,None,0.0,0,0
2026-02-26,Wheels,Chassis,124,496,7017,518,532,7053,868,6185,0,10,None,0.0,0,0
2026-02-26,Tyres,Chassis,124,496,0,474,456,0,868,-868,0,9,None,0.0,0,0
2026-02-26,Seats,Interior,124,666,9,578,556,0,932,-932,0,14,None,0.0,0,0
2026-02-26,Nuts,Fastener_Cooling,124,13705,1488,13014,12710,493,19187,-18694,0,6,None,0.0,0,0
2026-02-26,ECU,Electrical,124,124,13805,133,133,13814,260,13554,0,20,None,0.0,0,0
2026-02-26,Radiator,Fastener_Cooling,124,124,7533,132,131,7540,217,7323,0,15,None,0.0,0,0
2026-02-27,Engine,Powertrain,114,99,12810,90,94,12805,207,12598,0,18,None,0.0,0,0
2026-02-27,Battery,Powertrain,114,15,8035,15,15,8035,100,7935,0,25,None,0.0,0,0
2026-02-27,Transmission,Powertrain,114,114,10398,123,126,10410,239,10171,0,22,None,0.0,0,0
2026-02-27,Brake_Pads,Chassis,114,456,486,495,499,529,798,-269,0,12,None,0.0,0,0
2026-02-27,Wheels,Chassis,114,456,7053,405,414,7011,798,6213,0,10,None,0.0,0,0
2026-02-27,Tyres,Chassis,114,456,0,411,405,0,798,-798,0,9,None,0.0,0,0
2026-02-27,Seats,Interior,114,614,0,607,613,0,859,-859,0,14,None,0.0,0,0
2026-02-27,Nuts,Fastener_Cooling,114,12665,493,10848,10435,0,17731,-17731,0,6,None,0.0,0,0
2026-02-27,ECU,Electrical,114,114,13814,123,123,13823,239,13584,0,20,None,0.0,0,0
2026-02-27,Radiator,Fastener_Cooling,114,114,7540,97,93,7519,199,7320,0,15,None,0.0,0,0
2026-02-28,Engine,Powertrain,139,122,12805,118,120,12803,256,12547,0,18,None,0.0,0,1
2026-02-28,Battery,Powertrain,139,17,8035,16,16,8034,100,7934,0,25,None,0.0,0,1
2026-02-28,Transmission,Powertrain,139,139,10410,128,123,10394,291,10103,0,22,None,0.0,0,1
2026-02-28,Brake_Pads,Chassis,139,556,529,553,549,522,973,-451,0,12,None,0.0,0,1
2026-02-28,Wheels,Chassis,139,556,7011,496,511,6966,973,5993,0,10,None,0.0,0,1
2026-02-28,Tyres,Chassis,139,556,0,497,516,0,973,-973,0,9,None,0.0,0,1
2026-02-28,Seats,Interior,139,747,0,721,723,0,1045,-1045,0,14,None,0.0,0,1
2026-02-28,Nuts,Fastener_Cooling,139,15425,0,13743,13420,0,21595,-21595,0,6,None,0.0,0,1
2026-02-28,ECU,Electrical,139,139,13823,150,154,13838,291,13547,0,20,None,0.0,0,1
2026-02-28,Radiator,Fastener_Cooling,139,139,7519,138,137,7517,243,7274,0,15,None,0.0,0,1
2026-03-01,Engine,Powertrain,141,125,12803,108,111,12789,262,12527,0,18,None,0.0,0,1
2026-03-01,Battery,Powertrain,141,16,8034,14,13,8031,100,7931,0,25,None,0.0,0,1
2026-03-01,Transmission,Powertrain,141,141,10394,146,142,10395,296,10099,0,22,None,0.0,0,1
2026-03-01,Brake_Pads,Chassis,141,564,522,504,496,454,987,-533,0,12,None,0.0,0,1
2026-03-01,Wheels,Chassis,141,564,6966,543,569,6971,987,5984,0,10,None,0.0,0,1
2026-03-01,Tyres,Chassis,141,564,0,508,531,0,987,-987,0,9,None,0.0,0,1
2026-03-01,Seats,Interior,141,755,0,727,757,2,1057,-1055,0,14,None,0.0,0,1
2026-03-01,Nuts,Fastener_Cooling,141,15565,0,16067,15586,21,21791,-21770,0,6,None,0.0,0,1
2026-03-01,ECU,Electrical,141,141,13838,150,152,13849,296,13553,0,20,None,0.0,0,1
2026-03-01,Radiator,Fastener_Cooling,141,141,7517,146,151,7527,246,7281,0,15,None,0.0,0,1
2026-03-02,Engine,Powertrain,135,118,12789,110,107,12778,247,12531,0,18,Holi,0.8,0,0
2026-03-02,Battery,Powertrain,135,17,8031,16,15,8029,100,7929,0,25,Holi,0.8,0,0
2026-03-02,Transmission,Powertrain,135,135,10395,135,133,10393,283,10110,0,22,Holi,0.8,0,0
2026-03-02,Brake_Pads,Chassis,135,540,454,527,517,431,945,-514,0,12,Holi,0.8,0,0
2026-03-02,Wheels,Chassis,135,540,6971,527,523,6954,945,6009,0,10,Holi,0.8,0,0
2026-03-02,Tyres,Chassis,135,540,0,462,474,0,945,-945,0,9,Holi,0.8,0,0
2026-03-02,Seats,Interior,135,725,2,639,625,0,1015,-1015,0,14,Holi,0.8,0,0
2026-03-02,Nuts,Fastener_Cooling,135,14950,21,15356,15067,138,20930,-20792,0,6,Holi,0.8,0,0
2026-03-02,ECU,Electrical,135,135,13849,145,140,13854,283,13571,0,20,Holi,0.8,0,0
2026-03-02,Radiator,Fastener_Cooling,135,135,7527,142,136,7528,236,7292,0,15,Holi,0.8,0,0
2026-03-03,Engine,Powertrain,137,119,12778,129,132,12791,249,12542,0,18,Holi,1.05,0,0
2026-03-03,Battery,Powertrain,137,18,8029,18,18,8029,100,7929,0,25,Holi,1.05,0,0
2026-03-03,Transmission,Powertrain,137,137,10393,126,120,10376,287,10089,0,22,Holi,1.05,0,0
2026-03-03,Brake_Pads,Chassis,137,548,431,567,588,471,959,-488,0,12,Holi,1.05,0,0
2026-03-03,Wheels,Chassis,137,548,6954,550,555,6961,959,6002,0,10,Holi,1.05,0,0
2026-03-03,Tyres,Chassis,137,548,0,560,540,0,959,-959,0,9,Holi,1.05,0,0
2026-03-03,Seats,Interior,137,743,0,696,728,0,1040,-1040,0,14,Holi,1.05,0,0
2026-03-03,Nuts,Fastener_Cooling,137,15335,138,15461,15582,385,21469,-21084,0,6,Holi,1.05,0,0
2026-03-03,ECU,Electrical,137,137,13854,131,128,13845,287,13558,0,20,Holi,1.05,0,0
2026-03-03,Radiator,Fastener_Cooling,137,137,7528,117,64,7455,239,7216,1,15,Holi,1.05,0,0
2026-03-04,Engine,Powertrain,141,124,12791,128,130,12797,260,12537,0,18,Holi,1.3,0,0
2026-03-04,Battery,Powertrain,141,17,8029,17,17,8029,100,7929,0,25,Holi,1.3,0,0
2026-03-04,Transmission,Powertrain,141,141,10376,124,120,10355,296,10059,0,22,Holi,1.3,0,0
2026-03-04,Brake_Pads,Chassis,141,564,471,493,500,407,987,-580,0,12,Holi,1.3,0,0
2026-03-04,Wheels,Chassis,141,564,6961,597,586,6983,987,5996,0,10,Holi,1.3,0,0
2026-03-04,Tyres,Chassis,141,564,0,614,639,75,987,-912,0,9,Holi,1.3,0,0
2026-03-04,Seats,Interior,141,759,0,814,845,86,1062,-976,0,14,Holi,1.3,0,0
2026-03-04,Nuts,Fastener_Cooling,141,15660,385,14732,15368,93,21924,-21831,0,6,Holi,1.3,0,0
2026-03-04,ECU,Electrical,141,141,13845,141,147,13851,296,13555,0,20,Holi,1.3,0,0
2026-03-04,Radiator,Fastener_Cooling,141,141,7455,122,121,7435,246,7189,0,15,Holi,1.3,0,0
2026-03-05,Engine,Powertrain,142,124,12797,108,103,12776,260,12516,0,18,Holi,1.05,0,0
2026-03-05,Battery,Powertrain,142,18,8029,18,17,8028,100,7928,0,25,Holi,1.05,0,0
2026-03-05,Transmission,Powertrain,142,142,10355,150,145,10358,298,10060,0,22,Holi,1.05,0,0
2026-03-05,Brake_Pads,Chassis,142,568,407,611,629,468,994,-526,0,12,Holi,1.05,0,0
2026-03-05,Wheels,Chassis,142,568,6983,571,567,6982,994,5988,0,10,Holi,1.05,0,0
2026-03-05,Tyres,Chassis,142,568,75,622,624,131,994,-863,0,9,Holi,1.05,0,0
2026-03-05,Seats,Interior,142,764,86,727,727,49,1069,-1020,0,14,Holi,1.05,0,0
2026-03-05,Nuts,Fastener_Cooling,142,15745,93,15073,15265,0,22043,-22043,0,6,Holi,1.05,0,0
2026-03-05,ECU,Electrical,142,142,13851,149,141,13850,298,13552,0,20,Holi,1.05,0,0
2026-03-05,Radiator,Fastener_Cooling,142,142,7435,133,134,7427,248,7179,0,15,Holi,1.05,0,0
2026-03-06,Engine,Powertrain,132,114,12776,118,116,12778,239,12539,0,18,Holi,0.8,0,0
2026-03-06,Battery,Powertrain,132,18,8028,15,14,8024,100,7924,0,25,Holi,0.8,0,0
2026-03-06,Transmission,Powertrain,132,132,10358,125,125,10351,277,10074,0,22,Holi,0.8,0,0
2026-03-06,Brake_Pads,Chassis,132,528,468,531,511,451,924,-473,0,12,Holi,0.8,0,0
2026-03-06,Wheels,Chassis,132,528,6982,484,477,6931,924,6007,0,10,Holi,0.8,0,0
2026-03-06,Tyres,Chassis,132,528,131,466,460,63,924,-861,0,9,Holi,0.8,0,0
2026-03-06,Seats,Interior,132,708,49,650,667,8,991,-983,0,14,Holi,0.8,0,0
2026-03-06,Nuts,Fastener_Cooling,132,14650,0,15214,14749,99,20510,-20411,0,6,Holi,0.8,0,0
2026-03-06,ECU,Electrical,132,132,13850,117,122,13840,277,13563,0,20,Holi,0.8,0,0
2026-03-06,Radiator,Fastener_Cooling,132,132,7427,135,132,7427,231,7196,0,15,Holi,0.8,0,0
2026-03-07,Engine,Powertrain,137,120,12778,102,98,12756,252,12504,0,18,None,0.0,0,1
2026-03-07,Battery,Powertrain,137,17,8024,16,15,8022,100,7922,0,25,None,0.0,0,1
2026-03-07,Transmission,Powertrain,137,137,10351,119,121,10335,287,10048,0,22,None,0.0,0,1
2026-03-07,Brake_Pads,Chassis,137,548,451,497,511,414,959,-545,0,12,None,0.0,0,1
2026-03-07,Wheels,Chassis,137,548,6931,526,542,6925,959,5966,0,10,None,0.0,0,1
2026-03-07,Tyres,Chassis,137,548,63,534,527,42,959,-917,0,9,None,0.0,0,1
2026-03-07,Seats,Interior,137,737,8,722,756,27,1031,-1004,0,14,None,0.0,0,1
2026-03-07,Nuts,Fastener_Cooling,137,15225,99,13384,13266,0,21315,-21315,0,6,None,0.0,0,1
2026-03-07,ECU,Electrical,137,137,13840,140,135,13838,287,13551,0,20,None,0.0,0,1
2026-03-07,Radiator,Fastener_Cooling,137,137,7427,138,132,7422,239,7183,0,15,None,0.0,0,1
2026-03-08,Engine,Powertrain,131,115,12756,117,119,12760,241,12519,0,18,None,0.0,0,1
2026-03-08,Battery,Powertrain,131,16,8022,14,13,8019,100,7919,0,25,None,0.0,0,1
2026-03-08,Transmission,Powertrain,131,131,10335,132,127,10331,275,10056,0,22,None,0.0,0,1
2026-03-08,Brake_Pads,Chassis,131,524,414,478,492,382,917,-535,0,12,None,0.0,0,1
2026-03-08,Wheels,Chassis,131,524,6925,466,485,6886,917,5969,0,10,None,0.0,0,1
2026-03-08,Tyres,Chassis,131,524,42,561,552,70,917,-847,0,9,None,0.0,0,1
2026-03-08,Seats,Interior,131,705,27,683,661,0,987,-987,0,14,None,0.0,0,1
2026-03-08,Nuts,Fastener_Cooling,131,14535,0,15799,15206,671,20349,-19678,0,6,None,0.0,0,1
2026-03-08,ECU,Electrical,131,131,13838,143,143,13850,275,13575,0,20,None,0.0,0,1
2026-03-08,Radiator,Fastener_Cooling,131,131,7422,117,116,7407,229,7178,0,15,None,0.0,0,1
2026-03-09,Engine,Powertrain,127,112,12760,115,114,12762,235,12527,0,18,None,0.0,0,0
2026-03-09,Battery,Powertrain,127,15,8019,13,13,8017,100,7917,0,25,None,0.0,0,0
2026-03-09,Transmission,Powertrain,127,127,10331,128,70,10274,266,10008,1,22,None,0.0,0,0
2026-03-09,Brake_Pads,Chassis,127,508,382,529,510,384,889,-505,0,12,None,0.0,0,0
2026-03-09,Wheels,Chassis,127,508,6886,441,421,6799,889,5910,0,10,None,0.0,0,0
2026-03-09,Tyres,Chassis,127,508,70,454,451,13,889,-876,0,9,None,0.0,0,0
2026-03-09,Seats,Interior,127,683,0,616,633,0,956,-956,0,14,None,0.0,0,0
2026-03-09,Nuts,Fastener_Cooling,127,14085,671,13400,13345,0,19719,-19719,0,6,None,0.0,0,0
2026-03-09,ECU,Electrical,127,127,13850,134,138,13861,266,13595,0,20,None,0.0,0,0
2026-03-09,Radiator,Fastener_Cooling,127,127,7407,130,130,7410,222,7188,0,15,None,0.0,0,0
2026-03-10,Engine,Powertrain,116,102,12762,87,85,12745,214,12531,0,18,None,0.0,0,0
2026-03-10,Battery,Powertrain,116,14,8017,13,12,8015,100,7915,0,25,None,0.0,0,0
2026-03-10,Transmission,Powertrain,116,116,10274,127,121,10279,243,10036,0,22,None,0.0,0,0
2026-03-10,Brake_Pads,Chassis,116,464,384,410,413,333,812,-479,0,12,None,0.0,0,0
2026-03-10,Wheels,Chassis,116,464,6799,499,489,6824,812,6012,0,10,None,0.0,0,0
2026-03-10,Tyres,Chassis,116,464,13,394,407,0,812,-812,0,9,None,0.0,0,0
2026-03-10,Seats,Interior,116,622,0,560,581,0,870,-870,0,14,None,0.0,0,0
2026-03-10,Nuts,Fastener_Cooling,116,12865,0,12813,13116,251,18011,-17760,0,6,None,0.0,0,0
2026-03-10,ECU,Electrical,116,116,13861,101,105,13850,243,13607,0,20,None,0.0,0,0
2026-03-10,Radiator,Fastener_Cooling,116,116,7410,124,127,7421,203,7218,0,15,None,0.0,0,0
2026-03-11,Engine,Powertrain,130,114,12745,113,107,12738,239,12499,0,18,None,0.0,0,0
2026-03-11,Battery,Powertrain,130,16,8015,16,16,8015,100,7915,0,25,None,0.0,0,0
2026-03-11,Transmission,Powertrain,130,130,10279,116,113,10262,273,9989,0,22,None,0.0,0,0
2026-03-11,Brake_Pads,Chassis,130,520,333,526,522,335,910,-575,0,12,None,0.0,0,0
2026-03-11,Wheels,Chassis,130,520,6824,516,507,6811,910,5901,0,10,None,0.0,0,0
2026-03-11,Tyres,Chassis,130,520,0,475,458,0,910,-910,0,9,None,0.0,0,0
2026-03-11,Seats,Interior,130,696,0,630,624,0,974,-974,0,14,None,0.0,0,0
2026-03-11,Nuts,Fastener_Cooling,130,14395,251,15620,15130,986,20153,-19167,0,6,None,0.0,0,0
2026-03-11,ECU,Electrical,130,130,13850,136,133,13853,273,13580,0,20,None,0.0,0,0
2026-03-11,Radiator,Fastener_Cooling,130,130,7421,135,128,7419,227,7192,0,15,None,0.0,0,0
2026-03-12,Engine,Powertrain,118,104,12738,100,102,12736,218,12518,0,18,None,0.0,0,0
2026-03-12,Battery,Powertrain,118,14,8015,14,13,8014,100,7914,0,25,None,0.0,0,0
2026-03-12,Transmission,Powertrain,118,118,10262,112,112,10256,247,10009,0,22,None,0.0,0,0
2026-03-12,Brake_Pads,Chassis,118,472,335,443,441,304,826,-522,0,12,None,0.0,0,0
2026-03-12,Wheels,Chassis,118,472,6811,433,437,6776,826,5950,0,10,None,0.0,0,0
2026-03-12,Tyres,Chassis,118,472,0,474,457,0,826,-826,0,9,None,0.0,0,0
2026-03-12,Seats,Interior,118,630,0,566,574,0,882,-882,0,14,None,0.0,0,0
2026-03-12,Nuts,Fastener_Cooling,118,13030,986,12461,12642,598,18242,-17644,0,6,None,0.0,0,0
2026-03-12,ECU,Electrical,118,118,13853,103,104,13839,247,13592,0,20,None,0.0,0,0
2026-03-12,Radiator,Fastener_Cooling,118,118,7419,120,124,7425,206,7219,0,15,None,0.0,0,0
2026-03-13,Engine,Powertrain,123,109,12736,97,96,12723,228,12495,0,18,None,0.0,0,0
2026-03-13,Battery,Powertrain,123,14,8014,12,12,8012,100,7912,0,25,None,0.0,0,0
2026-03-13,Transmission,Powertrain,123,123,10256,127,122,10255,258,9997,0,22,None,0.0,0,0
2026-03-13,Brake_Pads,Chassis,123,492,304,463,449,261,861,-600,0,12,None,0.0,0,0
2026-03-13,Wheels,Chassis,123,492,6776,488,485,6769,861,5908,0,10,None,0.0,0,0
2026-03-13,Tyres,Chassis,123,492,0,437,432,0,861,-861,0,9,None,0.0,0,0
2026-03-13,Seats,Interior,123,663,0,571,561,0,928,-928,0,14,None,0.0,0,0
2026-03-13,Nuts,Fastener_Cooling,123,13660,598,13397,13288,226,19124,-18898,0,6,None,0.0,0,0
2026-03-13,ECU,Electrical,123,123,13839,114,109,13825,258,13567,0,20,None,0.0,0,0
2026-03-13,Radiator,Fastener_Cooling,123,123,7425,129,132,7434,215,7219,0,15,None,0.0,0,0
2026-03-14,Engine,Powertrain,135,118,12723,113,113,12718,247,12471,0,18,None,0.0,0,1
2026-03-14,Battery,Powertrain,135,17,8012,15,14,8009,100,7909,0,25,None,0.0,0,1
2026-03-14,Transmission,Powertrain,135,135,10255,119,124,10244,283,9961,0,22,None,0.0,0,1
2026-03-14,Brake_Pads,Chassis,135,540,261,526,509,230,945,-715,0,12,None,0.0,0,1
2026-03-14,Wheels,Chassis,135,540,6769,482,477,6706,945,5761,0,10,None,0.0,0,1
2026-03-14,Tyres,Chassis,135,540,0,462,472,0,945,-945,0,9,None,0.0,0,1
2026-03-14,Seats,Interior,135,725,0,725,741,16,1015,-999,0,14,None,0.0,0,1
2026-03-14,Nuts,Fastener_Cooling,135,14970,226,15181,14788,44,20958,-20914,0,6,None,0.0,0,1
2026-03-14,ECU,Electrical,135,135,13825,121,122,13812,283,13529,0,20,None,0.0,0,1
2026-03-14,Radiator,Fastener_Cooling,135,135,7434,141,134,7433,236,7197,0,15,None,0.0,0,1
2026-03-15,Engine,Powertrain,141,125,12718,132,136,12729,262,12467,0,18,None,0.0,0,1
2026-03-15,Battery,Powertrain,141,16,8009,14,13,8006,100,7906,0,25,None,0.0,0,1
2026-03-15,Transmission,Powertrain,141,141,10244,123,126,10229,296,9933,0,22,None,0.0,0,1
2026-03-15,Brake_Pads,Chassis,141,564,230,584,557,223,987,-764,0,12,None,0.0,0,1
2026-03-15,Wheels,Chassis,141,564,6706,521,286,6428,987,5441,1,10,None,0.0,0,1
2026-03-15,Tyres,Chassis,141,564,0,575,581,17,987,-970,0,9,None,0.0,0,1
2026-03-15,Seats,Interior,141,757,16,709,733,0,1059,-1059,0,14,None,0.0,0,1
2026-03-15,Nuts,Fastener_Cooling,141,15630,44,13952,13921,0,21882,-21882,0,6,None,0.0,0,1
2026-03-15,ECU,Electrical,141,141,13812,144,138,13809,296,13513,0,20,None,0.0,0,1
2026-03-15,Radiator,Fastener_Cooling,141,141,7433,146,149,7441,246,7195,0,15,None,0.0,0,1
2026-03-16,Engine,Powertrain,122,107,12729,101,97,12719,224,12495,0,18,None,0.0,0,0
2026-03-16,Battery,Powertrain,122,15,8006,13,13,8004,100,7904,0,25,None,0.0,0,0
2026-03-16,Transmission,Powertrain,122,122,10229,121,124,10231,256,9975,0,22,None,0.0,0,0
2026-03-16,Brake_Pads,Chassis,122,488,223,468,447,182,854,-672,0,12,None,0.0,0,0
2026-03-16,Wheels,Chassis,122,488,6428,424,408,6348,854,5494,0,10,None,0.0,0,0
2026-03-16,Tyres,Chassis,122,488,17,464,484,13,854,-841,0,9,None,0.0,0,0
2026-03-16,Seats,Interior,122,654,0,580,594,0,915,-915,0,14,None,0.0,0,0
2026-03-16,Nuts,Fastener_Cooling,122,13505,0,13677,14015,510,18907,-18397,0,6,None,0.0,0,0
2026-03-16,ECU,Electrical,122,122,13809,112,107,13794,256,13538,0,20,None,0.0,0,0
2026-03-16,Radiator,Fastener_Cooling,122,122,7441,129,131,7450,213,7237,0,15,None,0.0,0,0
2026-03-17,Engine,Powertrain,127,113,12719,108,110,12716,237,12479,0,18,None,0.0,0,0
2026-03-17,Battery,Powertrain,127,14,8004,15,15,8005,100,7905,0,25,None,0.0,0,0
2026-03-17,Transmission,Powertrain,127,127,10231,114,112,10216,266,9950,0,22,None,0.0,0,0
2026-03-17,Brake_Pads,Chassis,127,508,182,487,496,170,889,-719,0,12,None,0.0,0,0
2026-03-17,Wheels,Chassis,127,508,6348,455,444,6284,889,5395,0,10,None,0.0,0,0
2026-03-17,Tyres,Chassis,127,508,13,497,518,23,889,-866,0,9,None,0.0,0,0
2026-03-17,Seats,Interior,127,679,0,713,699,20,950,-930,0,14,None,0.0,0,0
2026-03-17,Nuts,Fastener_Cooling,127,14000,510,12803,12655,0,19600,-19600,0,6,None,0.0,0,0
2026-03-17,ECU,Electrical,127,127,13794,131,126,13793,266,13527,0,20,None,0.0,0,0
2026-03-17,Radiator,Fastener_Cooling,127,127,7450,124,125,7448,222,7226,0,15,None,0.0,0,0
2026-03-18,Engine,Powertrain,125,110,12716,96,98,12704,231,12473,0,18,None,0.0,0,0
2026-03-18,Battery,Powertrain,125,15,8005,13,12,8002,100,7902,0,25,None,0.0,0,0
2026-03-18,Transmission,Powertrain,125,125,10216,136,139,10230,262,9968,0,22,None,0.0,0,0
2026-03-18,Brake_Pads,Chassis,125,500,170,501,494,164,875,-711,0,12,None,0.0,0,0
2026-03-18,Wheels,Chassis,125,500,6284,435,448,6232,875,5357,0,10,None,0.0,0,0
2026-03-18,Tyres,Chassis,125,500,23,500,524,47,875,-828,0,9,None,0.0,0,0
2026-03-18,Seats,Interior,125,669,20,710,732,83,936,-853,0,14,None,0.0,0,0
2026-03-18,Nuts,Fastener_Cooling,125,13805,0,13090,13114,0,19327,-19327,0,6,None,0.0,0,0
2026-03-18,ECU,Electrical,125,125,13793,121,116,13784,262,13522,0,20,None,0.0,0,0
2026-03-18,Radiator,Fastener_Cooling,125,125,7448,129,123,7446,218,7228,0,15,None,0.0,0,0
2026-03-19,Engine,Powertrain,122,108,12704,112,116,12712,226,12486,0,18,None,0.0,0,0
2026-03-19,Battery,Powertrain,122,14,8002,14,13,8001,100,7901,0,25,None,0.0,0,0
2026-03-19,Transmission,Powertrain,122,122,10230,130,124,10232,256,9976,0,22,None,0.0,0,0
2026-03-19,Brake_Pads,Chassis,122,488,164,427,422,98,854,-756,0,12,None,0.0,0,0
2026-03-19,Wheels,Chassis,122,488,6232,510,280,6024,854,5170,1,10,None,0.0,0,0
2026-03-19,Tyres,Chassis,122,488,47,479,490,49,854,-805,0,9,None,0.0,0,0
2026-03-19,Seats,Interior,122,656,83,609,626,53,918,-865,0,14,None,0.0,0,0
2026-03-19,Nuts,Fastener_Cooling,122,13545,0,12252,11675,0,18963,-18963,0,6,None,0.0,0,0
2026-03-19,ECU,Electrical,122,122,13784,108,103,13765,256,13509,0,20,None,0.0,0,0
2026-03-19,Radiator,Fastener_Cooling,122,122,7446,131,133,7457,213,7244,0,15,None,0.0,0,0
2026-03-20,Engine,Powertrain,129,115,12712,105,108,12705,241,12464,0,18,None,0.0,0,0
2026-03-20,Battery,Powertrain,129,14,8001,15,15,8002,100,7902,0,25,None,0.0,0,0
2026-03-20,Transmission,Powertrain,129,129,10232,139,145,10248,270,9978,0,22,None,0.0,0,0
2026-03-20,Brake_Pads,Chassis,129,516,98,468,257,0,903,-903,1,12,None,0.0,0,0
2026-03-20,Wheels,Chassis,129,516,6024,439,430,5938,903,5035,0,10,None,0.0,0,0
2026-03-20,Tyres,Chassis,129,516,49,506,510,43,903,-860,0,9,None,0.0,0,0
2026-03-20,Seats,Interior,129,693,53,681,673,33,970,-937,0,14,None,0.0,0,0
2026-03-20,Nuts,Fastener_Cooling,129,14280,0,12370,12791,0,19992,-19992,0,6,None,0.0,0,0
2026-03-20,ECU,Electrical,129,129,13765,127,129,13765,270,13495,0,20,None,0.0,0,0
2026-03-20,Radiator,Fastener_Cooling,129,129,7457,120,116,7444,225,7219,0,15,None,0.0,0,0
2026-03-21,Engine,Powertrain,139,121,12705,131,124,12708,254,12454,0,18,None,0.0,0,1
2026-03-21,Battery,Powertrain,139,18,8002,18,17,8001,100,7901,0,25,None,0.0,0,1
2026-03-21,Transmission,Powertrain,139,139,10248,133,134,10243,291,9952,0,22,None,0.0,0,1
2026-03-21,Brake_Pads,Chassis,139,556,0,548,548,0,973,-973,0,12,None,0.0,0,1
2026-03-21,Wheels,Chassis,139,556,5938,546,543,5925,973,4952,0,10,None,0.0,0,1
2026-03-21,Tyres,Chassis,139,556,43,550,544,31,973,-942,0,9,None,0.0,0,1
2026-03-21,Seats,Interior,139,747,33,701,699,0,1045,-1045,0,14,None,0.0,0,1
2026-03-21,Nuts,Fastener_Cooling,139,15420,0,14980,15429,9,21588,-21579,0,6,None,0.0,0,1
2026-03-21,ECU,Electrical,139,139,13765,119,118,13744,291,13453,0,20,None,0.0,0,1
2026-03-21,Radiator,Fastener_Cooling,139,139,7444,143,149,7454,243,7211,0,15,None,0.0,0,1
2026-03-22,Engine,Powertrain,133,118,12708,111,106,12696,247,12449,0,18,None,0.0,0,1
2026-03-22,Battery,Powertrain,133,15,8001,14,14,8000,100,7900,0,25,None,0.0,0,1
2026-03-22,Transmission,Powertrain,133,133,10243,145,143,10253,279,9974,0,22,None,0.0,0,1
2026-03-22,Brake_Pads,Chassis,133,532,0,535,294,0,931,-931,1,12,None,0.0,0,1
2026-03-22,Wheels,Chassis,133,532,5925,484,460,5853,931,4922,0,10,None,0.0,0,1
2026-03-22,Tyres,Chassis,133,532,31,485,508,7,931,-924,0,9,None,0.0,0,1
2026-03-22,Seats,Interior,133,713,0,734,723,10,998,-988,0,14,None,0.0,0,1
2026-03-22,Nuts,Fastener_Cooling,133,14705,9,14958,14243,0,20587,-20587,0,6,None,0.0,0,1
2026-03-22,ECU,Electrical,133,133,13744,114,114,13725,279,13446,0,20,None,0.0,0,1
2026-03-22,Radiator,Fastener_Cooling,133,133,7454,130,132,7453,232,7221,0,15,None,0.0,0,1
2026-03-23,Engine,Powertrain,126,113,12696,102,101,12684,237,12447,0,18,None,0.0,0,0
2026-03-23,Battery,Powertrain,126,13,8000,11,11,7998,100,7898,0,25,None,0.0,0,0
2026-03-23,Transmission,Powertrain,126,126,10253,111,112,10239,264,9975,0,22,None,0.0,0,0
2026-03-23,Brake_Pads,Chassis,126,504,0,479,457,0,882,-882,0,12,None,0.0,0,0
2026-03-23,Wheels,Chassis,126,504,5853,466,450,5799,882,4917,0,10,None,0.0,0,0
2026-03-23,Tyres,Chassis,126,504,7,525,538,41,882,-841,0,9,None,0.0,0,0
2026-03-23,Seats,Interior,126,680,10,743,715,45,952,-907,0,14,None,0.0,0,0
2026-03-23,Nuts,Fastener_Cooling,126,13980,0,15304,15415,1435,19572,-18137,0,6,None,0.0,0,0
2026-03-23,ECU,Electrical,126,126,13725,136,135,13734,264,13470,0,20,None,0.0,0,0
2026-03-23,Radiator,Fastener_Cooling,126,126,7453,135,134,7461,220,7241,0,15,None,0.0,0,0
2026-03-24,Engine,Powertrain,116,102,12684,101,105,12687,214,12473,0,18,None,0.0,0,0
2026-03-24,Battery,Powertrain,116,14,7998,15,14,7998,100,7898,0,25,None,0.0,0,0
2026-03-24,Transmission,Powertrain,116,116,10239,113,111,10234,243,9991,0,22,None,0.0,0,0
2026-03-24,Brake_Pads,Chassis,116,464,0,402,392,0,812,-812,0,12,None,0.0,0,0
2026-03-24,Wheels,Chassis,116,464,5799,426,435,5770,812,4958,0,10,None,0.0,0,0
2026-03-24,Tyres,Chassis,116,464,41,474,488,65,812,-747,0,9,None,0.0,0,0
2026-03-24,Seats,Interior,116,626,45,680,697,116,876,-760,0,14,None,0.0,0,0
2026-03-24,Nuts,Fastener_Cooling,116,12895,1435,13292,13520,2060,18053,-15993,0,6,None,0.0,0,0
2026-03-24,ECU,Electrical,116,116,13734,107,107,13725,243,13482,0,20,None,0.0,0,0
2026-03-24,Radiator,Fastener_Cooling,116,116,7461,126,124,7469,203,7266,0,15,None,0.0,0,0
2026-03-25,Engine,Powertrain,118,103,12687,96,98,12682,216,12466,0,18,None,0.0,0,0
2026-03-25,Battery,Powertrain,118,15,7998,16,16,7999,100,7899,0,25,None,0.0,0,0
2026-03-25,Transmission,Powertrain,118,118,10234,101,101,10217,247,9970,0,22,None,0.0,0,0
2026-03-25,Brake_Pads,Chassis,118,472,0,483,484,12,826,-814,0,12,None,0.0,0,0
2026-03-25,Wheels,Chassis,118,472,5770,437,423,5721,826,4895,0,10,None,0.0,0,0
2026-03-25,Tyres,Chassis,118,472,65,445,457,50,826,-776,0,9,None,0.0,0,0
2026-03-25,Seats,Interior,118,634,116,640,610,92,887,-795,0,14,None,0.0,0,0
2026-03-25,Nuts,Fastener_Cooling,118,13105,2060,12035,11863,818,18347,-17529,0,6,None,0.0,0,0
2026-03-25,ECU,Electrical,118,118,13725,126,123,13730,247,13483,0,20,None,0.0,0,0
2026-03-25,Radiator,Fastener_Cooling,118,118,7469,129,125,7476,206,7270,0,15,None,0.0,0,0
2026-03-26,Engine,Powertrain,123,109,12682,112,109,12682,228,12454,0,18,None,0.0,0,0
2026-03-26,Battery,Powertrain,123,14,7999,14,13,7998,100,7898,0,25,None,0.0,0,0
2026-03-26,Transmission,Powertrain,123,123,10217,117,111,10205,258,9947,0,22,None,0.0,0,0
2026-03-26,Brake_Pads,Chassis,123,492,12,524,543,63,861,-798,0,12,None,0.0,0,0
2026-03-26,Wheels,Chassis,123,492,5721,538,546,5775,861,4914,0,10,None,0.0,0,0
2026-03-26,Tyres,Chassis,123,492,50,507,519,77,861,-784,0,9,None,0.0,0,0
2026-03-26,Seats,Interior,123,663,92,660,665,94,928,-834,0,14,None,0.0,0,0
2026-03-26,Nuts,Fastener_Cooling,123,13660,818,11644,6404,0,19124,-19124,1,6,None,0.0,0,0
2026-03-26,ECU,Electrical,123,123,13730,121,123,13730,258,13472,0,20,None,0.0,0,0
2026-03-26,Radiator,Fastener_Cooling,123,123,7476,122,119,7472,215,7257,0,15,None,0.0,0,0
2026-03-27,Engine,Powertrain,120,105,12682,96,99,12676,220,12456,0,18,None,0.0,0,0
2026-03-27,Battery,Powertrain,120,15,7998,16,15,7998,100,7898,0,25,None,0.0,0,0
2026-03-27,Transmission,Powertrain,120,120,10205,114,109,10194,252,9942,0,22,None,0.0,0,0
2026-03-27,Brake_Pads,Chassis,120,480,63,433,424,7,840,-833,0,12,None,0.0,0,0
2026-03-27,Wheels,Chassis,120,480,5775,451,445,5740,840,4900,0,10,None,0.0,0,0
2026-03-27,Tyres,Chassis,120,480,77,410,404,1,840,-839,0,9,None,0.0,0,0
2026-03-27,Seats,Interior,120,646,94,644,642,90,904,-814,0,14,None,0.0,0,0
2026-03-27,Nuts,Fastener_Cooling,120,13330,0,13289,12671,0,18662,-18662,0,6,None,0.0,0,0
2026-03-27,ECU,Electrical,120,120,13730,120,121,13731,252,13479,0,20,None,0.0,0,0
2026-03-27,Radiator,Fastener_Cooling,120,120,7472,112,111,7463,210,7253,0,15,None,0.0,0,0
2026-03-28,Engine,Powertrain,139,122,12676,124,126,12680,256,12424,0,18,None,0.0,0,1
2026-03-28,Battery,Powertrain,139,17,7998,17,17,7998,100,7898,0,25,None,0.0,0,1
2026-03-28,Transmission,Powertrain,139,139,10194,120,124,10179,291,9888,0,22,None,0.0,0,1
2026-03-28,Brake_Pads,Chassis,139,556,7,519,512,0,973,-973,0,12,None,0.0,0,1
2026-03-28,Wheels,Chassis,139,556,5740,513,496,5680,973,4707,0,10,None,0.0,0,1
2026-03-28,Tyres,Chassis,139,556,1,553,559,4,973,-969,0,9,None,0.0,0,1
2026-03-28,Seats,Interior,139,745,90,674,679,24,1043,-1019,0,14,None,0.0,0,1
2026-03-28,Nuts,Fastener_Cooling,139,15340,0,13238,13883,0,21476,-21476,0,6,None,0.0,0,1
2026-03-28,ECU,Electrical,139,139,13731,140,140,13732,291,13441,0,20,None,0.0,0,1
2026-03-28,Radiator,Fastener_Cooling,139,139,7463,140,144,7468,243,7225,0,15,None,0.0,0,1
2026-03-29,Engine,Powertrain,133,117,12680,104,101,12664,245,12419,0,18,None,0.0,0,1
2026-03-29,Battery,Powertrain,133,16,7998,15,14,7996,100,7896,0,25,None,0.0,0,1
2026-03-29,Transmission,Powertrain,133,133,10179,129,134,10180,279,9901,0,22,None,0.0,0,1
2026-03-29,Brake_Pads,Chassis,133,532,0,477,493,0,931,-931,0,12,None,0.0,0,1
2026-03-29,Wheels,Chassis,133,532,5680,547,552,5700,931,4769,0,10,None,0.0,0,1
2026-03-29,Tyres,Chassis,133,532,4,550,569,41,931,-890,0,9,None,0.0,0,1
2026-03-29,Seats,Interior,133,715,24,702,679,0,1001,-1001,0,14,None,0.0,0,1
2026-03-29,Nuts,Fastener_Cooling,133,14765,0,12862,13155,0,20671,-20671,0,6,None,0.0,0,1
2026-03-29,ECU,Electrical,133,133,13732,116,115,13714,279,13435,0,20,None,0.0,0,1
2026-03-29,Radiator,Fastener_Cooling,133,133,7468,114,113,7448,232,7216,0,15,None,0.0,0,1
2026-03-30,Engine,Powertrain,123,110,12664,101,102,12656,231,12425,0,18,None,0.0,0,0
2026-03-30,Battery,Powertrain,123,13,7996,13,12,7995,100,7895,0,25,None,0.0,0,0
2026-03-30,Transmission,Powertrain,123,123,10180,105,104,10161,258,9903,0,22,None,0.0,0,0
2026-03-30,Brake_Pads,Chassis,123,492,0,498,500,8,861,-853,0,12,None,0.0,0,0
2026-03-30,Wheels,Chassis,123,492,5700,516,508,5716,861,4855,0,10,None,0.0,0,0
2026-03-30,Tyres,Chassis,123,492,41,428,438,0,861,-861,0,9,None,0.0,0,0
2026-03-30,Seats,Interior,123,663,0,619,631,0,928,-928,0,14,None,0.0,0,0
2026-03-30,Nuts,Fastener_Cooling,123,13655,0,13238,13153,0,19117,-19117,0,6,None,0.0,0,0
2026-03-30,ECU,Electrical,123,123,13714,128,130,13721,258,13463,0,20,None,0.0,0,0
2026-03-30,Radiator,Fastener_Cooling,123,123,7448,125,119,7444,215,7229,0,15,None,0.0,0,0
2026-03-31,Engine,Powertrain,126,112,12656,112,110,12654,235,12419,0,18,None,0.0,0,0
2026-03-31,Battery,Powertrain,126,14,7995,13,12,7993,100,7893,0,25,None,0.0,0,0
2026-03-31,Transmission,Powertrain,126,126,10161,129,123,10158,264,9894,0,22,None,0.0,0,0
2026-03-31,Brake_Pads,Chassis,126,504,8,435,419,0,882,-882,0,12,None,0.0,0,0
2026-03-31,Wheels,Chassis,126,504,5716,475,473,5685,882,4803,0,10,None,0.0,0,0
2026-03-31,Tyres,Chassis,126,504,0,440,444,0,882,-882,0,9,None,0.0,0,0
2026-03-31,Seats,Interior,126,680,0,610,625,0,952,-952,0,14,None,0.0,0,0
2026-03-31,Nuts,Fastener_Cooling,126,14005,0,14617,14911,906,19607,-18701,0,6,None,0.0,0,0
2026-03-31,ECU,Electrical,126,126,13721,132,136,13731,264,13467,0,20,None,0.0,0,0
2026-03-31,Radiator,Fastener_Cooling,126,126,7444,133,136,7454,220,7234,0,15,None,0.0,0,0
2026-04-01,Engine,Powertrain,123,108,12654,112,113,12659,226,12433,0,18,None,0.0,0,0
2026-04-01,Battery,Powertrain,123,15,7993,15,14,7992,100,7892,0,25,None,0.0,0,0
2026-04-01,Transmission,Powertrain,123,123,10158,113,112,10147,258,9889,0,22,None,0.0,0,0
2026-04-01,Brake_Pads,Chassis,123,492,0,444,432,0,861,-861,0,12,None,0.0,0,0
2026-04-01,Wheels,Chassis,123,492,5685,517,510,5703,861,4842,0,10,None,0.0,0,0
2026-04-01,Tyres,Chassis,123,492,0,485,461,0,861,-861,0,9,None,0.0,0,0
2026-04-01,Seats,Interior,123,655,0,694,670,15,917,-902,0,14,None,0.0,0,0
2026-04-01,Nuts,Fastener_Cooling,123,13525,906,13792,13238,619,18935,-18316,0,6,None,0.0,0,0
2026-04-01,ECU,Electrical,123,123,13731,111,107,13715,258,13457,0,20,None,0.0,0,0
2026-04-01,Radiator,Fastener_Cooling,123,123,7454,132,128,7459,215,7244,0,15,None,0.0,0,0
2026-04-02,Engine,Powertrain,121,108,12659,106,106,12657,226,12431,0,18,None,0.0,0,0
2026-04-02,Battery,Powertrain,121,13,7992,13,13,7992,100,7892,0,25,None,0.0,0,0
2026-04-02,Transmission,Powertrain,121,121,10147,114,62,10088,254,9834,1,22,None,0.0,0,0
2026-04-02,Brake_Pads,Chassis,121,484,0,429,413,0,847,-847,0,12,None,0.0,0,0
2026-04-02,Wheels,Chassis,121,484,5703,417,431,5650,847,4803,0,10,None,0.0,0,0
2026-04-02,Tyres,Chassis,121,484,0,460,456,0,847,-847,0,9,None,0.0,0,0
2026-04-02,Seats,Interior,121,655,15,558,551,0,917,-917,0,14,None,0.0,0,0
2026-04-02,Nuts,Fastener_Cooling,121,13490,619,12076,12137,0,18886,-18886,0,6,None,0.0,0,0
2026-04-02,ECU,Electrical,121,121,13715,114,116,13710,254,13456,0,20,None,0.0,0,0
2026-04-02,Radiator,Fastener_Cooling,121,121,7459,112,106,7444,211,7233,0,15,None,0.0,0,0
2026-04-03,Engine,Powertrain,117,103,12657,100,99,12653,216,12437,0,18,None,0.0,0,0
2026-04-03,Battery,Powertrain,117,14,7992,12,12,7990,100,7890,0,25,None,0.0,0,0
2026-04-03,Transmission,Powertrain,117,117,10088,109,112,10083,245,9838,0,22,None,0.0,0,0
2026-04-03,Brake_Pads,Chassis,117,468,0,458,438,0,819,-819,0,12,None,0.0,0,0
2026-04-03,Wheels,Chassis,117,468,5650,486,474,5656,819,4837,0,10,None,0.0,0,0
2026-04-03,Tyres,Chassis,117,468,0,455,466,0,819,-819,0,9,None,0.0,0,0
2026-04-03,Seats,Interior,117,631,0,574,595,0,883,-883,0,14,None,0.0,0,0
2026-04-03,Nuts,Fastener_Cooling,117,13025,0,13214,12651,0,18235,-18235,0,6,None,0.0,0,0
2026-04-03,ECU,Electrical,117,117,13710,117,120,13713,245,13468,0,20,None,0.0,0,0
2026-04-03,Radiator,Fastener_Cooling,117,117,7444,108,112,7439,204,7235,0,15,None,0.0,0,0
2026-04-04,Engine,Powertrain,143,126,12653,135,135,12662,264,12398,0,18,None,0.0,0,1
2026-04-04,Battery,Powertrain,143,17,7990,14,13,7986,100,7886,0,25,None,0.0,0,1
2026-04-04,Transmission,Powertrain,143,143,10083,147,146,10086,300,9786,0,22,None,0.0,0,1
2026-04-04,Brake_Pads,Chassis,143,572,0,498,512,0,1001,-1001,0,12,None,0.0,0,1
2026-04-04,Wheels,Chassis,143,572,5656,541,536,5620,1001,4619,0,10,None,0.0,0,1
2026-04-04,Tyres,Chassis,143,572,0,545,570,0,1001,-1001,0,9,None,0.0,0,1
2026-04-04,Seats,Interior,143,767,0,835,836,69,1073,-1004,0,14,None,0.0,0,1
2026-04-04,Nuts,Fastener_Cooling,143,15825,0,17333,16607,782,22155,-21373,0,6,None,0.0,0,1
2026-04-04,ECU,Electrical,143,143,13713,124,127,13697,300,13397,0,20,None,0.0,0,1
2026-04-04,Radiator,Fastener_Cooling,143,143,7439,145,149,7445,250,7195,0,15,None,0.0,0,1
2026-04-05,Engine,Powertrain,136,120,12662,113,111,12653,252,12401,0,18,None,0.0,0,1
2026-04-05,Battery,Powertrain,136,16,7986,15,14,7984,100,7884,0,25,None,0.0,0,1
2026-04-05,Transmission,Powertrain,136,136,10086,144,149,10099,285,9814,0,22,None,0.0,0,1
2026-04-05,Brake_Pads,Chassis,136,544,0,482,491,0,952,-952,0,12,None,0.0,0,1
2026-04-05,Wheels,Chassis,136,544,5620,562,580,5656,952,4704,0,10,None,0.0,0,1
2026-04-05,Tyres,Chassis,136,544,0,530,520,0,952,-952,0,9,None,0.0,0,1
2026-04-05,Seats,Interior,136,734,69,677,666,1,1027,-1026,0,14,None,0.0,0,1
2026-04-05,Nuts,Fastener_Cooling,136,15115,782,13975,14083,0,21161,-21161,0,6,None,0.0,0,1
2026-04-05,ECU,Electrical,136,136,13697,146,144,13705,285,13420,0,20,None,0.0,0,1
2026-04-05,Radiator,Fastener_Cooling,136,136,7445,148,147,7456,238,7218,0,15,None,0.0,0,1
2026-04-06,Engine,Powertrain,124,109,12653,119,122,12666,228,12438,0,18,None,0.0,0,0
2026-04-06,Battery,Powertrain,124,15,7984,13,12,7981,100,7881,0,25,None,0.0,0,0
2026-04-06,Transmission,Powertrain,124,124,10099,126,121,10096,260,9836,0,22,None,0.0,0,0
2026-04-06,Brake_Pads,Chassis,124,496,0,473,481,0,868,-868,0,12,None,0.0,0,0
2026-04-06,Wheels,Chassis,124,496,5656,451,455,5615,868,4747,0,10,None,0.0,0,0
2026-04-06,Tyres,Chassis,124,496,0,504,500,4,868,-864,0,9,None,0.0,0,0
2026-04-06,Seats,Interior,124,658,1,691,668,11,921,-910,0,14,None,0.0,0,0
2026-04-06,Nuts,Fastener_Cooling,124,13620,0,14645,14997,1377,19068,-17691,0,6,None,0.0,0,0
2026-04-06,ECU,Electrical,124,124,13705,127,126,13707,260,13447,0,20,None,0.0,0,0
2026-04-06,Radiator,Fastener_Cooling,124,124,7456,129,123,7455,217,7238,0,15,None,0.0,0,0
2026-04-07,Engine,Powertrain,129,115,12666,107,107,12658,241,12417,0,18,None,0.0,0,0
2026-04-07,Battery,Powertrain,129,14,7981,15,15,7982,100,7882,0,25,None,0.0,0,0
2026-04-07,Transmission,Powertrain,129,129,10096,117,115,10082,270,9812,0,22,None,0.0,0,0
2026-04-07,Brake_Pads,Chassis,129,516,0,468,491,0,903,-903,0,12,None,0.0,0,0
2026-04-07,Wheels,Chassis,129,516,5615,554,532,5631,903,4728,0,10,None,0.0,0,0
2026-04-07,Tyres,Chassis,129,516,4,481,503,0,903,-903,0,9,None,0.0,0,0
2026-04-07,Seats,Interior,129,693,11,718,727,45,970,-925,0,14,None,0.0,0,0
2026-04-07,Nuts,Fastener_Cooling,129,14290,1377,15637,16115,3202,20006,-16804,0,6,None,0.0,0,0
2026-04-07,ECU,Electrical,129,129,13707,136,136,13714,270,13444,0,20,None,0.0,0,0
2026-04-07,Radiator,Fastener_Cooling,129,129,7455,118,121,7447,225,7222,0,15,None,0.0,0,0
2026-04-08,Engine,Powertrain,130,115,12658,120,119,12662,241,12421,0,18,None,0.0,0,0
2026-04-08,Battery,Powertrain,130,15,7982,13,12,7979,100,7879,0,25,None,0.0,0,0
2026-04-08,Transmission,Powertrain,130,130,10082,134,129,10081,273,9808,0,22,None,0.0,0,0
2026-04-08,Brake_Pads,Chassis,130,520,0,543,548,28,910,-882,0,12,None,0.0,0,0
2026-04-08,Wheels,Chassis,130,520,5631,550,525,5636,910,4726,0,10,None,0.0,0,0
2026-04-08,Tyres,Chassis,130,520,0,503,510,0,910,-910,0,9,None,0.0,0,0
2026-04-08,Seats,Interior,130,700,45,623,652,0,980,-980,0,14,None,0.0,0,0
2026-04-08,Nuts,Fastener_Cooling,130,14420,3202,15533,15950,4732,20188,-15456,0,6,None,0.0,0,0
2026-04-08,ECU,Electrical,130,130,13714,130,128,13712,273,13439,0,20,None,0.0,0,0
2026-04-08,Radiator,Fastener_Cooling,130,130,7447,118,114,7431,227,7204,0,15,None,0.0,0,0
2026-04-09,Engine,Powertrain,121,107,12662,94,95,12650,224,12426,0,18,None,0.0,0,0
2026-04-09,Battery,Powertrain,121,14,7979,13,12,7977,100,7877,0,25,None,0.0,0,0
2026-04-09,Transmission,Powertrain,121,121,10081,125,123,10083,254,9829,0,22,None,0.0,0,0
2026-04-09,Brake_Pads,Chassis,121,484,28,436,447,0,847,-847,0,12,None,0.0,0,0
2026-04-09,Wheels,Chassis,121,484,5636,438,456,5608,847,4761,0,10,None,0.0,0,0
2026-04-09,Tyres,Chassis,121,484,0,438,440,0,847,-847,0,9,None,0.0,0,0
2026-04-09,Seats,Interior,121,649,0,700,686,37,908,-871,0,14,None,0.0,0,0
2026-04-09,Nuts,Fastener_Cooling,121,13400,4732,13876,14125,5457,18760,-13303,0,6,None,0.0,0,0
2026-04-09,ECU,Electrical,121,121,13712,105,108,13699,254,13445,0,20,None,0.0,0,0
2026-04-09,Radiator,Fastener_Cooling,121,121,7431,132,132,7442,211,7231,0,15,None,0.0,0,0
2026-04-10,Engine,Powertrain,121,106,12650,116,118,12662,222,12440,0,18,None,0.0,0,0
2026-04-10,Battery,Powertrain,121,15,7977,15,14,7976,100,7876,0,25,None,0.0,0,0
2026-04-10,Transmission,Powertrain,121,121,10083,110,115,10077,254,9823,0,22,None,0.0,0,0
2026-04-10,Brake_Pads,Chassis,121,484,0,517,511,27,847,-820,0,12,None,0.0,0,0
2026-04-10,Wheels,Chassis,121,484,5608,442,437,5561,847,4714,0,10,None,0.0,0,0
2026-04-10,Tyres,Chassis,121,484,0,418,399,0,847,-847,0,9,None,0.0,0,0
2026-04-10,Seats,Interior,121,647,37,675,667,57,905,-848,0,14,None,0.0,0,0
2026-04-10,Nuts,Fastener_Cooling,121,13390,5457,14404,13827,5894,18746,-12852,0,6,None,0.0,0,0
2026-04-10,ECU,Electrical,121,121,13699,120,119,13697,254,13443,0,20,None,0.0,0,0
2026-04-10,Radiator,Fastener_Cooling,121,121,7442,114,117,7438,211,7227,0,15,None,0.0,0,0
2026-04-11,Engine,Powertrain,131,114,12662,101,98,12646,239,12407,0,18,None,0.0,0,1
2026-04-11,Battery,Powertrain,131,17,7976,16,15,7974,100,7874,0,25,None,0.0,0,1
2026-04-11,Transmission,Powertrain,131,131,10077,119,122,10068,275,9793,0,22,None,0.0,0,1
2026-04-11,Brake_Pads,Chassis,131,524,27,479,263,0,917,-917,1,12,None,0.0,0,1
2026-04-11,Wheels,Chassis,131,524,5561,557,570,5607,917,4690,0,10,None,0.0,0,1
2026-04-11,Tyres,Chassis,131,524,0,548,564,40,917,-877,0,9,None,0.0,0,1
2026-04-11,Seats,Interior,131,709,57,692,692,40,992,-952,0,14,None,0.0,0,1
2026-04-11,Nuts,Fastener_Cooling,131,14630,5894,15408,15738,7002,20482,-13480,0,6,None,0.0,0,1
2026-04-11,ECU,Electrical,131,131,13697,138,141,13707,275,13432,0,20,None,0.0,0,1
2026-04-11,Radiator,Fastener_Cooling,131,131,7438,142,143,7450,229,7221,0,15,None,0.0,0,1
2026-04-12,Engine,Powertrain,131,114,12646,119,116,12648,239,12409,0,18,None,0.0,0,1
2026-04-12,Battery,Powertrain,131,17,7974,17,16,7973,100,7873,0,25,None,0.0,0,1
2026-04-12,Transmission,Powertrain,131,131,10068,111,108,10045,275,9770,0,22,None,0.0,0,1
2026-04-12,Brake_Pads,Chassis,131,524,0,485,498,0,917,-917,0,12,None,0.0,0,1
2026-04-12,Wheels,Chassis,131,524,5607,480,456,5539,917,4622,0,10,None,0.0,0,1
2026-04-12,Tyres,Chassis,131,524,40,513,526,42,917,-875,0,9,None,0.0,0,1
2026-04-12,Seats,Interior,131,701,40,605,602,0,981,-981,0,14,None,0.0,0,1
2026-04-12,Nuts,Fastener_Cooling,131,14500,7002,15602,15980,8482,20300,-11818,0,6,None,0.0,0,1
2026-04-12,ECU,Electrical,131,131,13707,112,111,13687,275,13412,0,20,None,0.0,0,1
2026-04-12,Radiator,Fastener_Cooling,131,131,7450,133,127,7446,229,7217,0,15,None,0.0,0,1
2026-04-13,Engine,Powertrain,126,111,12648,114,119,12656,233,12423,0,18,None,0.0,0,0
2026-04-13,Battery,Powertrain,126,15,7973,14,14,7972,100,7872,0,25,None,0.0,0,0
2026-04-13,Transmission,Powertrain,126,126,10045,113,107,10026,264,9762,0,22,None,0.0,0,0
2026-04-13,Brake_Pads,Chassis,126,504,0,483,489,0,882,-882,0,12,None,0.0,0,0
2026-04-13,Wheels,Chassis,126,504,5539,484,491,5526,882,4644,0,10,None,0.0,0,0
2026-04-13,Tyres,Chassis,126,504,42,456,469,7,882,-875,0,9,None,0.0,0,0
2026-04-13,Seats,Interior,126,678,0,645,648,0,949,-949,0,14,None,0.0,0,0
2026-04-13,Nuts,Fastener_Cooling,126,13985,8482,14370,7903,2400,19579,-17179,1,6,None,0.0,0,0
2026-04-13,ECU,Electrical,126,126,13687,107,110,13671,264,13407,0,20,None,0.0,0,0
2026-04-13,Radiator,Fastener_Cooling,126,126,7446,133,133,7453,220,7233,0,15,None,0.0,0,0
2026-04-14,Engine,Powertrain,126,111,12656,120,121,12666,233,12433,0,18,None,0.0,0,0
2026-04-14,Battery,Powertrain,126,15,7972,15,14,7971,100,7871,0,25,None,0.0,0,0
2026-04-14,Transmission,Powertrain,126,126,10026,112,111,10011,264,9747,0,22,None,0.0,0,0
2026-04-14,Brake_Pads,Chassis,126,504,0,499,500,0,882,-882,0,12,None,0.0,0,0
2026-04-14,Wheels,Chassis,126,504,5526,518,500,5522,882,4640,0,10,None,0.0,0,0
2026-04-14,Tyres,Chassis,126,504,7,433,447,0,882,-882,0,9,None,0.0,0,0
2026-04-14,Seats,Interior,126,678,0,711,696,18,949,-931,0,14,None,0.0,0,0
2026-04-14,Nuts,Fastener_Cooling,126,14015,2400,14334,15005,3390,19621,-16231,0,6,None,0.0,0,0
2026-04-14,ECU,Electrical,126,126,13671,132,133,13678,264,13414,0,20,None,0.0,0,0
2026-04-14,Radiator,Fastener_Cooling,126,126,7453,121,118,7445,220,7225,0,15,None,0.0,0,0
2026-04-15,Engine,Powertrain,118,104,12666,96,97,12659,218,12441,0,18,None,0.0,0,0
2026-04-15,Battery,Powertrain,118,14,7971,15,15,7972,100,7872,0,25,None,0.0,0,0
2026-04-15,Transmission,Powertrain,118,118,10011,124,118,10011,247,9764,0,22,None,0.0,0,0
2026-04-15,Brake_Pads,Chassis,118,472,0,499,490,18,826,-808,0,12,None,0.0,0,0
2026-04-15,Wheels,Chassis,118,472,5522,470,458,5508,826,4682,0,10,None,0.0,0,0
2026-04-15,Tyres,Chassis,118,472,0,498,517,45,826,-781,0,9,None,0.0,0,0
2026-04-15,Seats,Interior,118,638,18,683,671,51,893,-842,0,14,None,0.0,0,0
2026-04-15,Nuts,Fastener_Cooling,118,13140,3390,14148,14411,4661,18396,-13735,0,6,None,0.0,0,0
2026-04-15,ECU,Electrical,118,118,13678,125,119,13679,247,13432,0,20,None,0.0,0,0
2026-04-15,Radiator,Fastener_Cooling,118,118,7445,108,112,7439,206,7233,0,15,None,0.0,0,0
2026-04-16,Engine,Powertrain,129,113,12659,112,107,12653,237,12416,0,18,None,0.0,0,0
2026-04-16,Battery,Powertrain,129,16,7972,14,14,7970,100,7870,0,25,None,0.0,0,0
2026-04-16,Transmission,Powertrain,129,129,10011,120,122,10004,270,9734,0,22,None,0.0,0,0
2026-04-16,Brake_Pads,Chassis,129,516,18,545,525,27,903,-876,0,12,None,0.0,0,0
2026-04-16,Wheels,Chassis,129,516,5508,467,457,5449,903,4546,0,10,None,0.0,0,0
2026-04-16,Tyres,Chassis,129,516,45,508,520,49,903,-854,0,9,None,0.0,0,0
2026-04-16,Seats,Interior,129,693,51,699,702,60,970,-910,0,14,None,0.0,0,0
2026-04-16,Nuts,Fastener_Cooling,129,14320,4661,13030,12693,3034,20048,-17014,0,6,None,0.0,0,0
2026-04-16,ECU,Electrical,129,129,13679,129,126,13676,270,13406,0,20,None,0.0,0,0
2026-04-16,Radiator,Fastener_Cooling,129,129,7439,118,112,7422,225,7197,0,15,None,0.0,0,0
2026-04-17,Engine,Powertrain,127,113,12653,115,116,12656,237,12419,0,18,None,0.0,0,0
2026-04-17,Battery,Powertrain,127,14,7970,12,11,7967,100,7867,0,25,None,0.0,0,0
2026-04-17,Transmission,Powertrain,127,127,10004,131,135,10012,266,9746,0,22,None,0.0,0,0
2026-04-17,Brake_Pads,Chassis,127,508,27,515,531,50,889,-839,0,12,None,0.0,0,0
2026-04-17,Wheels,Chassis,127,508,5449,551,523,5464,889,4575,0,10,None,0.0,0,0
2026-04-17,Tyres,Chassis,127,508,49,505,500,41,889,-848,0,9,None,0.0,0,0
2026-04-17,Seats,Interior,127,681,60,705,707,86,953,-867,0,14,None,0.0,0,0
2026-04-17,Nuts,Fastener_Cooling,127,14025,3034,12095,12048,1057,19635,-18578,0,6,None,0.0,0,0
2026-04-17,ECU,Electrical,127,127,13676,116,112,13661,266,13395,0,20,None,0.0,0,0
2026-04-17,Radiator,Fastener_Cooling,127,127,7422,136,130,7425,222,7203,0,15,None,0.0,0,0
2026-04-18,Engine,Powertrain,136,120,12656,103,101,12637,252,12385,0,18,None,0.0,0,1
2026-04-18,Battery,Powertrain,136,16,7967,14,13,7964,100,7864,0,25,None,0.0,0,1
2026-04-18,Transmission,Powertrain,136,136,10012,127,127,10003,285,9718,0,22,None,0.0,0,1
2026-04-18,Brake_Pads,Chassis,136,544,50,531,513,19,952,-933,0,12,None,0.0,0,1
2026-04-18,Wheels,Chassis,136,544,5464,584,606,5526,952,4574,0,10,None,0.0,0,1
2026-04-18,Tyres,Chassis,136,544,41,547,528,25,952,-927,0,9,None,0.0,0,1
2026-04-18,Seats,Interior,136,732,86,790,782,136,1024,-888,0,14,None,0.0,0,1
2026-04-18,Nuts,Fastener_Cooling,136,15090,1057,14803,15322,1289,21126,-19837,0,6,None,0.0,0,1
2026-04-18,ECU,Electrical,136,136,13661,138,142,13667,285,13382,0,20,None,0.0,0,1
2026-04-18,Radiator,Fastener_Cooling,136,136,7425,148,150,7439,238,7201,0,15,None,0.0,0,1
2026-04-19,Engine,Powertrain,134,117,12637,125,123,12643,245,12398,0,18,None,0.0,0,1
2026-04-19,Battery,Powertrain,134,17,7964,18,18,7965,100,7865,0,25,None,0.0,0,1
2026-04-19,Transmission,Powertrain,134,134,10003,133,137,10006,281,9725,0,22,None,0.0,0,1
2026-04-19,Brake_Pads,Chassis,134,536,19,509,486,0,938,-938,0,12,None,0.0,0,1
2026-04-19,Wheels,Chassis,134,536,5526,500,495,5485,938,4547,0,10,None,0.0,0,1
2026-04-19,Tyres,Chassis,134,536,25,477,456,0,938,-938,0,9,None,0.0,0,1
2026-04-19,Seats,Interior,134,718,136,611,637,55,1005,-950,0,14,None,0.0,0,1
2026-04-19,Nuts,Fastener_Cooling,134,14865,1289,15733,15543,1967,20811,-18844,0,6,None,0.0,0,1
2026-04-19,ECU,Electrical,134,134,13667,130,136,13669,281,13388,0,20,None,0.0,0,1
2026-04-19,Radiator,Fastener_Cooling,134,134,7439,137,131,7436,234,7202,0,15,None,0.0,0,1
2026-04-20,Engine,Powertrain,129,115,12643,105,108,12636,241,12395,0,18,None,0.0,0,0
2026-04-20,Battery,Powertrain,129,14,7965,14,13,7964,100,7864,0,25,None,0.0,0,0
2026-04-20,Transmission,Powertrain,129,129,10006,131,130,10007,270,9737,0,22,None,0.0,0,0
2026-04-20,Brake_Pads,Chassis,129,516,0,562,540,24,903,-879,0,12,None,0.0,0,0
2026-04-20,Wheels,Chassis,129,516,5485,446,454,5423,903,4520,0,10,None,0.0,0,0
2026-04-20,Tyres,Chassis,129,516,0,532,545,29,903,-874,0,9,None,0.0,0,0
2026-04-20,Seats,Interior,129,689,55,632,616,0,964,-964,0,14,None,0.0,0,0
2026-04-20,Nuts,Fastener_Cooling,129,14230,1967,13014,13034,771,19922,-19151,0,6,None,0.0,0,0
2026-04-20,ECU,Electrical,129,129,13669,128,126,13666,270,13396,0,20,None,0.0,0,0
2026-04-20,Radiator,Fastener_Cooling,129,129,7436,140,137,7444,225,7219,0,15,None,0.0,0,0
2026-04-21,Engine,Powertrain,121,107,12636,112,108,12637,224,12413,0,18,None,0.0,0,0
2026-04-21,Battery,Powertrain,121,14,7964,13,13,7963,100,7863,0,25,None,0.0,0,0
2026-04-21,Transmission,Powertrain,121,121,10007,121,122,10008,254,9754,0,22,None,0.0,0,0
2026-04-21,Brake_Pads,Chassis,121,484,24,471,469,9,847,-838,0,12,None,0.0,0,0
2026-04-21,Wheels,Chassis,121,484,5423,510,517,5456,847,4609,0,10,None,0.0,0,0
2026-04-21,Tyres,Chassis,121,484,29,428,424,0,847,-847,0,9,None,0.0,0,0
2026-04-21,Seats,Interior,121,651,0,617,609,0,911,-911,0,14,None,0.0,0,0
2026-04-21,Nuts,Fastener_Cooling,121,13435,771,14335,14300,1636,18809,-17173,0,6,None,0.0,0,0
2026-04-21,ECU,Electrical,121,121,13666,116,117,13662,254,13408,0,20,None,0.0,0,0
2026-04-21,Radiator,Fastener_Cooling,121,121,7444,117,118,7441,211,7230,0,15,None,0.0,0,0
2026-04-22,Engine,Powertrain,127,113,12637,117,114,12638,237,12401,0,18,None,0.0,0,0
2026-04-22,Battery,Powertrain,127,14,7963,15,8,7957,100,7857,1,25,None,0.0,0,0
2026-04-22,Transmission,Powertrain,127,127,10008,115,114,9995,266,9729,0,22,None,0.0,0,0
2026-04-22,Brake_Pads,Chassis,127,508,9,524,513,14,889,-875,0,12,None,0.0,0,0
2026-04-22,Wheels,Chassis,127,508,5456,466,459,5407,889,4518,0,10,None,0.0,0,0
2026-04-22,Tyres,Chassis,127,508,0,432,410,0,889,-889,0,9,None,0.0,0,0
2026-04-22,Seats,Interior,127,677,0,589,604,0,947,-947,0,14,None,0.0,0,0
2026-04-22,Nuts,Fastener_Cooling,127,13975,1636,13322,13344,1005,19565,-18560,0,6,None,0.0,0,0
2026-04-22,ECU,Electrical,127,127,13662,110,109,13644,266,13378,0,20,None,0.0,0,0
2026-04-22,Radiator,Fastener_Cooling,127,127,7441,114,109,7423,222,7201,0,15,None,0.0,0,0
2026-04-23,Engine,Powertrain,124,108,12638,106,109,12639,226,12413,0,18,None,0.0,0,0
2026-04-23,Battery,Powertrain,124,16,7957,14,13,7954,100,7854,0,25,None,0.0,0,0
2026-04-23,Transmission,Powertrain,124,124,9995,119,116,9987,260,9727,0,22,None,0.0,0,0
2026-04-23,Brake_Pads,Chassis,124,496,14,437,457,0,868,-868,0,12,None,0.0,0,0
2026-04-23,Wheels,Chassis,124,496,5407,430,447,5358,868,4490,0,10,None,0.0,0,0
2026-04-23,Tyres,Chassis,124,496,0,451,442,0,868,-868,0,9,None,0.0,0,0
2026-04-23,Seats,Interior,124,668,0,570,559,0,935,-935,0,14,None,0.0,0,0
2026-04-23,Nuts,Fastener_Cooling,124,13780,1005,14366,14176,1401,19292,-17891,0,6,None,0.0,0,0
2026-04-23,ECU,Electrical,124,124,13644,128,132,13652,260,13392,0,20,None,0.0,0,0
2026-04-23,Radiator,Fastener_Cooling,124,124,7423,109,110,7409,217,7192,0,15,None,0.0,0,0
2026-04-24,Engine,Powertrain,118,105,12639,106,102,12636,220,12416,0,18,None,0.0,0,0
2026-04-24,Battery,Powertrain,118,13,7954,12,11,7952,100,7852,0,25,None,0.0,0,0
2026-04-24,Transmission,Powertrain,118,118,9987,106,107,9976,247,9729,0,22,None,0.0,0,0
2026-04-24,Brake_Pads,Chassis,118,472,0,498,504,32,826,-794,0,12,None,0.0,0,0
2026-04-24,Wheels,Chassis,118,472,5358,496,472,5358,826,4532,0,10,None,0.0,0,0
2026-04-24,Tyres,Chassis,118,472,0,465,452,0,826,-826,0,9,None,0.0,0,0
2026-04-24,Seats,Interior,118,630,0,690,679,49,882,-833,0,14,None,0.0,0,0
2026-04-24,Nuts,Fastener_Cooling,118,12995,1401,12473,12338,744,18193,-17449,0,6,None,0.0,0,0
2026-04-24,ECU,Electrical,118,118,13652,107,104,13638,247,13391,0,20,None,0.0,0,0
2026-04-24,Radiator,Fastener_Cooling,118,118,7409,109,109,7400,206,7194,0,15,None,0.0,0,0
2026-04-25,Engine,Powertrain,139,123,12636,111,111,12624,258,12366,0,18,None,0.0,0,1
2026-04-25,Battery,Powertrain,139,16,7952,15,15,7951,100,7851,0,25,None,0.0,0,1
2026-04-25,Transmission,Powertrain,139,139,9976,125,119,9956,291,9665,0,22,None,0.0,0,1
2026-04-25,Brake_Pads,Chassis,139,556,32,532,516,0,973,-973,0,12,None,0.0,0,1
2026-04-25,Wheels,Chassis,139,556,5358,477,475,5277,973,4304,0,10,None,0.0,0,1
2026-04-25,Tyres,Chassis,139,556,0,605,627,71,973,-902,0,9,None,0.0,0,1
2026-04-25,Seats,Interior,139,747,49,757,792,94,1045,-951,0,14,None,0.0,0,1
2026-04-25,Nuts,Fastener_Cooling,139,15370,744,15110,15477,851,21518,-20667,0,6,None,0.0,0,1
2026-04-25,ECU,Electrical,139,139,13638,125,126,13625,291,13334,0,20,None,0.0,0,1
2026-04-25,Radiator,Fastener_Cooling,139,139,7400,136,132,7393,243,7150,0,15,None,0.0,0,1
2026-04-26,Engine,Powertrain,132,116,12624,101,103,12611,243,12368,0,18,None,0.0,0,1
2026-04-26,Battery,Powertrain,132,16,7951,14,14,7949,100,7849,0,25,None,0.0,0,1
2026-04-26,Transmission,Powertrain,132,132,9956,138,142,9966,277,9689,0,22,None,0.0,0,1
2026-04-26,Brake_Pads,Chassis,132,528,0,577,599,71,924,-853,0,12,None,0.0,0,1
2026-04-26,Wheels,Chassis,132,528,5277,494,516,5265,924,4341,0,10,None,0.0,0,1
2026-04-26,Tyres,Chassis,132,528,71,507,525,68,924,-856,0,9,None,0.0,0,1
2026-04-26,Seats,Interior,132,712,94,671,655,37,996,-959,0,14,None,0.0,0,1
2026-04-26,Nuts,Fastener_Cooling,132,14690,851,15596,16248,2409,20566,-18157,0,6,None,0.0,0,1
2026-04-26,ECU,Electrical,132,132,13625,118,116,13609,277,13332,0,20,None,0.0,0,1
2026-04-26,Radiator,Fastener_Cooling,132,132,7393,120,123,7384,231,7153,0,15,None,0.0,0,1
2026-04-27,Engine,Powertrain,120,105,12611,101,104,12610,220,12390,0,18,None,0.0,0,0
2026-04-27,Battery,Powertrain,120,15,7949,13,12,7946,100,7846,0,25,None,0.0,0,0
2026-04-27,Transmission,Powertrain,120,120,9966,119,123,9969,252,9717,0,22,None,0.0,0,0
2026-04-27,Brake_Pads,Chassis,120,480,71,439,447,38,840,-802,0,12,None,0.0,0,0
2026-04-27,Wheels,Chassis,120,480,5265,507,482,5267,840,4427,0,10,None,0.0,0,0
2026-04-27,Tyres,Chassis,120,480,68,458,462,50,840,-790,0,9,None,0.0,0,0
2026-04-27,Seats,Interior,120,644,37,612,626,19,901,-882,0,14,None,0.0,0,0
2026-04-27,Nuts,Fastener_Cooling,120,13315,2409,12111,11629,723,18641,-17918,0,6,None,0.0,0,0
2026-04-27,ECU,Electrical,120,120,13609,117,113,13602,252,13350,0,20,None,0.0,0,0
2026-04-27,Radiator,Fastener_Cooling,120,120,7384,131,130,7394,210,7184,0,15,None,0.0,0,0
2026-04-28,Engine,Powertrain,120,106,12610,109,105,12609,222,12387,0,18,None,0.0,0,0
2026-04-28,Battery,Powertrain,120,14,7946,13,12,7944,100,7844,0,25,None,0.0,0,0
2026-04-28,Transmission,Powertrain,120,120,9969,109,106,9955,252,9703,0,22,None,0.0,0,0
2026-04-28,Brake_Pads,Chassis,120,480,38,438,440,0,840,-840,0,12,None,0.0,0,0
2026-04-28,Wheels,Chassis,120,480,5267,500,477,5264,840,4424,0,10,None,0.0,0,0
2026-04-28,Tyres,Chassis,120,480,50,500,496,66,840,-774,0,9,None,0.0,0,0
2026-04-28,Seats,Interior,120,642,19,594,583,0,898,-898,0,14,None,0.0,0,0
2026-04-28,Nuts,Fastener_Cooling,120,13265,723,13202,13365,823,18571,-17748,0,6,None,0.0,0,0
2026-04-28,ECU,Electrical,120,120,13602,130,135,13617,252,13365,0,20,None,0.0,0,0
2026-04-28,Radiator,Fastener_Cooling,120,120,7394,123,118,7392,210,7182,0,15,None,0.0,0,0
2026-04-29,Engine,Powertrain,126,111,12609,114,112,12610,233,12377,0,18,None,0.0,0,0
2026-04-29,Battery,Powertrain,126,15,7944,14,13,7942,100,7842,0,25,None,0.0,0,0
2026-04-29,Transmission,Powertrain,126,126,9955,135,134,9963,264,9699,0,22,None,0.0,0,0
2026-04-29,Brake_Pads,Chassis,126,504,0,498,505,1,882,-881,0,12,None,0.0,0,0
2026-04-29,Wheels,Chassis,126,504,5264,431,438,5198,882,4316,0,10,None,0.0,0,0
2026-04-29,Tyres,Chassis,126,504,66,480,475,37,882,-845,0,9,None,0.0,0,0
2026-04-29,Seats,Interior,126,674,0,718,737,63,943,-880,0,14,None,0.0,0,0
2026-04-29,Nuts,Fastener_Cooling,126,13945,823,12616,12888,0,19523,-19523,0,6,None,0.0,0,0
2026-04-29,ECU,Electrical,126,126,13617,131,134,13625,264,13361,0,20,None,0.0,0,0
2026-04-29,Radiator,Fastener_Cooling,126,126,7392,115,118,7384,220,7164,0,15,None,0.0,0,0
2026-04-30,Engine,Powertrain,137,122,12610,107,112,12600,256,12344,0,18,None,0.0,0,0
2026-04-30,Battery,Powertrain,137,15,7942,14,13,7940,100,7840,0,25,None,0.0,0,0
2026-04-30,Transmission,Powertrain,137,137,9963,117,112,9938,287,9651,0,22,None,0.0,0,0
2026-04-30,Brake_Pads,Chassis,137,548,1,580,572,25,959,-934,0,12,None,0.0,0,0
2026-04-30,Wheels,Chassis,137,548,5198,553,304,4954,959,3995,1,10,None,0.0,0,0
2026-04-30,Tyres,Chassis,137,548,37,588,573,62,959,-897,0,9,None,0.0,0,0
2026-04-30,Seats,Interior,137,733,63,695,667,0,1026,-1026,0,14,None,0.0,0,0
2026-04-30,Nuts,Fastener_Cooling,137,15115,0,16302,16894,1779,21161,-19382,0,6,None,0.0,0,0
2026-04-30,ECU,Electrical,137,137,13625,139,132,13620,287,13333,0,20,None,0.0,0,0
2026-04-30,Radiator,Fastener_Cooling,137,137,7384,140,138,7385,239,7146,0,15,None,0.0,0,0
2026-05-01,Engine,Powertrain,122,106,12600,105,106,12600,222,12378,0,18,None,0.0,0,0
2026-05-01,Battery,Powertrain,122,16,7940,17,17,7941,100,7841,0,25,None,0.0,0,0
2026-05-01,Transmission,Powertrain,122,122,9938,121,119,9935,256,9679,0,22,None,0.0,0,0
2026-05-01,Brake_Pads,Chassis,122,488,25,482,460,0,854,-854,0,12,None,0.0,0,0
2026-05-01,Wheels,Chassis,122,488,4954,465,458,4924,854,4070,0,10,None,0.0,0,0
2026-05-01,Tyres,Chassis,122,488,62,522,506,80,854,-774,0,9,None,0.0,0,0
2026-05-01,Seats,Interior,122,656,0,585,589,0,918,-918,0,14,None,0.0,0,0
2026-05-01,Nuts,Fastener_Cooling,122,13555,1779,14591,14311,2535,18977,-16442,0,6,None,0.0,0,0
2026-05-01,ECU,Electrical,122,122,13620,130,125,13623,256,13367,0,20,None,0.0,0,0
2026-05-01,Radiator,Fastener_Cooling,122,122,7385,127,120,7383,213,7170,0,15,None,0.0,0,0
2026-05-02,Engine,Powertrain,130,113,12600,107,107,12594,237,12357,0,18,None,0.0,0,1
2026-05-02,Battery,Powertrain,130,17,7941,15,14,7938,100,7838,0,25,None,0.0,0,1
2026-05-02,Transmission,Powertrain,130,130,9935,130,129,9934,273,9661,0,22,None,0.0,0,1
2026-05-02,Brake_Pads,Chassis,130,520,0,465,445,0,910,-910,0,12,None,0.0,0,1
2026-05-02,Wheels,Chassis,130,520,4924,443,427,4831,910,3921,0,10,None,0.0,0,1
2026-05-02,Tyres,Chassis,130,520,80,559,546,106,910,-804,0,9,None,0.0,0,1
2026-05-02,Seats,Interior,130,698,0,712,733,35,977,-942,0,14,None,0.0,0,1
2026-05-02,Nuts,Fastener_Cooling,130,14425,2535,15240,15960,4070,20195,-16125,0,6,None,0.0,0,1
2026-05-02,ECU,Electrical,130,130,13623,117,119,13612,273,13339,0,20,None,0.0,0,1
2026-05-02,Radiator,Fastener_Cooling,130,130,7383,119,123,7376,227,7149,0,15,None,0.0,0,1
2026-05-03,Engine,Powertrain,135,119,12594,120,121,12596,249,12347,0,18,None,0.0,0,1
2026-05-03,Battery,Powertrain,135,16,7938,16,16,7938,100,7838,0,25,None,0.0,0,1
2026-05-03,Transmission,Powertrain,135,135,9934,131,134,9933,283,9650,0,22,None,0.0,0,1
2026-05-03,Brake_Pads,Chassis,135,540,0,520,511,0,945,-945,0,12,None,0.0,0,1
2026-05-03,Wheels,Chassis,135,540,4831,525,506,4797,945,3852,0,10,None,0.0,0,1
2026-05-03,Tyres,Chassis,135,540,106,472,451,17,945,-928,0,9,None,0.0,0,1
2026-05-03,Seats,Interior,135,725,35,742,750,60,1015,-955,0,14,None,0.0,0,1
2026-05-03,Nuts,Fastener_Cooling,135,14985,4070,14260,14686,3771,20979,-17208,0,6,None,0.0,0,1
2026-05-03,ECU,Electrical,135,135,13612,138,141,13618,283,13335,0,20,None,0.0,0,1
2026-05-03,Radiator,Fastener_Cooling,135,135,7376,133,136,7377,236,7141,0,15,None,0.0,0,1
2026-05-04,Engine,Powertrain,126,112,12596,102,101,12585,235,12350,0,18,None,0.0,0,0
2026-05-04,Battery,Powertrain,126,14,7938,15,15,7939,100,7839,0,25,None,0.0,0,0
2026-05-04,Transmission,Powertrain,126,126,9933,121,124,9931,264,9667,0,22,None,0.0,0,0
2026-05-04,Brake_Pads,Chassis,126,504,0,496,475,0,882,-882,0,12,None,0.0,0,0
2026-05-04,Wheels,Chassis,126,504,4797,480,462,4755,882,3873,0,10,None,0.0,0,0
2026-05-04,Tyres,Chassis,126,504,17,527,532,45,882,-837,0,9,None,0.0,0,0
2026-05-04,Seats,Interior,126,676,60,664,693,77,946,-869,0,14,None,0.0,0,0
2026-05-04,Nuts,Fastener_Cooling,126,13955,3771,13224,12969,2785,19537,-16752,0,6,None,0.0,0,0
2026-05-04,ECU,Electrical,126,126,13618,135,130,13622,264,13358,0,20,None,0.0,0,0
2026-05-04,Radiator,Fastener_Cooling,126,126,7377,111,107,7358,220,7138,0,15,None,0.0,0,0
2026-05-05,Engine,Powertrain,126,111,12585,119,114,12588,233,12355,0,18,None,0.0,0,0
2026-05-05,Battery,Powertrain,126,15,7939,14,14,7938,100,7838,0,25,None,0.0,0,0
2026-05-05,Transmission,Powertrain,126,126,9931,137,131,9936,264,9672,0,22,None,0.0,0,0
2026-05-05,Brake_Pads,Chassis,126,504,0,509,485,0,882,-882,0,12,None,0.0,0,0
2026-05-05,Wheels,Chassis,126,504,4755,516,524,4775,882,3893,0,10,None,0.0,0,0
2026-05-05,Tyres,Chassis,126,504,45,470,472,13,882,-869,0,9,None,0.0,0,0
2026-05-05,Seats,Interior,126,676,77,601,612,13,946,-933,0,14,None,0.0,0,0
2026-05-05,Nuts,Fastener_Cooling,126,13950,2785,11915,11539,374,19530,-19156,0,6,None,0.0,0,0
2026-05-05,ECU,Electrical,126,126,13622,115,117,13613,264,13349,0,20,None,0.0,0,0
2026-05-05,Radiator,Fastener_Cooling,126,126,7358,109,109,7341,220,7121,0,15,None,0.0,0,0
2026-05-06,Engine,Powertrain,122,107,12588,95,97,12578,224,12354,0,18,None,0.0,0,0
2026-05-06,Battery,Powertrain,122,15,7938,13,13,7936,100,7836,0,25,None,0.0,0,0
2026-05-06,Transmission,Powertrain,122,122,9936,127,127,9941,256,9685,0,22,None,0.0,0,0
2026-05-06,Brake_Pads,Chassis,122,488,0,513,523,35,854,-819,0,12,None,0.0,0,0
2026-05-06,Wheels,Chassis,122,488,4775,459,479,4766,854,3912,0,10,None,0.0,0,0
2026-05-06,Tyres,Chassis,122,488,13,475,475,0,854,-854,0,9,None,0.0,0,0
2026-05-06,Seats,Interior,122,654,13,651,640,0,915,-915,0,14,None,0.0,0,0
2026-05-06,Nuts,Fastener_Cooling,122,13525,374,12509,12155,0,18935,-18935,0,6,None,0.0,0,0
2026-05-06,ECU,Electrical,122,122,13613,124,122,13613,256,13357,0,20,None,0.0,0,0
2026-05-06,Radiator,Fastener_Cooling,122,122,7341,113,108,7327,213,7114,0,15,None,0.0,0,0
2026-05-07,Engine,Powertrain,124,110,12578,105,109,12577,231,12346,0,18,None,0.0,0,0
2026-05-07,Battery,Powertrain,124,14,7936,14,13,7935,100,7835,0,25,None,0.0,0,0
2026-05-07,Transmission,Powertrain,124,124,9941,128,134,9951,260,9691,0,22,None,0.0,0,0
2026-05-07,Brake_Pads,Chassis,124,496,35,535,554,93,868,-775,0,12,None,0.0,0,0
2026-05-07,Wheels,Chassis,124,496,4766,492,478,4748,868,3880,0,10,None,0.0,0,0
2026-05-07,Tyres,Chassis,124,496,0,535,560,64,868,-804,0,9,None,0.0,0,0
2026-05-07,Seats,Interior,124,666,0,639,658,0,932,-932,0,14,None,0.0,0,0
2026-05-07,Nuts,Fastener_Cooling,124,13735,0,14049,13952,217,19229,-19012,0,6,None,0.0,0,0
2026-05-07,ECU,Electrical,124,124,13613,119,116,13605,260,13345,0,20,None,0.0,0,0
2026-05-07,Radiator,Fastener_Cooling,124,124,7327,126,122,7325,217,7108,0,15,None,0.0,0,0
2026-05-08,Engine,Powertrain,130,115,12577,99,94,12556,241,12315,0,18,None,0.0,0,0
2026-05-08,Battery,Powertrain,130,15,7935,13,13,7933,100,7833,0,25,None,0.0,0,0
2026-05-08,Transmission,Powertrain,130,130,9951,132,134,9955,273,9682,0,22,None,0.0,0,0
2026-05-08,Brake_Pads,Chassis,130,520,93,549,550,123,910,-787,0,12,None,0.0,0,0
2026-05-08,Wheels,Chassis,130,520,4748,554,304,4532,910,3622,1,10,None,0.0,0,0
2026-05-08,Tyres,Chassis,130,520,64,562,584,128,910,-782,0,9,None,0.0,0,0
2026-05-08,Seats,Interior,130,698,0,756,722,24,977,-953,0,14,None,0.0,0,0
2026-05-08,Nuts,Fastener_Cooling,130,14365,217,14657,15155,1007,20111,-19104,0,6,None,0.0,0,0
2026-05-08,ECU,Electrical,130,130,13605,118,112,13587,273,13314,0,20,None,0.0,0,0
2026-05-08,Radiator,Fastener_Cooling,130,130,7325,125,123,7318,227,7091,0,15,None,0.0,0,0
2026-05-09,Engine,Powertrain,134,118,12556,115,110,12548,247,12301,0,18,None,0.0,0,1
2026-05-09,Battery,Powertrain,134,16,7933,17,17,7934,100,7834,0,25,None,0.0,0,1
2026-05-09,Transmission,Powertrain,134,134,9955,130,124,9945,281,9664,0,22,None,0.0,0,1
2026-05-09,Brake_Pads,Chassis,134,536,123,566,544,131,938,-807,0,12,None,0.0,0,1
2026-05-09,Wheels,Chassis,134,536,4532,530,548,4544,938,3606,0,10,None,0.0,0,1
2026-05-09,Tyres,Chassis,134,536,128,542,563,155,938,-783,0,9,None,0.0,0,1
2026-05-09,Seats,Interior,134,722,24,698,683,0,1010,-1010,0,14,None,0.0,0,1
2026-05-09,Nuts,Fastener_Cooling,134,14870,1007,16075,16365,2502,20818,-18316,0,6,None,0.0,0,1
2026-05-09,ECU,Electrical,134,134,13587,133,126,13579,281,13298,0,20,None,0.0,0,1
2026-05-09,Radiator,Fastener_Cooling,134,134,7318,144,137,7321,234,7087,0,15,None,0.0,0,1
2026-05-10,Engine,Powertrain,137,121,12548,114,112,12539,254,12285,0,18,None,0.0,0,1
2026-05-10,Battery,Powertrain,137,16,7934,15,15,7933,100,7833,0,25,None,0.0,0,1
2026-05-10,Transmission,Powertrain,137,137,9945,142,136,9944,287,9657,0,22,None,0.0,0,1
2026-05-10,Brake_Pads,Chassis,137,548,131,487,473,56,959,-903,0,12,None,0.0,0,1
2026-05-10,Wheels,Chassis,137,548,4544,512,488,4484,959,3525,0,10,None,0.0,0,1
2026-05-10,Tyres,Chassis,137,548,155,558,583,190,959,-769,0,9,None,0.0,0,1
2026-05-10,Seats,Interior,137,737,0,729,726,0,1031,-1031,0,14,None,0.0,0,1
2026-05-10,Nuts,Fastener_Cooling,137,15190,2502,14521,14586,1898,21266,-19368,0,6,None,0.0,0,1
2026-05-10,ECU,Electrical,137,137,13579,126,130,13572,287,13285,0,20,None,0.0,0,1
2026-05-10,Radiator,Fastener_Cooling,137,137,7321,121,123,7307,239,7068,0,15,None,0.0,0,1
2026-05-11,Engine,Powertrain,130,116,12539,125,127,12550,243,12307,0,18,None,0.0,0,0
2026-05-11,Battery,Powertrain,130,14,7933,13,12,7931,100,7831,0,25,None,0.0,0,0
2026-05-11,Transmission,Powertrain,130,130,9944,139,143,9957,273,9684,0,22,None,0.0,0,0
2026-05-11,Brake_Pads,Chassis,130,520,56,491,513,49,910,-861,0,12,None,0.0,0,0
2026-05-11,Wheels,Chassis,130,520,4484,484,469,4433,910,3523,0,10,None,0.0,0,0
2026-05-11,Tyres,Chassis,130,520,190,489,500,170,910,-740,0,9,None,0.0,0,0
2026-05-11,Seats,Interior,130,700,0,675,662,0,980,-980,0,14,None,0.0,0,0
2026-05-11,Nuts,Fastener_Cooling,130,14395,1898,13139,13136,639,20153,-19514,0,6,None,0.0,0,0
2026-05-11,ECU,Electrical,130,130,13572,112,116,13558,273,13285,0,20,None,0.0,0,0
2026-05-11,Radiator,Fastener_Cooling,130,130,7307,135,140,7317,227,7090,0,15,None,0.0,0,0
2026-05-12,Engine,Powertrain,121,107,12550,94,51,12494,224,12270,1,18,None,0.0,0,0
2026-05-12,Battery,Powertrain,121,14,7931,15,15,7932,100,7832,0,25,None,0.0,0,0
2026-05-12,Transmission,Powertrain,121,121,9957,104,99,9935,254,9681,0,22,None,0.0,0,0
2026-05-12,Brake_Pads,Chassis,121,484,49,496,490,55,847,-792,0,12,None,0.0,0,0
2026-05-12,Wheels,Chassis,121,484,4433,508,526,4475,847,3628,0,10,None,0.0,0,0
2026-05-12,Tyres,Chassis,121,484,170,501,519,205,847,-642,0,9,None,0.0,0,0
2026-05-12,Seats,Interior,121,651,0,579,571,0,911,-911,0,14,None,0.0,0,0
2026-05-12,Nuts,Fastener_Cooling,121,13435,639,11539,11913,0,18809,-18809,0,6,None,0.0,0,0
2026-05-12,ECU,Electrical,121,121,13558,122,126,13563,254,13309,0,20,None,0.0,0,0
2026-05-12,Radiator,Fastener_Cooling,121,121,7317,123,128,7324,211,7113,0,15,None,0.0,0,0
2026-05-13,Engine,Powertrain,121,105,12494,96,100,12489,220,12269,0,18,None,0.0,0,0
2026-05-13,Battery,Powertrain,121,16,7932,14,14,7930,100,7830,0,25,None,0.0,0,0
2026-05-13,Transmission,Powertrain,121,121,9935,114,115,9929,254,9675,0,22,None,0.0,0,0
2026-05-13,Brake_Pads,Chassis,121,484,55,489,488,59,847,-788,0,12,None,0.0,0,0
2026-05-13,Wheels,Chassis,121,484,4475,494,515,4506,847,3659,0,10,None,0.0,0,0
2026-05-13,Tyres,Chassis,121,484,205,464,255,0,847,-847,1,9,None,0.0,0,0
2026-05-13,Seats,Interior,121,649,0,585,584,0,908,-908,0,14,None,0.0,0,0
2026-05-13,Nuts,Fastener_Cooling,121,13420,0,13584,13263,0,18788,-18788,0,6,None,0.0,0,0
2026-05-13,ECU,Electrical,121,121,13563,108,112,13554,254,13300,0,20,None,0.0,0,0
2026-05-13,Radiator,Fastener_Cooling,121,121,7324,104,99,7302,211,7091,0,15,None,0.0,0,0
2026-05-14,Engine,Powertrain,117,103,12489,111,111,12497,216,12281,0,18,None,0.0,0,0
2026-05-14,Battery,Powertrain,117,14,7930,14,13,7929,100,7829,0,25,None,0.0,0,0
2026-05-14,Transmission,Powertrain,117,117,9929,105,108,9920,245,9675,0,22,None,0.0,0,0
2026-05-14,Brake_Pads,Chassis,117,468,59,420,405,0,819,-819,0,12,None,0.0,0,0
2026-05-14,Wheels,Chassis,117,468,4506,474,479,4517,819,3698,0,10,None,0.0,0,0
2026-05-14,Tyres,Chassis,117,468,0,412,421,0,819,-819,0,9,None,0.0,0,0
2026-05-14,Seats,Interior,117,629,0,620,610,0,880,-880,0,14,None,0.0,0,0
2026-05-14,Nuts,Fastener_Cooling,117,12960,0,13712,13651,691,18144,-17453,0,6,None,0.0,0,0
2026-05-14,ECU,Electrical,117,117,13554,125,125,13562,245,13317,0,20,None,0.0,0,0
2026-05-14,Radiator,Fastener_Cooling,117,117,7302,124,126,7311,204,7107,0,15,None,0.0,0,0
2026-05-15,Engine,Powertrain,120,104,12497,91,90,12483,218,12265,0,18,None,0.0,0,0
2026-05-15,Battery,Powertrain,120,16,7929,14,13,7926,100,7826,0,25,None,0.0,0,0
2026-05-15,Transmission,Powertrain,120,120,9920,113,110,9910,252,9658,0,22,None,0.0,0,0
2026-05-15,Brake_Pads,Chassis,120,480,0,495,515,35,840,-805,0,12,None,0.0,0,0
2026-05-15,Wheels,Chassis,120,480,4517,519,501,4538,840,3698,0,10,None,0.0,0,0
2026-05-15,Tyres,Chassis,120,480,0,457,456,0,840,-840,0,9,None,0.0,0,0
2026-05-15,Seats,Interior,120,646,0,675,645,0,904,-904,0,14,None,0.0,0,0
2026-05-15,Nuts,Fastener_Cooling,120,13325,691,13874,13922,1288,18655,-17367,0,6,None,0.0,0,0
2026-05-15,ECU,Electrical,120,120,13562,103,97,13539,252,13287,0,20,None,0.0,0,0
2026-05-15,Radiator,Fastener_Cooling,120,120,7311,116,112,7303,210,7093,0,15,None,0.0,0,0
2026-05-16,Engine,Powertrain,129,113,12483,116,112,12482,237,12245,0,18,None,0.0,0,1
2026-05-16,Battery,Powertrain,129,16,7926,17,17,7927,100,7827,0,25,None,0.0,0,1
2026-05-16,Transmission,Powertrain,129,129,9910,131,136,9917,270,9647,0,22,None,0.0,0,1
2026-05-16,Brake_Pads,Chassis,129,516,35,458,437,0,903,-903,0,12,None,0.0,0,1
2026-05-16,Wheels,Chassis,129,516,4538,467,470,4492,903,3589,0,10,None,0.0,0,1
2026-05-16,Tyres,Chassis,129,516,0,506,278,0,903,-903,1,9,None,0.0,0,1
2026-05-16,Seats,Interior,129,691,0,712,702,11,967,-956,0,14,None,0.0,0,1
2026-05-16,Nuts,Fastener_Cooling,129,14305,1288,13035,13039,22,20027,-20005,0,6,None,0.0,0,1
2026-05-16,ECU,Electrical,129,129,13539,134,139,13549,270,13279,0,20,None,0.0,0,1
2026-05-16,Radiator,Fastener_Cooling,129,129,7303,109,104,7278,225,7053,0,15,None,0.0,0,1
2026-05-17,Engine,Powertrain,133,118,12482,101,103,12467,247,12220,0,18,None,0.0,0,1
2026-05-17,Battery,Powertrain,133,15,7927,14,14,7926,100,7826,0,25,None,0.0,0,1
2026-05-17,Transmission,Powertrain,133,133,9917,139,133,9917,279,9638,0,22,None,0.0,0,1
2026-05-17,Brake_Pads,Chassis,133,532,0,572,552,20,931,-911,0,12,None,0.0,0,1
2026-05-17,Wheels,Chassis,133,532,4492,537,517,4477,931,3546,0,10,None,0.0,0,1
2026-05-17,Tyres,Chassis,133,532,0,485,497,0,931,-931,0,9,None,0.0,0,1
2026-05-17,Seats,Interior,133,715,11,681,697,0,1001,-1001,0,14,None,0.0,0,1
2026-05-17,Nuts,Fastener_Cooling,133,14730,22,13295,12664,0,20622,-20622,0,6,None,0.0,0,1
2026-05-17,ECU,Electrical,133,133,13549,142,140,13556,279,13277,0,20,None,0.0,0,1
2026-05-17,Radiator,Fastener_Cooling,133,133,7278,125,123,7268,232,7036,0,15,None,0.0,0,1
2026-05-18,Engine,Powertrain,125,110,12467,105,102,12459,231,12228,0,18,None,0.0,0,0
2026-05-18,Battery,Powertrain,125,15,7926,15,15,7926,100,7826,0,25,None,0.0,0,0
2026-05-18,Transmission,Powertrain,125,125,9917,112,117,9909,262,9647,0,22,None,0.0,0,0
2026-05-18,Brake_Pads,Chassis,125,500,20,510,522,42,875,-833,0,12,None,0.0,0,0
2026-05-18,Wheels,Chassis,125,500,4477,434,444,4421,875,3546,0,10,None,0.0,0,0
2026-05-18,Tyres,Chassis,125,500,0,545,557,57,875,-818,0,9,None,0.0,0,0
2026-05-18,Seats,Interior,125,673,0,678,677,4,942,-938,0,14,None,0.0,0,0
2026-05-18,Nuts,Fastener_Cooling,125,13875,0,14634,13953,78,19425,-19347,0,6,None,0.0,0,0
2026-05-18,ECU,Electrical,125,125,13556,110,114,13545,262,13283,0,20,None,0.0,0,0
2026-05-18,Radiator,Fastener_Cooling,125,125,7268,120,125,7268,218,7050,0,15,None,0.0,0,0
2026-05-19,Engine,Powertrain,123,109,12459,104,102,12452,228,12224,0,18,None,0.0,0,0
2026-05-19,Battery,Powertrain,123,14,7926,12,12,7924,100,7824,0,25,None,0.0,0,0
2026-05-19,Transmission,Powertrain,123,123,9909,133,130,9916,258,9658,0,22,None,0.0,0,0
2026-05-19,Brake_Pads,Chassis,123,492,42,435,428,0,861,-861,0,12,None,0.0,0,0
2026-05-19,Wheels,Chassis,123,492,4421,535,518,4447,861,3586,0,10,None,0.0,0,0
2026-05-19,Tyres,Chassis,123,492,57,435,438,3,861,-858,0,9,None,0.0,0,0
2026-05-19,Seats,Interior,123,665,4,579,593,0,931,-931,0,14,None,0.0,0,0
2026-05-19,Nuts,Fastener_Cooling,123,13685,78,12708,12811,0,19159,-19159,0,6,None,0.0,0,0
2026-05-19,ECU,Electrical,123,123,13545,106,107,13529,258,13271,0,20,None,0.0,0,0
2026-05-19,Radiator,Fastener_Cooling,123,123,7268,117,115,7260,215,7045,0,15,None,0.0,0,0
2026-05-20,Engine,Powertrain,121,106,12452,102,104,12450,222,12228,0,18,None,0.0,0,0
2026-05-20,Battery,Powertrain,121,15,7924,14,14,7923,100,7823,0,25,None,0.0,0,0
2026-05-20,Transmission,Powertrain,121,121,9916,120,122,9917,254,9663,0,22,None,0.0,0,0
2026-05-20,Brake_Pads,Chassis,121,484,0,488,493,9,847,-838,0,12,None,0.0,0,0
2026-05-20,Wheels,Chassis,121,484,4447,531,552,4515,847,3668,0,10,None,0.0,0,0
2026-05-20,Tyres,Chassis,121,484,3,493,484,3,847,-844,0,9,None,0.0,0,0
2026-05-20,Seats,Interior,121,647,0,654,630,0,905,-905,0,14,None,0.0,0,0
2026-05-20,Nuts,Fastener_Cooling,121,13360,0,12336,12729,0,18704,-18704,0,6,None,0.0,0,0
2026-05-20,ECU,Electrical,121,121,13529,104,105,13513,254,13259,0,20,None,0.0,0,0
2026-05-20,Radiator,Fastener_Cooling,121,121,7260,121,124,7263,211,7052,0,15,None,0.0,0,0
2026-05-21,Engine,Powertrain,123,108,12450,92,87,12429,226,12203,0,18,None,0.0,0,0
2026-05-21,Battery,Powertrain,123,15,7923,13,13,7921,100,7821,0,25,None,0.0,0,0
2026-05-21,Transmission,Powertrain,123,123,9917,115,114,9908,258,9650,0,22,None,0.0,0,0
2026-05-21,Brake_Pads,Chassis,123,492,9,540,550,67,861,-794,0,12,None,0.0,0,0
2026-05-21,Wheels,Chassis,123,492,4515,461,439,4462,861,3601,0,10,None,0.0,0,0
2026-05-21,Tyres,Chassis,123,492,3,490,512,23,861,-838,0,9,None,0.0,0,0
2026-05-21,Seats,Interior,123,661,0,602,572,0,925,-925,0,14,None,0.0,0,0
2026-05-21,Nuts,Fastener_Cooling,123,13630,0,14978,14784,1154,19082,-17928,0,6,None,0.0,0,0
2026-05-21,ECU,Electrical,123,123,13513,106,106,13496,258,13238,0,20,None,0.0,0,0
2026-05-21,Radiator,Fastener_Cooling,123,123,7263,105,106,7246,215,7031,0,15,None,0.0,0,0
2026-05-22,Engine,Powertrain,121,106,12429,92,89,12412,222,12190,0,18,None,0.0,0,0
2026-05-22,Battery,Powertrain,121,15,7921,15,14,7920,100,7820,0,25,None,0.0,0,0
2026-05-22,Transmission,Powertrain,121,121,9908,119,117,9904,254,9650,0,22,None,0.0,0,0
2026-05-22,Brake_Pads,Chassis,121,484,67,492,493,76,847,-771,0,12,None,0.0,0,0
2026-05-22,Wheels,Chassis,121,484,4462,472,486,4464,847,3617,0,10,None,0.0,0,0
2026-05-22,Tyres,Chassis,121,484,23,509,511,50,847,-797,0,9,None,0.0,0,0
2026-05-22,Seats,Interior,121,651,0,692,674,23,911,-888,0,14,None,0.0,0,0
2026-05-22,Nuts,Fastener_Cooling,121,13460,1154,11885,12373,67,18844,-18777,0,6,None,0.0,0,0
2026-05-22,ECU,Electrical,121,121,13496,117,111,13486,254,13232,0,20,None,0.0,0,0
2026-05-22,Radiator,Fastener_Cooling,121,121,7246,131,130,7255,211,7044,0,15,None,0.0,0,0
2026-05-23,Engine,Powertrain,137,120,12412,122,119,12411,252,12159,0,18,None,0.0,0,1
2026-05-23,Battery,Powertrain,137,17,7920,15,15,7918,100,7818,0,25,None,0.0,0,1
2026-05-23,Transmission,Powertrain,137,137,9904,150,151,9918,287,9631,0,22,None,0.0,0,1
2026-05-23,Brake_Pads,Chassis,137,548,76,506,507,35,959,-924,0,12,None,0.0,0,1
2026-05-23,Wheels,Chassis,137,548,4464,571,551,4467,959,3508,0,10,None,0.0,0,1
2026-05-23,Tyres,Chassis,137,548,50,557,533,35,959,-924,0,9,None,0.0,0,1
2026-05-23,Seats,Interior,137,735,23,772,774,62,1029,-967,0,14,None,0.0,0,1
2026-05-23,Nuts,Fastener_Cooling,137,15170,67,13251,13183,0,21238,-21238,0,6,None,0.0,0,1
2026-05-23,ECU,Electrical,137,137,13486,119,124,13473,287,13186,0,20,None,0.0,0,1
2026-05-23,Radiator,Fastener_Cooling,137,137,7255,116,114,7232,239,6993,0,15,None,0.0,0,1
2026-05-24,Engine,Powertrain,139,124,12411,135,137,12424,260,12164,0,18,None,0.0,0,1
2026-05-24,Battery,Powertrain,139,15,7918,16,15,7918,100,7818,0,25,None,0.0,0,1
2026-05-24,Transmission,Powertrain,139,139,9918,144,145,9924,291,9633,0,22,None,0.0,0,1
2026-05-24,Brake_Pads,Chassis,139,556,35,576,562,41,973,-932,0,12,None,0.0,0,1
2026-05-24,Wheels,Chassis,139,556,4467,591,577,4488,973,3515,0,10,None,0.0,0,1
2026-05-24,Tyres,Chassis,139,556,35,592,581,60,973,-913,0,9,None,0.0,0,1
2026-05-24,Seats,Interior,139,747,62,796,793,108,1045,-937,0,14,None,0.0,0,1
2026-05-24,Nuts,Fastener_Cooling,139,15395,0,13125,12723,0,21553,-21553,0,6,None,0.0,0,1
2026-05-24,ECU,Electrical,139,139,13473,146,146,13480,291,13189,0,20,None,0.0,0,1
2026-05-24,Radiator,Fastener_Cooling,139,139,7232,150,148,7241,243,6998,0,15,None,0.0,0,1
2026-05-25,Engine,Powertrain,120,106,12424,115,113,12431,222,12209,0,18,None,0.0,0,0
2026-05-25,Battery,Powertrain,120,14,7918,14,13,7917,100,7817,0,25,None,0.0,0,0
2026-05-25,Transmission,Powertrain,120,120,9924,127,123,9927,252,9675,0,22,None,0.0,0,0
2026-05-25,Brake_Pads,Chassis,120,480,41,430,445,6,840,-834,0,12,None,0.0,0,0
2026-05-25,Wheels,Chassis,120,480,4488,473,475,4483,840,3643,0,10,None,0.0,0,0
2026-05-25,Tyres,Chassis,120,480,60,428,437,17,840,-823,0,9,None,0.0,0,0
2026-05-25,Seats,Interior,120,646,108,571,585,47,904,-857,0,14,None,0.0,0,0
2026-05-25,Nuts,Fastener_Cooling,120,13345,0,13326,13372,27,18683,-18656,0,6,None,0.0,0,0
2026-05-25,ECU,Electrical,120,120,13480,118,113,13473,252,13221,0,20,None,0.0,0,0
2026-05-25,Radiator,Fastener_Cooling,120,120,7241,113,113,7234,210,7024,0,15,None,0.0,0,0
2026-05-26,Engine,Powertrain,130,116,12431,108,103,12418,243,12175,0,18,None,0.0,0,0
2026-05-26,Battery,Powertrain,130,14,7917,13,13,7916,100,7816,0,25,None,0.0,0,0
2026-05-26,Transmission,Powertrain,130,130,9927,111,109,9906,273,9633,0,22,None,0.0,0,0
2026-05-26,Brake_Pads,Chassis,130,520,6,520,511,0,910,-910,0,12,None,0.0,0,0
2026-05-26,Wheels,Chassis,130,520,4483,561,561,4524,910,3614,0,10,None,0.0,0,0
2026-05-26,Tyres,Chassis,130,520,17,493,509,6,910,-904,0,9,None,0.0,0,0
2026-05-26,Seats,Interior,130,700,47,611,583,0,980,-980,0,14,None,0.0,0,0
2026-05-26,Nuts,Fastener_Cooling,130,14405,27,15207,14856,478,20167,-19689,0,6,None,0.0,0,0
2026-05-26,ECU,Electrical,130,130,13473,129,130,13473,273,13200,0,20,None,0.0,0,0
2026-05-26,Radiator,Fastener_Cooling,130,130,7234,125,122,7226,227,6999,0,15,None,0.0,0,0
2026-05-27,Engine,Powertrain,125,109,12418,96,99,12408,228,12180,0,18,None,0.0,0,0
2026-05-27,Battery,Powertrain,125,16,7916,16,15,7915,100,7815,0,25,None,0.0,0,0
2026-05-27,Transmission,Powertrain,125,125,9906,122,117,9898,262,9636,0,22,None,0.0,0,0
2026-05-27,Brake_Pads,Chassis,125,500,0,521,545,45,875,-830,0,12,None,0.0,0,0
2026-05-27,Wheels,Chassis,125,500,4524,476,467,4491,875,3616,0,10,None,0.0,0,0
2026-05-27,Tyres,Chassis,125,500,6,498,516,22,875,-853,0,9,None,0.0,0,0
2026-05-27,Seats,Interior,125,675,0,665,662,0,945,-945,0,14,None,0.0,0,0
2026-05-27,Nuts,Fastener_Cooling,125,13945,478,13739,13166,0,19523,-19523,0,6,None,0.0,0,0
2026-05-27,ECU,Electrical,125,125,13473,122,117,13465,262,13203,0,20,None,0.0,0,0
2026-05-27,Radiator,Fastener_Cooling,125,125,7226,112,114,7215,218,6997,0,15,None,0.0,0,0
2026-05-28,Engine,Powertrain,123,109,12408,111,109,12408,228,12180,0,18,None,0.0,0,0
2026-05-28,Battery,Powertrain,123,14,7915,13,12,7913,100,7813,0,25,None,0.0,0,0
2026-05-28,Transmission,Powertrain,123,123,9898,116,114,9889,258,9631,0,22,None,0.0,0,0
2026-05-28,Brake_Pads,Chassis,123,492,45,505,510,63,861,-798,0,12,None,0.0,0,0
2026-05-28,Wheels,Chassis,123,492,4491,418,403,4402,861,3541,0,10,None,0.0,0,0
2026-05-28,Tyres,Chassis,123,492,22,500,479,9,861,-852,0,9,None,0.0,0,0
2026-05-28,Seats,Interior,123,667,0,731,718,51,933,-882,0,14,None,0.0,0,0
2026-05-28,Nuts,Fastener_Cooling,123,13740,0,12499,11895,0,19236,-19236,0,6,None,0.0,0,0
2026-05-28,ECU,Electrical,123,123,13465,109,107,13449,258,13191,0,20,None,0.0,0,0
2026-05-28,Radiator,Fastener_Cooling,123,123,7215,116,113,7205,215,6990,0,15,None,0.0,0,0
2026-05-29,Engine,Powertrain,126,112,12408,103,99,12395,235,12160,0,18,None,0.0,0,0
2026-05-29,Battery,Powertrain,126,14,7913,14,14,7913,100,7813,0,25,None,0.0,0,0
2026-05-29,Transmission,Powertrain,126,126,9889,133,135,9898,264,9634,0,22,None,0.0,0,0
2026-05-29,Brake_Pads,Chassis,126,504,63,477,453,12,882,-870,0,12,None,0.0,0,0
2026-05-29,Wheels,Chassis,126,504,4402,445,433,4331,882,3449,0,10,None,0.0,0,0
2026-05-29,Tyres,Chassis,126,504,9,531,506,11,882,-871,0,9,None,0.0,0,0
2026-05-29,Seats,Interior,126,676,51,673,370,0,946,-946,1,14,None,0.0,0,0
2026-05-29,Nuts,Fastener_Cooling,126,13955,0,14658,15351,1396,19537,-18141,0,6,None,0.0,0,0
2026-05-29,ECU,Electrical,126,126,13449,112,116,13439,264,13175,0,20,None,0.0,0,0
2026-05-29,Radiator,Fastener_Cooling,126,126,7205,120,122,7201,220,6981,0,15,None,0.0,0,0
2026-05-30,Engine,Powertrain,141,123,12395,111,113,12385,258,12127,0,18,None,0.0,0,1
2026-05-30,Battery,Powertrain,141,18,7913,15,14,7909,100,7809,0,25,None,0.0,0,1
2026-05-30,Transmission,Powertrain,141,141,9898,147,154,9911,296,9615,0,22,None,0.0,0,1
2026-05-30,Brake_Pads,Chassis,141,564,12,500,521,0,987,-987,0,12,None,0.0,0,1
2026-05-30,Wheels,Chassis,141,564,4331,529,507,4274,987,3287,0,10,None,0.0,0,1
2026-05-30,Tyres,Chassis,141,564,11,510,518,0,987,-987,0,9,None,0.0,0,1
2026-05-30,Seats,Interior,141,755,0,713,733,0,1057,-1057,0,14,None,0.0,0,1
2026-05-30,Nuts,Fastener_Cooling,141,15605,1396,13842,13786,0,21847,-21847,0,6,None,0.0,0,1
2026-05-30,ECU,Electrical,141,141,13439,121,124,13422,296,13126,0,20,None,0.0,0,1
2026-05-30,Radiator,Fastener_Cooling,141,141,7201,143,137,7197,246,6951,0,15,None,0.0,0,1
2026-05-31,Engine,Powertrain,138,122,12385,117,116,12379,256,12123,0,18,None,0.0,0,1
2026-05-31,Battery,Powertrain,138,16,7909,15,14,7907,100,7807,0,25,None,0.0,0,1
2026-05-31,Transmission,Powertrain,138,138,9911,121,125,9898,289,9609,0,22,None,0.0,0,1
2026-05-31,Brake_Pads,Chassis,138,552,0,523,510,0,966,-966,0,12,None,0.0,0,1
2026-05-31,Wheels,Chassis,138,552,4274,516,504,4226,966,3260,0,10,None,0.0,0,1
2026-05-31,Tyres,Chassis,138,552,0,606,583,31,966,-935,0,9,None,0.0,0,1
2026-05-31,Seats,Interior,138,738,0,791,828,90,1033,-943,0,14,None,0.0,0,1
2026-05-31,Nuts,Fastener_Cooling,138,15240,0,15942,15667,427,21336,-20909,0,6,None,0.0,0,1
2026-05-31,ECU,Electrical,138,138,13422,134,136,13420,289,13131,0,20,None,0.0,0,1
2026-05-31,Radiator,Fastener_Cooling,138,138,7197,121,117,7176,241,6935,0,15,None,0.0,0,1
2026-06-01,Engine,Powertrain,121,108,12379,101,101,12372,226,12146,0,18,None,0.0,0,0
2026-06-01,Battery,Powertrain,121,13,7907,13,13,7907,100,7807,0,25,None,0.0,0,0
2026-06-01,Transmission,Powertrain,121,121,9898,103,106,9883,254,9629,0,22,None,0.0,0,0
2026-06-01,Brake_Pads,Chassis,121,484,0,488,467,0,847,-847,0,12,None,0.0,0,0
2026-06-01,Wheels,Chassis,121,484,4226,423,435,4177,847,3330,0,10,None,0.0,0,0
2026-06-01,Tyres,Chassis,121,484,31,421,414,0,847,-847,0,9,None,0.0,0,0
2026-06-01,Seats,Interior,121,649,90,711,707,148,908,-760,0,14,None,0.0,0,0
2026-06-01,Nuts,Fastener_Cooling,121,13365,427,11515,11505,0,18711,-18711,0,6,None,0.0,0,0
2026-06-01,ECU,Electrical,121,121,13420,121,126,13425,254,13171,0,20,None,0.0,0,0
2026-06-01,Radiator,Fastener_Cooling,121,121,7176,127,132,7187,211,6976,0,15,None,0.0,0,0
2026-06-02,Engine,Powertrain,123,109,12372,112,116,12379,228,12151,0,18,None,0.0,0,0
2026-06-02,Battery,Powertrain,123,14,7907,13,13,7906,100,7806,0,25,None,0.0,0,0
2026-06-02,Transmission,Powertrain,123,123,9883,114,112,9872,258,9614,0,22,None,0.0,0,0
2026-06-02,Brake_Pads,Chassis,123,492,0,474,487,0,861,-861,0,12,None,0.0,0,0
2026-06-02,Wheels,Chassis,123,492,4177,495,500,4185,861,3324,0,10,None,0.0,0,0
2026-06-02,Tyres,Chassis,123,492,0,418,404,0,861,-861,0,9,None,0.0,0,0
2026-06-02,Seats,Interior,123,663,148,705,710,195,928,-733,0,14,None,0.0,0,0
2026-06-02,Nuts,Fastener_Cooling,123,13670,0,14912,14264,594,19138,-18544,0,6,None,0.0,0,0
2026-06-02,ECU,Electrical,123,123,13425,123,123,13425,258,13167,0,20,None,0.0,0,0
2026-06-02,Radiator,Fastener_Cooling,123,123,7187,129,134,7198,215,6983,0,15,None,0.0,0,0
2026-06-03,Engine,Powertrain,122,107,12379,115,117,12389,224,12165,0,18,None,0.0,0,0
2026-06-03,Battery,Powertrain,122,15,7906,14,14,7905,100,7805,0,25,None,0.0,0,0
2026-06-03,Transmission,Powertrain,122,122,9872,120,118,9868,256,9612,0,22,None,0.0,0,0
2026-06-03,Brake_Pads,Chassis,122,488,0,488,483,0,854,-854,0,12,None,0.0,0,0
2026-06-03,Wheels,Chassis,122,488,4185,480,464,4161,854,3307,0,10,None,0.0,0,0
2026-06-03,Tyres,Chassis,122,488,0,418,431,0,854,-854,0,9,None,0.0,0,0
2026-06-03,Seats,Interior,122,658,195,572,558,95,921,-826,0,14,None,0.0,0,0
2026-06-03,Nuts,Fastener_Cooling,122,13545,594,14126,13520,569,18963,-18394,0,6,None,0.0,0,0
2026-06-03,ECU,Electrical,122,122,13425,115,117,13420,256,13164,0,20,None,0.0,0,0
2026-06-03,Radiator,Fastener_Cooling,122,122,7198,120,120,7196,213,6983,0,15,None,0.0,0,0
2026-06-04,Engine,Powertrain,127,112,12389,108,107,12384,235,12149,0,18,None,0.0,0,0
2026-06-04,Battery,Powertrain,127,15,7905,13,12,7902,100,7802,0,25,None,0.0,0,0
2026-06-04,Transmission,Powertrain,127,127,9868,129,134,9875,266,9609,0,22,None,0.0,0,0
2026-06-04,Brake_Pads,Chassis,127,508,0,500,512,4,889,-885,0,12,None,0.0,0,0
2026-06-04,Wheels,Chassis,127,508,4161,501,496,4149,889,3260,0,10,None,0.0,0,0
2026-06-04,Tyres,Chassis,127,508,0,439,418,0,889,-889,0,9,None,0.0,0,0
2026-06-04,Seats,Interior,127,683,95,736,713,125,956,-831,0,14,None,0.0,0,0
2026-06-04,Nuts,Fastener_Cooling,127,14105,569,14176,14826,1290,19747,-18457,0,6,None,0.0,0,0
2026-06-04,ECU,Electrical,127,127,13420,131,125,13418,266,13152,0,20,None,0.0,0,0
2026-06-04,Radiator,Fastener_Cooling,127,127,7196,137,139,7208,222,6986,0,15,None,0.0,0,0
2026-06-05,Engine,Powertrain,121,107,12384,95,95,12372,224,12148,0,18,None,0.0,0,0
2026-06-05,Battery,Powertrain,121,14,7902,13,13,7901,100,7801,0,25,None,0.0,0,0
2026-06-05,Transmission,Powertrain,121,121,9875,123,118,9872,254,9618,0,22,None,0.0,0,0
2026-06-05,Brake_Pads,Chassis,121,484,4,527,548,68,847,-779,0,12,None,0.0,0,0
2026-06-05,Wheels,Chassis,121,484,4149,423,423,4088,847,3241,0,10,None,0.0,0,0
2026-06-05,Tyres,Chassis,121,484,0,515,508,24,847,-823,0,9,None,0.0,0,0
2026-06-05,Seats,Interior,121,649,125,584,610,86,908,-822,0,14,None,0.0,0,0
2026-06-05,Nuts,Fastener_Cooling,121,13380,1290,14397,14959,2869,18732,-15863,0,6,None,0.0,0,0
2026-06-05,ECU,Electrical,121,121,13418,126,123,13420,254,13166,0,20,None,0.0,0,0
2026-06-05,Radiator,Fastener_Cooling,121,121,7208,115,119,7206,211,6995,0,15,None,0.0,0,0
2026-06-06,Engine,Powertrain,135,119,12372,108,108,12361,249,12112,0,18,None,0.0,0,1
2026-06-06,Battery,Powertrain,135,16,7901,13,12,7897,100,7797,0,25,None,0.0,0,1
2026-06-06,Transmission,Powertrain,135,135,9872,132,72,9809,283,9526,1,22,None,0.0,0,1
2026-06-06,Brake_Pads,Chassis,135,540,68,555,538,66,945,-879,0,12,None,0.0,0,1
2026-06-06,Wheels,Chassis,135,540,4088,514,490,4038,945,3093,0,10,None,0.0,0,1
2026-06-06,Tyres,Chassis,135,540,24,552,555,39,945,-906,0,9,None,0.0,0,1
2026-06-06,Seats,Interior,135,725,86,618,622,0,1015,-1015,0,14,None,0.0,0,1
2026-06-06,Nuts,Fastener_Cooling,135,14955,2869,15132,14383,2297,20937,-18640,0,6,None,0.0,0,1
2026-06-06,ECU,Electrical,135,135,13420,126,121,13406,283,13123,0,20,None,0.0,0,1
2026-06-06,Radiator,Fastener_Cooling,135,135,7206,134,137,7208,236,6972,0,15,None,0.0,0,1
2026-06-07,Engine,Powertrain,134,118,12361,103,103,12346,247,12099,0,18,None,0.0,0,1
2026-06-07,Battery,Powertrain,134,16,7897,15,15,7896,100,7796,0,25,None,0.0,0,1
2026-06-07,Transmission,Powertrain,134,134,9809,136,131,9806,281,9525,0,22,None,0.0,0,1
2026-06-07,Brake_Pads,Chassis,134,536,66,535,535,65,938,-873,0,12,None,0.0,0,1
2026-06-07,Wheels,Chassis,134,536,4038,582,561,4063,938,3125,0,10,None,0.0,0,1
2026-06-07,Tyres,Chassis,134,536,39,560,565,68,938,-870,0,9,None,0.0,0,1
2026-06-07,Seats,Interior,134,726,0,719,689,0,1016,-1016,0,14,None,0.0,0,1
2026-06-07,Nuts,Fastener_Cooling,134,14940,2297,13765,13626,983,20916,-19933,0,6,None,0.0,0,1
2026-06-07,ECU,Electrical,134,134,13406,114,114,13386,281,13105,0,20,None,0.0,0,1
2026-06-07,Radiator,Fastener_Cooling,134,134,7208,120,115,7189,234,6955,0,15,None,0.0,0,1
2026-06-08,Engine,Powertrain,123,107,12346,105,104,12343,224,12119,0,18,None,0.0,0,0
2026-06-08,Battery,Powertrain,123,16,7896,15,14,7894,100,7794,0,25,None,0.0,0,0
2026-06-08,Transmission,Powertrain,123,123,9806,119,117,9800,258,9542,0,22,None,0.0,0,0
2026-06-08,Brake_Pads,Chassis,123,492,65,418,426,0,861,-861,0,12,None,0.0,0,0
2026-06-08,Wheels,Chassis,123,492,4063,443,456,4027,861,3166,0,10,None,0.0,0,0
2026-06-08,Tyres,Chassis,123,492,68,540,544,120,861,-741,0,9,None,0.0,0,0
2026-06-08,Seats,Interior,123,659,0,697,707,48,922,-874,0,14,None,0.0,0,0
2026-06-08,Nuts,Fastener_Cooling,123,13620,983,13446,13481,844,19068,-18224,0,6,None,0.0,0,0
2026-06-08,ECU,Electrical,123,123,13386,110,111,13374,258,13116,0,20,None,0.0,0,0
2026-06-08,Radiator,Fastener_Cooling,123,123,7189,119,113,7179,215,6964,0,15,None,0.0,0,0
2026-06-09,Engine,Powertrain,120,105,12343,92,96,12334,220,12114,0,18,None,0.0,0,0
2026-06-09,Battery,Powertrain,120,15,7894,13,12,7891,100,7791,0,25,None,0.0,0,0
2026-06-09,Transmission,Powertrain,120,120,9800,123,121,9801,252,9549,0,22,None,0.0,0,0
2026-06-09,Brake_Pads,Chassis,120,480,0,479,457,0,840,-840,0,12,None,0.0,0,0
2026-06-09,Wheels,Chassis,120,480,4027,464,461,4008,840,3168,0,10,None,0.0,0,0
2026-06-09,Tyres,Chassis,120,480,120,414,395,35,840,-805,0,9,None,0.0,0,0
2026-06-09,Seats,Interior,120,650,48,671,677,75,910,-835,0,14,None,0.0,0,0
2026-06-09,Nuts,Fastener_Cooling,120,13410,844,12843,13411,845,18774,-17929,0,6,None,0.0,0,0
2026-06-09,ECU,Electrical,120,120,13374,107,105,13359,252,13107,0,20,None,0.0,0,0
2026-06-09,Radiator,Fastener_Cooling,120,120,7179,106,111,7170,210,6960,0,15,None,0.0,0,0
2026-06-10,Engine,Powertrain,130,116,12334,119,124,12342,243,12099,0,18,None,0.0,0,0
2026-06-10,Battery,Powertrain,130,14,7891,15,15,7892,100,7792,0,25,None,0.0,0,0
2026-06-10,Transmission,Powertrain,130,130,9801,139,143,9814,273,9541,0,22,None,0.0,0,0
2026-06-10,Brake_Pads,Chassis,130,520,0,485,493,0,910,-910,0,12,None,0.0,0,0
2026-06-10,Wheels,Chassis,130,520,4008,492,469,3957,910,3047,0,10,None,0.0,0,0
2026-06-10,Tyres,Chassis,130,520,35,454,449,0,910,-910,0,9,None,0.0,0,0
2026-06-10,Seats,Interior,130,698,75,619,647,24,977,-953,0,14,None,0.0,0,0
2026-06-10,Nuts,Fastener_Cooling,130,14400,845,15599,15115,1560,20160,-18600,0,6,None,0.0,0,0
2026-06-10,ECU,Electrical,130,130,13359,132,138,13367,273,13094,0,20,None,0.0,0,0
2026-06-10,Radiator,Fastener_Cooling,130,130,7170,139,132,7172,227,6945,0,15,None,0.0,0,0
2026-06-11,Engine,Powertrain,126,111,12342,118,118,12349,233,12116,0,18,None,0.0,0,0
2026-06-11,Battery,Powertrain,126,15,7892,13,13,7890,100,7790,0,25,None,0.0,0,0
2026-06-11,Transmission,Powertrain,126,126,9814,122,118,9806,264,9542,0,22,None,0.0,0,0
2026-06-11,Brake_Pads,Chassis,126,504,0,478,459,0,882,-882,0,12,None,0.0,0,0
2026-06-11,Wheels,Chassis,126,504,3957,449,460,3913,882,3031,0,10,None,0.0,0,0
2026-06-11,Tyres,Chassis,126,504,0,472,477,0,882,-882,0,9,None,0.0,0,0
2026-06-11,Seats,Interior,126,674,24,586,574,0,943,-943,0,14,None,0.0,0,0
2026-06-11,Nuts,Fastener_Cooling,126,13925,1560,12199,12482,117,19495,-19378,0,6,None,0.0,0,0
2026-06-11,ECU,Electrical,126,126,13367,113,107,13348,264,13084,0,20,None,0.0,0,0
2026-06-11,Radiator,Fastener_Cooling,126,126,7172,114,112,7158,220,6938,0,15,None,0.0,0,0
2026-06-12,Engine,Powertrain,115,100,12349,98,95,12344,210,12134,0,18,None,0.0,0,0
2026-06-12,Battery,Powertrain,115,15,7890,14,14,7889,100,7789,0,25,None,0.0,0,0
2026-06-12,Transmission,Powertrain,115,115,9806,103,102,9793,241,9552,0,22,None,0.0,0,0
2026-06-12,Brake_Pads,Chassis,115,460,0,462,480,20,805,-785,0,12,None,0.0,0,0
2026-06-12,Wheels,Chassis,115,460,3913,402,410,3863,805,3058,0,10,None,0.0,0,0
2026-06-12,Tyres,Chassis,115,460,0,482,265,0,805,-805,1,9,None,0.0,0,0
2026-06-12,Seats,Interior,115,619,0,653,626,7,866,-859,0,14,None,0.0,0,0
2026-06-12,Nuts,Fastener_Cooling,115,12805,117,12650,12431,0,17927,-17927,0,6,None,0.0,0,0
2026-06-12,ECU,Electrical,115,115,13348,110,109,13342,241,13101,0,20,None,0.0,0,0
2026-06-12,Radiator,Fastener_Cooling,115,115,7158,113,111,7154,201,6953,0,15,None,0.0,0,0
2026-06-13,Engine,Powertrain,138,120,12344,110,111,12335,252,12083,0,18,None,0.0,0,1
2026-06-13,Battery,Powertrain,138,18,7889,15,14,7885,100,7785,0,25,None,0.0,0,1
2026-06-13,Transmission,Powertrain,138,138,9793,141,138,9793,289,9504,0,22,None,0.0,0,1
2026-06-13,Brake_Pads,Chassis,138,552,20,572,575,43,966,-923,0,12,None,0.0,0,1
2026-06-13,Wheels,Chassis,138,552,3863,476,483,3794,966,2828,0,10,None,0.0,0,1
2026-06-13,Tyres,Chassis,138,552,0,548,560,8,966,-958,0,9,None,0.0,0,1
2026-06-13,Seats,Interior,138,740,7,675,655,0,1036,-1036,0,14,None,0.0,0,1
2026-06-13,Nuts,Fastener_Cooling,138,15265,0,16377,17163,1898,21371,-19473,0,6,None,0.0,0,1
2026-06-13,ECU,Electrical,138,138,13342,138,143,13347,289,13058,0,20,None,0.0,0,1
2026-06-13,Radiator,Fastener_Cooling,138,138,7154,147,145,7161,241,6920,0,15,None,0.0,0,1
2026-06-14,Engine,Powertrain,132,117,12335,104,103,12321,245,12076,0,18,None,0.0,0,1
2026-06-14,Battery,Powertrain,132,15,7885,14,14,7884,100,7784,0,25,None,0.0,0,1
2026-06-14,Transmission,Powertrain,132,132,9793,139,136,9797,277,9520,0,22,None,0.0,0,1
2026-06-14,Brake_Pads,Chassis,132,528,43,521,513,28,924,-896,0,12,None,0.0,0,1
2026-06-14,Wheels,Chassis,132,528,3794,470,484,3750,924,2826,0,10,None,0.0,0,1
2026-06-14,Tyres,Chassis,132,528,8,566,578,58,924,-866,0,9,None,0.0,0,1
2026-06-14,Seats,Interior,132,712,0,618,598,0,996,-996,0,14,None,0.0,0,1
2026-06-14,Nuts,Fastener_Cooling,132,14645,1898,15236,15421,2674,20503,-17829,0,6,None,0.0,0,1
2026-06-14,ECU,Electrical,132,132,13347,124,121,13336,277,13059,0,20,None,0.0,0,1
2026-06-14,Radiator,Fastener_Cooling,132,132,7161,123,126,7155,231,6924,0,15,None,0.0,0,1
2026-06-15,Engine,Powertrain,120,104,12321,94,92,12309,218,12091,0,18,None,0.0,0,0
2026-06-15,Battery,Powertrain,120,16,7884,17,16,7884,100,7784,0,25,None,0.0,0,0
2026-06-15,Transmission,Powertrain,120,120,9797,119,116,9793,252,9541,0,22,None,0.0,0,0
2026-06-15,Brake_Pads,Chassis,120,480,28,459,444,0,840,-840,0,12,None,0.0,0,0
2026-06-15,Wheels,Chassis,120,480,3750,513,534,3804,840,2964,0,10,None,0.0,0,0
2026-06-15,Tyres,Chassis,120,480,58,443,437,15,840,-825,0,9,None,0.0,0,0
2026-06-15,Seats,Interior,120,644,0,643,619,0,901,-901,0,14,None,0.0,0,0
2026-06-15,Nuts,Fastener_Cooling,120,13310,2674,11881,11530,894,18634,-17740,0,6,None,0.0,0,0
2026-06-15,ECU,Electrical,120,120,13336,131,133,13349,252,13097,0,20,None,0.0,0,0
2026-06-15,Radiator,Fastener_Cooling,120,120,7155,114,115,7150,210,6940,0,15,None,0.0,0,0
2026-06-16,Engine,Powertrain,119,105,12309,107,103,12307,220,12087,0,18,None,0.0,0,0
2026-06-16,Battery,Powertrain,119,14,7884,12,11,7881,100,7781,0,25,None,0.0,0,0
2026-06-16,Transmission,Powertrain,119,119,9793,127,123,9797,249,9548,0,22,None,0.0,0,0
2026-06-16,Brake_Pads,Chassis,119,476,0,443,421,0,833,-833,0,12,None,0.0,0,0
2026-06-16,Wheels,Chassis,119,476,3804,502,491,3819,833,2986,0,10,None,0.0,0,0
2026-06-16,Tyres,Chassis,119,476,15,408,409,0,833,-833,0,9,None,0.0,0,0
2026-06-16,Seats,Interior,119,645,0,675,680,35,903,-868,0,14,None,0.0,0,0
2026-06-16,Nuts,Fastener_Cooling,119,13275,894,13724,14376,1995,18585,-16590,0,6,None,0.0,0,0
2026-06-16,ECU,Electrical,119,119,13349,102,100,13330,249,13081,0,20,None,0.0,0,0
2026-06-16,Radiator,Fastener_Cooling,119,119,7150,108,109,7140,208,6932,0,15,None,0.0,0,0
2026-06-17,Engine,Powertrain,121,108,12307,118,115,12314,226,12088,0,18,None,0.0,0,0
2026-06-17,Battery,Powertrain,121,13,7881,14,13,7881,100,7781,0,25,None,0.0,0,0
2026-06-17,Transmission,Powertrain,121,121,9797,129,127,9803,254,9549,0,22,None,0.0,0,0
2026-06-17,Brake_Pads,Chassis,121,484,0,417,410,0,847,-847,0,12,None,0.0,0,0
2026-06-17,Wheels,Chassis,121,484,3819,495,517,3852,847,3005,0,10,None,0.0,0,0
2026-06-17,Tyres,Chassis,121,484,0,444,446,0,847,-847,0,9,None,0.0,0,0
2026-06-17,Seats,Interior,121,651,35,577,568,0,911,-911,0,14,None,0.0,0,0
2026-06-17,Nuts,Fastener_Cooling,121,13420,1995,11659,11084,0,18788,-18788,0,6,None,0.0,0,0
2026-06-17,ECU,Electrical,121,121,13330,127,125,13334,254,13080,0,20,None,0.0,0,0
2026-06-17,Radiator,Fastener_Cooling,121,121,7140,129,133,7152,211,6941,0,15,None,0.0,0,0
2026-06-18,Engine,Powertrain,120,107,12314,100,99,12306,224,12082,0,18,None,0.0,0,0
2026-06-18,Battery,Powertrain,120,13,7881,11,10,7878,100,7778,0,25,None,0.0,0,0
2026-06-18,Transmission,Powertrain,120,120,9803,122,120,9803,252,9551,0,22,None,0.0,0,0
2026-06-18,Brake_Pads,Chassis,120,480,0,478,485,5,840,-835,0,12,None,0.0,0,0
2026-06-18,Wheels,Chassis,120,480,3852,505,509,3881,840,3041,0,10,None,0.0,0,0
2026-06-18,Tyres,Chassis,120,480,0,449,428,0,840,-840,0,9,None,0.0,0,0
2026-06-18,Seats,Interior,120,648,0,691,699,51,907,-856,0,14,None,0.0,0,0
2026-06-18,Nuts,Fastener_Cooling,120,13345,0,12089,12205,0,18683,-18683,0,6,None,0.0,0,0
2026-06-18,ECU,Electrical,120,120,13334,112,112,13326,252,13074,0,20,None,0.0,0,0
2026-06-18,Radiator,Fastener_Cooling,120,120,7152,111,106,7138,210,6928,0,15,None,0.0,0,0
2026-06-19,Engine,Powertrain,124,108,12306,101,102,12300,226,12074,0,18,None,0.0,0,0
2026-06-19,Battery,Powertrain,124,16,7878,13,12,7874,100,7774,0,25,None,0.0,0,0
2026-06-19,Transmission,Powertrain,124,124,9803,129,133,9812,260,9552,0,22,None,0.0,0,0
2026-06-19,Brake_Pads,Chassis,124,496,5,497,508,17,868,-851,0,12,None,0.0,0,0
2026-06-19,Wheels,Chassis,124,496,3881,502,497,3882,868,3014,0,10,None,0.0,0,0
2026-06-19,Tyres,Chassis,124,496,0,519,534,38,868,-830,0,9,None,0.0,0,0
2026-06-19,Seats,Interior,124,668,51,724,727,110,935,-825,0,14,None,0.0,0,0
2026-06-19,Nuts,Fastener_Cooling,124,13800,0,13460,13836,36,19320,-19284,0,6,None,0.0,0,0
2026-06-19,ECU,Electrical,124,124,13326,126,124,13326,260,13066,0,20,None,0.0,0,0
2026-06-19,Radiator,Fastener_Cooling,124,124,7138,114,115,7129,217,6912,0,15,None,0.0,0,0
2026-06-20,Engine,Powertrain,143,126,12300,134,133,12307,264,12043,0,18,None,0.0,0,1
2026-06-20,Battery,Powertrain,143,17,7874,16,15,7872,100,7772,0,25,None,0.0,0,1
2026-06-20,Transmission,Powertrain,143,143,9812,128,131,9800,300,9500,0,22,None,0.0,0,1
2026-06-20,Brake_Pads,Chassis,143,572,17,579,603,48,1001,-953,0,12,None,0.0,0,1
2026-06-20,Wheels,Chassis,143,572,3882,574,547,3857,1001,2856,0,10,None,0.0,0,1
2026-06-20,Tyres,Chassis,143,572,38,563,555,21,1001,-980,0,9,None,0.0,0,1
2026-06-20,Seats,Interior,143,771,110,729,705,44,1079,-1035,0,14,None,0.0,0,1
2026-06-20,Nuts,Fastener_Cooling,143,15865,36,16837,17625,1796,22211,-20415,0,6,None,0.0,0,1
2026-06-20,ECU,Electrical,143,143,13326,132,129,13312,300,13012,0,20,None,0.0,0,1
2026-06-20,Radiator,Fastener_Cooling,143,143,7129,142,147,7133,250,6883,0,15,None,0.0,0,1
2026-06-21,Engine,Powertrain,137,121,12307,110,109,12295,254,12041,0,18,None,0.0,0,1
2026-06-21,Battery,Powertrain,137,16,7872,15,15,7871,100,7771,0,25,None,0.0,0,1
2026-06-21,Transmission,Powertrain,137,137,9800,142,138,9801,287,9514,0,22,None,0.0,0,1
2026-06-21,Brake_Pads,Chassis,137,548,48,493,494,0,959,-959,0,12,None,0.0,0,1
2026-06-21,Wheels,Chassis,137,548,3857,524,548,3857,959,2898,0,10,None,0.0,0,1
2026-06-21,Tyres,Chassis,137,548,21,487,480,0,959,-959,0,9,None,0.0,0,1
2026-06-21,Seats,Interior,137,735,44,679,659,0,1029,-1029,0,14,None,0.0,0,1
2026-06-21,Nuts,Fastener_Cooling,137,15165,1796,16189,16981,3612,21231,-17619,0,6,None,0.0,0,1
2026-06-21,ECU,Electrical,137,137,13312,143,139,13314,287,13027,0,20,None,0.0,0,1
2026-06-21,Radiator,Fastener_Cooling,137,137,7133,123,120,7116,239,6877,0,15,None,0.0,0,1
2026-06-22,Engine,Powertrain,128,113,12295,115,114,12296,237,12059,0,18,None,0.0,0,0
2026-06-22,Battery,Powertrain,128,15,7871,13,13,7869,100,7769,0,25,None,0.0,0,0
2026-06-22,Transmission,Powertrain,128,128,9801,112,109,9782,268,9514,0,22,None,0.0,0,0
2026-06-22,Brake_Pads,Chassis,128,512,0,534,534,22,896,-874,0,12,None,0.0,0,0
2026-06-22,Wheels,Chassis,128,512,3857,442,429,3774,896,2878,0,10,None,0.0,0,0
2026-06-22,Tyres,Chassis,128,512,0,445,429,0,896,-896,0,9,None,0.0,0,0
2026-06-22,Seats,Interior,128,686,0,739,733,47,960,-913,0,14,None,0.0,0,0
2026-06-22,Nuts,Fastener_Cooling,128,14120,3612,13627,14155,3647,19768,-16121,0,6,None,0.0,0,0
2026-06-22,ECU,Electrical,128,128,13314,116,121,13307,268,13039,0,20,None,0.0,0,0
2026-06-22,Radiator,Fastener_Cooling,128,128,7116,126,122,7110,224,6886,0,15,None,0.0,0,0
2026-06-23,Engine,Powertrain,120,107,12296,113,114,12303,224,12079,0,18,None,0.0,0,0
2026-06-23,Battery,Powertrain,120,13,7869,11,10,7866,100,7766,0,25,None,0.0,0,0
2026-06-23,Transmission,Powertrain,120,120,9782,121,119,9781,252,9529,0,22,None,0.0,0,0
2026-06-23,Brake_Pads,Chassis,120,480,22,498,505,47,840,-793,0,12,None,0.0,0,0
2026-06-23,Wheels,Chassis,120,480,3774,522,497,3791,840,2951,0,10,None,0.0,0,0
2026-06-23,Tyres,Chassis,120,480,0,434,443,0,840,-840,0,9,None,0.0,0,0
2026-06-23,Seats,Interior,120,642,47,577,577,0,898,-898,0,14,None,0.0,0,0
2026-06-23,Nuts,Fastener_Cooling,120,13240,3647,12645,12066,2473,18536,-16063,0,6,None,0.0,0,0
2026-06-23,ECU,Electrical,120,120,13307,131,126,13313,252,13061,0,20,None,0.0,0,0
2026-06-23,Radiator,Fastener_Cooling,120,120,7110,110,112,7102,210,6892,0,15,None,0.0,0,0
2026-06-24,Engine,Powertrain,127,112,12303,115,116,12307,235,12072,0,18,None,0.0,0,0
2026-06-24,Battery,Powertrain,127,15,7866,16,16,7867,100,7767,0,25,None,0.0,0,0
2026-06-24,Transmission,Powertrain,127,127,9781,129,128,9782,266,9516,0,22,None,0.0,0,0
2026-06-24,Brake_Pads,Chassis,127,508,47,508,527,66,889,-823,0,12,None,0.0,0,0
2026-06-24,Wheels,Chassis,127,508,3791,493,497,3780,889,2891,0,10,None,0.0,0,0
2026-06-24,Tyres,Chassis,127,508,0,539,550,42,889,-847,0,9,None,0.0,0,0
2026-06-24,Seats,Interior,127,681,0,681,695,14,953,-939,0,14,None,0.0,0,0
2026-06-24,Nuts,Fastener_Cooling,127,14060,2473,14083,13909,2322,19684,-17362,0,6,None,0.0,0,0
2026-06-24,ECU,Electrical,127,127,13313,118,115,13301,266,13035,0,20,None,0.0,0,0
2026-06-24,Radiator,Fastener_Cooling,127,127,7102,125,121,7096,222,6874,0,15,None,0.0,0,0
2026-06-25,Engine,Powertrain,123,108,12307,93,91,12290,226,12064,0,18,None,0.0,0,0
2026-06-25,Battery,Powertrain,123,15,7867,13,13,7865,100,7765,0,25,None,0.0,0,0
2026-06-25,Transmission,Powertrain,123,123,9782,125,126,9785,258,9527,0,22,None,0.0,0,0
2026-06-25,Brake_Pads,Chassis,123,492,66,499,510,84,861,-777,0,12,None,0.0,0,0
2026-06-25,Wheels,Chassis,123,492,3780,476,462,3750,861,2889,0,10,None,0.0,0,0
2026-06-25,Tyres,Chassis,123,492,42,423,432,0,861,-861,0,9,None,0.0,0,0
2026-06-25,Seats,Interior,123,665,14,683,683,32,931,-899,0,14,None,0.0,0,0
2026-06-25,Nuts,Fastener_Cooling,123,13710,2322,13809,13371,1983,19194,-17211,0,6,None,0.0,0,0
2026-06-25,ECU,Electrical,123,123,13301,114,117,13295,258,13037,0,20,None,0.0,0,0
2026-06-25,Radiator,Fastener_Cooling,123,123,7096,118,117,7090,215,6875,0,15,None,0.0,0,0
2026-06-26,Engine,Powertrain,122,109,12290,102,101,12282,228,12054,0,18,None,0.0,0,0
2026-06-26,Battery,Powertrain,122,13,7865,12,11,7863,100,7763,0,25,None,0.0,0,0
2026-06-26,Transmission,Powertrain,122,122,9785,133,127,9790,256,9534,0,22,None,0.0,0,0
2026-06-26,Brake_Pads,Chassis,122,488,84,440,437,33,854,-821,0,12,None,0.0,0,0
2026-06-26,Wheels,Chassis,122,488,3750,534,536,3798,854,2944,0,10,None,0.0,0,0
2026-06-26,Tyres,Chassis,122,488,0,488,467,0,854,-854,0,9,None,0.0,0,0
2026-06-26,Seats,Interior,122,656,32,614,637,13,918,-905,0,14,None,0.0,0,0
2026-06-26,Nuts,Fastener_Cooling,122,13520,1983,12123,12683,1146,18928,-17782,0,6,None,0.0,0,0
2026-06-26,ECU,Electrical,122,122,13295,128,127,13300,256,13044,0,20,None,0.0,0,0
2026-06-26,Radiator,Fastener_Cooling,122,122,7090,106,110,7078,213,6865,0,15,None,0.0,0,0
2026-06-27,Engine,Powertrain,136,120,12282,123,126,12288,252,12036,0,18,None,0.0,0,1
2026-06-27,Battery,Powertrain,136,16,7863,16,16,7863,100,7763,0,25,None,0.0,0,1
2026-06-27,Transmission,Powertrain,136,136,9790,135,128,9782,285,9497,0,22,None,0.0,0,1
2026-06-27,Brake_Pads,Chassis,136,544,33,523,538,27,952,-925,0,12,None,0.0,0,1
2026-06-27,Wheels,Chassis,136,544,3798,524,522,3776,952,2824,0,10,None,0.0,0,1
2026-06-27,Tyres,Chassis,136,544,0,491,491,0,952,-952,0,9,None,0.0,0,1
2026-06-27,Seats,Interior,136,738,13,718,721,0,1033,-1033,0,14,None,0.0,0,1
2026-06-27,Nuts,Fastener_Cooling,136,15165,1146,15537,16046,2027,21231,-19204,0,6,None,0.0,0,1
2026-06-27,ECU,Electrical,136,136,13300,140,134,13298,285,13013,0,20,None,0.0,0,1
2026-06-27,Radiator,Fastener_Cooling,136,136,7078,139,142,7084,238,6846,0,15,None,0.0,0,1
2026-06-28,Engine,Powertrain,134,119,12288,119,121,12290,249,12041,0,18,None,0.0,0,1
2026-06-28,Battery,Powertrain,134,15,7863,14,13,7861,100,7761,0,25,None,0.0,0,1
2026-06-28,Transmission,Powertrain,134,134,9782,136,138,9786,281,9505,0,22,None,0.0,0,1
2026-06-28,Brake_Pads,Chassis,134,536,27,475,488,0,938,-938,0,12,None,0.0,0,1
2026-06-28,Wheels,Chassis,134,536,3776,509,509,3749,938,2811,0,10,None,0.0,0,1
2026-06-28,Tyres,Chassis,134,536,0,535,294,0,938,-938,1,9,None,0.0,0,1
2026-06-28,Seats,Interior,134,722,0,657,689,0,1010,-1010,0,14,None,0.0,0,1
2026-06-28,Nuts,Fastener_Cooling,134,14845,2027,16211,16199,3381,20783,-17402,0,6,None,0.0,0,1
2026-06-28,ECU,Electrical,134,134,13298,115,112,13276,281,12995,0,20,None,0.0,0,1
2026-06-28,Radiator,Fastener_Cooling,134,134,7084,116,121,7071,234,6837,0,15,None,0.0,0,1
2026-06-29,Engine,Powertrain,124,109,12290,108,108,12289,228,12061,0,18,None,0.0,0,0
2026-06-29,Battery,Powertrain,124,15,7861,16,16,7862,100,7762,0,25,None,0.0,0,0
2026-06-29,Transmission,Powertrain,124,124,9786,119,113,9775,260,9515,0,22,None,0.0,0,0
2026-06-29,Brake_Pads,Chassis,124,496,0,486,505,9,868,-859,0,12,None,0.0,0,0
2026-06-29,Wheels,Chassis,124,496,3749,433,415,3668,868,2800,0,10,None,0.0,0,0
2026-06-29,Tyres,Chassis,124,496,0,485,483,0,868,-868,0,9,None,0.0,0,0
2026-06-29,Seats,Interior,124,664,0,641,648,0,929,-929,0,14,None,0.0,0,0
2026-06-29,Nuts,Fastener_Cooling,124,13715,3381,13735,13488,3154,19201,-16047,0,6,None,0.0,0,0
2026-06-29,ECU,Electrical,124,124,13276,135,136,13288,260,13028,0,20,None,0.0,0,0
2026-06-29,Radiator,Fastener_Cooling,124,124,7071,106,110,7057,217,6840,0,15,None,0.0,0,0
2026-06-30,Engine,Powertrain,127,113,12289,124,119,12295,237,12058,0,18,None,0.0,0,0
2026-06-30,Battery,Powertrain,127,14,7862,12,11,7859,100,7759,0,25,None,0.0,0,0
2026-06-30,Transmission,Powertrain,127,127,9775,121,124,9772,266,9506,0,22,None,0.0,0,0
2026-06-30,Brake_Pads,Chassis,127,508,9,469,472,0,889,-889,0,12,None,0.0,0,0
2026-06-30,Wheels,Chassis,127,508,3668,509,497,3657,889,2768,0,10,None,0.0,0,0
2026-06-30,Tyres,Chassis,127,508,0,502,526,18,889,-871,0,9,None,0.0,0,0
2026-06-30,Seats,Interior,127,683,0,657,652,0,956,-956,0,14,None,0.0,0,0
2026-06-30,Nuts,Fastener_Cooling,127,14080,3154,15419,15280,4354,19712,-15358,0,6,None,0.0,0,0
2026-06-30,ECU,Electrical,127,127,13288,109,107,13268,266,13002,0,20,None,0.0,0,0
2026-06-30,Radiator,Fastener_Cooling,127,127,7057,121,116,7046,222,6824,0,15,None,0.0,0,0
2026-07-01,Engine,Powertrain,123,108,12295,117,113,12300,226,12074,0,18,None,0.0,0,0
2026-07-01,Battery,Powertrain,123,15,7859,12,12,7856,100,7756,0,25,None,0.0,0,0
2026-07-01,Transmission,Powertrain,123,123,9772,113,116,9765,258,9507,0,22,None,0.0,0,0
2026-07-01,Brake_Pads,Chassis,123,492,0,462,439,0,861,-861,0,12,None,0.0,0,0
2026-07-01,Wheels,Chassis,123,492,3657,456,464,3629,861,2768,0,10,None,0.0,0,0
2026-07-01,Tyres,Chassis,123,492,18,519,508,34,861,-827,0,9,None,0.0,0,0
2026-07-01,Seats,Interior,123,657,0,639,648,0,919,-919,0,14,None,0.0,0,0
2026-07-01,Nuts,Fastener_Cooling,123,13570,4354,14294,14329,5113,18998,-13885,0,6,None,0.0,0,0
2026-07-01,ECU,Electrical,123,123,13268,113,118,13263,258,13005,0,20,None,0.0,0,0
2026-07-01,Radiator,Fastener_Cooling,123,123,7046,112,110,7033,215,6818,0,15,None,0.0,0,0
2026-07-02,Engine,Powertrain,125,111,12300,107,102,12291,233,12058,0,18,None,0.0,0,0
2026-07-02,Battery,Powertrain,125,14,7856,13,13,7855,100,7755,0,25,None,0.0,0,0
2026-07-02,Transmission,Powertrain,125,125,9765,136,136,9776,262,9514,0,22,None,0.0,0,0
2026-07-02,Brake_Pads,Chassis,125,500,0,512,529,29,875,-846,0,12,None,0.0,0,0
2026-07-02,Wheels,Chassis,125,500,3629,515,512,3641,875,2766,0,10,None,0.0,0,0
2026-07-02,Tyres,Chassis,125,500,34,507,489,23,875,-852,0,9,None,0.0,0,0
2026-07-02,Seats,Interior,125,669,0,620,601,0,936,-936,0,14,None,0.0,0,0
2026-07-02,Nuts,Fastener_Cooling,125,13830,5113,13976,14611,5894,19362,-13468,0,6,None,0.0,0,0
2026-07-02,ECU,Electrical,125,125,13263,119,115,13253,262,12991,0,20,None,0.0,0,0
2026-07-02,Radiator,Fastener_Cooling,125,125,7033,136,134,7042,218,6824,0,15,None,0.0,0,0
2026-07-03,Engine,Powertrain,117,104,12291,104,99,12286,218,12068,0,18,None,0.0,0,0
2026-07-03,Battery,Powertrain,117,13,7855,13,13,7855,100,7755,0,25,None,0.0,0,0
2026-07-03,Transmission,Powertrain,117,117,9776,102,99,9758,245,9513,0,22,None,0.0,0,0
2026-07-03,Brake_Pads,Chassis,117,468,29,442,425,0,819,-819,0,12,None,0.0,0,0
2026-07-03,Wheels,Chassis,117,468,3641,440,439,3612,819,2793,0,10,None,0.0,0,0
2026-07-03,Tyres,Chassis,117,468,23,450,459,14,819,-805,0,9,None,0.0,0,0
2026-07-03,Seats,Interior,117,629,0,614,621,0,880,-880,0,14,None,0.0,0,0
2026-07-03,Nuts,Fastener_Cooling,117,12955,5894,14000,14393,7332,18137,-10805,0,6,None,0.0,0,0
2026-07-03,ECU,Electrical,117,117,13253,124,129,13265,245,13020,0,20,None,0.0,0,0
2026-07-03,Radiator,Fastener_Cooling,117,117,7042,117,121,7046,204,6842,0,15,None,0.0,0,0
2026-07-04,Engine,Powertrain,134,117,12286,127,122,12291,245,12046,0,18,None,0.0,0,1
2026-07-04,Battery,Powertrain,134,17,7855,15,15,7853,100,7753,0,25,None,0.0,0,1
2026-07-04,Transmission,Powertrain,134,134,9758,138,138,9762,281,9481,0,22,None,0.0,0,1
2026-07-04,Brake_Pads,Chassis,134,536,0,575,571,35,938,-903,0,12,None,0.0,0,1
2026-07-04,Wheels,Chassis,134,536,3612,570,553,3629,938,2691,0,10,None,0.0,0,1
2026-07-04,Tyres,Chassis,134,536,14,475,477,0,938,-938,0,9,None,0.0,0,1
2026-07-04,Seats,Interior,134,720,0,621,593,0,1008,-1008,0,14,None,0.0,0,1
2026-07-04,Nuts,Fastener_Cooling,134,14870,7332,15277,15127,7589,20818,-13229,0,6,None,0.0,0,1
2026-07-04,ECU,Electrical,134,134,13265,123,117,13248,281,12967,0,20,None,0.0,0,1
2026-07-04,Radiator,Fastener_Cooling,134,134,7046,134,138,7050,234,6816,0,15,None,0.0,0,1
2026-07-05,Engine,Powertrain,141,124,12291,110,107,12274,260,12014,0,18,None,0.0,0,1
2026-07-05,Battery,Powertrain,141,17,7853,17,17,7853,100,7753,0,25,None,0.0,0,1
2026-07-05,Transmission,Powertrain,141,141,9762,122,126,9747,296,9451,0,22,None,0.0,0,1
2026-07-05,Brake_Pads,Chassis,141,564,35,491,495,0,987,-987,0,12,None,0.0,0,1
2026-07-05,Wheels,Chassis,141,564,3629,546,552,3617,987,2630,0,10,None,0.0,0,1
2026-07-05,Tyres,Chassis,141,564,0,594,610,46,987,-941,0,9,None,0.0,0,1
2026-07-05,Seats,Interior,141,755,0,645,646,0,1057,-1057,0,14,None,0.0,0,1
2026-07-05,Nuts,Fastener_Cooling,141,15580,7589,14196,13854,5863,21812,-15949,0,6,None,0.0,0,1
2026-07-05,ECU,Electrical,141,141,13248,149,156,13263,296,12967,0,20,None,0.0,0,1
2026-07-05,Radiator,Fastener_Cooling,141,141,7050,124,117,7026,246,6780,0,15,None,0.0,0,1
2026-07-06,Engine,Powertrain,125,111,12274,117,116,12279,233,12046,0,18,None,0.0,0,0
2026-07-06,Battery,Powertrain,125,14,7853,14,13,7852,100,7752,0,25,None,0.0,0,0
2026-07-06,Transmission,Powertrain,125,125,9747,136,136,9758,262,9496,0,22,None,0.0,0,0
2026-07-06,Brake_Pads,Chassis,125,500,0,544,560,60,875,-815,0,12,None,0.0,0,0
2026-07-06,Wheels,Chassis,125,500,3617,506,512,3629,875,2754,0,10,None,0.0,0,0
2026-07-06,Tyres,Chassis,125,500,46,442,450,0,875,-875,0,9,None,0.0,0,0
2026-07-06,Seats,Interior,125,675,0,634,647,0,945,-945,0,14,None,0.0,0,0
2026-07-06,Nuts,Fastener_Cooling,125,13905,5863,12125,11549,3507,19467,-15960,0,6,None,0.0,0,0
2026-07-06,ECU,Electrical,125,125,13263,107,107,13245,262,12983,0,20,None,0.0,0,0
2026-07-06,Radiator,Fastener_Cooling,125,125,7026,106,103,7004,218,6786,0,15,None,0.0,0,0
2026-07-07,Engine,Powertrain,125,110,12279,103,105,12274,231,12043,0,18,None,0.0,0,0
2026-07-07,Battery,Powertrain,125,15,7852,15,15,7852,100,7752,0,25,None,0.0,0,0
2026-07-07,Transmission,Powertrain,125,125,9758,124,123,9756,262,9494,0,22,None,0.0,0,0
2026-07-07,Brake_Pads,Chassis,125,500,60,546,564,124,875,-751,0,12,None,0.0,0,0
2026-07-07,Wheels,Chassis,125,500,3629,505,508,3637,875,2762,0,10,None,0.0,0,0
2026-07-07,Tyres,Chassis,125,500,0,464,456,0,875,-875,0,9,None,0.0,0,0
2026-07-07,Seats,Interior,125,671,0,671,664,0,939,-939,0,14,None,0.0,0,0
2026-07-07,Nuts,Fastener_Cooling,125,13840,3507,14718,15138,4805,19376,-14571,0,6,None,0.0,0,0
2026-07-07,ECU,Electrical,125,125,13245,118,117,13237,262,12975,0,20,None,0.0,0,0
2026-07-07,Radiator,Fastener_Cooling,125,125,7004,112,110,6989,218,6771,0,15,None,0.0,0,0
2026-07-08,Engine,Powertrain,121,106,12274,107,106,12274,222,12052,0,18,None,0.0,0,0
2026-07-08,Battery,Powertrain,121,15,7852,14,14,7851,100,7751,0,25,None,0.0,0,0
2026-07-08,Transmission,Powertrain,121,121,9756,128,124,9759,254,9505,0,22,None,0.0,0,0
2026-07-08,Brake_Pads,Chassis,121,484,124,461,469,109,847,-738,0,12,None,0.0,0,0
2026-07-08,Wheels,Chassis,121,484,3637,469,485,3638,847,2791,0,10,None,0.0,0,0
2026-07-08,Tyres,Chassis,121,484,0,521,286,0,847,-847,1,9,None,0.0,0,0
2026-07-08,Seats,Interior,121,649,0,573,583,0,908,-908,0,14,None,0.0,0,0
2026-07-08,Nuts,Fastener_Cooling,121,13395,4805,14636,14349,5759,18753,-12994,0,6,None,0.0,0,0
2026-07-08,ECU,Electrical,121,121,13237,118,114,13230,254,12976,0,20,None,0.0,0,0
2026-07-08,Radiator,Fastener_Cooling,121,121,6989,125,125,6993,211,6782,0,15,None,0.0,0,0
2026-07-09,Engine,Powertrain,131,116,12274,125,128,12286,243,12043,0,18,None,0.0,0,0
2026-07-09,Battery,Powertrain,131,15,7851,16,15,7851,100,7751,0,25,None,0.0,0,0
2026-07-09,Transmission,Powertrain,131,131,9759,143,139,9767,275,9492,0,22,None,0.0,0,0
2026-07-09,Brake_Pads,Chassis,131,524,109,557,529,114,917,-803,0,12,None,0.0,0,0
2026-07-09,Wheels,Chassis,131,524,3638,488,499,3613,917,2696,0,10,None,0.0,0,0
2026-07-09,Tyres,Chassis,131,524,0,496,516,0,917,-917,0,9,None,0.0,0,0
2026-07-09,Seats,Interior,131,705,0,710,698,0,987,-987,0,14,None,0.0,0,0
2026-07-09,Nuts,Fastener_Cooling,131,14530,5759,13269,13860,5089,20342,-15253,0,6,None,0.0,0,0
2026-07-09,ECU,Electrical,131,131,13230,138,143,13242,275,12967,0,20,None,0.0,0,0
2026-07-09,Radiator,Fastener_Cooling,131,131,6993,118,113,6975,229,6746,0,15,None,0.0,0,0
2026-07-10,Engine,Powertrain,72,61,12286,59,56,12281,128,12153,0,18,None,0.0,1,0
2026-07-10,Battery,Powertrain,72,11,7851,10,9,7849,100,7749,0,25,None,0.0,1,0
2026-07-10,Transmission,Powertrain,72,72,9767,67,63,9758,151,9607,0,22,None,0.0,1,0
2026-07-10,Brake_Pads,Chassis,72,288,114,266,256,82,504,-422,0,12,None,0.0,1,0
2026-07-10,Wheels,Chassis,72,288,3613,259,256,3581,504,3077,0,10,None,0.0,1,0
2026-07-10,Tyres,Chassis,72,288,0,289,300,12,504,-492,0,9,None,0.0,1,0
2026-07-10,Seats,Interior,72,382,0,343,341,0,534,-534,0,14,None,0.0,1,0
2026-07-10,Nuts,Fastener_Cooling,72,7960,5089,7870,7609,4738,11144,-6406,0,6,None,0.0,1,0
2026-07-10,ECU,Electrical,72,72,13242,64,63,13233,151,13082,0,20,None,0.0,1,0
2026-07-10,Radiator,Fastener_Cooling,72,72,6975,78,81,6984,126,6858,0,15,None,0.0,1,0
2026-07-11,Engine,Powertrain,90,79,12281,74,73,12275,165,12110,0,18,None,0.0,1,1
2026-07-11,Battery,Powertrain,90,11,7849,10,10,7848,100,7748,0,25,None,0.0,1,1
2026-07-11,Transmission,Powertrain,90,90,9758,83,86,9754,189,9565,0,22,None,0.0,1,1
2026-07-11,Brake_Pads,Chassis,90,360,82,332,346,68,630,-562,0,12,None,0.0,1,1
2026-07-11,Wheels,Chassis,90,360,3581,380,371,3592,630,2962,0,10,None,0.0,1,1
2026-07-11,Tyres,Chassis,90,360,12,322,307,0,630,-630,0,9,None,0.0,1,1
2026-07-11,Seats,Interior,90,484,0,497,497,13,677,-664,0,14,None,0.0,1,1
2026-07-11,Nuts,Fastener_Cooling,90,9980,4738,8993,9158,3916,13972,-10056,0,6,None,0.0,1,1
2026-07-11,ECU,Electrical,90,90,13233,77,80,13223,189,13034,0,20,None,0.0,1,1
2026-07-11,Radiator,Fastener_Cooling,90,90,6984,81,78,6972,157,6815,0,15,None,0.0,1,1
2026-07-12,Engine,Powertrain,85,75,12275,71,73,12273,157,12116,0,18,None,0.0,1,1
2026-07-12,Battery,Powertrain,85,10,7848,8,8,7846,100,7746,0,25,None,0.0,1,1
2026-07-12,Transmission,Powertrain,85,85,9754,81,81,9750,178,9572,0,22,None,0.0,1,1
2026-07-12,Brake_Pads,Chassis,85,340,68,313,317,45,595,-550,0,12,None,0.0,1,1
2026-07-12,Wheels,Chassis,85,340,3592,363,199,3451,595,2856,1,10,None,0.0,1,1
2026-07-12,Tyres,Chassis,85,340,0,309,296,0,595,-595,0,9,None,0.0,1,1
2026-07-12,Seats,Interior,85,459,13,396,400,0,642,-642,0,14,None,0.0,1,1
2026-07-12,Nuts,Fastener_Cooling,85,9475,3916,9738,10191,4632,13265,-8633,0,6,None,0.0,1,1
2026-07-12,ECU,Electrical,85,85,13223,85,83,13221,178,13043,0,20,None,0.0,1,1
2026-07-12,Radiator,Fastener_Cooling,85,85,6972,74,71,6958,148,6810,0,15,None,0.0,1,1
2026-07-13,Engine,Powertrain,82,72,12273,67,63,12264,151,12113,0,18,None,0.0,1,0
2026-07-13,Battery,Powertrain,82,10,7846,10,10,7846,100,7746,0,25,None,0.0,1,0
2026-07-13,Transmission,Powertrain,82,82,9750,85,88,9756,172,9584,0,22,None,0.0,1,0
2026-07-13,Brake_Pads,Chassis,82,328,45,321,322,39,574,-535,0,12,None,0.0,1,0
2026-07-13,Wheels,Chassis,82,328,3451,278,278,3401,574,2827,0,10,None,0.0,1,0
2026-07-13,Tyres,Chassis,82,328,0,281,290,0,574,-574,0,9,None,0.0,1,0
2026-07-13,Seats,Interior,82,440,0,431,445,5,616,-611,0,14,None,0.0,1,0
2026-07-13,Nuts,Fastener_Cooling,82,9075,4632,9853,9408,4965,12705,-7740,0,6,None,0.0,1,0
2026-07-13,ECU,Electrical,82,82,13221,80,81,13220,172,13048,0,20,None,0.0,1,0
2026-07-13,Radiator,Fastener_Cooling,82,82,6958,80,82,6958,143,6815,0,15,None,0.0,1,0
2026-07-14,Engine,Powertrain,80,71,12264,75,72,12265,149,12116,0,18,None,0.0,1,0
2026-07-14,Battery,Powertrain,80,9,7846,9,9,7846,100,7746,0,25,None,0.0,1,0
2026-07-14,Transmission,Powertrain,80,80,9756,86,82,9758,168,9590,0,22,None,0.0,1,0
2026-07-14,Brake_Pads,Chassis,80,320,39,303,316,35,560,-525,0,12,None,0.0,1,0
2026-07-14,Wheels,Chassis,80,320,3401,311,318,3399,560,2839,0,10,None,0.0,1,0
2026-07-14,Tyres,Chassis,80,320,0,281,285,0,560,-560,0,9,None,0.0,1,0
2026-07-14,Seats,Interior,80,432,5,438,426,0,604,-604,0,14,None,0.0,1,0
2026-07-14,Nuts,Fastener_Cooling,80,8895,4965,9061,9029,5099,12453,-7354,0,6,None,0.0,1,0
2026-07-14,ECU,Electrical,80,80,13220,81,79,13219,168,13051,0,20,None,0.0,1,0
2026-07-14,Radiator,Fastener_Cooling,80,80,6958,69,70,6948,140,6808,0,15,None,0.0,1,0
2026-07-15,Engine,Powertrain,118,104,12265,96,96,12257,218,12039,0,18,None,0.0,0,0
2026-07-15,Battery,Powertrain,118,14,7846,12,12,7844,100,7744,0,25,None,0.0,0,0
2026-07-15,Transmission,Powertrain,118,118,9758,107,109,9749,247,9502,0,22,None,0.0,0,0
2026-07-15,Brake_Pads,Chassis,118,472,35,463,445,8,826,-818,0,12,None,0.0,0,0
2026-07-15,Wheels,Chassis,118,472,3399,496,509,3436,826,2610,0,10,None,0.0,0,0
2026-07-15,Tyres,Chassis,118,472,0,446,445,0,826,-826,0,9,None,0.0,0,0
2026-07-15,Seats,Interior,118,636,0,566,571,0,890,-890,0,14,None,0.0,0,0
2026-07-15,Nuts,Fastener_Cooling,118,13125,5099,13938,13408,5382,18375,-12993,0,6,None,0.0,0,0
2026-07-15,ECU,Electrical,118,118,13219,106,110,13211,247,12964,0,20,None,0.0,0,0
2026-07-15,Radiator,Fastener_Cooling,118,118,6948,113,107,6937,206,6731,0,15,None,0.0,0,0
2026-07-16,Engine,Powertrain,126,110,12257,103,106,12253,231,12022,0,18,None,0.0,0,0
2026-07-16,Battery,Powertrain,126,16,7844,16,15,7843,100,7743,0,25,None,0.0,0,0
2026-07-16,Transmission,Powertrain,126,126,9749,122,121,9744,264,9480,0,22,None,0.0,0,0
2026-07-16,Brake_Pads,Chassis,126,504,8,495,494,0,882,-882,0,12,None,0.0,0,0
2026-07-16,Wheels,Chassis,126,504,3436,491,509,3441,882,2559,0,10,None,0.0,0,0
2026-07-16,Tyres,Chassis,126,504,0,430,418,0,882,-882,0,9,None,0.0,0,0
2026-07-16,Seats,Interior,126,678,0,680,703,25,949,-924,0,14,None,0.0,0,0
2026-07-16,Nuts,Fastener_Cooling,126,13980,5382,15372,14604,6006,19572,-13566,0,6,None,0.0,0,0
2026-07-16,ECU,Electrical,126,126,13211,109,110,13195,264,12931,0,20,None,0.0,0,0
2026-07-16,Radiator,Fastener_Cooling,126,126,6937,116,113,6924,220,6704,0,15,None,0.0,0,0
2026-07-17,Engine,Powertrain,123,108,12253,93,91,12236,226,12010,0,18,None,0.0,0,0
2026-07-17,Battery,Powertrain,123,15,7843,14,14,7842,100,7742,0,25,None,0.0,0,0
2026-07-17,Transmission,Powertrain,123,123,9744,129,133,9754,258,9496,0,22,None,0.0,0,0
2026-07-17,Brake_Pads,Chassis,123,492,0,524,530,38,861,-823,0,12,None,0.0,0,0
2026-07-17,Wheels,Chassis,123,492,3441,475,452,3401,861,2540,0,10,None,0.0,0,0
2026-07-17,Tyres,Chassis,123,492,0,537,560,68,861,-793,0,9,None,0.0,0,0
2026-07-17,Seats,Interior,123,659,25,640,663,29,922,-893,0,14,None,0.0,0,0
2026-07-17,Nuts,Fastener_Cooling,123,13595,6006,13316,13978,6389,19033,-12644,0,6,None,0.0,0,0
2026-07-17,ECU,Electrical,123,123,13195,110,104,13176,258,12918,0,20,None,0.0,0,0
2026-07-17,Radiator,Fastener_Cooling,123,123,6924,120,125,6926,215,6711,0,15,None,0.0,0,0
2026-07-18,Engine,Powertrain,133,118,12236,102,105,12223,247,11976,0,18,None,0.0,0,1
2026-07-18,Battery,Powertrain,133,15,7842,12,12,7839,100,7739,0,25,None,0.0,0,1
2026-07-18,Transmission,Powertrain,133,133,9754,123,122,9743,279,9464,0,22,None,0.0,0,1
2026-07-18,Brake_Pads,Chassis,133,532,38,542,533,39,931,-892,0,12,None,0.0,0,1
2026-07-18,Wheels,Chassis,133,532,3401,473,457,3326,931,2395,0,10,None,0.0,0,1
2026-07-18,Tyres,Chassis,133,532,68,483,462,0,931,-931,0,9,None,0.0,0,1
2026-07-18,Seats,Interior,133,713,29,703,683,0,998,-998,0,14,None,0.0,0,1
2026-07-18,Nuts,Fastener_Cooling,133,14705,6389,14890,14770,6454,20587,-14133,0,6,None,0.0,0,1
2026-07-18,ECU,Electrical,133,133,13176,121,124,13167,279,12888,0,20,None,0.0,0,1
2026-07-18,Radiator,Fastener_Cooling,133,133,6926,121,122,6915,232,6683,0,15,None,0.0,0,1
2026-07-19,Engine,Powertrain,136,120,12223,118,115,12218,252,11966,0,18,None,0.0,0,1
2026-07-19,Battery,Powertrain,136,16,7839,16,15,7838,100,7738,0,25,None,0.0,0,1
2026-07-19,Transmission,Powertrain,136,136,9743,118,112,9719,285,9434,0,22,None,0.0,0,1
2026-07-19,Brake_Pads,Chassis,136,544,39,526,533,28,952,-924,0,12,None,0.0,0,1
2026-07-19,Wheels,Chassis,136,544,3326,542,558,3340,952,2388,0,10,None,0.0,0,1
2026-07-19,Tyres,Chassis,136,544,0,584,585,41,952,-911,0,9,None,0.0,0,1
2026-07-19,Seats,Interior,136,730,0,718,687,0,1022,-1022,0,14,None,0.0,0,1
2026-07-19,Nuts,Fastener_Cooling,136,15065,6454,12815,12540,3929,21091,-17162,0,6,None,0.0,0,1
2026-07-19,ECU,Electrical,136,136,13167,134,134,13165,285,12880,0,20,None,0.0,0,1
2026-07-19,Radiator,Fastener_Cooling,136,136,6915,120,114,6893,238,6655,0,15,None,0.0,0,1
2026-07-20,Engine,Powertrain,120,105,12218,90,85,12198,220,11978,0,18,None,0.0,0,0
2026-07-20,Battery,Powertrain,120,15,7838,16,16,7839,100,7739,0,25,None,0.0,0,0
2026-07-20,Transmission,Powertrain,120,120,9719,113,117,9716,252,9464,0,22,None,0.0,0,0
2026-07-20,Brake_Pads,Chassis,120,480,28,508,526,74,840,-766,0,12,None,0.0,0,0
2026-07-20,Wheels,Chassis,120,480,3340,409,399,3259,840,2419,0,10,None,0.0,0,0
2026-07-20,Tyres,Chassis,120,480,41,517,507,68,840,-772,0,9,None,0.0,0,0
2026-07-20,Seats,Interior,120,644,0,654,664,20,901,-881,0,14,None,0.0,0,0
2026-07-20,Nuts,Fastener_Cooling,120,13275,3929,12981,13206,3860,18585,-14725,0,6,None,0.0,0,0
2026-07-20,ECU,Electrical,120,120,13165,119,113,13158,252,12906,0,20,None,0.0,0,0
2026-07-20,Radiator,Fastener_Cooling,120,120,6893,119,123,6896,210,6686,0,15,None,0.0,0,0
2026-07-21,Engine,Powertrain,127,114,12198,98,53,12137,239,11898,1,18,None,0.0,0,0
2026-07-21,Battery,Powertrain,127,13,7839,13,12,7838,100,7738,0,25,None,0.0,0,0
2026-07-21,Transmission,Powertrain,127,127,9716,129,129,9718,266,9452,0,22,None,0.0,0,0
2026-07-21,Brake_Pads,Chassis,127,508,74,486,496,62,889,-827,0,12,None,0.0,0,0
2026-07-21,Wheels,Chassis,127,508,3259,432,237,2988,889,2099,1,10,None,0.0,0,0
2026-07-21,Tyres,Chassis,127,508,68,435,427,0,889,-889,0,9,None,0.0,0,0
2026-07-21,Seats,Interior,127,679,20,681,699,40,950,-910,0,14,None,0.0,0,0
2026-07-21,Nuts,Fastener_Cooling,127,13995,3860,12875,12440,2305,19593,-17288,0,6,None,0.0,0,0
2026-07-21,ECU,Electrical,127,127,13158,109,112,13143,266,12877,0,20,None,0.0,0,0
2026-07-21,Radiator,Fastener_Cooling,127,127,6896,123,124,6893,222,6671,0,15,None,0.0,0,0
2026-07-22,Engine,Powertrain,125,111,12137,110,104,12130,233,11897,0,18,None,0.0,0,0
2026-07-22,Battery,Powertrain,125,14,7838,13,13,7837,100,7737,0,25,None,0.0,0,0
2026-07-22,Transmission,Powertrain,125,125,9718,121,126,9719,262,9457,0,22,None,0.0,0,0
2026-07-22,Brake_Pads,Chassis,125,500,62,473,452,14,875,-861,0,12,None,0.0,0,0
2026-07-22,Wheels,Chassis,125,500,2988,433,417,2905,875,2030,0,10,None,0.0,0,0
2026-07-22,Tyres,Chassis,125,500,0,449,446,0,875,-875,0,9,None,0.0,0,0
2026-07-22,Seats,Interior,125,675,40,643,641,6,945,-939,0,14,None,0.0,0,0
2026-07-22,Nuts,Fastener_Cooling,125,13905,2305,12010,11787,187,19467,-19280,0,6,None,0.0,0,0
2026-07-22,ECU,Electrical,125,125,13143,125,120,13138,262,12876,0,20,None,0.0,0,0
2026-07-22,Radiator,Fastener_Cooling,125,125,6893,112,116,6884,218,6666,0,15,None,0.0,0,0
2026-07-23,Engine,Powertrain,130,113,12130,110,114,12131,237,11894,0,18,None,0.0,0,0
2026-07-23,Battery,Powertrain,130,17,7837,17,17,7837,100,7737,0,25,None,0.0,0,0
2026-07-23,Transmission,Powertrain,130,130,9719,134,133,9722,273,9449,0,22,None,0.0,0,0
2026-07-23,Brake_Pads,Chassis,130,520,14,459,436,0,910,-910,0,12,None,0.0,0,0
2026-07-23,Wheels,Chassis,130,520,2905,458,443,2828,910,1918,0,10,None,0.0,0,0
2026-07-23,Tyres,Chassis,130,520,0,497,508,0,910,-910,0,9,None,0.0,0,0
2026-07-23,Seats,Interior,130,700,6,657,624,0,980,-980,0,14,None,0.0,0,0
2026-07-23,Nuts,Fastener_Cooling,130,14430,187,13447,13095,0,20202,-20202,0,6,None,0.0,0,0
2026-07-23,ECU,Electrical,130,130,13138,116,113,13121,273,12848,0,20,None,0.0,0,0
2026-07-23,Radiator,Fastener_Cooling,130,130,6884,130,136,6890,227,6663,0,15,None,0.0,0,0
2026-07-24,Engine,Powertrain,129,115,12131,100,101,12117,241,11876,0,18,None,0.0,0,0
2026-07-24,Battery,Powertrain,129,14,7837,15,15,7838,100,7738,0,25,None,0.0,0,0
2026-07-24,Transmission,Powertrain,129,129,9722,130,125,9718,270,9448,0,22,None,0.0,0,0
2026-07-24,Brake_Pads,Chassis,129,516,0,465,446,0,903,-903,0,12,None,0.0,0,0
2026-07-24,Wheels,Chassis,129,516,2828,560,568,2880,903,1977,0,10,None,0.0,0,0
2026-07-24,Tyres,Chassis,129,516,0,542,527,11,903,-892,0,9,None,0.0,0,0
2026-07-24,Seats,Interior,129,695,0,714,700,5,973,-968,0,14,None,0.0,0,0
2026-07-24,Nuts,Fastener_Cooling,129,14335,0,14698,15151,816,20069,-19253,0,6,None,0.0,0,0
2026-07-24,ECU,Electrical,129,129,13121,129,131,13123,270,12853,0,20,None,0.0,0,0
2026-07-24,Radiator,Fastener_Cooling,129,129,6890,135,130,6891,225,6666,0,15,None,0.0,0,0
2026-07-25,Engine,Powertrain,143,126,12117,137,135,12126,264,11862,0,18,None,0.0,0,1
2026-07-25,Battery,Powertrain,143,17,7838,16,15,7836,100,7736,0,25,None,0.0,0,1
2026-07-25,Transmission,Powertrain,143,143,9718,136,133,9708,300,9408,0,22,None,0.0,0,1
2026-07-25,Brake_Pads,Chassis,143,572,0,562,586,14,1001,-987,0,12,None,0.0,0,1
2026-07-25,Wheels,Chassis,143,572,2880,596,327,2635,1001,1634,1,10,None,0.0,0,1
2026-07-25,Tyres,Chassis,143,572,11,595,617,56,1001,-945,0,9,None,0.0,0,1
2026-07-25,Seats,Interior,143,769,5,767,738,0,1076,-1076,0,14,None,0.0,0,1
2026-07-25,Nuts,Fastener_Cooling,143,15850,816,14765,14068,0,22190,-22190,0,6,None,0.0,0,1
2026-07-25,ECU,Electrical,143,143,13123,147,80,13060,300,12760,1,20,None,0.0,0,1
2026-07-25,Radiator,Fastener_Cooling,143,143,6891,150,150,6898,250,6648,0,15,None,0.0,0,1
2026-07-26,Engine,Powertrain,136,118,12126,127,129,12137,247,11890,0,18,None,0.0,0,1
2026-07-26,Battery,Powertrain,136,18,7836,19,19,7837,100,7737,0,25,None,0.0,0,1
2026-07-26,Transmission,Powertrain,136,136,9708,134,139,9711,285,9426,0,22,None,0.0,0,1
2026-07-26,Brake_Pads,Chassis,136,544,14,478,499,0,952,-952,0,12,None,0.0,0,1
2026-07-26,Wheels,Chassis,136,544,2635,562,556,2647,952,1695,0,10,None,0.0,0,1
2026-07-26,Tyres,Chassis,136,544,56,499,274,0,952,-952,1,9,None,0.0,0,1
2026-07-26,Seats,Interior,136,732,0,705,719,0,1024,-1024,0,14,None,0.0,0,1
2026-07-26,Nuts,Fastener_Cooling,136,15100,0,14239,13880,0,21140,-21140,0,6,None,0.0,0,1
2026-07-26,ECU,Electrical,136,136,13060,142,140,13064,285,12779,0,20,None,0.0,0,1
2026-07-26,Radiator,Fastener_Cooling,136,136,6898,123,125,6887,238,6649,0,15,None,0.0,0,1
2026-07-27,Engine,Powertrain,126,112,12137,117,121,12146,235,11911,0,18,None,0.0,0,0
2026-07-27,Battery,Powertrain,126,14,7837,13,12,7835,100,7735,0,25,None,0.0,0,0
2026-07-27,Transmission,Powertrain,126,126,9711,116,111,9696,264,9432,0,22,None,0.0,0,0
2026-07-27,Brake_Pads,Chassis,126,504,0,429,415,0,882,-882,0,12,None,0.0,0,0
2026-07-27,Wheels,Chassis,126,504,2647,496,490,2633,882,1751,0,10,None,0.0,0,0
2026-07-27,Tyres,Chassis,126,504,0,502,525,21,882,-861,0,9,None,0.0,0,0
2026-07-27,Seats,Interior,126,680,0,722,753,73,952,-879,0,14,None,0.0,0,0
2026-07-27,Nuts,Fastener_Cooling,126,14025,0,13994,13716,0,19635,-19635,0,6,None,0.0,0,0
2026-07-27,ECU,Electrical,126,126,13064,130,135,13073,264,12809,0,20,None,0.0,0,0
2026-07-27,Radiator,Fastener_Cooling,126,126,6887,108,104,6865,220,6645,0,15,None,0.0,0,0
2026-07-28,Engine,Powertrain,124,109,12146,119,114,12151,228,11923,0,18,None,0.0,0,0
2026-07-28,Battery,Powertrain,124,15,7835,14,13,7833,100,7733,0,25,None,0.0,0,0
2026-07-28,Transmission,Powertrain,124,124,9696,107,107,9679,260,9419,0,22,None,0.0,0,0
2026-07-28,Brake_Pads,Chassis,124,496,0,426,426,0,868,-868,0,12,None,0.0,0,0
2026-07-28,Wheels,Chassis,124,496,2633,504,513,2650,868,1782,0,10,None,0.0,0,0
2026-07-28,Tyres,Chassis,124,496,21,518,495,20,868,-848,0,9,None,0.0,0,0
2026-07-28,Seats,Interior,124,668,73,685,673,78,935,-857,0,14,None,0.0,0,0
2026-07-28,Nuts,Fastener_Cooling,124,13805,0,11827,12262,0,19327,-19327,0,6,None,0.0,0,0
2026-07-28,ECU,Electrical,124,124,13073,107,104,13053,260,12793,0,20,None,0.0,0,0
2026-07-28,Radiator,Fastener_Cooling,124,124,6865,111,108,6849,217,6632,0,15,None,0.0,0,0
2026-07-29,Engine,Powertrain,128,111,12151,113,118,12158,233,11925,0,18,None,0.0,0,0
2026-07-29,Battery,Powertrain,128,17,7833,15,15,7831,100,7731,0,25,None,0.0,0,0
2026-07-29,Transmission,Powertrain,128,128,9679,114,110,9661,268,9393,0,22,None,0.0,0,0
2026-07-29,Brake_Pads,Chassis,128,512,0,454,435,0,896,-896,0,12,None,0.0,0,0
2026-07-29,Wheels,Chassis,128,512,2650,479,497,2635,896,1739,0,10,None,0.0,0,0
2026-07-29,Tyres,Chassis,128,512,20,452,438,0,896,-896,0,9,None,0.0,0,0
2026-07-29,Seats,Interior,128,692,78,609,597,0,968,-968,0,14,None,0.0,0,0
2026-07-29,Nuts,Fastener_Cooling,128,14265,0,15647,16389,2124,19971,-17847,0,6,None,0.0,0,0
2026-07-29,ECU,Electrical,128,128,13053,116,112,13037,268,12769,0,20,None,0.0,0,0
2026-07-29,Radiator,Fastener_Cooling,128,128,6849,110,114,6835,224,6611,0,15,None,0.0,0,0
2026-07-30,Engine,Powertrain,120,105,12158,94,96,12149,220,11929,0,18,None,0.0,0,0
2026-07-30,Battery,Powertrain,120,15,7831,14,13,7829,100,7729,0,25,None,0.0,0,0
2026-07-30,Transmission,Powertrain,120,120,9661,108,104,9645,252,9393,0,22,None,0.0,0,0
2026-07-30,Brake_Pads,Chassis,120,480,0,518,517,37,840,-803,0,12,None,0.0,0,0
2026-07-30,Wheels,Chassis,120,480,2635,432,427,2582,840,1742,0,10,None,0.0,0,0
2026-07-30,Tyres,Chassis,120,480,0,418,414,0,840,-840,0,9,None,0.0,0,0
2026-07-30,Seats,Interior,120,644,0,667,663,19,901,-882,0,14,None,0.0,0,0
2026-07-30,Nuts,Fastener_Cooling,120,13305,2124,13314,13890,2709,18627,-15918,0,6,None,0.0,0,0
2026-07-30,ECU,Electrical,120,120,13037,114,118,13035,252,12783,0,20,None,0.0,0,0
2026-07-30,Radiator,Fastener_Cooling,120,120,6835,125,124,6839,210,6629,0,15,None,0.0,0,0
2026-07-31,Engine,Powertrain,131,114,12149,122,121,12156,239,11917,0,18,None,0.0,0,0
2026-07-31,Battery,Powertrain,131,17,7829,16,8,7820,100,7720,1,25,None,0.0,0,0
2026-07-31,Transmission,Powertrain,131,131,9645,119,118,9632,275,9357,0,22,None,0.0,0,0
2026-07-31,Brake_Pads,Chassis,131,524,37,558,531,44,917,-873,0,12,None,0.0,0,0
2026-07-31,Wheels,Chassis,131,524,2582,528,534,2592,917,1675,0,10,None,0.0,0,0
2026-07-31,Tyres,Chassis,131,524,0,468,457,0,917,-917,0,9,None,0.0,0,0
2026-07-31,Seats,Interior,131,703,19,643,642,0,984,-984,0,14,None,0.0,0,0
2026-07-31,Nuts,Fastener_Cooling,131,14505,2709,12758,13230,1434,20307,-18873,0,6,None,0.0,0,0
2026-07-31,ECU,Electrical,131,131,13035,127,132,13036,275,12761,0,20,None,0.0,0,0
2026-07-31,Radiator,Fastener_Cooling,131,131,6839,139,134,6842,229,6613,0,15,None,0.0,0,0
2026-08-01,Engine,Powertrain,129,113,12156,99,98,12141,237,11904,0,18,None,0.0,0,1
2026-08-01,Battery,Powertrain,129,16,7820,14,13,7817,100,7717,0,25,None,0.0,0,1
2026-08-01,Transmission,Powertrain,129,129,9632,114,116,9619,270,9349,0,22,None,0.0,0,1
2026-08-01,Brake_Pads,Chassis,129,516,44,524,533,61,903,-842,0,12,None,0.0,0,1
2026-08-01,Wheels,Chassis,129,516,2592,466,477,2553,903,1650,0,10,None,0.0,0,1
2026-08-01,Tyres,Chassis,129,516,0,519,495,0,903,-903,0,9,None,0.0,0,1
2026-08-01,Seats,Interior,129,693,0,664,676,0,970,-970,0,14,None,0.0,0,1
2026-08-01,Nuts,Fastener_Cooling,129,14290,1434,14199,14569,1713,20006,-18293,0,6,None,0.0,0,1
2026-08-01,ECU,Electrical,129,129,13036,138,142,13049,270,12779,0,20,None,0.0,0,1
2026-08-01,Radiator,Fastener_Cooling,129,129,6842,116,120,6833,225,6608,0,15,None,0.0,0,1
2026-08-02,Engine,Powertrain,137,119,12141,114,116,12138,249,11889,0,18,None,0.0,0,1
2026-08-02,Battery,Powertrain,137,18,7817,18,18,7817,100,7717,0,25,None,0.0,0,1
2026-08-02,Transmission,Powertrain,137,137,9619,138,134,9616,287,9329,0,22,None,0.0,0,1
2026-08-02,Brake_Pads,Chassis,137,548,61,520,533,46,959,-913,0,12,None,0.0,0,1
2026-08-02,Wheels,Chassis,137,548,2553,522,534,2539,959,1580,0,10,None,0.0,0,1
2026-08-02,Tyres,Chassis,137,548,0,594,611,63,959,-896,0,9,None,0.0,0,1
2026-08-02,Seats,Interior,137,737,0,785,818,81,1031,-950,0,14,None,0.0,0,1
2026-08-02,Nuts,Fastener_Cooling,137,15230,1713,16374,16693,3176,21322,-18146,0,6,None,0.0,0,1
2026-08-02,ECU,Electrical,137,137,13049,138,135,13047,287,12760,0,20,None,0.0,0,1
2026-08-02,Radiator,Fastener_Cooling,137,137,6833,124,123,6819,239,6580,0,15,None,0.0,0,1
2026-08-03,Engine,Powertrain,126,111,12138,99,101,12128,233,11895,0,18,None,0.0,0,0
2026-08-03,Battery,Powertrain,126,15,7817,14,14,7816,100,7716,0,25,None,0.0,0,0
2026-08-03,Transmission,Powertrain,126,126,9616,112,112,9602,264,9338,0,22,None,0.0,0,0
2026-08-03,Brake_Pads,Chassis,126,504,46,550,525,67,882,-815,0,12,None,0.0,0,0
2026-08-03,Wheels,Chassis,126,504,2539,435,418,2453,882,1571,0,10,None,0.0,0,0
2026-08-03,Tyres,Chassis,126,504,63,510,501,60,882,-822,0,9,None,0.0,0,0
2026-08-03,Seats,Interior,126,672,81,599,572,0,940,-940,0,14,None,0.0,0,0
2026-08-03,Nuts,Fastener_Cooling,126,13890,3176,12744,12335,1621,19446,-17825,0,6,None,0.0,0,0
2026-08-03,ECU,Electrical,126,126,13047,134,132,13053,264,12789,0,20,None,0.0,0,0
2026-08-03,Radiator,Fastener_Cooling,126,126,6819,110,115,6808,220,6588,0,15,None,0.0,0,0
2026-08-04,Engine,Powertrain,129,114,12128,106,110,12124,239,11885,0,18,None,0.0,0,0
2026-08-04,Battery,Powertrain,129,15,7816,14,14,7815,100,7715,0,25,None,0.0,0,0
2026-08-04,Transmission,Powertrain,129,129,9602,120,120,9593,270,9323,0,22,None,0.0,0,0
2026-08-04,Brake_Pads,Chassis,129,516,67,563,570,121,903,-782,0,12,None,0.0,0,0
2026-08-04,Wheels,Chassis,129,516,2453,509,531,2468,903,1565,0,10,None,0.0,0,0
2026-08-04,Tyres,Chassis,129,516,60,457,478,22,903,-881,0,9,None,0.0,0,0
2026-08-04,Seats,Interior,129,689,0,622,631,0,964,-964,0,14,None,0.0,0,0
2026-08-04,Nuts,Fastener_Cooling,129,14225,1621,12875,13420,816,19915,-19099,0,6,None,0.0,0,0
2026-08-04,ECU,Electrical,129,129,13053,121,126,13050,270,12780,0,20,None,0.0,0,0
2026-08-04,Radiator,Fastener_Cooling,129,129,6808,110,114,6793,225,6568,0,15,None,0.0,0,0
2026-08-05,Engine,Powertrain,126,111,12124,118,117,12130,233,11897,0,18,None,0.0,0,0
2026-08-05,Battery,Powertrain,126,15,7815,15,15,7815,100,7715,0,25,None,0.0,0,0
2026-08-05,Transmission,Powertrain,126,126,9593,119,115,9582,264,9318,0,22,None,0.0,0,0
2026-08-05,Brake_Pads,Chassis,126,504,121,541,545,162,882,-720,0,12,None,0.0,0,0
2026-08-05,Wheels,Chassis,126,504,2468,470,481,2445,882,1563,0,10,None,0.0,0,0
2026-08-05,Tyres,Chassis,126,504,22,530,507,25,882,-857,0,9,None,0.0,0,0
2026-08-05,Seats,Interior,126,674,0,620,590,0,943,-943,0,14,None,0.0,0,0
2026-08-05,Nuts,Fastener_Cooling,126,13915,816,14268,14144,1045,19481,-18436,0,6,None,0.0,0,0
2026-08-05,ECU,Electrical,126,126,13050,137,140,13064,264,12800,0,20,None,0.0,0,0
2026-08-05,Radiator,Fastener_Cooling,126,126,6793,121,121,6788,220,6568,0,15,None,0.0,0,0
2026-08-06,Engine,Powertrain,130,115,12130,104,99,12114,241,11873,0,18,None,0.0,0,0
2026-08-06,Battery,Powertrain,130,15,7815,13,12,7812,100,7712,0,25,None,0.0,0,0
2026-08-06,Transmission,Powertrain,130,130,9582,122,119,9571,273,9298,0,22,None,0.0,0,0
2026-08-06,Brake_Pads,Chassis,130,520,162,506,494,136,910,-774,0,12,None,0.0,0,0
2026-08-06,Wheels,Chassis,130,520,2445,445,444,2369,910,1459,0,10,None,0.0,0,0
2026-08-06,Tyres,Chassis,130,520,25,502,526,31,910,-879,0,9,None,0.0,0,0
2026-08-06,Seats,Interior,130,698,0,672,658,0,977,-977,0,14,None,0.0,0,0
2026-08-06,Nuts,Fastener_Cooling,130,14395,1045,12882,12909,0,20153,-20153,0,6,None,0.0,0,0
2026-08-06,ECU,Electrical,130,130,13064,140,140,13074,273,12801,0,20,None,0.0,0,0
2026-08-06,Radiator,Fastener_Cooling,130,130,6788,129,131,6789,227,6562,0,15,None,0.0,0,0
2026-08-07,Engine,Powertrain,124,109,12114,99,96,12101,228,11873,0,18,None,0.0,0,0
2026-08-07,Battery,Powertrain,124,15,7812,14,14,7811,100,7711,0,25,None,0.0,0,0
2026-08-07,Transmission,Powertrain,124,124,9571,111,111,9558,260,9298,0,22,None,0.0,0,0
2026-08-07,Brake_Pads,Chassis,124,496,136,501,507,147,868,-721,0,12,None,0.0,0,0
2026-08-07,Wheels,Chassis,124,496,2369,545,519,2392,868,1524,0,10,None,0.0,0,0
2026-08-07,Tyres,Chassis,124,496,31,527,513,48,868,-820,0,9,None,0.0,0,0
2026-08-07,Seats,Interior,124,668,0,585,587,0,935,-935,0,14,None,0.0,0,0
2026-08-07,Nuts,Fastener_Cooling,124,13765,0,12484,12667,0,19271,-19271,0,6,None,0.0,0,0
2026-08-07,ECU,Electrical,124,124,13074,110,111,13061,260,12801,0,20,None,0.0,0,0
2026-08-07,Radiator,Fastener_Cooling,124,124,6789,106,109,6774,217,6557,0,15,None,0.0,0,0
2026-08-08,Engine,Powertrain,144,127,12101,118,123,12097,266,11831,0,18,None,0.0,0,1
2026-08-08,Battery,Powertrain,144,17,7811,16,16,7810,100,7710,0,25,None,0.0,0,1
2026-08-08,Transmission,Powertrain,144,144,9558,152,146,9560,302,9258,0,22,None,0.0,0,1
2026-08-08,Brake_Pads,Chassis,144,576,147,523,535,106,1008,-902,0,12,None,0.0,0,1
2026-08-08,Wheels,Chassis,144,576,2392,602,625,2441,1008,1433,0,10,None,0.0,0,1
2026-08-08,Tyres,Chassis,144,576,48,551,531,3,1008,-1005,0,9,None,0.0,0,1
2026-08-08,Seats,Interior,144,778,0,854,873,95,1089,-994,0,14,None,0.0,0,1
2026-08-08,Nuts,Fastener_Cooling,144,16050,0,16908,17049,999,22470,-21471,0,6,None,0.0,0,1
2026-08-08,ECU,Electrical,144,144,13061,134,127,13044,302,12742,0,20,None,0.0,0,1
2026-08-08,Radiator,Fastener_Cooling,144,144,6774,153,150,6780,252,6528,0,15,None,0.0,0,1
2026-08-09,Engine,Powertrain,140,125,12097,124,125,12097,262,11835,0,18,None,0.0,0,1
2026-08-09,Battery,Powertrain,140,15,7810,13,13,7808,100,7708,0,25,None,0.0,0,1
2026-08-09,Transmission,Powertrain,140,140,9560,119,120,9540,294,9246,0,22,None,0.0,0,1
2026-08-09,Brake_Pads,Chassis,140,560,106,599,625,171,980,-809,0,12,None,0.0,0,1
2026-08-09,Wheels,Chassis,140,560,2441,531,554,2435,980,1455,0,10,None,0.0,0,1
2026-08-09,Tyres,Chassis,140,560,3,544,536,0,980,-980,0,9,None,0.0,0,1
2026-08-09,Seats,Interior,140,750,95,805,784,129,1050,-921,0,14,None,0.0,0,1
2026-08-09,Nuts,Fastener_Cooling,140,15430,999,16020,16287,1856,21602,-19746,0,6,None,0.0,0,1
2026-08-09,ECU,Electrical,140,140,13044,133,138,13042,294,12748,0,20,None,0.0,0,1
2026-08-09,Radiator,Fastener_Cooling,140,140,6780,119,121,6761,245,6516,0,15,None,0.0,0,1
2026-08-10,Engine,Powertrain,128,114,12097,113,111,12094,239,11855,0,18,None,0.0,0,0
2026-08-10,Battery,Powertrain,128,14,7808,12,12,7806,100,7706,0,25,None,0.0,0,0
2026-08-10,Transmission,Powertrain,128,128,9540,133,135,9547,268,9279,0,22,None,0.0,0,0
2026-08-10,Brake_Pads,Chassis,128,512,171,525,525,184,896,-712,0,12,None,0.0,0,0
2026-08-10,Wheels,Chassis,128,512,2435,509,496,2419,896,1523,0,10,None,0.0,0,0
2026-08-10,Tyres,Chassis,128,512,0,466,467,0,896,-896,0,9,None,0.0,0,0
2026-08-10,Seats,Interior,128,688,129,709,692,133,963,-830,0,14,None,0.0,0,0
2026-08-10,Nuts,Fastener_Cooling,128,14150,1856,12465,12646,352,19810,-19458,0,6,None,0.0,0,0
2026-08-10,ECU,Electrical,128,128,13042,128,132,13046,268,12778,0,20,None,0.0,0,0
2026-08-10,Radiator,Fastener_Cooling,128,128,6761,131,133,6766,224,6542,0,15,None,0.0,0,0
2026-08-11,Engine,Powertrain,126,111,12094,121,120,12103,233,11870,0,18,None,0.0,0,0
2026-08-11,Battery,Powertrain,126,15,7806,15,15,7806,100,7706,0,25,None,0.0,0,0
2026-08-11,Transmission,Powertrain,126,126,9547,132,135,9556,264,9292,0,22,None,0.0,0,0
2026-08-11,Brake_Pads,Chassis,126,504,184,488,508,188,882,-694,0,12,None,0.0,0,0
2026-08-11,Wheels,Chassis,126,504,2419,502,511,2426,882,1544,0,10,None,0.0,0,0
2026-08-11,Tyres,Chassis,126,504,0,525,499,0,882,-882,0,9,None,0.0,0,0
2026-08-11,Seats,Interior,126,676,133,670,647,104,946,-842,0,14,None,0.0,0,0
2026-08-11,Nuts,Fastener_Cooling,126,13940,352,14792,14355,767,19516,-18749,0,6,None,0.0,0,0
2026-08-11,ECU,Electrical,126,126,13046,123,124,13044,264,12780,0,20,None,0.0,0,0
2026-08-11,Radiator,Fastener_Cooling,126,126,6766,124,124,6764,220,6544,0,15,None,0.0,0,0
2026-08-12,Engine,Powertrain,129,113,12103,119,114,12104,237,11867,0,18,None,0.0,0,0
2026-08-12,Battery,Powertrain,129,16,7806,15,14,7804,100,7704,0,25,None,0.0,0,0
2026-08-12,Transmission,Powertrain,129,129,9556,133,137,9564,270,9294,0,22,None,0.0,0,0
2026-08-12,Brake_Pads,Chassis,129,516,188,442,446,118,903,-785,0,12,None,0.0,0,0
2026-08-12,Wheels,Chassis,129,516,2426,526,512,2422,903,1519,0,10,None,0.0,0,0
2026-08-12,Tyres,Chassis,129,516,0,508,508,0,903,-903,0,9,None,0.0,0,0
2026-08-12,Seats,Interior,129,693,104,599,603,14,970,-956,0,14,None,0.0,0,0
2026-08-12,Nuts,Fastener_Cooling,129,14290,767,14837,15490,1967,20006,-18039,0,6,None,0.0,0,0
2026-08-12,ECU,Electrical,129,129,13044,129,130,13045,270,12775,0,20,None,0.0,0,0
2026-08-12,Radiator,Fastener_Cooling,129,129,6764,109,112,6747,225,6522,0,15,None,0.0,0,0
2026-08-13,Engine,Powertrain,127,112,12104,122,126,12118,235,11883,0,18,None,0.0,0,0
2026-08-13,Battery,Powertrain,127,15,7804,13,13,7802,100,7702,0,25,None,0.0,0,0
2026-08-13,Transmission,Powertrain,127,127,9564,128,125,9562,266,9296,0,22,None,0.0,0,0
2026-08-13,Brake_Pads,Chassis,127,508,118,500,503,113,889,-776,0,12,None,0.0,0,0
2026-08-13,Wheels,Chassis,127,508,2422,529,538,2452,889,1563,0,10,None,0.0,0,0
2026-08-13,Tyres,Chassis,127,508,0,557,574,66,889,-823,0,9,None,0.0,0,0
2026-08-13,Seats,Interior,127,681,14,611,633,0,953,-953,0,14,None,0.0,0,0
2026-08-13,Nuts,Fastener_Cooling,127,14040,1967,14029,14240,2167,19656,-17489,0,6,None,0.0,0,0
2026-08-13,ECU,Electrical,127,127,13045,125,121,13039,266,12773,0,20,None,0.0,0,0
2026-08-13,Radiator,Fastener_Cooling,127,127,6747,119,119,6739,222,6517,0,15,None,0.0,0,0
2026-08-14,Engine,Powertrain,122,107,12118,93,97,12108,224,11884,0,18,None,0.0,0,0
2026-08-14,Battery,Powertrain,122,15,7802,16,15,7802,100,7702,0,25,None,0.0,0,0
2026-08-14,Transmission,Powertrain,122,122,9562,122,122,9562,256,9306,0,22,None,0.0,0,0
2026-08-14,Brake_Pads,Chassis,122,488,113,488,488,113,854,-741,0,12,None,0.0,0,0
2026-08-14,Wheels,Chassis,122,488,2452,454,443,2407,854,1553,0,10,None,0.0,0,0
2026-08-14,Tyres,Chassis,122,488,66,457,459,37,854,-817,0,9,None,0.0,0,0
2026-08-14,Seats,Interior,122,660,0,609,600,0,924,-924,0,14,None,0.0,0,0
2026-08-14,Nuts,Fastener_Cooling,122,13610,2167,12519,12301,858,19054,-18196,0,6,None,0.0,0,0
2026-08-14,ECU,Electrical,122,122,13039,128,70,12987,256,12731,1,20,None,0.0,0,0
2026-08-14,Radiator,Fastener_Cooling,122,122,6739,109,110,6727,213,6514,0,15,None,0.0,0,0
2026-08-15,Engine,Powertrain,150,130,12108,114,108,12086,273,11813,0,18,Independence Day,0.9,0,1
2026-08-15,Battery,Powertrain,150,20,7802,17,17,7799,100,7699,0,25,Independence Day,0.9,0,1
2026-08-15,Transmission,Powertrain,150,150,9562,154,159,9571,315,9256,0,22,Independence Day,0.9,0,1
2026-08-15,Brake_Pads,Chassis,150,600,113,604,586,99,1050,-951,0,12,Independence Day,0.9,0,1
2026-08-15,Wheels,Chassis,150,600,2407,563,541,2348,1050,1298,0,10,Independence Day,0.9,0,1
2026-08-15,Tyres,Chassis,150,600,37,555,534,0,1050,-1050,0,9,Independence Day,0.9,0,1
2026-08-15,Seats,Interior,150,806,0,712,691,0,1128,-1128,0,14,Independence Day,0.9,0,1
2026-08-15,Nuts,Fastener_Cooling,150,16650,858,16311,16841,1049,23310,-22261,0,6,Independence Day,0.9,0,1
2026-08-15,ECU,Electrical,150,150,12987,155,154,12991,315,12676,0,20,Independence Day,0.9,0,1
2026-08-15,Radiator,Fastener_Cooling,150,150,6727,156,162,6739,262,6477,0,15,Independence Day,0.9,0,1
2026-08-16,Engine,Powertrain,137,120,12086,120,114,12080,252,11828,0,18,None,0.0,0,1
2026-08-16,Battery,Powertrain,137,17,7799,18,18,7800,100,7700,0,25,None,0.0,0,1
2026-08-16,Transmission,Powertrain,137,137,9571,127,125,9559,287,9272,0,22,None,0.0,0,1
2026-08-16,Brake_Pads,Chassis,137,548,99,502,481,32,959,-927,0,12,None,0.0,0,1
2026-08-16,Wheels,Chassis,137,548,2348,570,571,2371,959,1412,0,10,None,0.0,0,1
2026-08-16,Tyres,Chassis,137,548,0,556,569,21,959,-938,0,9,None,0.0,0,1
2026-08-16,Seats,Interior,137,729,0,650,629,0,1020,-1020,0,14,None,0.0,0,1
2026-08-16,Nuts,Fastener_Cooling,137,15055,1049,14144,13580,0,21077,-21077,0,6,None,0.0,0,1
2026-08-16,ECU,Electrical,137,137,12991,148,142,12996,287,12709,0,20,None,0.0,0,1
2026-08-16,Radiator,Fastener_Cooling,137,137,6739,131,129,6731,239,6492,0,15,None,0.0,0,1
2026-08-17,Engine,Powertrain,127,113,12080,108,107,12074,237,11837,0,18,None,0.0,0,0
2026-08-17,Battery,Powertrain,127,14,7800,14,14,7800,100,7700,0,25,None,0.0,0,0
2026-08-17,Transmission,Powertrain,127,127,9559,119,115,9547,266,9281,0,22,None,0.0,0,0
2026-08-17,Brake_Pads,Chassis,127,508,32,446,450,0,889,-889,0,12,None,0.0,0,0
2026-08-17,Wheels,Chassis,127,508,2371,507,500,2363,889,1474,0,10,None,0.0,0,0
2026-08-17,Tyres,Chassis,127,508,21,538,533,46,889,-843,0,9,None,0.0,0,0
2026-08-17,Seats,Interior,127,683,0,733,740,57,956,-899,0,14,None,0.0,0,0
2026-08-17,Nuts,Fastener_Cooling,127,14070,0,14552,14275,205,19698,-19493,0,6,None,0.0,0,0
2026-08-17,ECU,Electrical,127,127,12996,130,131,13000,266,12734,0,20,None,0.0,0,0
2026-08-17,Radiator,Fastener_Cooling,127,127,6731,109,113,6717,222,6495,0,15,None,0.0,0,0
2026-08-18,Engine,Powertrain,120,106,12074,100,97,12065,222,11843,0,18,None,0.0,0,0
2026-08-18,Battery,Powertrain,120,14,7800,11,10,7796,100,7696,0,25,None,0.0,0,0
2026-08-18,Transmission,Powertrain,120,120,9547,124,130,9557,252,9305,0,22,None,0.0,0,0
2026-08-18,Brake_Pads,Chassis,120,480,0,418,437,0,840,-840,0,12,None,0.0,0,0
2026-08-18,Wheels,Chassis,120,480,2363,475,462,2345,840,1505,0,10,None,0.0,0,0
2026-08-18,Tyres,Chassis,120,480,46,410,426,0,840,-840,0,9,None,0.0,0,0
2026-08-18,Seats,Interior,120,642,57,573,553,0,898,-898,0,14,None,0.0,0,0
2026-08-18,Nuts,Fastener_Cooling,120,13245,205,13809,13295,255,18543,-18288,0,6,None,0.0,0,0
2026-08-18,ECU,Electrical,120,120,13000,112,112,12992,252,12740,0,20,None,0.0,0,0
2026-08-18,Radiator,Fastener_Cooling,120,120,6717,108,104,6701,210,6491,0,15,None,0.0,0,0
2026-08-19,Engine,Powertrain,133,118,12065,127,126,12073,247,11826,0,18,None,0.0,0,0
2026-08-19,Battery,Powertrain,133,15,7796,14,13,7794,100,7694,0,25,None,0.0,0,0
2026-08-19,Transmission,Powertrain,133,133,9557,123,128,9552,279,9273,0,22,None,0.0,0,0
2026-08-19,Brake_Pads,Chassis,133,532,0,533,521,0,931,-931,0,12,None,0.0,0,0
2026-08-19,Wheels,Chassis,133,532,2345,462,478,2291,931,1360,0,10,None,0.0,0,0
2026-08-19,Tyres,Chassis,133,532,0,480,503,0,931,-931,0,9,None,0.0,0,0
2026-08-19,Seats,Interior,133,715,0,748,784,69,1001,-932,0,14,None,0.0,0,0
2026-08-19,Nuts,Fastener_Cooling,133,14730,255,14612,14651,176,20622,-20446,0,6,None,0.0,0,0
2026-08-19,ECU,Electrical,133,133,12992,120,118,12977,279,12698,0,20,None,0.0,0,0
2026-08-19,Radiator,Fastener_Cooling,133,133,6701,116,115,6683,232,6451,0,15,None,0.0,0,0
2026-08-20,Engine,Powertrain,127,112,12073,111,107,12068,235,11833,0,18,None,0.0,0,0
2026-08-20,Battery,Powertrain,127,15,7794,15,14,7793,100,7693,0,25,None,0.0,0,0
2026-08-20,Transmission,Powertrain,127,127,9552,109,104,9529,266,9263,0,22,None,0.0,0,0
2026-08-20,Brake_Pads,Chassis,127,508,0,473,473,0,889,-889,0,12,None,0.0,0,0
2026-08-20,Wheels,Chassis,127,508,2291,473,494,2277,889,1388,0,10,None,0.0,0,0
2026-08-20,Tyres,Chassis,127,508,0,433,437,0,889,-889,0,9,None,0.0,0,0
2026-08-20,Seats,Interior,127,681,69,713,736,124,953,-829,0,14,None,0.0,0,0
2026-08-20,Nuts,Fastener_Cooling,127,14060,176,14317,14820,936,19684,-18748,0,6,None,0.0,0,0
2026-08-20,ECU,Electrical,127,127,12977,130,125,12975,266,12709,0,20,None,0.0,0,0
2026-08-20,Radiator,Fastener_Cooling,127,127,6683,128,125,6681,222,6459,0,15,None,0.0,0,0
2026-08-21,Engine,Powertrain,124,111,12068,96,100,12057,233,11824,0,18,None,0.0,0,0
2026-08-21,Battery,Powertrain,124,13,7793,12,11,7791,100,7691,0,25,None,0.0,0,0
2026-08-21,Transmission,Powertrain,124,124,9529,107,107,9512,260,9252,0,22,None,0.0,0,0
2026-08-21,Brake_Pads,Chassis,124,496,0,507,527,31,868,-837,0,12,None,0.0,0,0
2026-08-21,Wheels,Chassis,124,496,2277,423,232,2013,868,1145,1,10,None,0.0,0,0
2026-08-21,Tyres,Chassis,124,496,0,471,489,0,868,-868,0,9,None,0.0,0,0
2026-08-21,Seats,Interior,124,664,124,705,676,136,929,-793,0,14,None,0.0,0,0
2026-08-21,Nuts,Fastener_Cooling,124,13685,936,14181,14553,1804,19159,-17355,0,6,None,0.0,0,0
2026-08-21,ECU,Electrical,124,124,12975,136,130,12981,260,12721,0,20,None,0.0,0,0
2026-08-21,Radiator,Fastener_Cooling,124,124,6681,111,105,6662,217,6445,0,15,None,0.0,0,0
2026-08-22,Engine,Powertrain,140,125,12057,112,112,12044,262,11782,0,18,None,0.0,0,1
2026-08-22,Battery,Powertrain,140,15,7791,13,13,7789,100,7689,0,25,None,0.0,0,1
2026-08-22,Transmission,Powertrain,140,140,9512,127,121,9493,294,9199,0,22,None,0.0,0,1
2026-08-22,Brake_Pads,Chassis,140,560,31,535,527,0,980,-980,0,12,None,0.0,0,1
2026-08-22,Wheels,Chassis,140,560,2013,533,526,1979,980,999,0,10,None,0.0,0,1
2026-08-22,Tyres,Chassis,140,560,0,540,566,6,980,-974,0,9,None,0.0,0,1
2026-08-22,Seats,Interior,140,758,136,821,852,230,1061,-831,0,14,None,0.0,0,1
2026-08-22,Nuts,Fastener_Cooling,140,15580,1804,15629,15067,1291,21812,-20521,0,6,None,0.0,0,1
2026-08-22,ECU,Electrical,140,140,12981,133,132,12973,294,12679,0,20,None,0.0,0,1
2026-08-22,Radiator,Fastener_Cooling,140,140,6662,149,142,6664,245,6419,0,15,None,0.0,0,1
2026-08-23,Engine,Powertrain,139,123,12044,133,127,12048,258,11790,0,18,None,0.0,0,1
2026-08-23,Battery,Powertrain,139,16,7789,15,15,7788,100,7688,0,25,None,0.0,0,1
2026-08-23,Transmission,Powertrain,139,139,9493,132,138,9492,291,9201,0,22,None,0.0,0,1
2026-08-23,Brake_Pads,Chassis,139,556,0,519,519,0,973,-973,0,12,None,0.0,0,1
2026-08-23,Wheels,Chassis,139,556,1979,499,511,1934,973,961,0,10,None,0.0,0,1
2026-08-23,Tyres,Chassis,139,556,6,509,279,0,973,-973,1,9,None,0.0,0,1
2026-08-23,Seats,Interior,139,747,230,757,754,237,1045,-808,0,14,None,0.0,0,1
2026-08-23,Nuts,Fastener_Cooling,139,15400,1291,14765,14184,75,21560,-21485,0,6,None,0.0,0,1
2026-08-23,ECU,Electrical,139,139,12973,151,147,12981,291,12690,0,20,None,0.0,0,1
2026-08-23,Radiator,Fastener_Cooling,139,139,6664,143,142,6667,243,6424,0,15,None,0.0,0,1
2026-08-24,Engine,Powertrain,126,110,12048,106,110,12048,231,11817,0,18,None,0.0,0,0
2026-08-24,Battery,Powertrain,126,16,7788,14,14,7786,100,7686,0,25,None,0.0,0,0
2026-08-24,Transmission,Powertrain,126,126,9492,111,111,9477,264,9213,0,22,None,0.0,0,0
2026-08-24,Brake_Pads,Chassis,126,504,0,504,499,0,882,-882,0,12,None,0.0,0,0
2026-08-24,Wheels,Chassis,126,504,1934,469,484,1914,882,1032,0,10,None,0.0,0,0
2026-08-24,Tyres,Chassis,126,504,0,478,483,0,882,-882,0,9,None,0.0,0,0
2026-08-24,Seats,Interior,126,676,237,720,736,297,946,-649,0,14,None,0.0,0,0
2026-08-24,Nuts,Fastener_Cooling,126,13945,75,12049,11486,0,19523,-19523,0,6,None,0.0,0,0
2026-08-24,ECU,Electrical,126,126,12981,122,118,12973,264,12709,0,20,None,0.0,0,0
2026-08-24,Radiator,Fastener_Cooling,126,126,6667,122,117,6658,220,6438,0,15,None,0.0,0,0
2026-08-25,Engine,Powertrain,129,115,12048,98,53,11986,241,11745,1,18,None,0.0,0,0
2026-08-25,Battery,Powertrain,129,14,7786,13,12,7784,100,7684,0,25,None,0.0,0,0
2026-08-25,Transmission,Powertrain,129,129,9477,139,137,9485,270,9215,0,22,None,0.0,0,0
2026-08-25,Brake_Pads,Chassis,129,516,0,487,465,0,903,-903,0,12,None,0.0,0,0
2026-08-25,Wheels,Chassis,129,516,1914,524,506,1904,903,1001,0,10,None,0.0,0,0
2026-08-25,Tyres,Chassis,129,516,0,509,502,0,903,-903,0,9,None,0.0,0,0
2026-08-25,Seats,Interior,129,693,297,675,700,304,970,-666,0,14,None,0.0,0,0
2026-08-25,Nuts,Fastener_Cooling,129,14270,0,14113,13861,0,19978,-19978,0,6,None,0.0,0,0
2026-08-25,ECU,Electrical,129,129,12973,127,128,12972,270,12702,0,20,None,0.0,0,0
2026-08-25,Radiator,Fastener_Cooling,129,129,6658,125,125,6654,225,6429,0,15,None,0.0,0,0
2026-08-26,Engine,Powertrain,128,114,11986,117,116,11988,239,11749,0,18,None,0.0,0,0
2026-08-26,Battery,Powertrain,128,14,7784,13,13,7783,100,7683,0,25,None,0.0,0,0
2026-08-26,Transmission,Powertrain,128,128,9485,124,128,9485,268,9217,0,22,None,0.0,0,0
2026-08-26,Brake_Pads,Chassis,128,512,0,546,567,55,896,-841,0,12,None,0.0,0,0
2026-08-26,Wheels,Chassis,128,512,1904,445,456,1848,896,952,0,10,None,0.0,0,0
2026-08-26,Tyres,Chassis,128,512,0,467,486,0,896,-896,0,9,None,0.0,0,0
2026-08-26,Seats,Interior,128,688,304,646,670,286,963,-677,0,14,None,0.0,0,0
2026-08-26,Nuts,Fastener_Cooling,128,14160,0,14711,14191,31,19824,-19793,0,6,None,0.0,0,0
2026-08-26,ECU,Electrical,128,128,12972,138,134,12978,268,12710,0,20,None,0.0,0,0
2026-08-26,Radiator,Fastener_Cooling,128,128,6654,138,141,6667,224,6443,0,15,None,0.0,0,0
2026-08-27,Engine,Powertrain,130,115,11988,124,119,11992,241,11751,0,18,None,0.0,0,0
2026-08-27,Battery,Powertrain,130,15,7783,14,14,7782,100,7682,0,25,None,0.0,0,0
2026-08-27,Transmission,Powertrain,130,130,9485,118,121,9476,273,9203,0,22,None,0.0,0,0
2026-08-27,Brake_Pads,Chassis,130,520,55,527,523,58,910,-852,0,12,None,0.0,0,0
2026-08-27,Wheels,Chassis,130,520,1848,532,534,1862,910,952,0,10,None,0.0,0,0
2026-08-27,Tyres,Chassis,130,520,0,544,564,44,910,-866,0,9,None,0.0,0,0
2026-08-27,Seats,Interior,130,700,286,755,729,315,980,-665,0,14,None,0.0,0,0
2026-08-27,Nuts,Fastener_Cooling,130,14460,31,12588,12587,0,20244,-20244,0,6,None,0.0,0,0
2026-08-27,ECU,Electrical,130,130,12978,134,135,12983,273,12710,0,20,None,0.0,0,0
2026-08-27,Radiator,Fastener_Cooling,130,130,6667,116,120,6657,227,6430,0,15,None,0.0,0,0
2026-08-28,Engine,Powertrain,137,119,11992,106,102,11975,249,11726,0,18,Raksha Bandhan,1.0,0,0
2026-08-28,Battery,Powertrain,137,18,7782,17,17,7781,100,7681,0,25,Raksha Bandhan,1.0,0,0
2026-08-28,Transmission,Powertrain,137,137,9476,117,111,9450,287,9163,0,22,Raksha Bandhan,1.0,0,0
2026-08-28,Brake_Pads,Chassis,137,548,58,539,296,0,959,-959,1,12,Raksha Bandhan,1.0,0,0
2026-08-28,Wheels,Chassis,137,548,1862,520,517,1831,959,872,0,10,Raksha Bandhan,1.0,0,0
2026-08-28,Tyres,Chassis,137,548,44,588,561,57,959,-902,0,9,Raksha Bandhan,1.0,0,0
2026-08-28,Seats,Interior,137,735,315,648,675,255,1029,-774,0,14,Raksha Bandhan,1.0,0,0
2026-08-28,Nuts,Fastener_Cooling,137,15165,0,13420,12906,0,21231,-21231,0,6,Raksha Bandhan,1.0,0,0
2026-08-28,ECU,Electrical,137,137,12983,119,114,12960,287,12673,0,20,Raksha Bandhan,1.0,0,0
2026-08-28,Radiator,Fastener_Cooling,137,137,6657,122,117,6637,239,6398,0,15,Raksha Bandhan,1.0,0,0
2026-08-29,Engine,Powertrain,137,120,11975,109,108,11963,252,11711,0,18,None,0.0,0,1
2026-08-29,Battery,Powertrain,137,17,7781,15,14,7778,100,7678,0,25,None,0.0,0,1
2026-08-29,Transmission,Powertrain,137,137,9450,127,122,9435,287,9148,0,22,None,0.0,0,1
2026-08-29,Brake_Pads,Chassis,137,548,0,504,505,0,959,-959,0,12,None,0.0,0,1
2026-08-29,Wheels,Chassis,137,548,1831,543,559,1842,959,883,0,10,None,0.0,0,1
2026-08-29,Tyres,Chassis,137,548,57,488,482,0,959,-959,0,9,None,0.0,0,1
2026-08-29,Seats,Interior,137,737,255,758,772,290,1031,-741,0,14,None,0.0,0,1
2026-08-29,Nuts,Fastener_Cooling,137,15165,0,16413,16044,879,21231,-20352,0,6,None,0.0,0,1
2026-08-29,ECU,Electrical,137,137,12960,117,119,12942,287,12655,0,20,None,0.0,0,1
2026-08-29,Radiator,Fastener_Cooling,137,137,6637,136,139,6639,239,6400,0,15,None,0.0,0,1
2026-08-30,Engine,Powertrain,135,119,11963,119,123,11967,249,11718,0,18,None,0.0,0,1
2026-08-30,Battery,Powertrain,135,16,7778,15,15,7777,100,7677,0,25,None,0.0,0,1
2026-08-30,Transmission,Powertrain,135,135,9435,122,117,9417,283,9134,0,22,None,0.0,0,1
2026-08-30,Brake_Pads,Chassis,135,540,0,548,554,14,945,-931,0,12,None,0.0,0,1
2026-08-30,Wheels,Chassis,135,540,1842,525,509,1811,945,866,0,10,None,0.0,0,1
2026-08-30,Tyres,Chassis,135,540,0,556,537,0,945,-945,0,9,None,0.0,0,1
2026-08-30,Seats,Interior,135,725,290,770,774,339,1015,-676,0,14,None,0.0,0,1
2026-08-30,Nuts,Fastener_Cooling,135,14955,879,14949,14783,707,20937,-20230,0,6,None,0.0,0,1
2026-08-30,ECU,Electrical,135,135,12942,144,139,12946,283,12663,0,20,None,0.0,0,1
2026-08-30,Radiator,Fastener_Cooling,135,135,6639,143,138,6642,236,6406,0,15,None,0.0,0,1
2026-08-31,Engine,Powertrain,116,102,11967,97,95,11960,214,11746,0,18,None,0.0,0,0
2026-08-31,Battery,Powertrain,116,14,7777,14,13,7776,100,7676,0,25,None,0.0,0,0
2026-08-31,Transmission,Powertrain,116,116,9417,117,119,9420,243,9177,0,22,None,0.0,0,0
2026-08-31,Brake_Pads,Chassis,116,464,14,465,481,31,812,-781,0,12,None,0.0,0,0
2026-08-31,Wheels,Chassis,116,464,1811,428,448,1795,812,983,0,10,None,0.0,0,0
2026-08-31,Tyres,Chassis,116,464,0,484,266,0,812,-812,1,9,None,0.0,0,0
2026-08-31,Seats,Interior,116,624,339,677,701,416,873,-457,0,14,None,0.0,0,0
2026-08-31,Nuts,Fastener_Cooling,116,12870,707,11749,12097,0,18018,-18018,0,6,None,0.0,0,0
2026-08-31,ECU,Electrical,116,116,12946,111,115,12945,243,12702,0,20,None,0.0,0,0
2026-08-31,Radiator,Fastener_Cooling,116,116,6642,117,112,6638,203,6435,0,15,None,0.0,0,0
2026-09-01,Engine,Powertrain,121,105,11960,92,88,11943,220,11723,0,18,None,0.0,0,0
2026-09-01,Battery,Powertrain,121,16,7776,15,14,7774,100,7674,0,25,None,0.0,0,0
2026-09-01,Transmission,Powertrain,121,121,9420,111,107,9406,254,9152,0,22,None,0.0,0,0
2026-09-01,Brake_Pads,Chassis,121,484,31,429,414,0,847,-847,0,12,None,0.0,0,0
2026-09-01,Wheels,Chassis,121,484,1795,497,481,1792,847,945,0,10,None,0.0,0,0
2026-09-01,Tyres,Chassis,121,484,0,520,523,39,847,-808,0,9,None,0.0,0,0
2026-09-01,Seats,Interior,121,651,416,693,693,458,911,-453,0,14,None,0.0,0,0
2026-09-01,Nuts,Fastener_Cooling,121,13445,0,11692,11296,0,18823,-18823,0,6,None,0.0,0,0
2026-09-01,ECU,Electrical,121,121,12945,117,115,12939,254,12685,0,20,None,0.0,0,0
2026-09-01,Radiator,Fastener_Cooling,121,121,6638,113,112,6629,211,6418,0,15,None,0.0,0,0
2026-09-02,Engine,Powertrain,118,102,11943,90,90,11931,214,11717,0,18,None,0.0,0,0
2026-09-02,Battery,Powertrain,118,16,7774,17,16,7774,100,7674,0,25,None,0.0,0,0
2026-09-02,Transmission,Powertrain,118,118,9406,107,107,9395,247,9148,0,22,None,0.0,0,0
2026-09-02,Brake_Pads,Chassis,118,472,0,504,525,53,826,-773,0,12,None,0.0,0,0
2026-09-02,Wheels,Chassis,118,472,1792,443,444,1764,826,938,0,10,None,0.0,0,0
2026-09-02,Tyres,Chassis,118,472,39,489,469,36,826,-790,0,9,None,0.0,0,0
2026-09-02,Seats,Interior,118,632,458,644,642,468,884,-416,0,14,None,0.0,0,0
2026-09-02,Nuts,Fastener_Cooling,118,13065,0,12090,11693,0,18291,-18291,0,6,None,0.0,0,0
2026-09-02,ECU,Electrical,118,118,12939,123,121,12942,247,12695,0,20,None,0.0,0,0
2026-09-02,Radiator,Fastener_Cooling,118,118,6629,107,110,6621,206,6415,0,15,None,0.0,0,0
2026-09-03,Engine,Powertrain,123,109,11931,115,120,11942,228,11714,0,18,None,0.0,0,0
2026-09-03,Battery,Powertrain,123,14,7774,15,14,7774,100,7674,0,25,None,0.0,0,0
2026-09-03,Transmission,Powertrain,123,123,9395,116,117,9389,258,9131,0,22,None,0.0,0,0
2026-09-03,Brake_Pads,Chassis,123,492,53,434,431,0,861,-861,0,12,None,0.0,0,0
2026-09-03,Wheels,Chassis,123,492,1764,432,435,1707,861,846,0,10,None,0.0,0,0
2026-09-03,Tyres,Chassis,123,492,36,449,426,0,861,-861,0,9,None,0.0,0,0
2026-09-03,Seats,Interior,123,665,468,644,653,456,931,-475,0,14,None,0.0,0,0
2026-09-03,Nuts,Fastener_Cooling,123,13685,0,13754,14115,430,19159,-18729,0,6,None,0.0,0,0
2026-09-03,ECU,Electrical,123,123,12942,120,115,12934,258,12676,0,20,None,0.0,0,0
2026-09-03,Radiator,Fastener_Cooling,123,123,6621,123,124,6622,215,6407,0,15,None,0.0,0,0
2026-09-04,Engine,Powertrain,121,106,11942,103,102,11938,222,11716,0,18,None,0.0,0,0
2026-09-04,Battery,Powertrain,121,15,7774,14,13,7772,100,7672,0,25,None,0.0,0,0
2026-09-04,Transmission,Powertrain,121,121,9389,130,126,9394,254,9140,0,22,None,0.0,0,0
2026-09-04,Brake_Pads,Chassis,121,484,0,472,483,0,847,-847,0,12,None,0.0,0,0
2026-09-04,Wheels,Chassis,121,484,1707,498,488,1711,847,864,0,10,None,0.0,0,0
2026-09-04,Tyres,Chassis,121,484,0,510,529,45,847,-802,0,9,None,0.0,0,0
2026-09-04,Seats,Interior,121,651,456,693,683,488,911,-423,0,14,None,0.0,0,0
2026-09-04,Nuts,Fastener_Cooling,121,13430,430,13666,13870,870,18802,-17932,0,6,None,0.0,0,0
2026-09-04,ECU,Electrical,121,121,12934,121,127,12940,254,12686,0,20,None,0.0,0,0
2026-09-04,Radiator,Fastener_Cooling,121,121,6622,114,112,6613,211,6402,0,15,None,0.0,0,0
2026-09-05,Engine,Powertrain,142,126,11938,131,133,11945,264,11681,0,18,None,0.0,0,1
2026-09-05,Battery,Powertrain,142,16,7772,17,16,7772,100,7672,0,25,None,0.0,0,1
2026-09-05,Transmission,Powertrain,142,142,9394,145,150,9402,298,9104,0,22,None,0.0,0,1
2026-09-05,Brake_Pads,Chassis,142,568,0,566,575,7,994,-987,0,12,None,0.0,0,1
2026-09-05,Wheels,Chassis,142,568,1711,592,616,1759,994,765,0,10,None,0.0,0,1
2026-09-05,Tyres,Chassis,142,568,45,543,532,9,994,-985,0,9,None,0.0,0,1
2026-09-05,Seats,Interior,142,760,488,800,799,527,1064,-537,0,14,None,0.0,0,1
2026-09-05,Nuts,Fastener_Cooling,142,15685,870,15962,15180,365,21959,-21594,0,6,None,0.0,0,1
2026-09-05,ECU,Electrical,142,142,12940,146,150,12948,298,12650,0,20,None,0.0,0,1
2026-09-05,Radiator,Fastener_Cooling,142,142,6613,140,140,6611,248,6363,0,15,None,0.0,0,1
2026-09-06,Engine,Powertrain,137,120,11945,118,112,11937,252,11685,0,18,None,0.0,0,1
2026-09-06,Battery,Powertrain,137,17,7772,17,16,7771,100,7671,0,25,None,0.0,0,1
2026-09-06,Transmission,Powertrain,137,137,9402,122,127,9392,287,9105,0,22,None,0.0,0,1
2026-09-06,Brake_Pads,Chassis,137,548,7,580,578,37,959,-922,0,12,None,0.0,0,1
2026-09-06,Wheels,Chassis,137,548,1759,546,535,1746,959,787,0,10,None,0.0,0,1
2026-09-06,Tyres,Chassis,137,548,9,521,513,0,959,-959,0,9,None,0.0,0,1
2026-09-06,Seats,Interior,137,735,527,697,703,495,1029,-534,0,14,None,0.0,0,1
2026-09-06,Nuts,Fastener_Cooling,137,15180,365,13441,13696,0,21252,-21252,0,6,None,0.0,0,1
2026-09-06,ECU,Electrical,137,137,12948,128,133,12944,287,12657,0,20,None,0.0,0,1
2026-09-06,Radiator,Fastener_Cooling,137,137,6611,127,123,6597,239,6358,0,15,None,0.0,0,1
2026-09-07,Engine,Powertrain,130,116,11937,106,109,11930,243,11687,0,18,None,0.0,0,0
2026-09-07,Battery,Powertrain,130,14,7771,13,12,7769,100,7669,0,25,None,0.0,0,0
2026-09-07,Transmission,Powertrain,130,130,9392,133,138,9400,273,9127,0,22,None,0.0,0,0
2026-09-07,Brake_Pads,Chassis,130,520,37,555,540,57,910,-853,0,12,None,0.0,0,0
2026-09-07,Wheels,Chassis,130,520,1746,452,454,1680,910,770,0,10,None,0.0,0,0
2026-09-07,Tyres,Chassis,130,520,0,525,539,19,910,-891,0,9,None,0.0,0,0
2026-09-07,Seats,Interior,130,696,495,640,652,451,974,-523,0,14,None,0.0,0,0
2026-09-07,Nuts,Fastener_Cooling,130,14355,0,15609,16052,1697,20097,-18400,0,6,None,0.0,0,0
2026-09-07,ECU,Electrical,130,130,12944,127,129,12943,273,12670,0,20,None,0.0,0,0
2026-09-07,Radiator,Fastener_Cooling,130,130,6597,122,67,6534,227,6307,1,15,None,0.0,0,0
2026-09-08,Engine,Powertrain,125,109,11930,99,102,11923,228,11695,0,18,None,0.0,0,0
2026-09-08,Battery,Powertrain,125,16,7769,17,17,7770,100,7670,0,25,None,0.0,0,0
2026-09-08,Transmission,Powertrain,125,125,9400,130,125,9400,262,9138,0,22,None,0.0,0,0
2026-09-08,Brake_Pads,Chassis,125,500,57,513,502,59,875,-816,0,12,None,0.0,0,0
2026-09-08,Wheels,Chassis,125,500,1680,542,553,1733,875,858,0,10,None,0.0,0,0
2026-09-08,Tyres,Chassis,125,500,19,515,530,49,875,-826,0,9,None,0.0,0,0
2026-09-08,Seats,Interior,125,675,451,689,661,437,945,-508,0,14,None,0.0,0,0
2026-09-08,Nuts,Fastener_Cooling,125,13935,1697,14131,14069,1831,19509,-17678,0,6,None,0.0,0,0
2026-09-08,ECU,Electrical,125,125,12943,122,127,12945,262,12683,0,20,None,0.0,0,0
2026-09-08,Radiator,Fastener_Cooling,125,125,6534,113,112,6521,218,6303,0,15,None,0.0,0,0
2026-09-09,Engine,Powertrain,125,109,11923,101,98,11912,228,11684,0,18,None,0.0,0,0
2026-09-09,Battery,Powertrain,125,16,7770,13,13,7767,100,7667,0,25,None,0.0,0,0
2026-09-09,Transmission,Powertrain,125,125,9400,114,110,9385,262,9123,0,22,None,0.0,0,0
2026-09-09,Brake_Pads,Chassis,125,500,59,434,449,8,875,-867,0,12,None,0.0,0,0
2026-09-09,Wheels,Chassis,125,500,1733,540,515,1748,875,873,0,10,None,0.0,0,0
2026-09-09,Tyres,Chassis,125,500,49,529,527,76,875,-799,0,9,None,0.0,0,0
2026-09-09,Seats,Interior,125,669,437,576,598,366,936,-570,0,14,None,0.0,0,0
2026-09-09,Nuts,Fastener_Cooling,125,13840,1831,13185,13708,1699,19376,-17677,0,6,None,0.0,0,0
2026-09-09,ECU,Electrical,125,125,12945,130,129,12949,262,12687,0,20,None,0.0,0,0
2026-09-09,Radiator,Fastener_Cooling,125,125,6521,124,119,6515,218,6297,0,15,None,0.0,0,0
2026-09-10,Engine,Powertrain,123,109,11912,117,115,11918,228,11690,0,18,None,0.0,0,0
2026-09-10,Battery,Powertrain,123,14,7767,13,13,7766,100,7666,0,25,None,0.0,0,0
2026-09-10,Transmission,Powertrain,123,123,9385,119,113,9375,258,9117,0,22,None,0.0,0,0
2026-09-10,Brake_Pads,Chassis,123,492,8,456,466,0,861,-861,0,12,None,0.0,0,0
2026-09-10,Wheels,Chassis,123,492,1748,464,461,1717,861,856,0,10,None,0.0,0,0
2026-09-10,Tyres,Chassis,123,492,76,506,514,98,861,-763,0,9,None,0.0,0,0
2026-09-10,Seats,Interior,123,661,366,596,610,315,925,-610,0,14,None,0.0,0,0
2026-09-10,Nuts,Fastener_Cooling,123,13625,1699,11581,11742,0,19075,-19075,0,6,None,0.0,0,0
2026-09-10,ECU,Electrical,123,123,12949,107,58,12884,258,12626,1,20,None,0.0,0,0
2026-09-10,Radiator,Fastener_Cooling,123,123,6515,123,119,6511,215,6296,0,15,None,0.0,0,0
2026-09-11,Engine,Powertrain,131,116,11918,108,106,11908,243,11665,0,18,None,0.0,0,0
2026-09-11,Battery,Powertrain,131,15,7766,15,15,7766,100,7666,0,25,None,0.0,0,0
2026-09-11,Transmission,Powertrain,131,131,9375,136,136,9380,275,9105,0,22,None,0.0,0,0
2026-09-11,Brake_Pads,Chassis,131,524,0,513,502,0,917,-917,0,12,None,0.0,0,0
2026-09-11,Wheels,Chassis,131,524,1717,449,459,1652,917,735,0,10,None,0.0,0,0
2026-09-11,Tyres,Chassis,131,524,98,468,445,19,917,-898,0,9,None,0.0,0,0
2026-09-11,Seats,Interior,131,701,315,610,609,223,981,-758,0,14,None,0.0,0,0
2026-09-11,Nuts,Fastener_Cooling,131,14480,0,12792,12355,0,20272,-20272,0,6,None,0.0,0,0
2026-09-11,ECU,Electrical,131,131,12884,118,121,12874,275,12599,0,20,None,0.0,0,0
2026-09-11,Radiator,Fastener_Cooling,131,131,6511,138,141,6521,229,6292,0,15,None,0.0,0,0
2026-09-12,Engine,Powertrain,141,124,11908,115,113,11897,260,11637,0,18,None,0.0,0,1
2026-09-12,Battery,Powertrain,141,17,7766,16,16,7765,100,7665,0,25,None,0.0,0,1
2026-09-12,Transmission,Powertrain,141,141,9380,127,129,9368,296,9072,0,22,None,0.0,0,1
2026-09-12,Brake_Pads,Chassis,141,564,0,485,470,0,987,-987,0,12,None,0.0,0,1
2026-09-12,Wheels,Chassis,141,564,1652,484,464,1552,987,565,0,10,None,0.0,0,1
2026-09-12,Tyres,Chassis,141,564,19,609,617,72,987,-915,0,9,None,0.0,0,1
2026-09-12,Seats,Interior,141,753,223,647,670,140,1054,-914,0,14,None,0.0,0,1
2026-09-12,Nuts,Fastener_Cooling,141,15555,0,14143,13577,0,21777,-21777,0,6,None,0.0,0,1
2026-09-12,ECU,Electrical,141,141,12874,126,129,12862,296,12566,0,20,None,0.0,0,1
2026-09-12,Radiator,Fastener_Cooling,141,141,6521,130,133,6513,246,6267,0,15,None,0.0,0,1
2026-09-13,Engine,Powertrain,134,119,11897,102,98,11876,249,11627,0,18,None,0.0,0,1
2026-09-13,Battery,Powertrain,134,15,7765,12,11,7761,100,7661,0,25,None,0.0,0,1
2026-09-13,Transmission,Powertrain,134,134,9368,142,147,9381,281,9100,0,22,None,0.0,0,1
2026-09-13,Brake_Pads,Chassis,134,536,0,468,444,0,938,-938,0,12,None,0.0,0,1
2026-09-13,Wheels,Chassis,134,536,1552,536,521,1537,938,599,0,10,None,0.0,0,1
2026-09-13,Tyres,Chassis,134,536,72,583,573,109,938,-829,0,9,None,0.0,0,1
2026-09-13,Seats,Interior,134,722,140,632,630,48,1010,-962,0,14,None,0.0,0,1
2026-09-13,Nuts,Fastener_Cooling,134,14875,0,14817,14181,0,20825,-20825,0,6,None,0.0,0,1
2026-09-13,ECU,Electrical,134,134,12862,119,118,12846,281,12565,0,20,None,0.0,0,1
2026-09-13,Radiator,Fastener_Cooling,134,134,6513,125,125,6504,234,6270,0,15,None,0.0,0,1
2026-09-14,Engine,Powertrain,127,113,11876,120,125,11888,237,11651,0,18,None,0.0,0,0
2026-09-14,Battery,Powertrain,127,14,7761,13,13,7760,100,7660,0,25,None,0.0,0,0
2026-09-14,Transmission,Powertrain,127,127,9381,115,120,9374,266,9108,0,22,None,0.0,0,0
2026-09-14,Brake_Pads,Chassis,127,508,0,529,529,21,889,-868,0,12,None,0.0,0,0
2026-09-14,Wheels,Chassis,127,508,1537,445,429,1458,889,569,0,10,None,0.0,0,0
2026-09-14,Tyres,Chassis,127,508,109,502,498,99,889,-790,0,9,None,0.0,0,0
2026-09-14,Seats,Interior,127,679,48,663,639,8,950,-942,0,14,None,0.0,0,0
2026-09-14,Nuts,Fastener_Cooling,127,14010,0,13420,13282,0,19614,-19614,0,6,None,0.0,0,0
2026-09-14,ECU,Electrical,127,127,12846,137,137,12856,266,12590,0,20,None,0.0,0,0
2026-09-14,Radiator,Fastener_Cooling,127,127,6504,133,128,6505,222,6283,0,15,None,0.0,0,0
2026-09-15,Engine,Powertrain,118,103,11888,113,117,11902,216,11686,0,18,None,0.0,0,0
2026-09-15,Battery,Powertrain,118,15,7760,13,12,7757,100,7657,0,25,None,0.0,0,0
2026-09-15,Transmission,Powertrain,118,118,9374,104,106,9362,247,9115,0,22,None,0.0,0,0
2026-09-15,Brake_Pads,Chassis,118,472,21,505,500,49,826,-777,0,12,None,0.0,0,0
2026-09-15,Wheels,Chassis,118,472,1458,509,519,1505,826,679,0,10,None,0.0,0,0
2026-09-15,Tyres,Chassis,118,472,99,514,519,146,826,-680,0,9,None,0.0,0,0
2026-09-15,Seats,Interior,118,632,8,594,613,0,884,-884,0,14,None,0.0,0,0
2026-09-15,Nuts,Fastener_Cooling,118,13080,0,13150,13723,643,18312,-17669,0,6,None,0.0,0,0
2026-09-15,ECU,Electrical,118,118,12856,123,126,12864,247,12617,0,20,None,0.0,0,0
2026-09-15,Radiator,Fastener_Cooling,118,118,6505,121,124,6511,206,6305,0,15,None,0.0,0,0
2026-09-16,Engine,Powertrain,128,113,11902,99,94,11883,237,11646,0,18,None,0.0,0,0
2026-09-16,Battery,Powertrain,128,15,7757,14,14,7756,100,7656,0,25,None,0.0,0,0
2026-09-16,Transmission,Powertrain,128,128,9362,125,123,9357,268,9089,0,22,None,0.0,0,0
2026-09-16,Brake_Pads,Chassis,128,512,49,548,565,102,896,-794,0,12,None,0.0,0,0
2026-09-16,Wheels,Chassis,128,512,1505,472,492,1485,896,589,0,10,None,0.0,0,0
2026-09-16,Tyres,Chassis,128,512,146,556,562,196,896,-700,0,9,None,0.0,0,0
2026-09-16,Seats,Interior,128,688,0,662,650,0,963,-963,0,14,None,0.0,0,0
2026-09-16,Nuts,Fastener_Cooling,128,14175,643,13556,14145,613,19845,-19232,0,6,None,0.0,0,0
2026-09-16,ECU,Electrical,128,128,12864,121,122,12858,268,12590,0,20,None,0.0,0,0
2026-09-16,Radiator,Fastener_Cooling,128,128,6511,109,111,6494,224,6270,0,15,None,0.0,0,0
2026-09-17,Engine,Powertrain,122,108,11883,98,98,11873,226,11647,0,18,None,0.0,0,0
2026-09-17,Battery,Powertrain,122,14,7756,12,12,7754,100,7654,0,25,None,0.0,0,0
2026-09-17,Transmission,Powertrain,122,122,9357,111,110,9345,256,9089,0,22,None,0.0,0,0
2026-09-17,Brake_Pads,Chassis,122,488,102,501,502,116,854,-738,0,12,None,0.0,0,0
2026-09-17,Wheels,Chassis,122,488,1485,520,508,1505,854,651,0,10,None,0.0,0,0
2026-09-17,Tyres,Chassis,122,488,196,446,459,167,854,-687,0,9,None,0.0,0,0
2026-09-17,Seats,Interior,122,660,0,654,651,0,924,-924,0,14,None,0.0,0,0
2026-09-17,Nuts,Fastener_Cooling,122,13605,613,12362,12359,0,19047,-19047,0,6,None,0.0,0,0
2026-09-17,ECU,Electrical,122,122,12858,115,113,12849,256,12593,0,20,None,0.0,0,0
2026-09-17,Radiator,Fastener_Cooling,122,122,6494,128,126,6498,213,6285,0,15,None,0.0,0,0
2026-09-18,Engine,Powertrain,128,113,11873,123,117,11877,237,11640,0,18,None,0.0,0,0
2026-09-18,Battery,Powertrain,128,15,7754,16,16,7755,100,7655,0,25,None,0.0,0,0
2026-09-18,Transmission,Powertrain,128,128,9345,111,111,9328,268,9060,0,22,None,0.0,0,0
2026-09-18,Brake_Pads,Chassis,128,512,116,489,505,109,896,-787,0,12,None,0.0,0,0
2026-09-18,Wheels,Chassis,128,512,1505,498,477,1470,896,574,0,10,None,0.0,0,0
2026-09-18,Tyres,Chassis,128,512,167,545,526,181,896,-715,0,9,None,0.0,0,0
2026-09-18,Seats,Interior,128,686,0,636,626,0,960,-960,0,14,None,0.0,0,0
2026-09-18,Nuts,Fastener_Cooling,128,14160,0,13922,7657,0,19824,-19824,1,6,None,0.0,0,0
2026-09-18,ECU,Electrical,128,128,12849,113,109,12830,268,12562,0,20,None,0.0,0,0
2026-09-18,Radiator,Fastener_Cooling,128,128,6498,126,122,6492,224,6268,0,15,None,0.0,0,0
2026-09-19,Engine,Powertrain,139,121,11877,123,124,11880,254,11626,0,18,None,0.0,0,1
2026-09-19,Battery,Powertrain,139,18,7755,17,9,7746,100,7646,1,25,None,0.0,0,1
2026-09-19,Transmission,Powertrain,139,139,9328,135,138,9327,291,9036,0,22,None,0.0,0,1
2026-09-19,Brake_Pads,Chassis,139,556,109,601,592,145,973,-828,0,12,None,0.0,0,1
2026-09-19,Wheels,Chassis,139,556,1470,508,510,1424,973,451,0,10,None,0.0,0,1
2026-09-19,Tyres,Chassis,139,556,181,534,512,137,973,-836,0,9,None,0.0,0,1
2026-09-19,Seats,Interior,139,747,0,671,670,0,1045,-1045,0,14,None,0.0,0,1
2026-09-19,Nuts,Fastener_Cooling,139,15390,0,14941,14757,0,21546,-21546,0,6,None,0.0,0,1
2026-09-19,ECU,Electrical,139,139,12830,139,76,12767,291,12476,1,20,None,0.0,0,1
2026-09-19,Radiator,Fastener_Cooling,139,139,6492,138,143,6496,243,6253,0,15,None,0.0,0,1
2026-09-20,Engine,Powertrain,140,122,11880,119,118,11876,256,11620,0,18,None,0.0,0,1
2026-09-20,Battery,Powertrain,140,18,7746,17,16,7744,100,7644,0,25,None,0.0,0,1
2026-09-20,Transmission,Powertrain,140,140,9327,151,144,9331,294,9037,0,22,None,0.0,0,1
2026-09-20,Brake_Pads,Chassis,140,560,145,499,477,62,980,-918,0,12,None,0.0,0,1
2026-09-20,Wheels,Chassis,140,560,1424,539,542,1406,980,426,0,10,None,0.0,0,1
2026-09-20,Tyres,Chassis,140,560,137,571,588,165,980,-815,0,9,None,0.0,0,1
2026-09-20,Seats,Interior,140,750,0,675,698,0,1050,-1050,0,14,None,0.0,0,1
2026-09-20,Nuts,Fastener_Cooling,140,15485,0,16147,15349,0,21679,-21679,0,6,None,0.0,0,1
2026-09-20,ECU,Electrical,140,140,12767,130,127,12754,294,12460,0,20,None,0.0,0,1
2026-09-20,Radiator,Fastener_Cooling,140,140,6496,147,152,6508,245,6263,0,15,None,0.0,0,1
2026-09-21,Engine,Powertrain,120,106,11876,111,114,11884,222,11662,0,18,None,0.0,0,0
2026-09-21,Battery,Powertrain,120,14,7744,14,13,7743,100,7643,0,25,None,0.0,0,0
2026-09-21,Transmission,Powertrain,120,120,9331,117,114,9325,252,9073,0,22,None,0.0,0,0
2026-09-21,Brake_Pads,Chassis,120,480,62,506,515,97,840,-743,0,12,None,0.0,0,0
2026-09-21,Wheels,Chassis,120,480,1406,460,471,1397,840,557,0,10,None,0.0,0,0
2026-09-21,Tyres,Chassis,120,480,165,430,440,125,840,-715,0,9,None,0.0,0,0
2026-09-21,Seats,Interior,120,646,0,588,576,0,904,-904,0,14,None,0.0,0,0
2026-09-21,Nuts,Fastener_Cooling,120,13345,0,13590,14203,858,18683,-17825,0,6,None,0.0,0,0
2026-09-21,ECU,Electrical,120,120,12754,122,120,12754,252,12502,0,20,None,0.0,0,0
2026-09-21,Radiator,Fastener_Cooling,120,120,6508,119,118,6506,210,6296,0,15,None,0.0,0,0
2026-09-22,Engine,Powertrain,125,111,11884,121,116,11889,233,11656,0,18,None,0.0,0,0
2026-09-22,Battery,Powertrain,125,14,7743,13,12,7741,100,7641,0,25,None,0.0,0,0
2026-09-22,Transmission,Powertrain,125,125,9325,124,118,9318,262,9056,0,22,None,0.0,0,0
2026-09-22,Brake_Pads,Chassis,125,500,97,546,544,141,875,-734,0,12,None,0.0,0,0
2026-09-22,Wheels,Chassis,125,500,1397,529,512,1409,875,534,0,10,None,0.0,0,0
2026-09-22,Tyres,Chassis,125,500,125,545,559,184,875,-691,0,9,None,0.0,0,0
2026-09-22,Seats,Interior,125,675,0,682,681,6,945,-939,0,14,None,0.0,0,0
2026-09-22,Nuts,Fastener_Cooling,125,13905,858,13766,13987,940,19467,-18527,0,6,None,0.0,0,0
2026-09-22,ECU,Electrical,125,125,12754,114,108,12737,262,12475,0,20,None,0.0,0,0
2026-09-22,Radiator,Fastener_Cooling,125,125,6506,123,120,6501,218,6283,0,15,None,0.0,0,0
2026-09-23,Engine,Powertrain,124,110,11889,105,100,11879,231,11648,0,18,None,0.0,0,0
2026-09-23,Battery,Powertrain,124,14,7741,14,14,7741,100,7641,0,25,None,0.0,0,0
2026-09-23,Transmission,Powertrain,124,124,9318,124,123,9317,260,9057,0,22,None,0.0,0,0
2026-09-23,Brake_Pads,Chassis,124,496,141,432,419,64,868,-804,0,12,None,0.0,0,0
2026-09-23,Wheels,Chassis,124,496,1409,435,448,1361,868,493,0,10,None,0.0,0,0
2026-09-23,Tyres,Chassis,124,496,184,473,472,160,868,-708,0,9,None,0.0,0,0
2026-09-23,Seats,Interior,124,666,6,606,605,0,932,-932,0,14,None,0.0,0,0
2026-09-23,Nuts,Fastener_Cooling,124,13715,940,12299,11712,0,19201,-19201,0,6,None,0.0,0,0
2026-09-23,ECU,Electrical,124,124,12737,130,134,12747,260,12487,0,20,None,0.0,0,0
2026-09-23,Radiator,Fastener_Cooling,124,124,6501,126,132,6509,217,6292,0,15,None,0.0,0,0
2026-09-24,Engine,Powertrain,121,105,11879,113,116,11890,220,11670,0,18,None,0.0,0,0
2026-09-24,Battery,Powertrain,121,16,7741,15,15,7740,100,7640,0,25,None,0.0,0,0
2026-09-24,Transmission,Powertrain,121,121,9317,104,101,9297,254,9043,0,22,None,0.0,0,0
2026-09-24,Brake_Pads,Chassis,121,484,64,426,234,0,847,-847,1,12,None,0.0,0,0
2026-09-24,Wheels,Chassis,121,484,1361,503,488,1365,847,518,0,10,None,0.0,0,0
2026-09-24,Tyres,Chassis,121,484,160,530,528,204,847,-643,0,9,None,0.0,0,0
2026-09-24,Seats,Interior,121,645,0,641,612,0,903,-903,0,14,None,0.0,0,0
2026-09-24,Nuts,Fastener_Cooling,121,13320,0,13030,13579,259,18648,-18389,0,6,None,0.0,0,0
2026-09-24,ECU,Electrical,121,121,12747,120,123,12749,254,12495,0,20,None,0.0,0,0
2026-09-24,Radiator,Fastener_Cooling,121,121,6509,130,124,6512,211,6301,0,15,None,0.0,0,0
2026-09-25,Engine,Powertrain,132,116,11890,104,101,11875,243,11632,0,18,None,0.0,0,0
2026-09-25,Battery,Powertrain,132,16,7740,16,16,7740,100,7640,0,25,None,0.0,0,0
2026-09-25,Transmission,Powertrain,132,132,9297,125,122,9287,277,9010,0,22,None,0.0,0,0
2026-09-25,Brake_Pads,Chassis,132,528,0,553,563,35,924,-889,0,12,None,0.0,0,0
2026-09-25,Wheels,Chassis,132,528,1365,558,530,1367,924,443,0,10,None,0.0,0,0
2026-09-25,Tyres,Chassis,132,528,204,535,532,208,924,-716,0,9,None,0.0,0,0
2026-09-25,Seats,Interior,132,710,0,615,642,0,994,-994,0,14,None,0.0,0,0
2026-09-25,Nuts,Fastener_Cooling,132,14665,259,13634,13823,0,20531,-20531,0,6,None,0.0,0,0
2026-09-25,ECU,Electrical,132,132,12749,116,114,12731,277,12454,0,20,None,0.0,0,0
2026-09-25,Radiator,Fastener_Cooling,132,132,6512,144,137,6517,231,6286,0,15,None,0.0,0,0
2026-09-26,Engine,Powertrain,134,116,11875,123,117,11876,243,11633,0,18,None,0.0,0,1
2026-09-26,Battery,Powertrain,134,18,7740,17,16,7738,100,7638,0,25,None,0.0,0,1
2026-09-26,Transmission,Powertrain,134,134,9287,141,140,9293,281,9012,0,22,None,0.0,0,1
2026-09-26,Brake_Pads,Chassis,134,536,35,510,526,25,938,-913,0,12,None,0.0,0,1
2026-09-26,Wheels,Chassis,134,536,1367,583,598,1429,938,491,0,10,None,0.0,0,1
2026-09-26,Tyres,Chassis,134,536,208,464,462,134,938,-804,0,9,None,0.0,0,1
2026-09-26,Seats,Interior,134,724,0,714,726,2,1013,-1011,0,14,None,0.0,0,1
2026-09-26,Nuts,Fastener_Cooling,134,14965,0,16417,16408,1443,20951,-19508,0,6,None,0.0,0,1
2026-09-26,ECU,Electrical,134,134,12731,127,129,12726,281,12445,0,20,None,0.0,0,1
2026-09-26,Radiator,Fastener_Cooling,134,134,6517,119,118,6501,234,6267,0,15,None,0.0,0,1
2026-09-27,Engine,Powertrain,145,128,11876,136,137,11885,268,11617,0,18,None,0.0,0,1
2026-09-27,Battery,Powertrain,145,17,7738,17,17,7738,100,7638,0,25,None,0.0,0,1
2026-09-27,Transmission,Powertrain,145,145,9293,145,145,9293,304,8989,0,22,None,0.0,0,1
2026-09-27,Brake_Pads,Chassis,145,580,25,527,541,0,1015,-1015,0,12,None,0.0,0,1
2026-09-27,Wheels,Chassis,145,580,1429,534,544,1393,1015,378,0,10,None,0.0,0,1
2026-09-27,Tyres,Chassis,145,580,134,510,534,88,1015,-927,0,9,None,0.0,0,1
2026-09-27,Seats,Interior,145,777,2,712,687,0,1087,-1087,0,14,None,0.0,0,1
2026-09-27,Nuts,Fastener_Cooling,145,16045,1443,16645,9154,0,22463,-22463,1,6,None,0.0,0,1
2026-09-27,ECU,Electrical,145,145,12726,130,135,12716,304,12412,0,20,None,0.0,0,1
2026-09-27,Radiator,Fastener_Cooling,145,145,6501,152,154,6510,253,6257,0,15,None,0.0,0,1
2026-09-28,Engine,Powertrain,126,112,11885,104,100,11873,235,11638,0,18,None,0.0,0,0
2026-09-28,Battery,Powertrain,126,14,7738,12,6,7730,100,7630,1,25,None,0.0,0,0
2026-09-28,Transmission,Powertrain,126,126,9293,126,120,9287,264,9023,0,22,None,0.0,0,0
2026-09-28,Brake_Pads,Chassis,126,504,0,516,510,6,882,-876,0,12,None,0.0,0,0
2026-09-28,Wheels,Chassis,126,504,1393,546,559,1448,882,566,0,10,None,0.0,0,0
2026-09-28,Tyres,Chassis,126,504,88,510,514,98,882,-784,0,9,None,0.0,0,0
2026-09-28,Seats,Interior,126,670,0,603,616,0,938,-938,0,14,None,0.0,0,0
2026-09-28,Nuts,Fastener_Cooling,126,13840,0,13416,13135,0,19376,-19376,0,6,None,0.0,0,0
2026-09-28,ECU,Electrical,126,126,12716,132,126,12716,264,12452,0,20,None,0.0,0,0
2026-09-28,Radiator,Fastener_Cooling,126,126,6510,122,119,6503,220,6283,0,15,None,0.0,0,0
2026-09-29,Engine,Powertrain,123,109,11873,101,101,11865,228,11637,0,18,None,0.0,0,0
2026-09-29,Battery,Powertrain,123,14,7730,13,13,7729,100,7629,0,25,None,0.0,0,0
2026-09-29,Transmission,Powertrain,123,123,9287,110,108,9272,258,9014,0,22,None,0.0,0,0
2026-09-29,Brake_Pads,Chassis,123,492,6,436,431,0,861,-861,0,12,None,0.0,0,0
2026-09-29,Wheels,Chassis,123,492,1448,464,453,1409,861,548,0,10,None,0.0,0,0
2026-09-29,Tyres,Chassis,123,492,98,506,499,105,861,-756,0,9,None,0.0,0,0
2026-09-29,Seats,Interior,123,661,0,667,690,29,925,-896,0,14,None,0.0,0,0
2026-09-29,Nuts,Fastener_Cooling,123,13615,0,13410,13681,66,19061,-18995,0,6,None,0.0,0,0
2026-09-29,ECU,Electrical,123,123,12716,123,118,12711,258,12453,0,20,None,0.0,0,0
2026-09-29,Radiator,Fastener_Cooling,123,123,6503,118,117,6497,215,6282,0,15,None,0.0,0,0
2026-09-30,Engine,Powertrain,122,108,11865,113,113,11870,226,11644,0,18,None,0.0,0,0
2026-09-30,Battery,Powertrain,122,14,7729,13,12,7727,100,7627,0,25,None,0.0,0,0
2026-09-30,Transmission,Powertrain,122,122,9272,108,105,9255,256,8999,0,22,None,0.0,0,0
2026-09-30,Brake_Pads,Chassis,122,488,0,533,547,59,854,-795,0,12,None,0.0,0,0
2026-09-30,Wheels,Chassis,122,488,1409,505,509,1430,854,576,0,10,None,0.0,0,0
2026-09-30,Tyres,Chassis,122,488,105,469,466,83,854,-771,0,9,None,0.0,0,0
2026-09-30,Seats,Interior,122,660,29,649,618,0,924,-924,0,14,None,0.0,0,0
2026-09-30,Nuts,Fastener_Cooling,122,13555,66,14561,14402,913,18977,-18064,0,6,None,0.0,0,0
2026-09-30,ECU,Electrical,122,122,12711,127,131,12720,256,12464,0,20,None,0.0,0,0
2026-09-30,Radiator,Fastener_Cooling,122,122,6497,114,117,6492,213,6279,0,15,None,0.0,0,0
2026-10-01,Engine,Powertrain,126,112,11870,122,123,11881,235,11646,0,18,None,0.0,0,0
2026-10-01,Battery,Powertrain,126,14,7727,12,11,7724,100,7624,0,25,None,0.0,0,0
2026-10-01,Transmission,Powertrain,126,126,9255,111,110,9239,264,8975,0,22,None,0.0,0,0
2026-10-01,Brake_Pads,Chassis,126,504,59,547,565,120,882,-762,0,12,None,0.0,0,0
2026-10-01,Wheels,Chassis,126,504,1430,535,539,1465,882,583,0,10,None,0.0,0,0
2026-10-01,Tyres,Chassis,126,504,83,522,534,113,882,-769,0,9,None,0.0,0,0
2026-10-01,Seats,Interior,126,678,0,710,729,51,949,-898,0,14,None,0.0,0,0
2026-10-01,Nuts,Fastener_Cooling,126,13960,913,12068,12528,0,19544,-19544,0,6,None,0.0,0,0
2026-10-01,ECU,Electrical,126,126,12720,126,121,12715,264,12451,0,20,None,0.0,0,0
2026-10-01,Radiator,Fastener_Cooling,126,126,6492,107,110,6476,220,6256,0,15,None,0.0,0,0
2026-10-02,Engine,Powertrain,141,124,11881,115,115,11872,260,11612,0,18,Gandhi Jayanti,0.7,0,0
2026-10-02,Battery,Powertrain,141,17,7724,18,17,7724,100,7624,0,25,Gandhi Jayanti,0.7,0,0
2026-10-02,Transmission,Powertrain,141,141,9239,123,124,9222,296,8926,0,22,Gandhi Jayanti,0.7,0,0
2026-10-02,Brake_Pads,Chassis,141,564,120,572,569,125,987,-862,0,12,Gandhi Jayanti,0.7,0,0
2026-10-02,Wheels,Chassis,141,564,1465,516,536,1437,987,450,0,10,Gandhi Jayanti,0.7,0,0
2026-10-02,Tyres,Chassis,141,564,113,553,548,97,987,-890,0,9,Gandhi Jayanti,0.7,0,0
2026-10-02,Seats,Interior,141,757,51,718,743,37,1059,-1022,0,14,Gandhi Jayanti,0.7,0,0
2026-10-02,Nuts,Fastener_Cooling,141,15605,0,13281,13843,0,21847,-21847,0,6,Gandhi Jayanti,0.7,0,0
2026-10-02,ECU,Electrical,141,141,12715,125,120,12694,296,12398,0,20,Gandhi Jayanti,0.7,0,0
2026-10-02,Radiator,Fastener_Cooling,141,141,6476,141,147,6482,246,6236,0,15,Gandhi Jayanti,0.7,0,0
2026-10-03,Engine,Powertrain,140,124,11872,116,113,11861,260,11601,0,18,None,0.0,0,1
2026-10-03,Battery,Powertrain,140,16,7724,16,15,7723,100,7623,0,25,None,0.0,0,1
2026-10-03,Transmission,Powertrain,140,140,9222,127,130,9212,294,8918,0,22,None,0.0,0,1
2026-10-03,Brake_Pads,Chassis,140,560,125,552,570,135,980,-845,0,12,None,0.0,0,1
2026-10-03,Wheels,Chassis,140,560,1437,585,590,1467,980,487,0,10,None,0.0,0,1
2026-10-03,Tyres,Chassis,140,560,97,482,488,25,980,-955,0,9,None,0.0,0,1
2026-10-03,Seats,Interior,140,754,37,763,787,70,1055,-985,0,14,None,0.0,0,1
2026-10-03,Nuts,Fastener_Cooling,140,15545,0,13820,14081,0,21763,-21763,0,6,None,0.0,0,1
2026-10-03,ECU,Electrical,140,140,12694,120,116,12670,294,12376,0,20,None,0.0,0,1
2026-10-03,Radiator,Fastener_Cooling,140,140,6482,149,156,6498,245,6253,0,15,None,0.0,0,1
2026-10-04,Engine,Powertrain,136,119,11861,115,116,11858,249,11609,0,18,None,0.0,0,1
2026-10-04,Battery,Powertrain,136,17,7723,18,18,7724,100,7624,0,25,None,0.0,0,1
2026-10-04,Transmission,Powertrain,136,136,9212,120,125,9201,285,8916,0,22,None,0.0,0,1
2026-10-04,Brake_Pads,Chassis,136,544,135,597,597,188,952,-764,0,12,None,0.0,0,1
2026-10-04,Wheels,Chassis,136,544,1467,513,512,1435,952,483,0,10,None,0.0,0,1
2026-10-04,Tyres,Chassis,136,544,25,479,486,0,952,-952,0,9,None,0.0,0,1
2026-10-04,Seats,Interior,136,732,70,672,673,11,1024,-1013,0,14,None,0.0,0,1
2026-10-04,Nuts,Fastener_Cooling,136,15095,0,14773,14813,0,21133,-21133,0,6,None,0.0,0,1
2026-10-04,ECU,Electrical,136,136,12670,121,123,12657,285,12372,0,20,None,0.0,0,1
2026-10-04,Radiator,Fastener_Cooling,136,136,6498,119,113,6475,238,6237,0,15,None,0.0,0,1
2026-10-05,Engine,Powertrain,128,113,11858,116,114,11859,237,11622,0,18,None,0.0,0,0
2026-10-05,Battery,Powertrain,128,15,7724,15,15,7724,100,7624,0,25,None,0.0,0,0
2026-10-05,Transmission,Powertrain,128,128,9201,136,135,9208,268,8940,0,22,None,0.0,0,0
2026-10-05,Brake_Pads,Chassis,128,512,188,502,497,173,896,-723,0,12,None,0.0,0,0
2026-10-05,Wheels,Chassis,128,512,1435,528,534,1457,896,561,0,10,None,0.0,0,0
2026-10-05,Tyres,Chassis,128,512,0,505,523,11,896,-885,0,9,None,0.0,0,0
2026-10-05,Seats,Interior,128,690,11,712,704,25,966,-941,0,14,None,0.0,0,0
2026-10-05,Nuts,Fastener_Cooling,128,14220,0,13965,13589,0,19908,-19908,0,6,None,0.0,0,0
2026-10-05,ECU,Electrical,128,128,12657,120,125,12654,268,12386,0,20,None,0.0,0,0
2026-10-05,Radiator,Fastener_Cooling,128,128,6475,140,133,6480,224,6256,0,15,None,0.0,0,0
2026-10-06,Engine,Powertrain,127,111,11859,100,102,11850,233,11617,0,18,None,0.0,0,0
2026-10-06,Battery,Powertrain,127,16,7724,15,15,7723,100,7623,0,25,None,0.0,0,0
2026-10-06,Transmission,Powertrain,127,127,9208,127,132,9213,266,8947,0,22,None,0.0,0,0
2026-10-06,Brake_Pads,Chassis,127,508,173,514,513,178,889,-711,0,12,None,0.0,0,0
2026-10-06,Wheels,Chassis,127,508,1457,478,493,1442,889,553,0,10,None,0.0,0,0
2026-10-06,Tyres,Chassis,127,508,11,469,469,0,889,-889,0,9,None,0.0,0,0
2026-10-06,Seats,Interior,127,683,25,588,566,0,956,-956,0,14,None,0.0,0,0
2026-10-06,Nuts,Fastener_Cooling,127,14100,0,12891,13487,0,19740,-19740,0,6,None,0.0,0,0
2026-10-06,ECU,Electrical,127,127,12654,120,123,12650,266,12384,0,20,None,0.0,0,0
2026-10-06,Radiator,Fastener_Cooling,127,127,6480,136,138,6491,222,6269,0,15,None,0.0,0,0
2026-10-07,Engine,Powertrain,127,112,11850,121,118,11856,235,11621,0,18,None,0.0,0,0
2026-10-07,Battery,Powertrain,127,15,7723,16,15,7723,100,7623,0,25,None,0.0,0,0
2026-10-07,Transmission,Powertrain,127,127,9213,109,113,9199,266,8933,0,22,None,0.0,0,0
2026-10-07,Brake_Pads,Chassis,127,508,178,454,475,145,889,-744,0,12,None,0.0,0,0
2026-10-07,Wheels,Chassis,127,508,1442,532,532,1466,889,577,0,10,None,0.0,0,0
2026-10-07,Tyres,Chassis,127,508,0,468,468,0,889,-889,0,9,None,0.0,0,0
2026-10-07,Seats,Interior,127,681,0,651,618,0,953,-953,0,14,None,0.0,0,0
2026-10-07,Nuts,Fastener_Cooling,127,14070,0,12726,12692,0,19698,-19698,0,6,None,0.0,0,0
2026-10-07,ECU,Electrical,127,127,12650,109,107,12630,266,12364,0,20,None,0.0,0,0
2026-10-07,Radiator,Fastener_Cooling,127,127,6491,112,115,6479,222,6257,0,15,None,0.0,0,0
2026-10-08,Engine,Powertrain,120,106,11856,102,98,11848,222,11626,0,18,None,0.0,0,0
2026-10-08,Battery,Powertrain,120,14,7723,12,11,7720,100,7620,0,25,None,0.0,0,0
2026-10-08,Transmission,Powertrain,120,120,9199,122,116,9195,252,8943,0,22,None,0.0,0,0
2026-10-08,Brake_Pads,Chassis,120,480,145,496,481,146,840,-694,0,12,None,0.0,0,0
2026-10-08,Wheels,Chassis,120,480,1466,523,506,1492,840,652,0,10,None,0.0,0,0
2026-10-08,Tyres,Chassis,120,480,0,505,496,16,840,-824,0,9,None,0.0,0,0
2026-10-08,Seats,Interior,120,650,0,642,622,0,910,-910,0,14,None,0.0,0,0
2026-10-08,Nuts,Fastener_Cooling,120,13395,0,14610,14279,884,18753,-17869,0,6,None,0.0,0,0
2026-10-08,ECU,Electrical,120,120,12630,118,119,12629,252,12377,0,20,None,0.0,0,0
2026-10-08,Radiator,Fastener_Cooling,120,120,6479,119,119,6478,210,6268,0,15,None,0.0,0,0
2026-10-09,Engine,Powertrain,128,113,11848,118,122,11857,237,11620,0,18,None,0.0,0,0
2026-10-09,Battery,Powertrain,128,15,7720,13,13,7718,100,7618,0,25,None,0.0,0,0
2026-10-09,Transmission,Powertrain,128,128,9195,136,130,9197,268,8929,0,22,None,0.0,0,0
2026-10-09,Brake_Pads,Chassis,128,512,146,458,435,69,896,-827,0,12,None,0.0,0,0
2026-10-09,Wheels,Chassis,128,512,1492,486,507,1487,896,591,0,10,None,0.0,0,0
2026-10-09,Tyres,Chassis,128,512,16,525,534,38,896,-858,0,9,None,0.0,0,0
2026-10-09,Seats,Interior,128,686,0,736,728,42,960,-918,0,14,None,0.0,0,0
2026-10-09,Nuts,Fastener_Cooling,128,14160,884,13445,13358,82,19824,-19742,0,6,None,0.0,0,0
2026-10-09,ECU,Electrical,128,128,12629,118,123,12624,268,12356,0,20,None,0.0,0,0
2026-10-09,Radiator,Fastener_Cooling,128,128,6478,136,138,6488,224,6264,0,15,None,0.0,0,0
2026-10-10,Engine,Powertrain,139,124,11857,133,133,11866,260,11606,0,18,None,0.0,0,1
2026-10-10,Battery,Powertrain,139,15,7718,14,14,7717,100,7617,0,25,None,0.0,0,1
2026-10-10,Transmission,Powertrain,139,139,9197,118,114,9172,291,8881,0,22,None,0.0,0,1
2026-10-10,Brake_Pads,Chassis,139,556,69,555,529,42,973,-931,0,12,None,0.0,0,1
2026-10-10,Wheels,Chassis,139,556,1487,601,613,1544,973,571,0,10,None,0.0,0,1
2026-10-10,Tyres,Chassis,139,556,38,513,531,13,973,-960,0,9,None,0.0,0,1
2026-10-10,Seats,Interior,139,743,42,675,652,0,1040,-1040,0,14,None,0.0,0,1
2026-10-10,Nuts,Fastener_Cooling,139,15325,82,14488,15090,0,21455,-21455,0,6,None,0.0,0,1
2026-10-10,ECU,Electrical,139,139,12624,152,148,12633,291,12342,0,20,None,0.0,0,1
2026-10-10,Radiator,Fastener_Cooling,139,139,6488,141,147,6496,243,6253,0,15,None,0.0,0,1
2026-10-11,Engine,Powertrain,141,127,11866,118,119,11858,266,11592,0,18,None,0.0,0,1
2026-10-11,Battery,Powertrain,141,14,7717,12,11,7714,100,7614,0,25,None,0.0,0,1
2026-10-11,Transmission,Powertrain,141,141,9172,134,129,9160,296,8864,0,22,None,0.0,0,1
2026-10-11,Brake_Pads,Chassis,141,564,42,505,481,0,987,-987,0,12,None,0.0,0,1
2026-10-11,Wheels,Chassis,141,564,1544,484,492,1472,987,485,0,10,None,0.0,0,1
2026-10-11,Tyres,Chassis,141,564,13,559,536,0,987,-987,0,9,None,0.0,0,1
2026-10-11,Seats,Interior,141,757,0,769,733,0,1059,-1059,0,14,None,0.0,0,1
2026-10-11,Nuts,Fastener_Cooling,141,15590,0,16228,15687,97,21826,-21729,0,6,None,0.0,0,1
2026-10-11,ECU,Electrical,141,141,12633,123,119,12611,296,12315,0,20,None,0.0,0,1
2026-10-11,Radiator,Fastener_Cooling,141,141,6496,146,141,6496,246,6250,0,15,None,0.0,0,1
2026-10-12,Engine,Powertrain,127,112,11858,108,109,11855,235,11620,0,18,None,0.0,0,0
2026-10-12,Battery,Powertrain,127,15,7714,13,13,7712,100,7612,0,25,None,0.0,0,0
2026-10-12,Transmission,Powertrain,127,127,9160,128,133,9166,266,8900,0,22,None,0.0,0,0
2026-10-12,Brake_Pads,Chassis,127,508,0,469,460,0,889,-889,0,12,None,0.0,0,0
2026-10-12,Wheels,Chassis,127,508,1472,449,467,1431,889,542,0,10,None,0.0,0,0
2026-10-12,Tyres,Chassis,127,508,0,501,509,1,889,-888,0,9,None,0.0,0,0
2026-10-12,Seats,Interior,127,683,0,584,580,0,956,-956,0,14,None,0.0,0,0
2026-10-12,Nuts,Fastener_Cooling,127,14065,97,14345,14494,526,19691,-19165,0,6,None,0.0,0,0
2026-10-12,ECU,Electrical,127,127,12611,114,111,12595,266,12329,0,20,None,0.0,0,0
2026-10-12,Radiator,Fastener_Cooling,127,127,6496,137,136,6505,222,6283,0,15,None,0.0,0,0
2026-10-13,Engine,Powertrain,122,106,11855,116,115,11864,222,11642,0,18,None,0.0,0,0
2026-10-13,Battery,Powertrain,122,16,7712,14,13,7709,100,7609,0,25,None,0.0,0,0
2026-10-13,Transmission,Powertrain,122,122,9166,131,126,9170,256,8914,0,22,None,0.0,0,0
2026-10-13,Brake_Pads,Chassis,122,488,0,415,427,0,854,-854,0,12,None,0.0,0,0
2026-10-13,Wheels,Chassis,122,488,1431,419,414,1357,854,503,0,10,None,0.0,0,0
2026-10-13,Tyres,Chassis,122,488,1,443,433,0,854,-854,0,9,None,0.0,0,0
2026-10-13,Seats,Interior,122,660,0,722,717,57,924,-867,0,14,None,0.0,0,0
2026-10-13,Nuts,Fastener_Cooling,122,13575,526,11850,11789,0,19005,-19005,0,6,None,0.0,0,0
2026-10-13,ECU,Electrical,122,122,12595,111,110,12583,256,12327,0,20,None,0.0,0,0
2026-10-13,Radiator,Fastener_Cooling,122,122,6505,111,109,6492,213,6279,0,15,None,0.0,0,0
2026-10-14,Engine,Powertrain,127,112,11864,108,107,11859,235,11624,0,18,None,0.0,0,0
2026-10-14,Battery,Powertrain,127,15,7709,15,15,7709,100,7609,0,25,None,0.0,0,0
2026-10-14,Transmission,Powertrain,127,127,9170,131,124,9167,266,8901,0,22,None,0.0,0,0
2026-10-14,Brake_Pads,Chassis,127,508,0,484,502,0,889,-889,0,12,None,0.0,0,0
2026-10-14,Wheels,Chassis,127,508,1357,488,469,1318,889,429,0,10,None,0.0,0,0
2026-10-14,Tyres,Chassis,127,508,0,483,463,0,889,-889,0,9,None,0.0,0,0
2026-10-14,Seats,Interior,127,685,57,596,601,0,959,-959,0,14,None,0.0,0,0
2026-10-14,Nuts,Fastener_Cooling,127,14110,0,12369,12322,0,19754,-19754,0,6,None,0.0,0,0
2026-10-14,ECU,Electrical,127,127,12583,109,104,12560,266,12294,0,20,None,0.0,0,0
2026-10-14,Radiator,Fastener_Cooling,127,127,6492,132,136,6501,222,6279,0,15,None,0.0,0,0
2026-10-15,Engine,Powertrain,128,113,11859,100,98,11844,237,11607,0,18,None,0.0,0,0
2026-10-15,Battery,Powertrain,128,15,7709,13,12,7706,100,7606,0,25,None,0.0,0,0
2026-10-15,Transmission,Powertrain,128,128,9167,130,129,9168,268,8900,0,22,None,0.0,0,0
2026-10-15,Brake_Pads,Chassis,128,512,0,435,427,0,896,-896,0,12,None,0.0,0,0
2026-10-15,Wheels,Chassis,128,512,1318,518,502,1308,896,412,0,10,None,0.0,0,0
2026-10-15,Tyres,Chassis,128,512,0,464,482,0,896,-896,0,9,None,0.0,0,0
2026-10-15,Seats,Interior,128,686,0,734,762,76,960,-884,0,14,None,0.0,0,0
2026-10-15,Nuts,Fastener_Cooling,128,14140,0,15097,14457,317,19796,-19479,0,6,None,0.0,0,0
2026-10-15,ECU,Electrical,128,128,12560,121,123,12555,268,12287,0,20,None,0.0,0,0
2026-10-15,Radiator,Fastener_Cooling,128,128,6501,123,116,6489,224,6265,0,15,None,0.0,0,0
2026-10-16,Engine,Powertrain,125,111,11844,106,108,11841,233,11608,0,18,None,0.0,0,0
2026-10-16,Battery,Powertrain,125,14,7706,14,13,7705,100,7605,0,25,None,0.0,0,0
2026-10-16,Transmission,Powertrain,125,125,9168,110,111,9154,262,8892,0,22,None,0.0,0,0
2026-10-16,Brake_Pads,Chassis,125,500,0,489,486,0,875,-875,0,12,None,0.0,0,0
2026-10-16,Wheels,Chassis,125,500,1308,541,546,1354,875,479,0,10,None,0.0,0,0
2026-10-16,Tyres,Chassis,125,500,0,428,417,0,875,-875,0,9,None,0.0,0,0
2026-10-16,Seats,Interior,125,671,76,660,653,58,939,-881,0,14,None,0.0,0,0
2026-10-16,Nuts,Fastener_Cooling,125,13815,317,13298,13119,0,19341,-19341,0,6,None,0.0,0,0
2026-10-16,ECU,Electrical,125,125,12555,127,130,12560,262,12298,0,20,None,0.0,0,0
2026-10-16,Radiator,Fastener_Cooling,125,125,6489,136,142,6506,218,6288,0,15,None,0.0,0,0
2026-10-17,Engine,Powertrain,139,122,11841,127,127,11846,256,11590,0,18,None,0.0,0,1
2026-10-17,Battery,Powertrain,139,17,7705,14,13,7701,100,7601,0,25,None,0.0,0,1
2026-10-17,Transmission,Powertrain,139,139,9154,150,157,9172,291,8881,0,22,None,0.0,0,1
2026-10-17,Brake_Pads,Chassis,139,556,0,550,573,17,973,-956,0,12,None,0.0,0,1
2026-10-17,Wheels,Chassis,139,556,1354,495,517,1315,973,342,0,10,None,0.0,0,1
2026-10-17,Tyres,Chassis,139,556,0,475,460,0,973,-973,0,9,None,0.0,0,1
2026-10-17,Seats,Interior,139,745,58,657,680,0,1043,-1043,0,14,None,0.0,0,1
2026-10-17,Nuts,Fastener_Cooling,139,15350,0,13182,12959,0,21490,-21490,0,6,None,0.0,0,1
2026-10-17,ECU,Electrical,139,139,12560,120,120,12541,291,12250,0,20,None,0.0,0,1
2026-10-17,Radiator,Fastener_Cooling,139,139,6506,139,138,6505,243,6262,0,15,None,0.0,0,1
2026-10-18,Engine,Powertrain,136,119,11846,129,134,11861,249,11612,0,18,None,0.0,0,1
2026-10-18,Battery,Powertrain,136,17,7701,14,14,7698,100,7598,0,25,None,0.0,0,1
2026-10-18,Transmission,Powertrain,136,136,9172,133,137,9173,285,8888,0,22,None,0.0,0,1
2026-10-18,Brake_Pads,Chassis,136,544,17,507,524,0,952,-952,0,12,None,0.0,0,1
2026-10-18,Wheels,Chassis,136,544,1315,551,530,1301,952,349,0,10,None,0.0,0,1
2026-10-18,Tyres,Chassis,136,544,0,568,573,29,952,-923,0,9,None,0.0,0,1
2026-10-18,Seats,Interior,136,732,0,643,621,0,1024,-1024,0,14,None,0.0,0,1
2026-10-18,Nuts,Fastener_Cooling,136,15105,0,15294,15470,365,21147,-20782,0,6,None,0.0,0,1
2026-10-18,ECU,Electrical,136,136,12541,120,114,12519,285,12234,0,20,None,0.0,0,1
2026-10-18,Radiator,Fastener_Cooling,136,136,6505,115,120,6489,238,6251,0,15,None,0.0,0,1
2026-10-19,Engine,Powertrain,121,106,11861,97,99,11854,222,11632,0,18,None,0.0,0,0
2026-10-19,Battery,Powertrain,121,15,7698,15,14,7697,100,7597,0,25,None,0.0,0,0
2026-10-19,Transmission,Powertrain,121,121,9173,104,99,9151,254,8897,0,22,None,0.0,0,0
2026-10-19,Brake_Pads,Chassis,121,484,0,511,499,15,847,-832,0,12,None,0.0,0,0
2026-10-19,Wheels,Chassis,121,484,1301,488,488,1305,847,458,0,10,None,0.0,0,0
2026-10-19,Tyres,Chassis,121,484,29,530,516,61,847,-786,0,9,None,0.0,0,0
2026-10-19,Seats,Interior,121,647,0,567,576,0,905,-905,0,14,None,0.0,0,0
2026-10-19,Nuts,Fastener_Cooling,121,13380,365,11821,11353,0,18732,-18732,0,6,None,0.0,0,0
2026-10-19,ECU,Electrical,121,121,12519,122,127,12525,254,12271,0,20,None,0.0,0,0
2026-10-19,Radiator,Fastener_Cooling,121,121,6489,126,125,6493,211,6282,0,15,None,0.0,0,0
2026-10-20,Engine,Powertrain,124,109,11854,108,106,11851,228,11623,0,18,None,0.0,0,0
2026-10-20,Battery,Powertrain,124,15,7697,14,13,7695,100,7595,0,25,None,0.0,0,0
2026-10-20,Transmission,Powertrain,124,124,9151,116,119,9146,260,8886,0,22,None,0.0,0,0
2026-10-20,Brake_Pads,Chassis,124,496,15,490,483,2,868,-866,0,12,None,0.0,0,0
2026-10-20,Wheels,Chassis,124,496,1305,472,467,1276,868,408,0,10,None,0.0,0,0
2026-10-20,Tyres,Chassis,124,496,61,440,454,19,868,-849,0,9,None,0.0,0,0
2026-10-20,Seats,Interior,124,666,0,651,660,0,932,-932,0,14,None,0.0,0,0
2026-10-20,Nuts,Fastener_Cooling,124,13750,0,11925,6558,0,19250,-19250,1,6,None,0.0,0,0
2026-10-20,ECU,Electrical,124,124,12525,117,115,12516,260,12256,0,20,None,0.0,0,0
2026-10-20,Radiator,Fastener_Cooling,124,124,6493,110,114,6483,217,6266,0,15,None,0.0,0,0
2026-10-21,Engine,Powertrain,121,107,11851,95,97,11841,224,11617,0,18,None,0.0,0,0
2026-10-21,Battery,Powertrain,121,14,7695,12,12,7693,100,7593,0,25,None,0.0,0,0
2026-10-21,Transmission,Powertrain,121,121,9146,125,129,9154,254,8900,0,22,None,0.0,0,0
2026-10-21,Brake_Pads,Chassis,121,484,2,425,432,0,847,-847,0,12,None,0.0,0,0
2026-10-21,Wheels,Chassis,121,484,1276,489,487,1279,847,432,0,10,None,0.0,0,0
2026-10-21,Tyres,Chassis,121,484,19,518,525,60,847,-787,0,9,None,0.0,0,0
2026-10-21,Seats,Interior,121,659,0,720,703,44,922,-878,0,14,None,0.0,0,0
2026-10-21,Nuts,Fastener_Cooling,121,13535,0,12707,12832,0,18949,-18949,0,6,None,0.0,0,0
2026-10-21,ECU,Electrical,121,121,12516,130,129,12524,254,12270,0,20,None,0.0,0,0
2026-10-21,Radiator,Fastener_Cooling,121,121,6483,112,113,6475,211,6264,0,15,None,0.0,0,0
2026-10-22,Engine,Powertrain,115,101,11841,103,105,11845,212,11633,0,18,None,0.0,0,0
2026-10-22,Battery,Powertrain,115,14,7693,12,12,7691,100,7591,0,25,None,0.0,0,0
2026-10-22,Transmission,Powertrain,115,115,9154,113,118,9157,241,8916,0,22,None,0.0,0,0
2026-10-22,Brake_Pads,Chassis,115,460,0,418,432,0,805,-805,0,12,None,0.0,0,0
2026-10-22,Wheels,Chassis,115,460,1279,476,496,1315,805,510,0,10,None,0.0,0,0
2026-10-22,Tyres,Chassis,115,460,60,463,482,82,805,-723,0,9,None,0.0,0,0
2026-10-22,Seats,Interior,115,617,44,536,548,0,863,-863,0,14,None,0.0,0,0
2026-10-22,Nuts,Fastener_Cooling,115,12735,0,13579,13451,716,17829,-17113,0,6,None,0.0,0,0
2026-10-22,ECU,Electrical,115,115,12524,100,98,12507,241,12266,0,20,None,0.0,0,0
2026-10-22,Radiator,Fastener_Cooling,115,115,6475,112,108,6468,201,6267,0,15,None,0.0,0,0
2026-10-23,Engine,Powertrain,130,115,11845,107,106,11836,241,11595,0,18,None,0.0,0,0
2026-10-23,Battery,Powertrain,130,15,7691,16,16,7692,100,7592,0,25,None,0.0,0,0
2026-10-23,Transmission,Powertrain,130,130,9157,116,116,9143,273,8870,0,22,None,0.0,0,0
2026-10-23,Brake_Pads,Chassis,130,520,0,484,475,0,910,-910,0,12,None,0.0,0,0
2026-10-23,Wheels,Chassis,130,520,1315,527,524,1319,910,409,0,10,None,0.0,0,0
2026-10-23,Tyres,Chassis,130,520,82,507,490,52,910,-858,0,9,None,0.0,0,0
2026-10-23,Seats,Interior,130,698,0,609,591,0,977,-977,0,14,None,0.0,0,0
2026-10-23,Nuts,Fastener_Cooling,130,14405,716,13904,14036,347,20167,-19820,0,6,None,0.0,0,0
2026-10-23,ECU,Electrical,130,130,12507,119,114,12491,273,12218,0,20,None,0.0,0,0
2026-10-23,Radiator,Fastener_Cooling,130,130,6468,112,115,6453,227,6226,0,15,None,0.0,0,0
2026-10-24,Engine,Powertrain,139,123,11836,112,113,11826,258,11568,0,18,None,0.0,0,1
2026-10-24,Battery,Powertrain,139,16,7692,17,16,7692,100,7592,0,25,None,0.0,0,1
2026-10-24,Transmission,Powertrain,139,139,9143,127,131,9135,291,8844,0,22,None,0.0,0,1
2026-10-24,Brake_Pads,Chassis,139,556,0,560,568,12,973,-961,0,12,None,0.0,0,1
2026-10-24,Wheels,Chassis,139,556,1319,554,550,1313,973,340,0,10,None,0.0,0,1
2026-10-24,Tyres,Chassis,139,556,52,608,622,118,973,-855,0,9,None,0.0,0,1
2026-10-24,Seats,Interior,139,747,0,728,735,0,1045,-1045,0,14,None,0.0,0,1
2026-10-24,Nuts,Fastener_Cooling,139,15400,347,14984,14388,0,21560,-21560,0,6,None,0.0,0,1
2026-10-24,ECU,Electrical,139,139,12491,121,119,12471,291,12180,0,20,None,0.0,0,1
2026-10-24,Radiator,Fastener_Cooling,139,139,6453,118,115,6429,243,6186,0,15,None,0.0,0,1
2026-10-25,Engine,Powertrain,139,123,11826,122,127,11830,258,11572,0,18,None,0.0,0,1
2026-10-25,Battery,Powertrain,139,16,7692,17,16,7692,100,7592,0,25,None,0.0,0,1
2026-10-25,Transmission,Powertrain,139,139,9135,148,140,9136,291,8845,0,22,None,0.0,0,1
2026-10-25,Brake_Pads,Chassis,139,556,12,535,558,14,973,-959,0,12,None,0.0,0,1
2026-10-25,Wheels,Chassis,139,556,1313,598,603,1360,973,387,0,10,None,0.0,0,1
2026-10-25,Tyres,Chassis,139,556,118,493,492,54,973,-919,0,9,None,0.0,0,1
2026-10-25,Seats,Interior,139,747,0,697,383,0,1045,-1045,1,14,None,0.0,0,1
2026-10-25,Nuts,Fastener_Cooling,139,15400,0,15239,15153,0,21560,-21560,0,6,None,0.0,0,1
2026-10-25,ECU,Electrical,139,139,12471,123,129,12461,291,12170,0,20,None,0.0,0,1
2026-10-25,Radiator,Fastener_Cooling,139,139,6429,146,147,6437,243,6194,0,15,None,0.0,0,1
2026-10-26,Engine,Powertrain,124,108,11830,112,115,11837,226,11611,0,18,None,0.0,0,0
2026-10-26,Battery,Powertrain,124,16,7692,17,16,7692,100,7592,0,25,None,0.0,0,0
2026-10-26,Transmission,Powertrain,124,124,9136,134,139,9151,260,8891,0,22,None,0.0,0,0
2026-10-26,Brake_Pads,Chassis,124,496,14,526,531,49,868,-819,0,12,None,0.0,0,0
2026-10-26,Wheels,Chassis,124,496,1360,537,521,1385,868,517,0,10,None,0.0,0,0
2026-10-26,Tyres,Chassis,124,496,54,476,466,24,868,-844,0,9,None,0.0,0,0
2026-10-26,Seats,Interior,124,664,0,670,648,0,929,-929,0,14,None,0.0,0,0
2026-10-26,Nuts,Fastener_Cooling,124,13710,0,13006,13270,0,19194,-19194,0,6,None,0.0,0,0
2026-10-26,ECU,Electrical,124,124,12461,107,103,12440,260,12180,0,20,None,0.0,0,0
2026-10-26,Radiator,Fastener_Cooling,124,124,6437,129,128,6441,217,6224,0,15,None,0.0,0,0
2026-10-27,Engine,Powertrain,122,107,11837,110,107,11837,224,11613,0,18,None,0.0,0,0
2026-10-27,Battery,Powertrain,122,15,7692,15,14,7691,100,7591,0,25,None,0.0,0,0
2026-10-27,Transmission,Powertrain,122,122,9151,116,115,9144,256,8888,0,22,None,0.0,0,0
2026-10-27,Brake_Pads,Chassis,122,488,49,475,468,29,854,-825,0,12,None,0.0,0,0
2026-10-27,Wheels,Chassis,122,488,1385,481,492,1389,854,535,0,10,None,0.0,0,0
2026-10-27,Tyres,Chassis,122,488,24,431,430,0,854,-854,0,9,None,0.0,0,0
2026-10-27,Seats,Interior,122,658,0,652,659,1,921,-920,0,14,None,0.0,0,0
2026-10-27,Nuts,Fastener_Cooling,122,13585,0,13747,13741,156,19019,-18863,0,6,None,0.0,0,0
2026-10-27,ECU,Electrical,122,122,12440,121,122,12440,256,12184,0,20,None,0.0,0,0
2026-10-27,Radiator,Fastener_Cooling,122,122,6441,129,128,6447,213,6234,0,15,None,0.0,0,0
2026-10-28,Engine,Powertrain,121,108,11837,117,115,11844,226,11618,0,18,None,0.0,0,0
2026-10-28,Battery,Powertrain,121,13,7691,12,12,7690,100,7590,0,25,None,0.0,0,0
2026-10-28,Transmission,Powertrain,121,121,9144,116,114,9137,254,8883,0,22,None,0.0,0,0
2026-10-28,Brake_Pads,Chassis,121,484,29,455,462,7,847,-840,0,12,None,0.0,0,0
2026-10-28,Wheels,Chassis,121,484,1389,472,466,1371,847,524,0,10,None,0.0,0,0
2026-10-28,Tyres,Chassis,121,484,0,484,492,8,847,-839,0,9,None,0.0,0,0
2026-10-28,Seats,Interior,121,651,1,682,682,32,911,-879,0,14,None,0.0,0,0
2026-10-28,Nuts,Fastener_Cooling,121,13410,156,12616,12681,0,18774,-18774,0,6,None,0.0,0,0
2026-10-28,ECU,Electrical,121,121,12440,126,122,12441,254,12187,0,20,None,0.0,0,0
2026-10-28,Radiator,Fastener_Cooling,121,121,6447,121,123,6449,211,6238,0,15,None,0.0,0,0
2026-10-29,Engine,Powertrain,121,107,11844,111,115,11852,224,11628,0,18,None,0.0,0,0
2026-10-29,Battery,Powertrain,121,14,7690,15,15,7691,100,7591,0,25,None,0.0,0,0
2026-10-29,Transmission,Powertrain,121,121,9137,126,129,9145,254,8891,0,22,None,0.0,0,0
2026-10-29,Brake_Pads,Chassis,121,484,7,460,449,0,847,-847,0,12,None,0.0,0,0
2026-10-29,Wheels,Chassis,121,484,1371,480,483,1370,847,523,0,10,None,0.0,0,0
2026-10-29,Tyres,Chassis,121,484,8,466,473,0,847,-847,0,9,None,0.0,0,0
2026-10-29,Seats,Interior,121,649,32,670,702,85,908,-823,0,14,None,0.0,0,0
2026-10-29,Nuts,Fastener_Cooling,121,13390,0,11514,11872,0,18746,-18746,0,6,None,0.0,0,0
2026-10-29,ECU,Electrical,121,121,12441,103,104,12424,254,12170,0,20,None,0.0,0,0
2026-10-29,Radiator,Fastener_Cooling,121,121,6449,118,122,6450,211,6239,0,15,None,0.0,0,0
2026-10-30,Engine,Powertrain,123,109,11852,97,93,11836,228,11608,0,18,None,0.0,0,0
2026-10-30,Battery,Powertrain,123,14,7691,15,14,7691,100,7591,0,25,None,0.0,0,0
2026-10-30,Transmission,Powertrain,123,123,9145,125,121,9143,258,8885,0,22,None,0.0,0,0
2026-10-30,Brake_Pads,Chassis,123,492,0,520,515,23,861,-838,0,12,None,0.0,0,0
2026-10-30,Wheels,Chassis,123,492,1370,467,452,1330,861,469,0,10,None,0.0,0,0
2026-10-30,Tyres,Chassis,123,492,0,451,441,0,861,-861,0,9,None,0.0,0,0
2026-10-30,Seats,Interior,123,665,85,669,654,74,931,-857,0,14,None,0.0,0,0
2026-10-30,Nuts,Fastener_Cooling,123,13675,0,14387,14496,821,19145,-18324,0,6,None,0.0,0,0
2026-10-30,ECU,Electrical,123,123,12424,128,126,12427,258,12169,0,20,None,0.0,0,0
2026-10-30,Radiator,Fastener_Cooling,123,123,6450,134,132,6459,215,6244,0,15,None,0.0,0,0
2026-10-31,Engine,Powertrain,133,117,11836,104,108,11827,245,11582,0,18,None,0.0,0,1
2026-10-31,Battery,Powertrain,133,16,7691,17,17,7692,100,7592,0,25,None,0.0,0,1
2026-10-31,Transmission,Powertrain,133,133,9143,126,124,9134,279,8855,0,22,None,0.0,0,1
2026-10-31,Brake_Pads,Chassis,133,532,23,549,562,53,931,-878,0,12,None,0.0,0,1
2026-10-31,Wheels,Chassis,133,532,1330,511,517,1315,931,384,0,10,None,0.0,0,1
2026-10-31,Tyres,Chassis,133,532,0,561,536,4,931,-927,0,9,None,0.0,0,1
2026-10-31,Seats,Interior,133,719,74,705,705,60,1006,-946,0,14,None,0.0,0,1
2026-10-31,Nuts,Fastener_Cooling,133,14825,821,14574,14166,162,20755,-20593,0,6,None,0.0,0,1
2026-10-31,ECU,Electrical,133,133,12427,126,123,12417,279,12138,0,20,None,0.0,0,1
2026-10-31,Radiator,Fastener_Cooling,133,133,6459,141,145,6471,232,6239,0,15,None,0.0,0,1
2026-11-01,Engine,Powertrain,136,121,11827,109,108,11814,254,11560,0,18,None,0.0,0,1
2026-11-01,Battery,Powertrain,136,15,7692,15,15,7692,100,7592,0,25,None,0.0,0,1
2026-11-01,Transmission,Powertrain,136,136,9134,140,135,9133,285,8848,0,22,None,0.0,0,1
2026-11-01,Brake_Pads,Chassis,136,544,53,575,556,65,952,-887,0,12,None,0.0,0,1
2026-11-01,Wheels,Chassis,136,544,1315,577,593,1364,952,412,0,10,None,0.0,0,1
2026-11-01,Tyres,Chassis,136,544,4,534,509,0,952,-952,0,9,None,0.0,0,1
2026-11-01,Seats,Interior,136,728,60,665,678,10,1019,-1009,0,14,None,0.0,0,1
2026-11-01,Nuts,Fastener_Cooling,136,15055,162,15847,15091,198,21077,-20879,0,6,None,0.0,0,1
2026-11-01,ECU,Electrical,136,136,12417,125,68,12349,285,12064,1,20,None,0.0,0,1
2026-11-01,Radiator,Fastener_Cooling,136,136,6471,147,144,6479,238,6241,0,15,None,0.0,0,1
2026-11-02,Engine,Powertrain,123,108,11814,92,87,11793,226,11567,0,18,None,0.0,0,0
2026-11-02,Battery,Powertrain,123,15,7692,13,7,7684,100,7584,1,25,None,0.0,0,0
2026-11-02,Transmission,Powertrain,123,123,9133,124,128,9138,258,8880,0,22,None,0.0,0,0
2026-11-02,Brake_Pads,Chassis,123,492,65,512,504,77,861,-784,0,12,None,0.0,0,0
2026-11-02,Wheels,Chassis,123,492,1364,430,409,1281,861,420,0,10,None,0.0,0,0
2026-11-02,Tyres,Chassis,123,492,0,420,427,0,861,-861,0,9,None,0.0,0,0
2026-11-02,Seats,Interior,123,661,10,649,647,0,925,-925,0,14,None,0.0,0,0
2026-11-02,Nuts,Fastener_Cooling,123,13640,198,11984,12034,0,19096,-19096,0,6,None,0.0,0,0
2026-11-02,ECU,Electrical,123,123,12349,127,132,12358,258,12100,0,20,None,0.0,0,0
2026-11-02,Radiator,Fastener_Cooling,123,123,6479,130,132,6488,215,6273,0,15,None,0.0,0,0
2026-11-03,Engine,Powertrain,130,115,11793,106,109,11787,241,11546,0,18,None,0.0,0,0
2026-11-03,Battery,Powertrain,130,15,7684,14,13,7682,100,7582,0,25,None,0.0,0,0
2026-11-03,Transmission,Powertrain,130,130,9138,139,145,9153,273,8880,0,22,None,0.0,0,0
2026-11-03,Brake_Pads,Chassis,130,520,77,467,463,20,910,-890,0,12,None,0.0,0,0
2026-11-03,Wheels,Chassis,130,520,1281,529,506,1267,910,357,0,10,None,0.0,0,0
2026-11-03,Tyres,Chassis,130,520,0,502,490,0,910,-910,0,9,None,0.0,0,0
2026-11-03,Seats,Interior,130,696,0,600,623,0,974,-974,0,14,None,0.0,0,0
2026-11-03,Nuts,Fastener_Cooling,130,14360,0,14186,13501,0,20104,-20104,0,6,None,0.0,0,0
2026-11-03,ECU,Electrical,130,130,12358,117,115,12343,273,12070,0,20,None,0.0,0,0
2026-11-03,Radiator,Fastener_Cooling,130,130,6488,114,117,6475,227,6248,0,15,None,0.0,0,0
2026-11-04,Engine,Powertrain,124,109,11787,106,104,11782,228,11554,0,18,None,0.0,0,0
2026-11-04,Battery,Powertrain,124,15,7682,15,14,7681,100,7581,0,25,None,0.0,0,0
2026-11-04,Transmission,Powertrain,124,124,9153,128,126,9155,260,8895,0,22,None,0.0,0,0
2026-11-04,Brake_Pads,Chassis,124,496,20,465,457,0,868,-868,0,12,None,0.0,0,0
2026-11-04,Wheels,Chassis,124,496,1267,499,506,1277,868,409,0,10,None,0.0,0,0
2026-11-04,Tyres,Chassis,124,496,0,466,464,0,868,-868,0,9,None,0.0,0,0
2026-11-04,Seats,Interior,124,662,0,673,649,0,926,-926,0,14,None,0.0,0,0
2026-11-04,Nuts,Fastener_Cooling,124,13680,0,12548,12700,0,19152,-19152,0,6,None,0.0,0,0
2026-11-04,ECU,Electrical,124,124,12343,124,129,12348,260,12088,0,20,None,0.0,0,0
2026-11-04,Radiator,Fastener_Cooling,124,124,6475,106,107,6458,217,6241,0,15,None,0.0,0,0
2026-11-05,Engine,Powertrain,129,114,11782,107,111,11779,239,11540,0,18,None,0.0,0,0
2026-11-05,Battery,Powertrain,129,15,7681,14,13,7679,100,7579,0,25,None,0.0,0,0
2026-11-05,Transmission,Powertrain,129,129,9155,116,117,9143,270,8873,0,22,None,0.0,0,0
2026-11-05,Brake_Pads,Chassis,129,516,0,457,459,0,903,-903,0,12,None,0.0,0,0
2026-11-05,Wheels,Chassis,129,516,1277,556,575,1336,903,433,0,10,None,0.0,0,0
2026-11-05,Tyres,Chassis,129,516,0,471,491,0,903,-903,0,9,None,0.0,0,0
2026-11-05,Seats,Interior,129,693,0,730,697,4,970,-966,0,14,None,0.0,0,0
2026-11-05,Nuts,Fastener_Cooling,129,14275,0,14327,14183,0,19985,-19985,0,6,None,0.0,0,0
2026-11-05,ECU,Electrical,129,129,12348,141,141,12360,270,12090,0,20,None,0.0,0,0
2026-11-05,Radiator,Fastener_Cooling,129,129,6458,132,135,6464,225,6239,0,15,None,0.0,0,0
2026-11-06,Engine,Powertrain,140,122,11779,117,116,11773,256,11517,0,18,Diwali,1.0,0,0
2026-11-06,Battery,Powertrain,140,18,7679,18,18,7679,100,7579,0,25,Diwali,1.0,0,0
2026-11-06,Transmission,Powertrain,140,140,9143,141,145,9148,294,8854,0,22,Diwali,1.0,0,0
2026-11-06,Brake_Pads,Chassis,140,560,0,479,479,0,980,-980,0,12,Diwali,1.0,0,0
2026-11-06,Wheels,Chassis,140,560,1336,599,616,1392,980,412,0,10,Diwali,1.0,0,0
2026-11-06,Tyres,Chassis,140,560,0,478,467,0,980,-980,0,9,Diwali,1.0,0,0
2026-11-06,Seats,Interior,140,756,4,770,801,49,1058,-1009,0,14,Diwali,1.0,0,0
2026-11-06,Nuts,Fastener_Cooling,140,15580,0,16304,16676,1096,21812,-20716,0,6,Diwali,1.0,0,0
2026-11-06,ECU,Electrical,140,140,12360,119,113,12333,294,12039,0,20,Diwali,1.0,0,0
2026-11-06,Radiator,Fastener_Cooling,140,140,6464,148,149,6473,245,6228,0,15,Diwali,1.0,0,0
2026-11-07,Engine,Powertrain,159,139,11773,135,131,11765,291,11474,0,18,Diwali,1.25,0,1
2026-11-07,Battery,Powertrain,159,20,7679,21,20,7679,100,7579,0,25,Diwali,1.25,0,1
2026-11-07,Transmission,Powertrain,159,159,9148,149,145,9134,333,8801,0,22,Diwali,1.25,0,1
2026-11-07,Brake_Pads,Chassis,159,636,0,636,648,12,1113,-1101,0,12,Diwali,1.25,0,1
2026-11-07,Wheels,Chassis,159,636,1392,553,556,1312,1113,199,0,10,Diwali,1.25,0,1
2026-11-07,Tyres,Chassis,159,636,0,555,551,0,1113,-1113,0,9,Diwali,1.25,0,1
2026-11-07,Seats,Interior,159,855,49,842,815,9,1197,-1188,0,14,Diwali,1.25,0,1
2026-11-07,Nuts,Fastener_Cooling,159,17660,1096,15162,14817,0,24724,-24724,0,6,Diwali,1.25,0,1
2026-11-07,ECU,Electrical,159,159,12333,146,148,12322,333,11989,0,20,Diwali,1.25,0,1
2026-11-07,Radiator,Fastener_Cooling,159,159,6473,136,131,6445,278,6167,0,15,Diwali,1.25,0,1
2026-11-08,Engine,Powertrain,163,142,11765,134,130,11753,298,11455,0,18,Diwali,1.5,0,1
2026-11-08,Battery,Powertrain,163,21,7679,22,21,7679,100,7579,0,25,Diwali,1.5,0,1
2026-11-08,Transmission,Powertrain,163,163,9134,160,88,9059,342,8717,1,22,Diwali,1.5,0,1
2026-11-08,Brake_Pads,Chassis,163,652,12,563,553,0,1141,-1141,0,12,Diwali,1.5,0,1
2026-11-08,Wheels,Chassis,163,652,1312,572,560,1220,1141,79,0,10,Diwali,1.5,0,1
2026-11-08,Tyres,Chassis,163,652,0,595,567,0,1141,-1141,0,9,Diwali,1.5,0,1
2026-11-08,Seats,Interior,163,877,9,888,906,38,1227,-1189,0,14,Diwali,1.5,0,1
2026-11-08,Nuts,Fastener_Cooling,163,18100,0,17979,18343,243,25340,-25097,0,6,Diwali,1.5,0,1
2026-11-08,ECU,Electrical,163,163,12322,172,176,12335,342,11993,0,20,Diwali,1.5,0,1
2026-11-08,Radiator,Fastener_Cooling,163,163,6445,152,147,6429,285,6144,0,15,Diwali,1.5,0,1
2026-11-09,Engine,Powertrain,143,124,11753,130,130,11759,260,11499,0,18,Diwali,1.25,0,0
2026-11-09,Battery,Powertrain,143,19,7679,18,18,7678,100,7578,0,25,Diwali,1.25,0,0
2026-11-09,Transmission,Powertrain,143,143,9059,141,142,9058,300,8758,0,22,Diwali,1.25,0,0
2026-11-09,Brake_Pads,Chassis,143,572,0,575,585,13,1001,-988,0,12,Diwali,1.25,0,0
2026-11-09,Wheels,Chassis,143,572,1220,618,632,1280,1001,279,0,10,Diwali,1.25,0,0
2026-11-09,Tyres,Chassis,143,572,0,614,638,66,1001,-935,0,9,Diwali,1.25,0,0
2026-11-09,Seats,Interior,143,771,38,810,849,116,1079,-963,0,14,Diwali,1.25,0,0
2026-11-09,Nuts,Fastener_Cooling,143,15905,243,15097,14969,0,22267,-22267,0,6,Diwali,1.25,0,0
2026-11-09,ECU,Electrical,143,143,12335,155,151,12343,300,12043,0,20,Diwali,1.25,0,0
2026-11-09,Radiator,Fastener_Cooling,143,143,6429,149,151,6437,250,6187,0,15,Diwali,1.25,0,0
2026-11-10,Engine,Powertrain,139,121,11759,120,117,11755,254,11501,0,18,Diwali,1.0,0,0
2026-11-10,Battery,Powertrain,139,18,7678,16,15,7675,100,7575,0,25,Diwali,1.0,0,0
2026-11-10,Transmission,Powertrain,139,139,9058,147,141,9060,291,8769,0,22,Diwali,1.0,0,0
2026-11-10,Brake_Pads,Chassis,139,556,13,489,483,0,973,-973,0,12,Diwali,1.0,0,0
2026-11-10,Wheels,Chassis,139,556,1280,514,532,1256,973,283,0,10,Diwali,1.0,0,0
2026-11-10,Tyres,Chassis,139,556,66,487,472,0,973,-973,0,9,Diwali,1.0,0,0
2026-11-10,Seats,Interior,139,751,116,715,746,111,1051,-940,0,14,Diwali,1.0,0,0
2026-11-10,Nuts,Fastener_Cooling,139,15490,0,15130,15063,0,21686,-21686,0,6,Diwali,1.0,0,0
2026-11-10,ECU,Electrical,139,139,12343,147,141,12345,291,12054,0,20,Diwali,1.0,0,0
2026-11-10,Radiator,Fastener_Cooling,139,139,6437,127,132,6430,243,6187,0,15,Diwali,1.0,0,0
2026-11-11,Engine,Powertrain,122,107,11755,98,97,11745,224,11521,0,18,None,0.0,0,0
2026-11-11,Battery,Powertrain,122,15,7675,16,15,7675,100,7575,0,25,None,0.0,0,0
2026-11-11,Transmission,Powertrain,122,122,9060,125,119,9057,256,8801,0,22,None,0.0,0,0
2026-11-11,Brake_Pads,Chassis,122,488,0,477,489,1,854,-853,0,12,None,0.0,0,0
2026-11-11,Wheels,Chassis,122,488,1256,436,453,1221,854,367,0,10,None,0.0,0,0
2026-11-11,Tyres,Chassis,122,488,0,466,471,0,854,-854,0,9,None,0.0,0,0
2026-11-11,Seats,Interior,122,654,111,643,616,73,915,-842,0,14,None,0.0,0,0
2026-11-11,Nuts,Fastener_Cooling,122,13535,0,12266,12631,0,18949,-18949,0,6,None,0.0,0,0
2026-11-11,ECU,Electrical,122,122,12345,104,106,12329,256,12073,0,20,None,0.0,0,0
2026-11-11,Radiator,Fastener_Cooling,122,122,6430,104,98,6406,213,6193,0,15,None,0.0,0,0
2026-11-12,Engine,Powertrain,121,105,11745,110,107,11747,220,11527,0,18,None,0.0,0,0
2026-11-12,Battery,Powertrain,121,16,7675,15,14,7673,100,7573,0,25,None,0.0,0,0
2026-11-12,Transmission,Powertrain,121,121,9057,121,121,9057,254,8803,0,22,None,0.0,0,0
2026-11-12,Brake_Pads,Chassis,121,484,1,434,442,0,847,-847,0,12,None,0.0,0,0
2026-11-12,Wheels,Chassis,121,484,1221,528,522,1259,847,412,0,10,None,0.0,0,0
2026-11-12,Tyres,Chassis,121,484,0,515,499,15,847,-832,0,9,None,0.0,0,0
2026-11-12,Seats,Interior,121,653,73,672,658,78,914,-836,0,14,None,0.0,0,0
2026-11-12,Nuts,Fastener_Cooling,121,13450,0,12949,13316,0,18830,-18830,0,6,None,0.0,0,0
2026-11-12,ECU,Electrical,121,121,12329,125,131,12339,254,12085,0,20,None,0.0,0,0
2026-11-12,Radiator,Fastener_Cooling,121,121,6406,111,113,6398,211,6187,0,15,None,0.0,0,0
2026-11-13,Engine,Powertrain,127,113,11747,108,109,11743,237,11506,0,18,None,0.0,0,0
2026-11-13,Battery,Powertrain,127,14,7673,12,12,7671,100,7571,0,25,None,0.0,0,0
2026-11-13,Transmission,Powertrain,127,127,9057,118,117,9047,266,8781,0,22,None,0.0,0,0
2026-11-13,Brake_Pads,Chassis,127,508,0,527,548,40,889,-849,0,12,None,0.0,0,0
2026-11-13,Wheels,Chassis,127,508,1259,558,538,1289,889,400,0,10,None,0.0,0,0
2026-11-13,Tyres,Chassis,127,508,15,532,539,46,889,-843,0,9,None,0.0,0,0
2026-11-13,Seats,Interior,127,679,78,692,658,57,950,-893,0,14,None,0.0,0,0
2026-11-13,Nuts,Fastener_Cooling,127,14010,0,12649,12581,0,19614,-19614,0,6,None,0.0,0,0
2026-11-13,ECU,Electrical,127,127,12339,128,126,12338,266,12072,0,20,None,0.0,0,0
2026-11-13,Radiator,Fastener_Cooling,127,127,6398,137,133,6404,222,6182,0,15,None,0.0,0,0
2026-11-14,Engine,Powertrain,145,128,11743,113,112,11727,268,11459,0,18,None,0.0,0,1
2026-11-14,Battery,Powertrain,145,17,7671,16,15,7669,100,7569,0,25,None,0.0,0,1
2026-11-14,Transmission,Powertrain,145,145,9047,135,140,9042,304,8738,0,22,None,0.0,0,1
2026-11-14,Brake_Pads,Chassis,145,580,40,499,489,0,1015,-1015,0,12,None,0.0,0,1
2026-11-14,Wheels,Chassis,145,580,1289,554,571,1280,1015,265,0,10,None,0.0,0,1
2026-11-14,Tyres,Chassis,145,580,46,512,511,0,1015,-1015,0,9,None,0.0,0,1
2026-11-14,Seats,Interior,145,779,57,826,804,82,1090,-1008,0,14,None,0.0,0,1
2026-11-14,Nuts,Fastener_Cooling,145,16060,0,15615,15618,0,22484,-22484,0,6,None,0.0,0,1
2026-11-14,ECU,Electrical,145,145,12338,138,141,12334,304,12030,0,20,None,0.0,0,1
2026-11-14,Radiator,Fastener_Cooling,145,145,6404,128,122,6381,253,6128,0,15,None,0.0,0,1
2026-11-15,Engine,Powertrain,135,117,11727,124,129,11739,245,11494,0,18,None,0.0,0,1
2026-11-15,Battery,Powertrain,135,18,7669,18,17,7668,100,7568,0,25,None,0.0,0,1
2026-11-15,Transmission,Powertrain,135,135,9042,131,129,9036,283,8753,0,22,None,0.0,0,1
2026-11-15,Brake_Pads,Chassis,135,540,0,470,470,0,945,-945,0,12,None,0.0,0,1
2026-11-15,Wheels,Chassis,135,540,1280,571,570,1310,945,365,0,10,None,0.0,0,1
2026-11-15,Tyres,Chassis,135,540,0,536,516,0,945,-945,0,9,None,0.0,0,1
2026-11-15,Seats,Interior,135,723,82,762,733,92,1012,-920,0,14,None,0.0,0,1
2026-11-15,Nuts,Fastener_Cooling,135,14950,0,14246,14934,0,20930,-20930,0,6,None,0.0,0,1
2026-11-15,ECU,Electrical,135,135,12334,140,142,12341,283,12058,0,20,None,0.0,0,1
2026-11-15,Radiator,Fastener_Cooling,135,135,6381,126,122,6368,236,6132,0,15,None,0.0,0,1
2026-11-16,Engine,Powertrain,119,104,11739,90,93,11728,218,11510,0,18,None,0.0,0,0
2026-11-16,Battery,Powertrain,119,15,7668,13,12,7665,100,7565,0,25,None,0.0,0,0
2026-11-16,Transmission,Powertrain,119,119,9036,106,111,9028,249,8779,0,22,None,0.0,0,0
2026-11-16,Brake_Pads,Chassis,119,476,0,492,503,27,833,-806,0,12,None,0.0,0,0
2026-11-16,Wheels,Chassis,119,476,1310,437,438,1272,833,439,0,10,None,0.0,0,0
2026-11-16,Tyres,Chassis,119,476,0,492,482,6,833,-827,0,9,None,0.0,0,0
2026-11-16,Seats,Interior,119,639,92,640,638,91,894,-803,0,14,None,0.0,0,0
2026-11-16,Nuts,Fastener_Cooling,119,13215,0,13367,13970,755,18501,-17746,0,6,None,0.0,0,0
2026-11-16,ECU,Electrical,119,119,12341,120,125,12347,249,12098,0,20,None,0.0,0,0
2026-11-16,Radiator,Fastener_Cooling,119,119,6368,104,103,6352,208,6144,0,15,None,0.0,0,0
2026-11-17,Engine,Powertrain,129,114,11728,119,124,11738,239,11499,0,18,None,0.0,0,0
2026-11-17,Battery,Powertrain,129,15,7665,14,13,7663,100,7563,0,25,None,0.0,0,0
2026-11-17,Transmission,Powertrain,129,129,9028,131,132,9031,270,8761,0,22,None,0.0,0,0
2026-11-17,Brake_Pads,Chassis,129,516,27,496,474,0,903,-903,0,12,None,0.0,0,0
2026-11-17,Wheels,Chassis,129,516,1272,466,484,1240,903,337,0,10,None,0.0,0,0
2026-11-17,Tyres,Chassis,129,516,6,532,511,1,903,-902,0,9,None,0.0,0,0
2026-11-17,Seats,Interior,129,691,91,618,589,0,967,-967,0,14,None,0.0,0,0
2026-11-17,Nuts,Fastener_Cooling,129,14260,755,13239,13792,287,19964,-19677,0,6,None,0.0,0,0
2026-11-17,ECU,Electrical,129,129,12347,139,132,12350,270,12080,0,20,None,0.0,0,0
2026-11-17,Radiator,Fastener_Cooling,129,129,6352,110,111,6334,225,6109,0,15,None,0.0,0,0
2026-11-18,Engine,Powertrain,123,109,11738,104,99,11728,228,11500,0,18,None,0.0,0,0
2026-11-18,Battery,Powertrain,123,14,7663,12,11,7660,100,7560,0,25,None,0.0,0,0
2026-11-18,Transmission,Powertrain,123,123,9031,130,123,9031,258,8773,0,22,None,0.0,0,0
2026-11-18,Brake_Pads,Chassis,123,492,0,530,549,57,861,-804,0,12,None,0.0,0,0
2026-11-18,Wheels,Chassis,123,492,1240,517,499,1247,861,386,0,10,None,0.0,0,0
2026-11-18,Tyres,Chassis,123,492,1,526,524,33,861,-828,0,9,None,0.0,0,0
2026-11-18,Seats,Interior,123,661,0,657,673,12,925,-913,0,14,None,0.0,0,0
2026-11-18,Nuts,Fastener_Cooling,123,13615,287,12863,12585,0,19061,-19061,0,6,None,0.0,0,0
2026-11-18,ECU,Electrical,123,123,12350,112,109,12336,258,12078,0,20,None,0.0,0,0
2026-11-18,Radiator,Fastener_Cooling,123,123,6334,115,114,6325,215,6110,0,15,None,0.0,0,0
2026-11-19,Engine,Powertrain,122,108,11728,94,93,11713,226,11487,0,18,None,0.0,0,0
2026-11-19,Battery,Powertrain,122,14,7660,13,13,7659,100,7559,0,25,None,0.0,0,0
2026-11-19,Transmission,Powertrain,122,122,9031,110,114,9023,256,8767,0,22,None,0.0,0,0
2026-11-19,Brake_Pads,Chassis,122,488,57,459,473,42,854,-812,0,12,None,0.0,0,0
2026-11-19,Wheels,Chassis,122,488,1247,513,525,1284,854,430,0,10,None,0.0,0,0
2026-11-19,Tyres,Chassis,122,488,33,441,451,0,854,-854,0,9,None,0.0,0,0
2026-11-19,Seats,Interior,122,658,12,710,390,0,921,-921,1,14,None,0.0,0,0
2026-11-19,Nuts,Fastener_Cooling,122,13580,0,12810,13249,0,19012,-19012,0,6,None,0.0,0,0
2026-11-19,ECU,Electrical,122,122,12336,123,121,12335,256,12079,0,20,None,0.0,0,0
2026-11-19,Radiator,Fastener_Cooling,122,122,6325,129,134,6337,213,6124,0,15,None,0.0,0,0
2026-11-20,Engine,Powertrain,116,101,11713,104,103,11715,212,11503,0,18,None,0.0,0,0
2026-11-20,Battery,Powertrain,116,15,7659,15,14,7658,100,7558,0,25,None,0.0,0,0
2026-11-20,Transmission,Powertrain,116,116,9023,103,107,9014,243,8771,0,22,None,0.0,0,0
2026-11-20,Brake_Pads,Chassis,116,464,42,415,413,0,812,-812,0,12,None,0.0,0,0
2026-11-20,Wheels,Chassis,116,464,1284,473,461,1281,812,469,0,10,None,0.0,0,0
2026-11-20,Tyres,Chassis,116,464,0,421,425,0,812,-812,0,9,None,0.0,0,0
2026-11-20,Seats,Interior,116,624,0,669,669,45,873,-828,0,14,None,0.0,0,0
2026-11-20,Nuts,Fastener_Cooling,116,12925,0,12264,12639,0,18095,-18095,0,6,None,0.0,0,0
2026-11-20,ECU,Electrical,116,116,12335,99,94,12313,243,12070,0,20,None,0.0,0,0
2026-11-20,Radiator,Fastener_Cooling,116,116,6337,114,119,6340,203,6137,0,15,None,0.0,0,0
2026-11-21,Engine,Powertrain,136,119,11715,125,129,11725,249,11476,0,18,None,0.0,0,1
2026-11-21,Battery,Powertrain,136,17,7658,15,14,7655,100,7555,0,25,None,0.0,0,1
2026-11-21,Transmission,Powertrain,136,136,9014,117,121,8999,285,8714,0,22,None,0.0,0,1
2026-11-21,Brake_Pads,Chassis,136,544,0,570,583,39,952,-913,0,12,None,0.0,0,1
2026-11-21,Wheels,Chassis,136,544,1281,561,566,1303,952,351,0,10,None,0.0,0,1
2026-11-21,Tyres,Chassis,136,544,0,501,497,0,952,-952,0,9,None,0.0,0,1
2026-11-21,Seats,Interior,136,732,45,655,656,0,1024,-1024,0,14,None,0.0,0,1
2026-11-21,Nuts,Fastener_Cooling,136,15115,0,14187,13692,0,21161,-21161,0,6,None,0.0,0,1
2026-11-21,ECU,Electrical,136,136,12313,130,135,12312,285,12027,0,20,None,0.0,0,1
2026-11-21,Radiator,Fastener_Cooling,136,136,6340,123,119,6323,238,6085,0,15,None,0.0,0,1
2026-11-22,Engine,Powertrain,138,121,11725,125,122,11726,254,11472,0,18,None,0.0,0,1
2026-11-22,Battery,Powertrain,138,17,7655,16,16,7654,100,7554,0,25,None,0.0,0,1
2026-11-22,Transmission,Powertrain,138,138,8999,122,121,8982,289,8693,0,22,None,0.0,0,1
2026-11-22,Brake_Pads,Chassis,138,552,39,539,552,39,966,-927,0,12,None,0.0,0,1
2026-11-22,Wheels,Chassis,138,552,1303,551,535,1286,966,320,0,10,None,0.0,0,1
2026-11-22,Tyres,Chassis,138,552,0,594,576,24,966,-942,0,9,None,0.0,0,1
2026-11-22,Seats,Interior,138,742,0,801,763,21,1038,-1017,0,14,None,0.0,0,1
2026-11-22,Nuts,Fastener_Cooling,138,15315,0,13575,13800,0,21441,-21441,0,6,None,0.0,0,1
2026-11-22,ECU,Electrical,138,138,12312,148,141,12315,289,12026,0,20,None,0.0,0,1
2026-11-22,Radiator,Fastener_Cooling,138,138,6323,144,144,6329,241,6088,0,15,None,0.0,0,1
2026-11-23,Engine,Powertrain,125,110,11726,105,105,11721,231,11490,0,18,None,0.0,0,0
2026-11-23,Battery,Powertrain,125,15,7654,15,14,7653,100,7553,0,25,None,0.0,0,0
2026-11-23,Transmission,Powertrain,125,125,8982,121,126,8983,262,8721,0,22,None,0.0,0,0
2026-11-23,Brake_Pads,Chassis,125,500,39,468,447,0,875,-875,0,12,None,0.0,0,0
2026-11-23,Wheels,Chassis,125,500,1286,520,526,1312,875,437,0,10,None,0.0,0,0
2026-11-23,Tyres,Chassis,125,500,24,521,545,69,875,-806,0,9,None,0.0,0,0
2026-11-23,Seats,Interior,125,675,21,587,589,0,945,-945,0,14,None,0.0,0,0
2026-11-23,Nuts,Fastener_Cooling,125,13930,0,13257,13189,0,19502,-19502,0,6,None,0.0,0,0
2026-11-23,ECU,Electrical,125,125,12315,106,107,12297,262,12035,0,20,None,0.0,0,0
2026-11-23,Radiator,Fastener_Cooling,125,125,6329,136,139,6343,218,6125,0,15,None,0.0,0,0
2026-11-24,Engine,Powertrain,134,118,11721,114,112,11715,247,11468,0,18,None,0.0,0,0
2026-11-24,Battery,Powertrain,134,16,7653,16,16,7653,100,7553,0,25,None,0.0,0,0
2026-11-24,Transmission,Powertrain,134,134,8983,138,140,8989,281,8708,0,22,None,0.0,0,0
2026-11-24,Brake_Pads,Chassis,134,536,0,484,464,0,938,-938,0,12,None,0.0,0,0
2026-11-24,Wheels,Chassis,134,536,1312,563,588,1364,938,426,0,10,None,0.0,0,0
2026-11-24,Tyres,Chassis,134,536,69,457,479,12,938,-926,0,9,None,0.0,0,0
2026-11-24,Seats,Interior,134,718,0,645,648,0,1005,-1005,0,14,None,0.0,0,0
2026-11-24,Nuts,Fastener_Cooling,134,14840,0,14361,15012,172,20776,-20604,0,6,None,0.0,0,0
2026-11-24,ECU,Electrical,134,134,12297,125,120,12283,281,12002,0,20,None,0.0,0,0
2026-11-24,Radiator,Fastener_Cooling,134,134,6343,137,134,6343,234,6109,0,15,None,0.0,0,0
2026-11-25,Engine,Powertrain,123,109,11715,118,114,11720,228,11492,0,18,None,0.0,0,0
2026-11-25,Battery,Powertrain,123,14,7653,15,15,7654,100,7554,0,25,None,0.0,0,0
2026-11-25,Transmission,Powertrain,123,123,8989,116,111,8977,258,8719,0,22,None,0.0,0,0
2026-11-25,Brake_Pads,Chassis,123,492,0,521,532,40,861,-821,0,12,None,0.0,0,0
2026-11-25,Wheels,Chassis,123,492,1364,498,508,1380,861,519,0,10,None,0.0,0,0
2026-11-25,Tyres,Chassis,123,492,12,435,424,0,861,-861,0,9,None,0.0,0,0
2026-11-25,Seats,Interior,123,661,0,695,722,61,925,-864,0,14,None,0.0,0,0
2026-11-25,Nuts,Fastener_Cooling,123,13645,172,13318,13461,0,19103,-19103,0,6,None,0.0,0,0
2026-11-25,ECU,Electrical,123,123,12283,128,127,12287,258,12029,0,20,None,0.0,0,0
2026-11-25,Radiator,Fastener_Cooling,123,123,6343,121,125,6345,215,6130,0,15,None,0.0,0,0
2026-11-26,Engine,Powertrain,126,111,11720,106,105,11714,233,11481,0,18,None,0.0,0,0
2026-11-26,Battery,Powertrain,126,15,7654,14,14,7653,100,7553,0,25,None,0.0,0,0
2026-11-26,Transmission,Powertrain,126,126,8977,133,130,8981,264,8717,0,22,None,0.0,0,0
2026-11-26,Brake_Pads,Chassis,126,504,40,449,461,0,882,-882,0,12,None,0.0,0,0
2026-11-26,Wheels,Chassis,126,504,1380,447,424,1300,882,418,0,10,None,0.0,0,0
2026-11-26,Tyres,Chassis,126,504,0,483,480,0,882,-882,0,9,None,0.0,0,0
2026-11-26,Seats,Interior,126,674,61,642,610,0,943,-943,0,14,None,0.0,0,0
2026-11-26,Nuts,Fastener_Cooling,126,13925,0,12432,11841,0,19495,-19495,0,6,None,0.0,0,0
2026-11-26,ECU,Electrical,126,126,12287,114,116,12277,264,12013,0,20,None,0.0,0,0
2026-11-26,Radiator,Fastener_Cooling,126,126,6345,134,132,6351,220,6131,0,15,None,0.0,0,0
2026-11-27,Engine,Powertrain,131,116,11714,115,118,11716,243,11473,0,18,None,0.0,0,0
2026-11-27,Battery,Powertrain,131,15,7653,14,14,7652,100,7552,0,25,None,0.0,0,0
2026-11-27,Transmission,Powertrain,131,131,8981,112,116,8966,275,8691,0,22,None,0.0,0,0
2026-11-27,Brake_Pads,Chassis,131,524,0,525,537,13,917,-904,0,12,None,0.0,0,0
2026-11-27,Wheels,Chassis,131,524,1300,475,261,1037,917,120,1,10,None,0.0,0,0
2026-11-27,Tyres,Chassis,131,524,0,539,545,21,917,-896,0,9,None,0.0,0,0
2026-11-27,Seats,Interior,131,697,0,695,708,11,975,-964,0,14,None,0.0,0,0
2026-11-27,Nuts,Fastener_Cooling,131,14380,0,14250,13650,0,20132,-20132,0,6,None,0.0,0,0
2026-11-27,ECU,Electrical,131,131,12277,136,134,12280,275,12005,0,20,None,0.0,0,0
2026-11-27,Radiator,Fastener_Cooling,131,131,6351,133,131,6351,229,6122,0,15,None,0.0,0,0
2026-11-28,Engine,Powertrain,143,126,11716,111,107,11697,264,11433,0,18,None,0.0,0,1
2026-11-28,Battery,Powertrain,143,17,7652,17,16,7651,100,7551,0,25,None,0.0,0,1
2026-11-28,Transmission,Powertrain,143,143,8966,152,158,8981,300,8681,0,22,None,0.0,0,1
2026-11-28,Brake_Pads,Chassis,143,572,13,489,503,0,1001,-1001,0,12,None,0.0,0,1
2026-11-28,Wheels,Chassis,143,572,1037,523,508,973,1001,-28,0,10,None,0.0,0,1
2026-11-28,Tyres,Chassis,143,572,21,603,609,58,1001,-943,0,9,None,0.0,0,1
2026-11-28,Seats,Interior,143,767,11,695,382,0,1073,-1073,1,14,None,0.0,0,1
2026-11-28,Nuts,Fastener_Cooling,143,15855,0,15863,16427,572,22197,-21625,0,6,None,0.0,0,1
2026-11-28,ECU,Electrical,143,143,12280,155,150,12287,300,11987,0,20,None,0.0,0,1
2026-11-28,Radiator,Fastener_Cooling,143,143,6351,154,151,6359,250,6109,0,15,None,0.0,0,1
2026-11-29,Engine,Powertrain,137,121,11697,113,115,11691,254,11437,0,18,None,0.0,0,1
2026-11-29,Battery,Powertrain,137,16,7651,15,14,7649,100,7549,0,25,None,0.0,0,1
2026-11-29,Transmission,Powertrain,137,137,8981,147,151,8995,287,8708,0,22,None,0.0,0,1
2026-11-29,Brake_Pads,Chassis,137,548,0,548,525,0,959,-959,0,12,None,0.0,0,1
2026-11-29,Wheels,Chassis,137,548,973,573,573,998,959,39,0,10,None,0.0,0,1
2026-11-29,Tyres,Chassis,137,548,58,470,492,2,959,-957,0,9,None,0.0,0,1
2026-11-29,Seats,Interior,137,739,0,695,707,0,1034,-1034,0,14,None,0.0,0,1
2026-11-29,Nuts,Fastener_Cooling,137,15215,572,13413,13574,0,21301,-21301,0,6,None,0.0,0,1
2026-11-29,ECU,Electrical,137,137,12287,122,123,12273,287,11986,0,20,None,0.0,0,1
2026-11-29,Radiator,Fastener_Cooling,137,137,6359,142,137,6359,239,6120,0,15,None,0.0,0,1
2026-11-30,Engine,Powertrain,120,106,11691,102,97,11682,222,11460,0,18,None,0.0,0,0
2026-11-30,Battery,Powertrain,120,14,7649,12,11,7646,100,7546,0,25,None,0.0,0,0
2026-11-30,Transmission,Powertrain,120,120,8995,103,100,8975,252,8723,0,22,None,0.0,0,0
2026-11-30,Brake_Pads,Chassis,120,480,0,471,464,0,840,-840,0,12,None,0.0,0,0
2026-11-30,Wheels,Chassis,120,480,998,450,427,945,840,105,0,10,None,0.0,0,0
2026-11-30,Tyres,Chassis,120,480,2,451,458,0,840,-840,0,9,None,0.0,0,0
2026-11-30,Seats,Interior,120,644,0,636,641,0,901,-901,0,14,None,0.0,0,0
2026-11-30,Nuts,Fastener_Cooling,120,13270,0,12631,12385,0,18578,-18578,0,6,None,0.0,0,0
2026-11-30,ECU,Electrical,120,120,12273,112,111,12264,252,12012,0,20,None,0.0,0,0
2026-11-30,Radiator,Fastener_Cooling,120,120,6359,129,122,6361,210,6151,0,15,None,0.0,0,0
2026-12-01,Engine,Powertrain,128,114,11682,116,119,11687,239,11448,0,18,None,0.0,0,0
2026-12-01,Battery,Powertrain,128,14,7646,13,12,7644,100,7544,0,25,None,0.0,0,0
2026-12-01,Transmission,Powertrain,128,128,8975,129,124,8971,268,8703,0,22,None,0.0,0,0
2026-12-01,Brake_Pads,Chassis,128,512,0,451,446,0,896,-896,0,12,None,0.0,0,0
2026-12-01,Wheels,Chassis,128,512,945,527,553,986,896,90,0,10,None,0.0,0,0
2026-12-01,Tyres,Chassis,128,512,0,521,529,17,896,-879,0,9,None,0.0,0,0
2026-12-01,Seats,Interior,128,688,0,695,721,33,963,-930,0,14,None,0.0,0,0
2026-12-01,Nuts,Fastener_Cooling,128,14170,0,13744,13946,0,19838,-19838,0,6,None,0.0,0,0
2026-12-01,ECU,Electrical,128,128,12264,116,112,12248,268,11980,0,20,None,0.0,0,0
2026-12-01,Radiator,Fastener_Cooling,128,128,6361,109,112,6345,224,6121,0,15,None,0.0,0,0
2026-12-02,Engine,Powertrain,128,113,11687,99,101,11675,237,11438,0,18,None,0.0,0,0
2026-12-02,Battery,Powertrain,128,15,7644,14,13,7642,100,7542,0,25,None,0.0,0,0
2026-12-02,Transmission,Powertrain,128,128,8971,117,118,8961,268,8693,0,22,None,0.0,0,0
2026-12-02,Brake_Pads,Chassis,128,512,0,511,492,0,896,-896,0,12,None,0.0,0,0
2026-12-02,Wheels,Chassis,128,512,986,503,494,968,896,72,0,10,None,0.0,0,0
2026-12-02,Tyres,Chassis,128,512,17,504,515,20,896,-876,0,9,None,0.0,0,0
2026-12-02,Seats,Interior,128,686,33,702,682,29,960,-931,0,14,None,0.0,0,0
2026-12-02,Nuts,Fastener_Cooling,128,14160,0,14956,15333,1173,19824,-18651,0,6,None,0.0,0,0
2026-12-02,ECU,Electrical,128,128,12248,110,111,12231,268,11963,0,20,None,0.0,0,0
2026-12-02,Radiator,Fastener_Cooling,128,128,6345,121,115,6332,224,6108,0,15,None,0.0,0,0
2026-12-03,Engine,Powertrain,118,103,11675,92,87,11659,216,11443,0,18,None,0.0,0,0
2026-12-03,Battery,Powertrain,118,15,7642,15,15,7642,100,7542,0,25,None,0.0,0,0
2026-12-03,Transmission,Powertrain,118,118,8961,108,103,8946,247,8699,0,22,None,0.0,0,0
2026-12-03,Brake_Pads,Chassis,118,472,0,408,425,0,826,-826,0,12,None,0.0,0,0
2026-12-03,Wheels,Chassis,118,472,968,494,480,976,826,150,0,10,None,0.0,0,0
2026-12-03,Tyres,Chassis,118,472,20,414,420,0,826,-826,0,9,None,0.0,0,0
2026-12-03,Seats,Interior,118,638,29,673,682,73,893,-820,0,14,None,0.0,0,0
2026-12-03,Nuts,Fastener_Cooling,118,13135,1173,12774,12840,878,18389,-17511,0,6,None,0.0,0,0
2026-12-03,ECU,Electrical,118,118,12231,103,99,12212,247,11965,0,20,None,0.0,0,0
2026-12-03,Radiator,Fastener_Cooling,118,118,6332,104,101,6315,206,6109,0,15,None,0.0,0,0
2026-12-04,Engine,Powertrain,126,111,11659,113,112,11660,233,11427,0,18,None,0.0,0,0
2026-12-04,Battery,Powertrain,126,15,7642,14,13,7640,100,7540,0,25,None,0.0,0,0
2026-12-04,Transmission,Powertrain,126,126,8946,133,131,8951,264,8687,0,22,None,0.0,0,0
2026-12-04,Brake_Pads,Chassis,126,504,0,539,562,58,882,-824,0,12,None,0.0,0,0
2026-12-04,Wheels,Chassis,126,504,976,477,459,931,882,49,0,10,None,0.0,0,0
2026-12-04,Tyres,Chassis,126,504,0,502,479,0,882,-882,0,9,None,0.0,0,0
2026-12-04,Seats,Interior,126,680,73,738,704,97,952,-855,0,14,None,0.0,0,0
2026-12-04,Nuts,Fastener_Cooling,126,14020,878,13953,14591,1449,19628,-18179,0,6,None,0.0,0,0
2026-12-04,ECU,Electrical,126,126,12212,115,116,12202,264,11938,0,20,None,0.0,0,0
2026-12-04,Radiator,Fastener_Cooling,126,126,6315,126,122,6311,220,6091,0,15,None,0.0,0,0
2026-12-05,Engine,Powertrain,133,117,11660,114,113,11656,245,11411,0,18,None,0.0,0,1
2026-12-05,Battery,Powertrain,133,16,7640,14,14,7638,100,7538,0,25,None,0.0,0,1
2026-12-05,Transmission,Powertrain,133,133,8951,119,118,8936,279,8657,0,22,None,0.0,0,1
2026-12-05,Brake_Pads,Chassis,133,532,58,525,541,67,931,-864,0,12,None,0.0,0,1
2026-12-05,Wheels,Chassis,133,532,931,534,536,935,931,4,0,10,None,0.0,0,1
2026-12-05,Tyres,Chassis,133,532,0,504,502,0,931,-931,0,9,None,0.0,0,1
2026-12-05,Seats,Interior,133,711,97,746,764,150,995,-845,0,14,None,0.0,0,1
2026-12-05,Nuts,Fastener_Cooling,133,14695,1449,16083,16831,3585,20573,-16988,0,6,None,0.0,0,1
2026-12-05,ECU,Electrical,133,133,12202,146,146,12215,279,11936,0,20,None,0.0,0,1
2026-12-05,Radiator,Fastener_Cooling,133,133,6311,137,130,6308,232,6076,0,15,None,0.0,0,1
2026-12-06,Engine,Powertrain,140,124,11656,131,129,11661,260,11401,0,18,None,0.0,0,1
2026-12-06,Battery,Powertrain,140,16,7638,14,13,7635,100,7535,0,25,None,0.0,0,1
2026-12-06,Transmission,Powertrain,140,140,8936,145,150,8946,294,8652,0,22,None,0.0,0,1
2026-12-06,Brake_Pads,Chassis,140,560,67,542,535,42,980,-938,0,12,None,0.0,0,1
2026-12-06,Wheels,Chassis,140,560,935,496,494,869,980,-111,0,10,None,0.0,0,1
2026-12-06,Tyres,Chassis,140,560,0,564,539,0,980,-980,0,9,None,0.0,0,1
2026-12-06,Seats,Interior,140,754,150,784,806,202,1055,-853,0,14,None,0.0,0,1
2026-12-06,Nuts,Fastener_Cooling,140,15555,3585,16612,17035,5065,21777,-16712,0,6,None,0.0,0,1
2026-12-06,ECU,Electrical,140,140,12215,146,149,12224,294,11930,0,20,None,0.0,0,1
2026-12-06,Radiator,Fastener_Cooling,140,140,6308,122,122,6290,245,6045,0,15,None,0.0,0,1
2026-12-07,Engine,Powertrain,133,118,11661,103,99,11642,247,11395,0,18,None,0.0,0,0
2026-12-07,Battery,Powertrain,133,15,7635,14,14,7634,100,7534,0,25,None,0.0,0,0
2026-12-07,Transmission,Powertrain,133,133,8946,120,124,8937,279,8658,0,22,None,0.0,0,0
2026-12-07,Brake_Pads,Chassis,133,532,42,566,565,75,931,-856,0,12,None,0.0,0,0
2026-12-07,Wheels,Chassis,133,532,869,515,522,859,931,-72,0,10,None,0.0,0,0
2026-12-07,Tyres,Chassis,133,532,0,529,554,22,931,-909,0,9,None,0.0,0,0
2026-12-07,Seats,Interior,133,713,202,649,645,134,998,-864,0,14,None,0.0,0,0
2026-12-07,Nuts,Fastener_Cooling,133,14695,5065,12839,12312,2682,20573,-17891,0,6,None,0.0,0,0
2026-12-07,ECU,Electrical,133,133,12224,125,128,12219,279,11940,0,20,None,0.0,0,0
2026-12-07,Radiator,Fastener_Cooling,133,133,6290,127,127,6284,232,6052,0,15,None,0.0,0,0
2026-12-08,Engine,Powertrain,124,109,11642,92,89,11622,228,11394,0,18,None,0.0,0,0
2026-12-08,Battery,Powertrain,124,15,7634,16,15,7634,100,7534,0,25,None,0.0,0,0
2026-12-08,Transmission,Powertrain,124,124,8937,121,124,8937,260,8677,0,22,None,0.0,0,0
2026-12-08,Brake_Pads,Chassis,124,496,75,480,502,81,868,-787,0,12,None,0.0,0,0
2026-12-08,Wheels,Chassis,124,496,859,498,520,883,868,15,0,10,None,0.0,0,0
2026-12-08,Tyres,Chassis,124,496,22,525,513,39,868,-829,0,9,None,0.0,0,0
2026-12-08,Seats,Interior,124,666,134,593,606,74,932,-858,0,14,None,0.0,0,0
2026-12-08,Nuts,Fastener_Cooling,124,13720,2682,13104,13362,2324,19208,-16884,0,6,None,0.0,0,0
2026-12-08,ECU,Electrical,124,124,12219,112,108,12203,260,11943,0,20,None,0.0,0,0
2026-12-08,Radiator,Fastener_Cooling,124,124,6284,119,118,6278,217,6061,0,15,None,0.0,0,0
2026-12-09,Engine,Powertrain,123,108,11622,111,116,11630,226,11404,0,18,None,0.0,0,0
2026-12-09,Battery,Powertrain,123,15,7634,16,15,7634,100,7534,0,25,None,0.0,0,0
2026-12-09,Transmission,Powertrain,123,123,8937,116,115,8929,258,8671,0,22,None,0.0,0,0
2026-12-09,Brake_Pads,Chassis,123,492,81,484,505,94,861,-767,0,12,None,0.0,0,0
2026-12-09,Wheels,Chassis,123,492,883,489,496,887,861,26,0,10,None,0.0,0,0
2026-12-09,Tyres,Chassis,123,492,39,514,521,68,861,-793,0,9,None,0.0,0,0
2026-12-09,Seats,Interior,123,661,74,630,638,51,925,-874,0,14,None,0.0,0,0
2026-12-09,Nuts,Fastener_Cooling,123,13630,2324,13007,13296,1990,19082,-17092,0,6,None,0.0,0,0
2026-12-09,ECU,Electrical,123,123,12203,113,107,12187,258,11929,0,20,None,0.0,0,0
2026-12-09,Radiator,Fastener_Cooling,123,123,6278,110,111,6266,215,6051,0,15,None,0.0,0,0
2026-12-10,Engine,Powertrain,130,114,11630,125,123,11639,239,11400,0,18,None,0.0,0,0
2026-12-10,Battery,Powertrain,130,16,7634,17,17,7635,100,7535,0,25,None,0.0,0,0
2026-12-10,Transmission,Powertrain,130,130,8929,115,111,8910,273,8637,0,22,None,0.0,0,0
2026-12-10,Brake_Pads,Chassis,130,520,94,475,464,38,910,-872,0,12,None,0.0,0,0
2026-12-10,Wheels,Chassis,130,520,887,550,533,900,910,-10,0,10,None,0.0,0,0
2026-12-10,Tyres,Chassis,130,520,68,500,488,36,910,-874,0,9,None,0.0,0,0
2026-12-10,Seats,Interior,130,698,51,728,698,51,977,-926,0,14,None,0.0,0,0
2026-12-10,Nuts,Fastener_Cooling,130,14390,1990,15511,16229,3829,20146,-16317,0,6,None,0.0,0,0
2026-12-10,ECU,Electrical,130,130,12187,115,110,12167,273,11894,0,20,None,0.0,0,0
2026-12-10,Radiator,Fastener_Cooling,130,130,6266,119,121,6257,227,6030,0,15,None,0.0,0,0
2026-12-11,Engine,Powertrain,127,112,11639,99,101,11628,235,11393,0,18,None,0.0,0,0
2026-12-11,Battery,Powertrain,127,15,7635,13,13,7633,100,7533,0,25,None,0.0,0,0
2026-12-11,Transmission,Powertrain,127,127,8910,127,120,8903,266,8637,0,22,None,0.0,0,0
2026-12-11,Brake_Pads,Chassis,127,508,38,489,495,25,889,-864,0,12,None,0.0,0,0
2026-12-11,Wheels,Chassis,127,508,900,543,565,957,889,68,0,10,None,0.0,0,0
2026-12-11,Tyres,Chassis,127,508,36,466,447,0,889,-889,0,9,None,0.0,0,0
2026-12-11,Seats,Interior,127,681,51,601,588,0,953,-953,0,14,None,0.0,0,0
2026-12-11,Nuts,Fastener_Cooling,127,14060,3829,12894,12251,2020,19684,-17664,0,6,None,0.0,0,0
2026-12-11,ECU,Electrical,127,127,12167,131,127,12167,266,11901,0,20,None,0.0,0,0
2026-12-11,Radiator,Fastener_Cooling,127,127,6257,121,115,6245,222,6023,0,15,None,0.0,0,0
2026-12-12,Engine,Powertrain,132,117,11628,118,119,11630,245,11385,0,18,None,0.0,0,1
2026-12-12,Battery,Powertrain,132,15,7633,15,15,7633,100,7533,0,25,None,0.0,0,1
2026-12-12,Transmission,Powertrain,132,132,8903,134,133,8904,277,8627,0,22,None,0.0,0,1
2026-12-12,Brake_Pads,Chassis,132,528,25,455,451,0,924,-924,0,12,None,0.0,0,1
2026-12-12,Wheels,Chassis,132,528,957,496,474,903,924,-21,0,10,None,0.0,0,1
2026-12-12,Tyres,Chassis,132,528,0,470,485,0,924,-924,0,9,None,0.0,0,1
2026-12-12,Seats,Interior,132,710,0,739,769,59,994,-935,0,14,None,0.0,0,1
2026-12-12,Nuts,Fastener_Cooling,132,14660,2020,15184,14978,2338,20524,-18186,0,6,None,0.0,0,1
2026-12-12,ECU,Electrical,132,132,12167,135,141,12176,277,11899,0,20,None,0.0,0,1
2026-12-12,Radiator,Fastener_Cooling,132,132,6245,112,114,6227,231,5996,0,15,None,0.0,0,1
2026-12-13,Engine,Powertrain,141,125,11630,123,118,11623,262,11361,0,18,None,0.0,0,1
2026-12-13,Battery,Powertrain,141,16,7633,16,15,7632,100,7532,0,25,None,0.0,0,1
2026-12-13,Transmission,Powertrain,141,141,8904,130,125,8888,296,8592,0,22,None,0.0,0,1
2026-12-13,Brake_Pads,Chassis,141,564,0,577,588,24,987,-963,0,12,None,0.0,0,1
2026-12-13,Wheels,Chassis,141,564,903,514,515,854,987,-133,0,10,None,0.0,0,1
2026-12-13,Tyres,Chassis,141,564,0,533,528,0,987,-987,0,9,None,0.0,0,1
2026-12-13,Seats,Interior,141,755,59,675,657,0,1057,-1057,0,14,None,0.0,0,1
2026-12-13,Nuts,Fastener_Cooling,141,15555,2338,13850,13994,777,21777,-21000,0,6,None,0.0,0,1
2026-12-13,ECU,Electrical,141,141,12176,130,130,12165,296,11869,0,20,None,0.0,0,1
2026-12-13,Radiator,Fastener_Cooling,141,141,6227,130,130,6216,246,5970,0,15,None,0.0,0,1
2026-12-14,Engine,Powertrain,123,109,11623,115,118,11632,228,11404,0,18,None,0.0,0,0
2026-12-14,Battery,Powertrain,123,14,7632,12,11,7629,100,7529,0,25,None,0.0,0,0
2026-12-14,Transmission,Powertrain,123,123,8888,110,60,8825,258,8567,1,22,None,0.0,0,0
2026-12-14,Brake_Pads,Chassis,123,492,24,506,508,40,861,-821,0,12,None,0.0,0,0
2026-12-14,Wheels,Chassis,123,492,854,494,509,871,861,10,0,10,None,0.0,0,0
2026-12-14,Tyres,Chassis,123,492,0,433,431,0,861,-861,0,9,None,0.0,0,0
2026-12-14,Seats,Interior,123,659,0,563,567,0,922,-922,0,14,None,0.0,0,0
2026-12-14,Nuts,Fastener_Cooling,123,13600,777,14302,13698,875,19040,-18165,0,6,None,0.0,0,0
2026-12-14,ECU,Electrical,123,123,12165,105,102,12144,258,11886,0,20,None,0.0,0,0
2026-12-14,Radiator,Fastener_Cooling,123,123,6216,112,115,6208,215,5993,0,15,None,0.0,0,0
2026-12-15,Engine,Powertrain,119,104,11632,93,94,11622,218,11404,0,18,None,0.0,0,0
2026-12-15,Battery,Powertrain,119,15,7629,15,15,7629,100,7529,0,25,None,0.0,0,0
2026-12-15,Transmission,Powertrain,119,119,8825,101,100,8806,249,8557,0,22,None,0.0,0,0
2026-12-15,Brake_Pads,Chassis,119,476,40,515,530,94,833,-739,0,12,None,0.0,0,0
2026-12-15,Wheels,Chassis,119,476,871,455,468,863,833,30,0,10,None,0.0,0,0
2026-12-15,Tyres,Chassis,119,476,0,426,435,0,833,-833,0,9,None,0.0,0,0
2026-12-15,Seats,Interior,119,645,0,693,708,63,903,-840,0,14,None,0.0,0,0
2026-12-15,Nuts,Fastener_Cooling,119,13300,875,14302,13864,1439,18620,-17181,0,6,None,0.0,0,0
2026-12-15,ECU,Electrical,119,119,12144,127,128,12153,249,11904,0,20,None,0.0,0,0
2026-12-15,Radiator,Fastener_Cooling,119,119,6208,102,99,6188,208,5980,0,15,None,0.0,0,0
2026-12-16,Engine,Powertrain,123,111,11622,96,97,11608,233,11375,0,18,None,0.0,0,0
2026-12-16,Battery,Powertrain,123,12,7629,10,10,7627,100,7527,0,25,None,0.0,0,0
2026-12-16,Transmission,Powertrain,123,123,8806,105,104,8787,258,8529,0,22,None,0.0,0,0
2026-12-16,Brake_Pads,Chassis,123,492,94,430,442,44,861,-817,0,12,None,0.0,0,0
2026-12-16,Wheels,Chassis,123,492,863,506,493,864,861,3,0,10,None,0.0,0,0
2026-12-16,Tyres,Chassis,123,492,0,439,454,0,861,-861,0,9,None,0.0,0,0
2026-12-16,Seats,Interior,123,663,63,608,618,18,928,-910,0,14,None,0.0,0,0
2026-12-16,Nuts,Fastener_Cooling,123,13680,1439,12684,12129,0,19152,-19152,0,6,None,0.0,0,0
2026-12-16,ECU,Electrical,123,123,12153,118,116,12146,258,11888,0,20,None,0.0,0,0
2026-12-16,Radiator,Fastener_Cooling,123,123,6188,121,121,6186,215,5971,0,15,None,0.0,0,0
2026-12-17,Engine,Powertrain,133,118,11608,102,56,11546,247,11299,1,18,None,0.0,0,0
2026-12-17,Battery,Powertrain,133,15,7627,13,13,7625,100,7525,0,25,None,0.0,0,0
2026-12-17,Transmission,Powertrain,133,133,8787,118,112,8766,279,8487,0,22,None,0.0,0,0
2026-12-17,Brake_Pads,Chassis,133,532,44,490,478,0,931,-931,0,12,None,0.0,0,0
2026-12-17,Wheels,Chassis,133,532,864,459,446,778,931,-153,0,10,None,0.0,0,0
2026-12-17,Tyres,Chassis,133,532,0,540,518,0,931,-931,0,9,None,0.0,0,0
2026-12-17,Seats,Interior,133,717,18,787,801,102,1003,-901,0,14,None,0.0,0,0
2026-12-17,Nuts,Fastener_Cooling,133,14765,0,12843,12720,0,20671,-20671,0,6,None,0.0,0,0
2026-12-17,ECU,Electrical,133,133,12146,144,149,12162,279,11883,0,20,None,0.0,0,0
2026-12-17,Radiator,Fastener_Cooling,133,133,6186,123,123,6176,232,5944,0,15,None,0.0,0,0
2026-12-18,Engine,Powertrain,124,108,11546,107,109,11547,226,11321,0,18,None,0.0,0,0
2026-12-18,Battery,Powertrain,124,16,7625,13,13,7622,100,7522,0,25,None,0.0,0,0
2026-12-18,Transmission,Powertrain,124,124,8766,132,129,8771,260,8511,0,22,None,0.0,0,0
2026-12-18,Brake_Pads,Chassis,124,496,0,457,434,0,868,-868,0,12,None,0.0,0,0
2026-12-18,Wheels,Chassis,124,496,778,510,531,813,868,-55,0,10,None,0.0,0,0
2026-12-18,Tyres,Chassis,124,496,0,444,429,0,868,-868,0,9,None,0.0,0,0
2026-12-18,Seats,Interior,124,668,102,623,617,51,935,-884,0,14,None,0.0,0,0
2026-12-18,Nuts,Fastener_Cooling,124,13810,0,15151,14523,713,19334,-18621,0,6,None,0.0,0,0
2026-12-18,ECU,Electrical,124,124,12162,122,122,12160,260,11900,0,20,None,0.0,0,0
2026-12-18,Radiator,Fastener_Cooling,124,124,6176,133,135,6187,217,5970,0,15,None,0.0,0,0
2026-12-19,Engine,Powertrain,146,130,11547,119,122,11539,273,11266,0,18,None,0.0,0,1
2026-12-19,Battery,Powertrain,146,16,7622,16,15,7621,100,7521,0,25,None,0.0,0,1
2026-12-19,Transmission,Powertrain,146,146,8771,139,138,8763,306,8457,0,22,None,0.0,0,1
2026-12-19,Brake_Pads,Chassis,146,584,0,568,552,0,1022,-1022,0,12,None,0.0,0,1
2026-12-19,Wheels,Chassis,146,584,813,497,486,715,1022,-307,0,10,None,0.0,0,1
2026-12-19,Tyres,Chassis,146,584,0,506,503,0,1022,-1022,0,9,None,0.0,0,1
2026-12-19,Seats,Interior,146,784,51,710,689,0,1097,-1097,0,14,None,0.0,0,1
2026-12-19,Nuts,Fastener_Cooling,146,16165,713,17677,17336,1884,22631,-20747,0,6,None,0.0,0,1
2026-12-19,ECU,Electrical,146,146,12160,160,165,12179,306,11873,0,20,None,0.0,0,1
2026-12-19,Radiator,Fastener_Cooling,146,146,6187,125,130,6171,255,5916,0,15,None,0.0,0,1
2026-12-20,Engine,Powertrain,137,122,11539,112,113,11530,256,11274,0,18,None,0.0,0,1
2026-12-20,Battery,Powertrain,137,15,7621,14,14,7620,100,7520,0,25,None,0.0,0,1
2026-12-20,Transmission,Powertrain,137,137,8763,149,155,8781,287,8494,0,22,None,0.0,0,1
2026-12-20,Brake_Pads,Chassis,137,548,0,483,491,0,959,-959,0,12,None,0.0,0,1
2026-12-20,Wheels,Chassis,137,548,715,484,491,658,959,-301,0,10,None,0.0,0,1
2026-12-20,Tyres,Chassis,137,548,0,560,568,20,959,-939,0,9,None,0.0,0,1
2026-12-20,Seats,Interior,137,733,0,712,730,0,1026,-1026,0,14,None,0.0,0,1
2026-12-20,Nuts,Fastener_Cooling,137,15135,1884,15296,15872,2621,21189,-18568,0,6,None,0.0,0,1
2026-12-20,ECU,Electrical,137,137,12179,146,147,12189,287,11902,0,20,None,0.0,0,1
2026-12-20,Radiator,Fastener_Cooling,137,137,6171,147,144,6178,239,5939,0,15,None,0.0,0,1
2026-12-21,Engine,Powertrain,130,113,11530,115,118,11535,237,11298,0,18,None,0.0,0,0
2026-12-21,Battery,Powertrain,130,17,7620,16,15,7618,100,7518,0,25,None,0.0,0,0
2026-12-21,Transmission,Powertrain,130,130,8781,123,123,8774,273,8501,0,22,None,0.0,0,0
2026-12-21,Brake_Pads,Chassis,130,520,0,522,513,0,910,-910,0,12,None,0.0,0,0
2026-12-21,Wheels,Chassis,130,520,658,537,542,680,910,-230,0,10,None,0.0,0,0
2026-12-21,Tyres,Chassis,130,520,20,546,549,49,910,-861,0,9,None,0.0,0,0
2026-12-21,Seats,Interior,130,696,0,647,667,0,974,-974,0,14,None,0.0,0,0
2026-12-21,Nuts,Fastener_Cooling,130,14380,2621,15147,15732,3973,20132,-16159,0,6,None,0.0,0,0
2026-12-21,ECU,Electrical,130,130,12189,124,127,12186,273,11913,0,20,None,0.0,0,0
2026-12-21,Radiator,Fastener_Cooling,130,130,6178,133,134,6182,227,5955,0,15,None,0.0,0,0
2026-12-22,Engine,Powertrain,127,111,11535,102,99,11523,233,11290,0,18,None,0.0,0,0
2026-12-22,Battery,Powertrain,127,16,7618,15,14,7616,100,7516,0,25,None,0.0,0,0
2026-12-22,Transmission,Powertrain,127,127,8774,114,115,8762,266,8496,0,22,None,0.0,0,0
2026-12-22,Brake_Pads,Chassis,127,508,0,490,495,0,889,-889,0,12,None,0.0,0,0
2026-12-22,Wheels,Chassis,127,508,680,514,539,711,889,-178,0,10,None,0.0,0,0
2026-12-22,Tyres,Chassis,127,508,49,501,519,60,889,-829,0,9,None,0.0,0,0
2026-12-22,Seats,Interior,127,683,0,658,673,0,956,-956,0,14,None,0.0,0,0
2026-12-22,Nuts,Fastener_Cooling,127,14100,3973,14355,14738,4611,19740,-15129,0,6,None,0.0,0,0
2026-12-22,ECU,Electrical,127,127,12186,113,113,12172,266,11906,0,20,None,0.0,0,0
2026-12-22,Radiator,Fastener_Cooling,127,127,6182,120,125,6180,222,5958,0,15,None,0.0,0,0
2026-12-23,Engine,Powertrain,129,114,11523,115,111,11520,239,11281,0,18,None,0.0,0,0
2026-12-23,Battery,Powertrain,129,15,7616,16,16,7617,100,7517,0,25,None,0.0,0,0
2026-12-23,Transmission,Powertrain,129,129,8762,137,136,8769,270,8499,0,22,None,0.0,0,0
2026-12-23,Brake_Pads,Chassis,129,516,0,478,480,0,903,-903,0,12,None,0.0,0,0
2026-12-23,Wheels,Chassis,129,516,711,504,489,684,903,-219,0,10,None,0.0,0,0
2026-12-23,Tyres,Chassis,129,516,60,466,482,26,903,-877,0,9,None,0.0,0,0
2026-12-23,Seats,Interior,129,691,0,684,706,15,967,-952,0,14,None,0.0,0,0
2026-12-23,Nuts,Fastener_Cooling,129,14270,4611,15174,14851,5192,19978,-14786,0,6,None,0.0,0,0
2026-12-23,ECU,Electrical,129,129,12172,118,117,12160,270,11890,0,20,None,0.0,0,0
2026-12-23,Radiator,Fastener_Cooling,129,129,6180,109,107,6158,225,5933,0,15,None,0.0,0,0
2026-12-24,Engine,Powertrain,127,112,11520,116,112,11520,235,11285,0,18,None,0.0,0,0
2026-12-24,Battery,Powertrain,127,15,7617,15,15,7617,100,7517,0,25,None,0.0,0,0
2026-12-24,Transmission,Powertrain,127,127,8769,125,124,8766,266,8500,0,22,None,0.0,0,0
2026-12-24,Brake_Pads,Chassis,127,508,0,531,551,43,889,-846,0,12,None,0.0,0,0
2026-12-24,Wheels,Chassis,127,508,684,466,488,664,889,-225,0,10,None,0.0,0,0
2026-12-24,Tyres,Chassis,127,508,26,552,555,73,889,-816,0,9,None,0.0,0,0
2026-12-24,Seats,Interior,127,681,15,650,640,0,953,-953,0,14,None,0.0,0,0
2026-12-24,Nuts,Fastener_Cooling,127,14050,5192,12336,12105,3247,19670,-16423,0,6,None,0.0,0,0
2026-12-24,ECU,Electrical,127,127,12160,124,128,12161,266,11895,0,20,None,0.0,0,0
2026-12-24,Radiator,Fastener_Cooling,127,127,6158,131,127,6158,222,5936,0,15,None,0.0,0,0
2026-12-25,Engine,Powertrain,142,125,11520,125,127,11522,262,11260,0,18,Christmas,1.2,0,0
2026-12-25,Battery,Powertrain,142,17,7617,14,7,7607,100,7507,1,25,Christmas,1.2,0,0
2026-12-25,Transmission,Powertrain,142,142,8766,155,152,8776,298,8478,0,22,Christmas,1.2,0,0
2026-12-25,Brake_Pads,Chassis,142,568,43,526,525,0,994,-994,0,12,Christmas,1.2,0,0
2026-12-25,Wheels,Chassis,142,568,664,509,501,597,994,-397,0,10,Christmas,1.2,0,0
2026-12-25,Tyres,Chassis,142,568,73,522,517,22,994,-972,0,9,Christmas,1.2,0,0
2026-12-25,Seats,Interior,142,768,0,690,669,0,1075,-1075,0,14,Christmas,1.2,0,0
2026-12-25,Nuts,Fastener_Cooling,142,15810,3247,16558,16139,3576,22134,-18558,0,6,Christmas,1.2,0,0
2026-12-25,ECU,Electrical,142,142,12161,132,129,12148,298,11850,0,20,Christmas,1.2,0,0
2026-12-25,Radiator,Fastener_Cooling,142,142,6158,136,134,6150,248,5902,0,15,Christmas,1.2,0,0
2026-12-26,Engine,Powertrain,140,123,11522,135,137,11536,258,11278,0,18,None,0.0,0,1
2026-12-26,Battery,Powertrain,140,17,7607,18,17,7607,100,7507,0,25,None,0.0,0,1
2026-12-26,Transmission,Powertrain,140,140,8776,135,136,8772,294,8478,0,22,None,0.0,0,1
2026-12-26,Brake_Pads,Chassis,140,560,0,557,557,0,980,-980,0,12,None,0.0,0,1
2026-12-26,Wheels,Chassis,140,560,597,611,336,373,980,-607,1,10,None,0.0,0,1
2026-12-26,Tyres,Chassis,140,560,22,492,469,0,980,-980,0,9,None,0.0,0,1
2026-12-26,Seats,Interior,140,752,0,696,723,0,1052,-1052,0,14,None,0.0,0,1
2026-12-26,Nuts,Fastener_Cooling,140,15555,3576,16260,15683,3704,21777,-18073,0,6,None,0.0,0,1
2026-12-26,ECU,Electrical,140,140,12148,140,135,12143,294,11849,0,20,None,0.0,0,1
2026-12-26,Radiator,Fastener_Cooling,140,140,6150,145,147,6157,245,5912,0,15,None,0.0,0,1
2026-12-27,Engine,Powertrain,135,120,11536,118,114,11530,252,11278,0,18,None,0.0,0,1
2026-12-27,Battery,Powertrain,135,15,7607,16,15,7607,100,7507,0,25,None,0.0,0,1
2026-12-27,Transmission,Powertrain,135,135,8772,123,126,8763,283,8480,0,22,None,0.0,0,1
2026-12-27,Brake_Pads,Chassis,135,540,0,498,273,0,945,-945,1,12,None,0.0,0,1
2026-12-27,Wheels,Chassis,135,540,373,565,561,394,945,-551,0,10,None,0.0,0,1
2026-12-27,Tyres,Chassis,135,540,0,549,564,24,945,-921,0,9,None,0.0,0,1
2026-12-27,Seats,Interior,135,723,0,645,624,0,1012,-1012,0,14,None,0.0,0,1
2026-12-27,Nuts,Fastener_Cooling,135,14905,3704,13095,13017,1816,20867,-19051,0,6,None,0.0,0,1
2026-12-27,ECU,Electrical,135,135,12143,141,133,12141,283,11858,0,20,None,0.0,0,1
2026-12-27,Radiator,Fastener_Cooling,135,135,6157,115,112,6134,236,5898,0,15,None,0.0,0,1
2026-12-28,Engine,Powertrain,119,103,11530,110,105,11532,216,11316,0,18,None,0.0,0,0
2026-12-28,Battery,Powertrain,119,16,7607,16,15,7606,100,7506,0,25,None,0.0,0,0
2026-12-28,Transmission,Powertrain,119,119,8763,112,109,8753,249,8504,0,22,None,0.0,0,0
2026-12-28,Brake_Pads,Chassis,119,476,0,405,406,0,833,-833,0,12,None,0.0,0,0
2026-12-28,Wheels,Chassis,119,476,394,419,230,148,833,-685,1,10,None,0.0,0,0
2026-12-28,Tyres,Chassis,119,476,24,479,487,35,833,-798,0,9,None,0.0,0,0
2026-12-28,Seats,Interior,119,643,0,702,735,92,900,-808,0,14,None,0.0,0,0
2026-12-28,Nuts,Fastener_Cooling,119,13270,1816,12446,12522,1068,18578,-17510,0,6,None,0.0,0,0
2026-12-28,ECU,Electrical,119,119,12141,106,109,12131,249,11882,0,20,None,0.0,0,0
2026-12-28,Radiator,Fastener_Cooling,119,119,6134,115,117,6132,208,5924,0,15,None,0.0,0,0
2026-12-29,Engine,Powertrain,133,117,11532,124,128,11543,245,11298,0,18,None,0.0,0,0
2026-12-29,Battery,Powertrain,133,16,7606,16,15,7605,100,7505,0,25,None,0.0,0,0
2026-12-29,Transmission,Powertrain,133,133,8753,121,119,8739,279,8460,0,22,None,0.0,0,0
2026-12-29,Brake_Pads,Chassis,133,532,0,536,524,0,931,-931,0,12,None,0.0,0,0
2026-12-29,Wheels,Chassis,133,532,148,517,521,137,931,-794,0,10,None,0.0,0,0
2026-12-29,Tyres,Chassis,133,532,35,474,483,0,931,-931,0,9,None,0.0,0,0
2026-12-29,Seats,Interior,133,713,92,774,785,164,998,-834,0,14,None,0.0,0,0
2026-12-29,Nuts,Fastener_Cooling,133,14720,1068,12622,13131,0,20608,-20608,0,6,None,0.0,0,0
2026-12-29,ECU,Electrical,133,133,12131,130,136,12134,279,11855,0,20,None,0.0,0,0
2026-12-29,Radiator,Fastener_Cooling,133,133,6132,146,149,6148,232,5916,0,15,None,0.0,0,0
2026-12-30,Engine,Powertrain,125,110,11543,98,95,11528,231,11297,0,18,None,0.0,0,0
2026-12-30,Battery,Powertrain,125,15,7605,15,14,7604,100,7504,0,25,None,0.0,0,0
2026-12-30,Transmission,Powertrain,125,125,8739,111,115,8729,262,8467,0,22,None,0.0,0,0
2026-12-30,Brake_Pads,Chassis,125,500,0,429,408,0,875,-875,0,12,None,0.0,0,0
2026-12-30,Wheels,Chassis,125,500,137,474,478,115,875,-760,0,10,None,0.0,0,0
2026-12-30,Tyres,Chassis,125,500,0,544,522,22,875,-853,0,9,None,0.0,0,0
2026-12-30,Seats,Interior,125,671,164,736,712,205,939,-734,0,14,None,0.0,0,0
2026-12-30,Nuts,Fastener_Cooling,125,13840,0,14442,13829,0,19376,-19376,0,6,None,0.0,0,0
2026-12-30,ECU,Electrical,125,125,12134,112,107,12116,262,11854,0,20,None,0.0,0,0
2026-12-30,Radiator,Fastener_Cooling,125,125,6148,116,116,6139,218,5921,0,15,None,0.0,0,0
2026-12-31,Engine,Powertrain,144,126,11528,136,141,11543,264,11279,0,18,New Year,1.1,0,0
2026-12-31,Battery,Powertrain,144,18,7604,15,14,7600,100,7500,0,25,New Year,1.1,0,0
2026-12-31,Transmission,Powertrain,144,144,8729,157,156,8741,302,8439,0,22,New Year,1.1,0,0
2026-12-31,Brake_Pads,Chassis,144,576,0,632,639,63,1008,-945,0,12,New Year,1.1,0,0
2026-12-31,Wheels,Chassis,144,576,115,628,641,180,1008,-828,0,10,New Year,1.1,0,0
2026-12-31,Tyres,Chassis,144,576,22,630,649,95,1008,-913,0,9,New Year,1.1,0,0
2026-12-31,Seats,Interior,144,774,205,848,812,243,1083,-840,0,14,New Year,1.1,0,0
2026-12-31,Nuts,Fastener_Cooling,144,15975,0,16937,16555,580,22365,-21785,0,6,New Year,1.1,0,0
2026-12-31,ECU,Electrical,144,144,12116,124,129,12101,302,11799,0,20,New Year,1.1,0,0
2026-12-31,Radiator,Fastener_Cooling,144,144,6139,141,147,6142,252,5890,0,15,New Year,1.1,0,0
