date,content_id,content_category,viewers,watch_hours,sessions,release_event,release_active,marketing_campaign,festival,festival_intensity,holiday,weekend,day_of_week,month,competitor_major_release,subscription_price_index
2025-01-01,SPORTS,Live Sports,12182,19493.7,14211,None,0,0,None,0.0,0,0,2,1,0,100.03
2025-01-02,SPORTS,Live Sports,11199,16007.0,14198,None,0,0,None,0.0,0,0,3,1,0,100.07
2025-01-03,SPORTS,Live Sports,11781,11103.3,14050,None,0,0,None,0.0,0,0,4,1,0,100.1
2025-01-04,SPORTS,Live Sports,12650,16860.8,14095,None,0,0,None,0.0,0,1,5,1,0,100.14
2025-01-05,SPORTS,Live Sports,14171,18397.0,16943,None,0,0,None,0.0,0,1,6,1,0,100.17
2025-01-06,SPORTS,Live Sports,10599,15363.9,14065,None,0,0,None,0.0,0,0,0,1,0,100.21
2025-01-07,SPORTS,Live Sports,14114,21231.1,17281,None,0,0,None,0.0,0,0,1,1,0,100.24
2025-01-08,SPORTS,Live Sports,13277,17958.3,16982,None,0,0,None,0.0,0,0,2,1,0,100.27
2025-01-09,SPORTS,Live Sports,16263,26032.5,23236,None,0,1,None,0.0,0,0,3,1,0,100.31
2025-01-10,SPORTS,Live Sports,12527,17708.4,16902,None,0,0,None,0.0,0,0,4,1,0,100.34
2025-01-11,SPORTS,Live Sports,15131,17709.5,20752,None,0,0,None,0.0,0,1,5,1,0,100.38
2025-01-12,SPORTS,Live Sports,14575,17505.5,16982,None,0,0,None,0.0,0,1,6,1,0,100.41
2025-01-13,SPORTS,Live Sports,13344,21174.6,16740,None,0,1,None,0.0,0,0,0,1,0,100.44
2025-01-14,SPORTS,Live Sports,17361,19233.5,20622,Live Sports Final,1,0,Makar Sankranti,1.0,1,0,1,1,0,100.48
2025-01-15,SPORTS,Live Sports,12384,12557.8,15403,None,0,0,None,0.0,0,0,2,1,0,100.51
2025-01-16,SPORTS,Live Sports,12997,19519.6,14228,None,0,0,None,0.0,0,0,3,1,0,100.54
2025-01-17,SPORTS,Live Sports,12026,14936.2,15121,None,0,0,None,0.0,0,0,4,1,0,100.58
2025-01-18,SPORTS,Live Sports,14304,15467.4,18027,None,0,0,None,0.0,0,1,5,1,0,100.61
2025-01-19,SPORTS,Live Sports,22912,35826.9,29327,Season Premiere,1,1,None,0.0,0,1,6,1,0,100.64
2025-01-20,SPORTS,Live Sports,16747,17550.4,19155,Season Premiere,1,0,None,0.0,0,0,0,1,0,100.67
2025-01-21,SPORTS,Live Sports,12971,19274.2,14768,None,0,1,None,0.0,0,0,1,1,0,100.71
2025-01-22,SPORTS,Live Sports,12413,14549.9,14859,None,0,0,None,0.0,0,0,2,1,0,100.74
2025-01-23,SPORTS,Live Sports,11630,17094.8,14712,None,0,0,None,0.0,0,0,3,1,0,100.77
2025-01-24,SPORTS,Live Sports,16025,24330.9,18984,Season Premiere,1,0,None,0.0,0,0,4,1,1,100.8
2025-01-25,SPORTS,Live Sports,13356,13700.8,17796,None,0,0,None,0.0,0,1,5,1,0,100.83
2025-01-26,SPORTS,Live Sports,14484,22592.9,18598,None,0,0,Republic Day,0.8,1,1,6,1,0,100.86
2025-01-27,SPORTS,Live Sports,17674,24651.0,19355,Live Sports Final,1,0,None,0.0,0,0,0,1,0,100.9
2025-01-28,SPORTS,Live Sports,16961,26921.5,19328,Blockbuster Release,1,0,None,0.0,0,0,1,1,0,100.93
2025-01-29,SPORTS,Live Sports,12953,11983.5,16733,None,0,0,None,0.0,0,0,2,1,0,100.96
2025-01-30,SPORTS,Live Sports,13309,20036.3,16806,None,0,0,None,0.0,0,0,3,1,0,100.99
2025-01-31,SPORTS,Live Sports,11818,19957.5,14012,None,0,0,None,0.0,0,0,4,1,0,101.02
2025-02-01,SPORTS,Live Sports,14688,21478.4,16432,None,0,0,None,0.0,0,1,5,2,0,101.05
2025-02-02,SPORTS,Live Sports,19139,31277.7,27142,Blockbuster Release,1,0,None,0.0,0,1,6,2,0,101.08
2025-02-03,SPORTS,Live Sports,16040,19758.1,19725,Blockbuster Release,1,0,None,0.0,0,0,0,2,0,101.1
2025-02-04,SPORTS,Live Sports,11274,16474.5,12796,None,0,0,None,0.0,0,0,1,2,0,101.13
2025-02-05,SPORTS,Live Sports,11343,15355.8,15180,None,0,0,None,0.0,0,0,2,2,0,101.16
2025-02-06,SPORTS,Live Sports,11703,13671.1,13486,None,0,0,None,0.0,0,0,3,2,0,101.19
2025-02-07,SPORTS,Live Sports,13738,19213.5,15884,None,0,0,None,0.0,0,0,4,2,0,101.22
2025-02-08,SPORTS,Live Sports,13446,15982.9,18566,None,0,0,None,0.0,0,1,5,2,0,101.24
2025-02-09,SPORTS,Live Sports,13572,22522.6,19179,None,0,0,None,0.0,0,1,6,2,0,101.27
2025-02-10,SPORTS,Live Sports,12208,18777.3,15104,None,0,0,None,0.0,0,0,0,2,0,101.3
2025-02-11,SPORTS,Live Sports,10972,17519.0,14295,None,0,0,None,0.0,0,0,1,2,0,101.32
2025-02-12,SPORTS,Live Sports,12206,17193.0,14578,None,0,0,None,0.0,0,0,2,2,0,101.35
2025-02-13,SPORTS,Live Sports,12637,19870.0,16471,None,0,0,None,0.0,0,0,3,2,0,101.37
2025-02-14,SPORTS,Live Sports,13332,15911.3,17880,None,0,0,None,0.0,0,0,4,2,0,101.4
2025-02-15,SPORTS,Live Sports,15006,21445.7,20084,None,0,0,None,0.0,0,1,5,2,0,101.42
2025-02-16,SPORTS,Live Sports,16712,19503.3,17819,None,0,1,None,0.0,0,1,6,2,0,101.45
2025-02-17,SPORTS,Live Sports,11905,16376.2,12969,None,0,0,None,0.0,0,0,0,2,0,101.47
2025-02-18,SPORTS,Live Sports,11956,11443.6,15939,None,0,0,None,0.0,0,0,1,2,0,101.49
2025-02-19,SPORTS,Live Sports,12439,19076.9,15707,None,0,0,None,0.0,0,0,2,2,0,101.52
2025-02-20,SPORTS,Live Sports,12060,14922.7,17213,None,0,0,None,0.0,0,0,3,2,0,101.54
2025-02-21,SPORTS,Live Sports,12025,20288.2,13124,None,0,0,None,0.0,0,0,4,2,0,101.56
2025-02-22,SPORTS,Live Sports,13133,20836.7,18988,None,0,0,None,0.0,0,1,5,2,0,101.58
2025-02-23,SPORTS,Live Sports,14484,20154.2,15981,None,0,0,None,0.0,0,1,6,2,0,101.6
2025-02-24,SPORTS,Live Sports,12357,13749.5,13130,None,0,0,None,0.0,0,0,0,2,0,101.62
2025-02-25,SPORTS,Live Sports,11473,16107.1,16172,None,0,0,None,0.0,0,0,1,2,0,101.64
2025-02-26,SPORTS,Live Sports,13361,20113.2,16722,None,0,0,None,0.0,0,0,2,2,0,101.66
2025-02-27,SPORTS,Live Sports,12288,15701.3,14311,None,0,0,None,0.0,0,0,3,2,0,101.68
2025-02-28,SPORTS,Live Sports,10918,15001.2,13961,None,0,0,None,0.0,0,0,4,2,0,101.7
2025-03-01,SPORTS,Live Sports,20580,32949.3,24716,Live Sports Final,1,0,None,0.0,0,1,5,3,0,101.72
2025-03-02,SPORTS,Live Sports,13371,13501.5,19327,None,0,0,None,0.0,0,1,6,3,0,101.73
2025-03-03,SPORTS,Live Sports,11776,15303.9,16010,None,0,0,None,0.0,0,0,0,3,0,101.75
2025-03-04,SPORTS,Live Sports,14147,22531.6,18566,None,0,1,None,0.0,0,0,1,3,0,101.77
2025-03-05,SPORTS,Live Sports,12850,15586.1,15148,None,0,0,None,0.0,0,0,2,3,0,101.78
2025-03-06,SPORTS,Live Sports,12078,19412.6,12806,None,0,0,None,0.0,0,0,3,3,0,101.8
2025-03-07,SPORTS,Live Sports,12648,17031.3,17314,None,0,0,None,0.0,0,0,4,3,0,101.81
2025-03-08,SPORTS,Live Sports,12628,15419.8,13500,None,0,0,None,0.0,0,1,5,3,0,101.83
2025-03-09,SPORTS,Live Sports,13025,22054.6,14265,None,0,0,None,0.0,0,1,6,3,0,101.84
2025-03-10,SPORTS,Live Sports,12161,12519.8,15634,None,0,0,None,0.0,0,0,0,3,0,101.85
2025-03-11,SPORTS,Live Sports,13712,16150.4,18549,None,0,1,None,0.0,0,0,1,3,0,101.87
2025-03-12,SPORTS,Live Sports,12306,13239.2,14934,None,0,0,Holi,0.8,1,0,2,3,0,101.88
2025-03-13,SPORTS,Live Sports,18499,31197.5,23782,Season Premiere,1,0,Holi,1.05,1,0,3,3,0,101.89
2025-03-14,SPORTS,Live Sports,17352,17702.3,24977,Season Premiere,1,0,Holi,1.3,1,0,4,3,0,101.9
2025-03-15,SPORTS,Live Sports,13861,13798.3,16113,None,0,0,Holi,1.05,1,1,5,3,0,101.91
2025-03-16,SPORTS,Live Sports,17036,18929.2,18187,None,0,1,Holi,0.8,1,1,6,3,0,101.92
2025-03-17,SPORTS,Live Sports,15464,21446.6,17609,New Episode,1,0,None,0.0,0,0,0,3,0,101.93
2025-03-18,SPORTS,Live Sports,18100,20124.0,22237,New Episode,1,0,None,0.0,0,0,1,3,0,101.94
2025-03-19,SPORTS,Live Sports,12261,14243.4,16686,None,0,0,None,0.0,0,0,2,3,0,101.95
2025-03-20,SPORTS,Live Sports,12232,16235.3,14894,None,0,0,None,0.0,0,0,3,3,0,101.96
2025-03-21,SPORTS,Live Sports,11703,16488.1,15044,None,0,0,None,0.0,0,0,4,3,0,101.96
2025-03-22,SPORTS,Live Sports,14561,19858.9,18584,None,0,0,None,0.0,0,1,5,3,0,101.97
2025-03-23,SPORTS,Live Sports,13848,19276.1,17242,None,0,0,None,0.0,0,1,6,3,0,101.97
2025-03-24,SPORTS,Live Sports,18300,26292.1,20379,Blockbuster Release,1,0,None,0.0,0,0,0,3,0,101.98
2025-03-25,SPORTS,Live Sports,10727,17182.6,11555,None,0,0,None,0.0,0,0,1,3,0,101.98
2025-03-26,SPORTS,Live Sports,12219,17596.2,13822,None,0,0,None,0.0,0,0,2,3,0,101.99
2025-03-27,SPORTS,Live Sports,12204,18022.3,14133,None,0,0,None,0.0,0,0,3,3,0,101.99
2025-03-28,SPORTS,Live Sports,14622,17798.1,16450,None,0,1,None,0.0,0,0,4,3,0,101.99
2025-03-29,SPORTS,Live Sports,15177,25128.9,17104,None,0,0,None,0.0,0,1,5,3,0,102.0
2025-03-30,SPORTS,Live Sports,12854,19880.0,16624,None,0,0,None,0.0,0,1,6,3,0,102.0
2025-03-31,SPORTS,Live Sports,11004,15033.8,13554,None,0,0,None,0.0,0,0,0,3,0,102.0
2025-04-01,SPORTS,Live Sports,11881,14955.1,13664,None,0,0,None,0.0,0,0,1,4,0,102.0
2025-04-02,SPORTS,Live Sports,10590,9691.3,12118,None,0,0,None,0.0,0,0,2,4,0,102.0
2025-04-03,SPORTS,Live Sports,14119,23849.8,15633,None,0,0,None,0.0,0,0,3,4,0,102.0
2025-04-04,SPORTS,Live Sports,12968,13139.2,17204,None,0,0,None,0.0,0,0,4,4,0,102.0
2025-04-05,SPORTS,Live Sports,14448,18887.4,17920,None,0,0,None,0.0,0,1,5,4,0,102.0
2025-04-06,SPORTS,Live Sports,14673,17217.9,19307,None,0,0,None,0.0,0,1,6,4,0,101.99
2025-04-07,SPORTS,Live Sports,13257,15389.3,15926,None,0,0,None,0.0,0,0,0,4,0,101.99
2025-04-08,SPORTS,Live Sports,11675,14425.3,12655,None,0,0,None,0.0,0,0,1,4,0,101.99
2025-04-09,SPORTS,Live Sports,11890,16146.1,16398,None,0,0,None,0.0,0,0,2,4,0,101.98
2025-04-10,SPORTS,Live Sports,12483,11334.6,13314,None,0,0,None,0.0,0,0,3,4,0,101.98
2025-04-11,SPORTS,Live Sports,16897,17290.2,20225,New Episode,1,0,None,0.0,0,0,4,4,0,101.97
2025-04-12,SPORTS,Live Sports,13250,18424.8,17013,None,0,0,None,0.0,0,1,5,4,0,101.97
2025-04-13,SPORTS,Live Sports,13587,20264.7,17877,None,0,0,None,0.0,0,1,6,4,0,101.96
2025-04-14,SPORTS,Live Sports,12524,18035.5,15563,None,0,0,None,0.0,0,0,0,4,0,101.95
2025-04-15,SPORTS,Live Sports,12971,21957.2,17764,None,0,0,None,0.0,0,0,1,4,0,101.94
2025-04-16,SPORTS,Live Sports,11140,10451.3,13834,None,0,0,None,0.0,0,0,2,4,0,101.94
2025-04-17,SPORTS,Live Sports,12050,15811.5,16681,None,0,0,None,0.0,0,0,3,4,0,101.93
2025-04-18,SPORTS,Live Sports,12166,15022.4,13975,None,0,0,None,0.0,0,0,4,4,0,101.92
2025-04-19,SPORTS,Live Sports,18776,19886.3,23263,Season Premiere,1,0,None,0.0,0,1,5,4,0,101.91
2025-04-20,SPORTS,Live Sports,20325,32771.8,21592,Season Premiere,1,0,None,0.0,0,1,6,4,0,101.9
2025-04-21,SPORTS,Live Sports,12127,12306.7,15537,None,0,0,None,0.0,0,0,0,4,0,101.89
2025-04-22,SPORTS,Live Sports,16563,21592.7,20058,Season Premiere,1,0,None,0.0,0,0,1,4,0,101.87
2025-04-23,SPORTS,Live Sports,11816,12450.6,15626,None,0,0,None,0.0,0,0,2,4,0,101.86
2025-04-24,SPORTS,Live Sports,12673,15830.9,17069,None,0,0,None,0.0,0,0,3,4,0,101.85
2025-04-25,SPORTS,Live Sports,13047,19993.4,15959,None,0,0,None,0.0,0,0,4,4,0,101.84
2025-04-26,SPORTS,Live Sports,14346,20952.0,18554,None,0,0,None,0.0,0,1,5,4,0,101.82
2025-04-27,SPORTS,Live Sports,15665,22876.1,21035,None,0,0,None,0.0,0,1,6,4,0,101.81
2025-04-28,SPORTS,Live Sports,13168,14116.8,18233,None,0,0,None,0.0,0,0,0,4,0,101.79
2025-04-29,SPORTS,Live Sports,12696,11658.6,13864,None,0,0,None,0.0,0,0,1,4,0,101.78
2025-04-30,SPORTS,Live Sports,11645,17188.6,14779,None,0,0,None,0.0,0,0,2,4,0,101.76
2025-05-01,SPORTS,Live Sports,13187,12987.7,18724,None,0,0,None,0.0,0,0,3,5,0,101.74
2025-05-02,SPORTS,Live Sports,11593,14052.5,13489,None,0,0,None,0.0,0,0,4,5,0,101.73
2025-05-03,SPORTS,Live Sports,14704,23160.8,19136,None,0,0,None,0.0,0,1,5,5,0,101.71
2025-05-04,SPORTS,Live Sports,17940,22022.9,20862,Blockbuster Release,1,0,None,0.0,0,1,6,5,0,101.69
2025-05-05,SPORTS,Live Sports,16973,21595.5,23279,Blockbuster Release,1,0,None,0.0,0,0,0,5,0,101.67
2025-05-06,SPORTS,Live Sports,11073,18451.5,14919,None,0,0,None,0.0,0,0,1,5,0,101.65
2025-05-07,SPORTS,Live Sports,12008,19540.0,17169,None,0,0,None,0.0,0,0,2,5,0,101.63
2025-05-08,SPORTS,Live Sports,10958,10658.8,14569,None,0,0,None,0.0,0,0,3,5,0,101.61
2025-05-09,SPORTS,Live Sports,12277,19563.1,15292,None,0,0,None,0.0,0,0,4,5,1,101.59
2025-05-10,SPORTS,Live Sports,14485,18767.9,18344,None,0,0,None,0.0,0,1,5,5,0,101.57
2025-05-11,SPORTS,Live Sports,13549,20843.5,18450,None,0,0,None,0.0,0,1,6,5,0,101.55
2025-05-12,SPORTS,Live Sports,11990,14168.6,16128,None,0,0,None,0.0,0,0,0,5,0,101.53
2025-05-13,SPORTS,Live Sports,12445,20730.6,13653,None,0,0,None,0.0,0,0,1,5,0,101.51
2025-05-14,SPORTS,Live Sports,12223,18789.8,14296,None,0,0,None,0.0,0,0,2,5,0,101.48
2025-05-15,SPORTS,Live Sports,18548,23361.7,24538,Blockbuster Release,1,0,None,0.0,0,0,3,5,0,101.46
2025-05-16,SPORTS,Live Sports,16843,20019.2,18364,Blockbuster Release,1,0,None,0.0,0,0,4,5,0,101.44
2025-05-17,SPORTS,Live Sports,17100,18277.1,22468,None,0,1,None,0.0,0,1,5,5,0,101.41
2025-05-18,SPORTS,Live Sports,14330,16054.1,19995,None,0,0,None,0.0,0,1,6,5,0,101.39
2025-05-19,SPORTS,Live Sports,10938,13712.4,13093,None,0,0,None,0.0,0,0,0,5,0,101.36
2025-05-20,SPORTS,Live Sports,12348,14612.3,14042,None,0,0,None,0.0,0,0,1,5,0,101.34
2025-05-21,SPORTS,Live Sports,12204,17272.2,16983,None,0,0,None,0.0,0,0,2,5,0,101.31
2025-05-22,SPORTS,Live Sports,11865,16711.0,14743,None,0,0,None,0.0,0,0,3,5,0,101.29
2025-05-23,SPORTS,Live Sports,13771,14525.6,19043,None,0,0,None,0.0,0,0,4,5,0,101.26
2025-05-24,SPORTS,Live Sports,15204,16855.3,16439,None,0,0,None,0.0,0,1,5,5,0,101.23
2025-05-25,SPORTS,Live Sports,13487,12626.0,15303,None,0,0,None,0.0,0,1,6,5,0,101.21
2025-05-26,SPORTS,Live Sports,12820,15460.5,13466,None,0,0,None,0.0,0,0,0,5,0,101.18
2025-05-27,SPORTS,Live Sports,12913,16512.6,15873,None,0,0,None,0.0,0,0,1,5,0,101.15
2025-05-28,SPORTS,Live Sports,12413,12215.3,17413,None,0,0,None,0.0,0,0,2,5,0,101.12
2025-05-29,SPORTS,Live Sports,11370,11007.3,14873,None,0,0,None,0.0,0,0,3,5,0,101.09
2025-05-30,SPORTS,Live Sports,19800,22062.1,20931,Blockbuster Release,1,1,None,0.0,0,0,4,5,0,101.06
2025-05-31,SPORTS,Live Sports,20523,26539.1,21752,Blockbuster Release,1,0,None,0.0,0,1,5,5,0,101.04
2025-06-01,SPORTS,Live Sports,14569,24574.2,19495,None,0,0,None,0.0,0,1,6,6,0,101.01
2025-06-02,SPORTS,Live Sports,17227,28115.5,18727,Blockbuster Release,1,0,None,0.0,0,0,0,6,0,100.98
2025-06-03,SPORTS,Live Sports,18574,22636.8,21139,Blockbuster Release,1,0,None,0.0,0,0,1,6,0,100.95
2025-06-04,SPORTS,Live Sports,13559,18235.0,18024,None,0,0,None,0.0,0,0,2,6,0,100.92
2025-06-05,SPORTS,Live Sports,13551,18263.1,15577,None,0,0,None,0.0,0,0,3,6,1,100.88
2025-06-06,SPORTS,Live Sports,18726,21993.1,23334,New Episode,1,0,None,0.0,0,0,4,6,0,100.85
2025-06-07,SPORTS,Live Sports,20089,31850.9,24269,New Episode,1,0,None,0.0,0,1,5,6,0,100.82
2025-06-08,SPORTS,Live Sports,13038,14775.9,15482,None,0,0,None,0.0,0,1,6,6,0,100.79
2025-06-09,SPORTS,Live Sports,12043,14953.6,13861,None,0,0,None,0.0,0,0,0,6,0,100.76
2025-06-10,SPORTS,Live Sports,17392,28271.0,21096,Blockbuster Release,1,0,None,0.0,0,0,1,6,0,100.73
2025-06-11,SPORTS,Live Sports,11789,13872.6,13240,None,0,0,None,0.0,0,0,2,6,0,100.69
2025-06-12,SPORTS,Live Sports,12000,15706.5,17182,None,0,0,None,0.0,0,0,3,6,0,100.66
2025-06-13,SPORTS,Live Sports,11351,18121.5,13355,None,0,0,None,0.0,0,0,4,6,0,100.63
2025-06-14,SPORTS,Live Sports,20725,24082.5,27804,Live Sports Final,1,0,None,0.0,0,1,5,6,0,100.6
2025-06-15,SPORTS,Live Sports,15543,25946.9,18139,None,0,0,None,0.0,0,1,6,6,0,100.56
2025-06-16,SPORTS,Live Sports,14329,15229.5,16548,None,0,0,None,0.0,0,0,0,6,0,100.53
2025-06-17,SPORTS,Live Sports,12538,18146.7,15585,None,0,0,None,0.0,0,0,1,6,0,100.5
2025-06-18,SPORTS,Live Sports,17367,16464.4,23323,Season Premiere,1,0,None,0.0,0,0,2,6,0,100.46
2025-06-19,SPORTS,Live Sports,17483,23246.7,18384,Season Premiere,1,0,None,0.0,0,0,3,6,0,100.43
2025-06-20,SPORTS,Live Sports,13479,13849.9,15075,None,0,0,None,0.0,0,0,4,6,0,100.4
2025-06-21,SPORTS,Live Sports,15318,21487.8,20828,None,0,0,None,0.0,0,1,5,6,0,100.36
2025-06-22,SPORTS,Live Sports,13989,19493.1,16663,None,0,0,None,0.0,0,1,6,6,0,100.33
2025-06-23,SPORTS,Live Sports,13353,16466.5,18589,None,0,0,None,0.0,0,0,0,6,0,100.3
2025-06-24,SPORTS,Live Sports,12479,20463.9,13768,None,0,0,None,0.0,0,0,1,6,0,100.26
2025-06-25,SPORTS,Live Sports,16913,27282.8,23258,New Episode,1,0,None,0.0,0,0,2,6,0,100.23
2025-06-26,SPORTS,Live Sports,17404,25896.9,22605,New Episode,1,0,None,0.0,0,0,3,6,0,100.19
2025-06-27,SPORTS,Live Sports,13780,20335.4,15397,None,0,0,None,0.0,0,0,4,6,0,100.16
2025-06-28,SPORTS,Live Sports,14811,14138.3,15624,None,0,0,None,0.0,0,1,5,6,0,100.12
2025-06-29,SPORTS,Live Sports,13781,15970.0,19328,None,0,0,None,0.0,0,1,6,6,0,100.09
2025-06-30,SPORTS,Live Sports,18332,19478.3,21366,Season Premiere,1,0,None,0.0,0,0,0,6,0,100.06
2025-07-01,SPORTS,Live Sports,12957,15688.8,14855,None,0,0,None,0.0,0,0,1,7,0,100.02
2025-07-02,SPORTS,Live Sports,14324,14142.6,16093,None,0,1,None,0.0,0,0,2,7,0,99.99
2025-07-03,SPORTS,Live Sports,11734,13548.2,13986,None,0,0,None,0.0,0,0,3,7,0,99.95
2025-07-04,SPORTS,Live Sports,11430,15507.6,14396,None,0,0,None,0.0,0,0,4,7,0,99.92
2025-07-05,SPORTS,Live Sports,18812,19431.9,23347,Season Premiere,1,0,None,0.0,0,1,5,7,0,99.88
2025-07-06,SPORTS,Live Sports,13673,13462.5,19012,None,0,0,None,0.0,0,1,6,7,0,99.85
2025-07-07,SPORTS,Live Sports,12220,17906.5,13795,None,0,0,None,0.0,0,0,0,7,0,99.82
2025-07-08,SPORTS,Live Sports,13430,14740.0,18111,None,0,0,None,0.0,0,0,1,7,0,99.78
2025-07-09,SPORTS,Live Sports,15293,19614.3,21619,None,0,1,None,0.0,0,0,2,7,0,99.75
2025-07-10,SPORTS,Live Sports,12540,19697.2,13351,None,0,0,None,0.0,0,0,3,7,0,99.71
2025-07-11,SPORTS,Live Sports,10803,12994.3,14589,None,0,0,None,0.0,0,0,4,7,0,99.68
2025-07-12,SPORTS,Live Sports,14484,14177.8,16798,None,0,0,None,0.0,0,1,5,7,0,99.64
2025-07-13,SPORTS,Live Sports,12856,19647.4,15801,None,0,0,None,0.0,0,1,6,7,0,99.61
2025-07-14,SPORTS,Live Sports,13117,19554.9,14093,None,0,0,None,0.0,0,0,0,7,0,99.58
2025-07-15,SPORTS,Live Sports,13142,18243.4,15346,None,0,0,None,0.0,0,0,1,7,0,99.54
2025-07-16,SPORTS,Live Sports,12430,16536.0,13608,None,0,0,None,0.0,0,0,2,7,0,99.51
2025-07-17,SPORTS,Live Sports,13075,19635.4,14946,None,0,0,None,0.0,0,0,3,7,0,99.48
2025-07-18,SPORTS,Live Sports,13243,15661.4,14078,None,0,0,None,0.0,0,0,4,7,0,99.44
2025-07-19,SPORTS,Live Sports,14344,16692.9,20448,None,0,0,None,0.0,0,1,5,7,0,99.41
2025-07-20,SPORTS,Live Sports,14133,19813.5,19901,None,0,0,None,0.0,0,1,6,7,0,99.38
2025-07-21,SPORTS,Live Sports,11281,11654.9,14782,None,0,0,None,0.0,0,0,0,7,0,99.35
2025-07-22,SPORTS,Live Sports,12101,17021.0,14280,None,0,0,None,0.0,0,0,1,7,0,99.31
2025-07-23,SPORTS,Live Sports,11564,18429.0,16505,None,0,0,None,0.0,0,0,2,7,0,99.28
2025-07-24,SPORTS,Live Sports,11557,15163.9,16627,None,0,0,None,0.0,0,0,3,7,0,99.25
2025-07-25,SPORTS,Live Sports,11789,11392.2,16125,None,0,0,None,0.0,0,0,4,7,0,99.22
2025-07-26,SPORTS,Live Sports,12620,18050.3,16691,None,0,0,None,0.0,0,1,5,7,0,99.19
2025-07-27,SPORTS,Live Sports,17662,28179.0,20867,None,0,1,None,0.0,0,1,6,7,0,99.15
2025-07-28,SPORTS,Live Sports,12595,13318.9,17674,None,0,0,None,0.0,0,0,0,7,0,99.12
2025-07-29,SPORTS,Live Sports,18601,25850.7,23250,Blockbuster Release,1,0,None,0.0,0,0,1,7,0,99.09
2025-07-30,SPORTS,Live Sports,18303,19359.0,23847,Live Sports Final,1,0,None,0.0,0,0,2,7,0,99.06
2025-07-31,SPORTS,Live Sports,12836,19970.0,14367,None,0,0,None,0.0,0,0,3,7,0,99.03
2025-08-01,SPORTS,Live Sports,13086,14424.3,13852,None,0,0,None,0.0,0,0,4,8,0,99.0
2025-08-02,SPORTS,Live Sports,14411,20226.5,20823,None,0,0,None,0.0,0,1,5,8,0,98.97
2025-08-03,SPORTS,Live Sports,21383,29325.8,27767,Blockbuster Release,1,0,None,0.0,0,1,6,8,0,98.94
2025-08-04,SPORTS,Live Sports,17215,20654.9,22794,Season Premiere,1,0,None,0.0,0,0,0,8,0,98.91
2025-08-05,SPORTS,Live Sports,17629,28565.6,18865,Season Premiere,1,0,None,0.0,0,0,1,8,0,98.89
2025-08-06,SPORTS,Live Sports,17414,28228.9,21220,Season Premiere,1,0,None,0.0,0,0,2,8,0,98.86
2025-08-07,SPORTS,Live Sports,16362,19177.4,19040,None,0,1,None,0.0,0,0,3,8,0,98.83
2025-08-08,SPORTS,Live Sports,11902,14026.2,16475,None,0,0,None,0.0,0,0,4,8,0,98.8
2025-08-09,SPORTS,Live Sports,15882,22614.0,19760,None,0,0,Raksha Bandhan,1.0,1,1,5,8,0,98.77
2025-08-10,SPORTS,Live Sports,13157,14830.5,15838,None,0,0,None,0.0,0,1,6,8,0,98.75
2025-08-11,SPORTS,Live Sports,12523,14314.5,13889,None,0,0,None,0.0,0,0,0,8,0,98.72
2025-08-12,SPORTS,Live Sports,12288,11261.5,14787,None,0,0,None,0.0,0,0,1,8,0,98.69
2025-08-13,SPORTS,Live Sports,11585,11297.2,13842,None,0,0,None,0.0,0,0,2,8,0,98.67
2025-08-14,SPORTS,Live Sports,11886,16954.5,16222,None,0,0,None,0.0,0,0,3,8,0,98.64
2025-08-15,SPORTS,Live Sports,13261,15338.2,18419,None,0,0,Independence Day,0.9,1,0,4,8,0,98.62
2025-08-16,SPORTS,Live Sports,14033,13541.7,16863,None,0,0,None,0.0,0,1,5,8,0,98.59
2025-08-17,SPORTS,Live Sports,13507,22207.7,16399,None,0,0,None,0.0,0,1,6,8,0,98.57
2025-08-18,SPORTS,Live Sports,13206,15009.4,19017,None,0,0,None,0.0,0,0,0,8,0,98.54
2025-08-19,SPORTS,Live Sports,12437,13273.8,14940,None,0,0,None,0.0,0,0,1,8,0,98.52
2025-08-20,SPORTS,Live Sports,17966,23676.8,23381,Season Premiere,1,0,None,0.0,0,0,2,8,0,98.5
2025-08-21,SPORTS,Live Sports,13377,20929.3,14767,None,0,0,None,0.0,0,0,3,8,0,98.48
2025-08-22,SPORTS,Live Sports,13759,21988.2,16807,None,0,0,None,0.0,0,0,4,8,0,98.45
2025-08-23,SPORTS,Live Sports,12411,14199.0,14230,None,0,0,None,0.0,0,1,5,8,0,98.43
2025-08-24,SPORTS,Live Sports,14244,21276.6,16340,None,0,0,None,0.0,0,1,6,8,0,98.41
2025-08-25,SPORTS,Live Sports,11058,14580.4,12646,None,0,0,None,0.0,0,0,0,8,0,98.39
2025-08-26,SPORTS,Live Sports,14758,20310.6,18298,None,0,0,None,0.0,0,0,1,8,0,98.37
2025-08-27,SPORTS,Live Sports,12597,15771.6,14708,None,0,0,None,0.0,0,0,2,8,0,98.35
2025-08-28,SPORTS,Live Sports,13290,13845.5,18296,None,0,0,None,0.0,0,0,3,8,0,98.33
2025-08-29,SPORTS,Live Sports,11947,18593.7,14688,None,0,0,None,0.0,0,0,4,8,0,98.31
2025-08-30,SPORTS,Live Sports,14049,18759.5,15059,None,0,0,None,0.0,0,1,5,8,0,98.29
2025-08-31,SPORTS,Live Sports,15273,18655.7,18716,None,0,0,None,0.0,0,1,6,8,0,98.28
2025-09-01,SPORTS,Live Sports,12913,18598.2,14071,None,0,0,None,0.0,0,0,0,9,0,98.26
2025-09-02,SPORTS,Live Sports,13891,17232.0,15403,None,0,0,None,0.0,0,0,1,9,0,98.24
2025-09-03,SPORTS,Live Sports,11783,18608.7,13009,None,0,0,None,0.0,0,0,2,9,0,98.23
2025-09-04,SPORTS,Live Sports,12303,12408.3,16819,None,0,0,None,0.0,0,0,3,9,0,98.21
2025-09-05,SPORTS,Live Sports,12919,11936.3,15784,None,0,0,None,0.0,0,0,4,9,0,98.2
2025-09-06,SPORTS,Live Sports,14923,20228.4,15674,None,0,0,None,0.0,0,1,5,9,0,98.18
2025-09-07,SPORTS,Live Sports,14718,16270.4,18466,None,0,0,None,0.0,0,1,6,9,0,98.17
2025-09-08,SPORTS,Live Sports,11382,11320.2,12867,None,0,0,None,0.0,0,0,0,9,0,98.15
2025-09-09,SPORTS,Live Sports,11704,10817.6,15647,None,0,0,None,0.0,0,0,1,9,0,98.14
2025-09-10,SPORTS,Live Sports,15034,22796.1,21448,None,0,1,None,0.0,0,0,2,9,0,98.13
2025-09-11,SPORTS,Live Sports,11203,18684.9,12526,None,0,0,None,0.0,0,0,3,9,0,98.12
2025-09-12,SPORTS,Live Sports,11757,16372.8,13644,None,0,0,None,0.0,0,0,4,9,0,98.11
2025-09-13,SPORTS,Live Sports,14411,21877.3,19237,None,0,0,None,0.0,0,1,5,9,0,98.09
2025-09-14,SPORTS,Live Sports,13730,21566.8,17889,None,0,0,None,0.0,0,1,6,9,0,98.08
2025-09-15,SPORTS,Live Sports,12700,19613.1,17542,None,0,0,None,0.0,0,0,0,9,0,98.07
2025-09-16,SPORTS,Live Sports,12434,14440.9,16284,None,0,0,None,0.0,0,0,1,9,0,98.07
2025-09-17,SPORTS,Live Sports,11850,10687.3,13347,None,0,0,None,0.0,0,0,2,9,0,98.06
2025-09-18,SPORTS,Live Sports,11871,16649.1,16431,None,0,0,None,0.0,0,0,3,9,0,98.05
2025-09-19,SPORTS,Live Sports,15842,26267.1,17653,None,0,1,None,0.0,0,0,4,9,0,98.04
2025-09-20,SPORTS,Live Sports,14718,23696.3,15947,None,0,0,None,0.0,0,1,5,9,0,98.04
2025-09-21,SPORTS,Live Sports,14605,13200.1,20823,None,0,0,None,0.0,0,1,6,9,0,98.03
2025-09-22,SPORTS,Live Sports,12568,20402.5,16131,None,0,0,None,0.0,0,0,0,9,0,98.02
2025-09-23,SPORTS,Live Sports,17021,15466.8,20126,Season Premiere,1,0,None,0.0,0,0,1,9,0,98.02
2025-09-24,SPORTS,Live Sports,17312,22940.5,19952,Season Premiere,1,0,None,0.0,0,0,2,9,0,98.01
2025-09-25,SPORTS,Live Sports,10511,16629.7,11392,None,0,0,None,0.0,0,0,3,9,0,98.01
2025-09-26,SPORTS,Live Sports,11995,14787.8,15281,None,0,0,None,0.0,0,0,4,9,0,98.01
2025-09-27,SPORTS,Live Sports,13891,20101.4,19421,None,0,0,None,0.0,0,1,5,9,0,98.0
2025-09-28,SPORTS,Live Sports,14874,16153.1,19662,None,0,0,None,0.0,0,1,6,9,0,98.0
2025-09-29,SPORTS,Live Sports,17294,28986.5,23430,Blockbuster Release,1,0,None,0.0,0,0,0,9,0,98.0
2025-09-30,SPORTS,Live Sports,13197,12342.8,17015,None,0,0,None,0.0,0,0,1,9,0,98.0
2025-10-01,SPORTS,Live Sports,12321,17321.1,12985,None,0,0,None,0.0,0,0,2,10,0,98.0
2025-10-02,SPORTS,Live Sports,12973,12036.6,15931,None,0,0,Gandhi Jayanti,0.7,1,0,3,10,0,98.0
2025-10-03,SPORTS,Live Sports,12517,11684.0,13322,None,0,0,None,0.0,0,0,4,10,1,98.0
2025-10-04,SPORTS,Live Sports,15015,16760.6,16254,None,0,0,None,0.0,0,1,5,10,0,98.0
2025-10-05,SPORTS,Live Sports,21503,19614.1,24089,Season Premiere,1,0,None,0.0,0,1,6,10,0,98.0
2025-10-06,SPORTS,Live Sports,11720,12492.0,16475,None,0,0,None,0.0,0,0,0,10,0,98.01
2025-10-07,SPORTS,Live Sports,14029,14353.9,15937,None,0,0,None,0.0,0,0,1,10,0,98.01
2025-10-08,SPORTS,Live Sports,11833,19282.2,14562,None,0,0,None,0.0,0,0,2,10,0,98.01
2025-10-09,SPORTS,Live Sports,12400,11571.1,17367,None,0,0,None,0.0,0,0,3,10,0,98.02
2025-10-10,SPORTS,Live Sports,17387,24158.3,22972,New Episode,1,0,None,0.0,0,0,4,10,0,98.02
2025-10-11,SPORTS,Live Sports,21775,31278.3,24019,New Episode,1,0,None,0.0,0,1,5,10,0,98.03
2025-10-12,SPORTS,Live Sports,13554,21101.1,16738,None,0,0,None,0.0,0,1,6,10,0,98.04
2025-10-13,SPORTS,Live Sports,13166,15718.9,17884,None,0,0,None,0.0,0,0,0,10,0,98.04
2025-10-14,SPORTS,Live Sports,10710,11195.1,13147,None,0,0,None,0.0,0,0,1,10,0,98.05
2025-10-15,SPORTS,Live Sports,13251,13217.1,15065,None,0,0,None,0.0,0,0,2,10,0,98.06
2025-10-16,SPORTS,Live Sports,12408,12582.0,16222,None,0,0,None,0.0,0,0,3,10,0,98.07
2025-10-17,SPORTS,Live Sports,12256,16168.3,14866,None,0,0,None,0.0,0,0,4,10,0,98.08
2025-10-18,SPORTS,Live Sports,14384,19813.1,18059,None,0,0,Diwali,1.0,1,1,5,10,0,98.09
2025-10-19,SPORTS,Live Sports,15038,23019.3,16541,None,0,0,Diwali,1.25,1,1,6,10,0,98.1
2025-10-20,SPORTS,Live Sports,12939,19972.2,18270,None,0,0,Diwali,1.5,1,0,0,10,0,98.11
2025-10-21,SPORTS,Live Sports,11987,18870.2,17002,None,0,0,Diwali,1.5,1,0,1,10,0,98.12
2025-10-22,SPORTS,Live Sports,12362,12705.0,14479,None,0,0,Diwali,1.0,1,0,2,10,0,98.13
2025-10-23,SPORTS,Live Sports,13253,19829.8,15466,None,0,0,None,0.0,0,0,3,10,0,98.14
2025-10-24,SPORTS,Live Sports,12246,11733.9,13693,None,0,0,None,0.0,0,0,4,10,0,98.16
2025-10-25,SPORTS,Live Sports,13811,22159.0,17737,None,0,0,None,0.0,0,1,5,10,0,98.17
2025-10-26,SPORTS,Live Sports,14516,19165.3,16397,None,0,0,None,0.0,0,1,6,10,0,98.18
2025-10-27,SPORTS,Live Sports,13001,18373.3,16846,None,0,0,None,0.0,0,0,0,10,0,98.2
2025-10-28,SPORTS,Live Sports,13139,18339.8,18766,None,0,0,None,0.0,0,0,1,10,0,98.21
2025-10-29,SPORTS,Live Sports,12878,17338.7,14453,None,0,0,None,0.0,0,0,2,10,0,98.23
2025-10-30,SPORTS,Live Sports,13612,17949.9,15522,None,0,0,None,0.0,0,0,3,10,0,98.24
2025-10-31,SPORTS,Live Sports,17931,29365.3,19481,New Episode,1,0,None,0.0,0,0,4,10,0,98.26
2025-11-01,SPORTS,Live Sports,14292,16846.0,16806,None,0,0,None,0.0,0,1,5,11,0,98.28
2025-11-02,SPORTS,Live Sports,21314,32462.0,29896,Season Premiere,1,0,None,0.0,0,1,6,11,0,98.3
2025-11-03,SPORTS,Live Sports,20525,24415.8,21682,Season Premiere,1,1,None,0.0,0,0,0,11,0,98.31
2025-11-04,SPORTS,Live Sports,12267,11490.6,16002,None,0,0,None,0.0,0,0,1,11,0,98.33
2025-11-05,SPORTS,Live Sports,11270,13551.1,13564,None,0,0,None,0.0,0,0,2,11,0,98.35
2025-11-06,SPORTS,Live Sports,14134,14426.7,16635,None,0,0,None,0.0,0,0,3,11,0,98.37
2025-11-07,SPORTS,Live Sports,14364,17990.4,16071,None,0,0,None,0.0,0,0,4,11,0,98.39
2025-11-08,SPORTS,Live Sports,14359,13865.1,19859,None,0,0,None,0.0,0,1,5,11,0,98.41
2025-11-09,SPORTS,Live Sports,15150,23154.6,20893,None,0,0,None,0.0,0,1,6,11,0,98.43
2025-11-10,SPORTS,Live Sports,13206,18127.7,14082,None,0,0,None,0.0,0,0,0,11,0,98.46
2025-11-11,SPORTS,Live Sports,12779,11888.2,16365,None,0,0,None,0.0,0,0,1,11,0,98.48
2025-11-12,SPORTS,Live Sports,13643,19324.2,16589,None,0,0,None,0.0,0,0,2,11,0,98.5
2025-11-13,SPORTS,Live Sports,11562,19235.8,12168,None,0,0,None,0.0,0,0,3,11,0,98.52
2025-11-14,SPORTS,Live Sports,12471,11855.4,14617,None,0,0,None,0.0,0,0,4,11,0,98.55
2025-11-15,SPORTS,Live Sports,12769,15136.0,14367,None,0,0,None,0.0,0,1,5,11,0,98.57
2025-11-16,SPORTS,Live Sports,13675,22096.2,18534,None,0,0,None,0.0,0,1,6,11,0,98.6
2025-11-17,SPORTS,Live Sports,11267,10441.7,13846,None,0,0,None,0.0,0,0,0,11,0,98.62
2025-11-18,SPORTS,Live Sports,11090,18130.8,15184,None,0,0,None,0.0,0,0,1,11,0,98.65
2025-11-19,SPORTS,Live Sports,12220,20664.0,17566,None,0,0,None,0.0,0,0,2,11,0,98.67
2025-11-20,SPORTS,Live Sports,12945,15689.1,15670,None,0,0,None,0.0,0,0,3,11,0,98.7
2025-11-21,SPORTS,Live Sports,12081,15367.0,15368,None,0,0,None,0.0,0,0,4,11,0,98.72
2025-11-22,SPORTS,Live Sports,14080,23802.8,20263,None,0,0,None,0.0,0,1,5,11,0,98.75
2025-11-23,SPORTS,Live Sports,20030,18986.8,22363,Blockbuster Release,1,0,None,0.0,0,1,6,11,0,98.78
2025-11-24,SPORTS,Live Sports,18075,20867.8,19370,Blockbuster Release,1,0,None,0.0,0,0,0,11,0,98.8
2025-11-25,SPORTS,Live Sports,12140,11542.4,15027,None,0,0,None,0.0,0,0,1,11,0,98.83
2025-11-26,SPORTS,Live Sports,11804,17671.4,14697,None,0,0,None,0.0,0,0,2,11,0,98.86
2025-11-27,SPORTS,Live Sports,13435,19090.7,19099,None,0,0,None,0.0,0,0,3,11,0,98.89
2025-11-28,SPORTS,Live Sports,11921,18963.4,14689,None,0,0,None,0.0,0,0,4,11,0,98.92
2025-11-29,SPORTS,Live Sports,13486,14190.0,16555,None,0,0,None,0.0,0,1,5,11,0,98.95
2025-11-30,SPORTS,Live Sports,15178,20279.1,18961,None,0,0,None,0.0,0,1,6,11,0,98.98
2025-12-01,SPORTS,Live Sports,11245,16534.8,13811,None,0,0,None,0.0,0,0,0,12,0,99.01
2025-12-02,SPORTS,Live Sports,13694,15412.3,19301,None,0,0,None,0.0,0,0,1,12,0,99.04
2025-12-03,SPORTS,Live Sports,11802,19021.7,15308,None,0,0,None,0.0,0,0,2,12,0,99.07
2025-12-04,SPORTS,Live Sports,12733,13475.4,17425,None,0,0,None,0.0,0,0,3,12,0,99.1
2025-12-05,SPORTS,Live Sports,11832,11767.7,13155,None,0,0,None,0.0,0,0,4,12,0,99.13
2025-12-06,SPORTS,Live Sports,14581,16400.5,20419,None,0,0,None,0.0,0,1,5,12,0,99.16
2025-12-07,SPORTS,Live Sports,20255,31154.8,29127,Blockbuster Release,1,0,None,0.0,0,1,6,12,0,99.19
2025-12-08,SPORTS,Live Sports,11848,17432.4,16975,None,0,0,None,0.0,0,0,0,12,0,99.22
2025-12-09,SPORTS,Live Sports,11329,18272.9,16348,None,0,0,None,0.0,0,0,1,12,0,99.25
2025-12-10,SPORTS,Live Sports,17548,24451.9,23320,New Episode,1,0,None,0.0,0,0,2,12,0,99.29
2025-12-11,SPORTS,Live Sports,18404,30082.0,24267,Live Sports Final,1,0,None,0.0,0,0,3,12,0,99.32
2025-12-12,SPORTS,Live Sports,18574,24788.2,20003,Live Sports Final,1,0,None,0.0,0,0,4,12,0,99.35
2025-12-13,SPORTS,Live Sports,13982,22856.1,16263,None,0,0,None,0.0,0,1,5,12,0,99.38
2025-12-14,SPORTS,Live Sports,13987,22325.3,19089,None,0,0,None,0.0,0,1,6,12,0,99.42
2025-12-15,SPORTS,Live Sports,12541,16036.8,14979,None,0,0,None,0.0,0,0,0,12,0,99.45
2025-12-16,SPORTS,Live Sports,12691,11487.6,16475,None,0,0,None,0.0,0,0,1,12,0,99.48
2025-12-17,SPORTS,Live Sports,12689,21426.8,16300,None,0,0,None,0.0,0,0,2,12,0,99.51
2025-12-18,SPORTS,Live Sports,12329,15999.0,15809,None,0,0,None,0.0,0,0,3,12,0,99.55
2025-12-19,SPORTS,Live Sports,12388,18492.3,14842,None,0,0,None,0.0,0,0,4,12,0,99.58
2025-12-20,SPORTS,Live Sports,14361,18121.1,20161,None,0,0,None,0.0,0,1,5,12,0,99.62
2025-12-21,SPORTS,Live Sports,18709,22257.4,21507,Live Sports Final,1,0,None,0.0,0,1,6,12,1,99.65
2025-12-22,SPORTS,Live Sports,17695,20996.6,24032,Live Sports Final,1,0,None,0.0,0,0,0,12,0,99.68
2025-12-23,SPORTS,Live Sports,13360,15821.6,14163,None,0,0,None,0.0,0,0,1,12,0,99.72
2025-12-24,SPORTS,Live Sports,13876,18920.6,19223,None,0,0,None,0.0,0,0,2,12,0,99.75
2025-12-25,SPORTS,Live Sports,14229,22001.2,19255,None,0,0,Christmas,1.2,1,0,3,12,0,99.79
2025-12-26,SPORTS,Live Sports,12785,17326.7,18430,None,0,0,None,0.0,0,0,4,12,0,99.82
2025-12-27,SPORTS,Live Sports,13619,17987.9,14957,None,0,0,None,0.0,0,1,5,12,0,99.85
2025-12-28,SPORTS,Live Sports,14160,16217.6,19419,None,0,0,None,0.0,0,1,6,12,0,99.89
2025-12-29,SPORTS,Live Sports,12075,15338.3,14171,None,0,0,None,0.0,0,0,0,12,0,99.92
2025-12-30,SPORTS,Live Sports,11533,12038.6,13253,None,0,0,None,0.0,0,0,1,12,0,99.96
2025-12-31,SPORTS,Live Sports,12417,18572.6,14056,None,0,0,New Year,1.1,1,0,2,12,0,99.99
2026-01-01,SPORTS,Live Sports,12109,18484.9,16194,None,0,0,None,0.0,0,0,3,1,0,100.03
2026-01-02,SPORTS,Live Sports,11551,12599.8,16483,None,0,0,None,0.0,0,0,4,1,0,100.07
2026-01-03,SPORTS,Live Sports,15417,20868.6,20209,None,0,0,None,0.0,0,1,5,1,0,100.1
2026-01-04,SPORTS,Live Sports,15148,17084.5,17515,None,0,0,None,0.0,0,1,6,1,0,100.14
2026-01-05,SPORTS,Live Sports,18034,30331.7,21819,Blockbuster Release,1,0,None,0.0,0,0,0,1,0,100.17
2026-01-06,SPORTS,Live Sports,13051,14866.0,14961,None,0,0,None,0.0,0,0,1,1,0,100.21
2026-01-07,SPORTS,Live Sports,12990,20670.2,14002,None,0,0,None,0.0,0,0,2,1,0,100.24
2026-01-08,SPORTS,Live Sports,12119,17696.9,16444,None,0,0,None,0.0,0,0,3,1,1,100.27
2026-01-09,SPORTS,Live Sports,14248,23829.5,15555,None,0,0,None,0.0,0,0,4,1,1,100.31
2026-01-10,SPORTS,Live Sports,14004,20663.9,18341,None,0,0,None,0.0,0,1,5,1,0,100.34
2026-01-11,SPORTS,Live Sports,13251,18383.6,16183,None,0,0,None,0.0,0,1,6,1,0,100.38
2026-01-12,SPORTS,Live Sports,12878,16333.9,13896,None,0,0,None,0.0,0,0,0,1,0,100.41
2026-01-13,SPORTS,Live Sports,13219,16879.4,15474,None,0,0,None,0.0,0,0,1,1,0,100.44
2026-01-14,SPORTS,Live Sports,12939,11658.0,13976,None,0,0,Makar Sankranti,1.0,1,0,2,1,0,100.48
2026-01-15,SPORTS,Live Sports,13794,23415.8,17955,None,0,0,None,0.0,0,0,3,1,0,100.51
2026-01-16,SPORTS,Live Sports,18258,24723.2,24043,Live Sports Final,1,0,None,0.0,0,0,4,1,0,100.54
2026-01-17,SPORTS,Live Sports,23884,32710.9,33626,Live Sports Final,1,1,None,0.0,0,1,5,1,0,100.58
2026-01-18,SPORTS,Live Sports,14169,14797.5,16499,None,0,0,None,0.0,0,1,6,1,0,100.61
2026-01-19,SPORTS,Live Sports,12881,16044.5,14432,None,0,0,None,0.0,0,0,0,1,0,100.64
2026-01-20,SPORTS,Live Sports,15123,16261.3,18750,None,0,1,None,0.0,0,0,1,1,0,100.67
2026-01-21,SPORTS,Live Sports,13780,14814.3,18958,None,0,0,None,0.0,0,0,2,1,0,100.71
2026-01-22,SPORTS,Live Sports,13464,18015.3,17184,None,0,0,None,0.0,0,0,3,1,0,100.74
2026-01-23,SPORTS,Live Sports,13745,15019.4,19622,None,0,1,None,0.0,0,0,4,1,0,100.77
2026-01-24,SPORTS,Live Sports,14540,20839.9,15783,None,0,0,None,0.0,0,1,5,1,0,100.8
2026-01-25,SPORTS,Live Sports,13640,16385.9,18246,None,0,0,None,0.0,0,1,6,1,0,100.83
2026-01-26,SPORTS,Live Sports,14353,17243.1,18877,None,0,0,Republic Day,0.8,1,0,0,1,0,100.86
2026-01-27,SPORTS,Live Sports,11955,17475.4,13716,None,0,0,None,0.0,0,0,1,1,0,100.9
2026-01-28,SPORTS,Live Sports,12944,18595.1,14667,None,0,0,None,0.0,0,0,2,1,0,100.93
2026-01-29,SPORTS,Live Sports,12190,14907.6,14662,None,0,0,None,0.0,0,0,3,1,0,100.96
2026-01-30,SPORTS,Live Sports,11116,18275.5,13105,None,0,0,None,0.0,0,0,4,1,0,100.99
2026-01-31,SPORTS,Live Sports,16288,18936.4,19284,None,0,1,None,0.0,0,1,5,1,0,101.02
2026-02-01,SPORTS,Live Sports,14490,21368.3,19400,None,0,0,None,0.0,0,1,6,2,0,101.05
2026-02-02,SPORTS,Live Sports,13262,20356.5,14404,None,0,0,None,0.0,0,0,0,2,0,101.08
2026-02-03,SPORTS,Live Sports,13232,14219.3,17854,None,0,0,None,0.0,0,0,1,2,0,101.1
2026-02-04,SPORTS,Live Sports,11670,14930.1,14584,None,0,0,None,0.0,0,0,2,2,0,101.13
2026-02-05,SPORTS,Live Sports,13053,11966.6,14614,None,0,0,None,0.0,0,0,3,2,0,101.16
2026-02-06,SPORTS,Live Sports,13590,15819.8,17908,None,0,0,None,0.0,0,0,4,2,0,101.19
2026-02-07,SPORTS,Live Sports,15144,16900.4,18165,None,0,0,None,0.0,0,1,5,2,0,101.22
2026-02-08,SPORTS,Live Sports,14412,21865.7,15898,None,0,0,None,0.0,0,1,6,2,0,101.24
2026-02-09,SPORTS,Live Sports,12838,13821.1,16498,None,0,0,None,0.0,0,0,0,2,0,101.27
2026-02-10,SPORTS,Live Sports,12928,11898.3,15228,None,0,0,None,0.0,0,0,1,2,0,101.3
2026-02-11,SPORTS,Live Sports,13975,12841.9,16258,None,0,0,None,0.0,0,0,2,2,0,101.32
2026-02-12,SPORTS,Live Sports,14233,21505.7,17664,None,0,0,None,0.0,0,0,3,2,0,101.35
2026-02-13,SPORTS,Live Sports,13348,13544.2,16791,None,0,0,None,0.0,0,0,4,2,0,101.37
2026-02-14,SPORTS,Live Sports,14774,20908.6,19666,None,0,0,None,0.0,0,1,5,2,0,101.4
2026-02-15,SPORTS,Live Sports,14705,15605.7,18335,None,0,0,None,0.0,0,1,6,2,0,101.42
2026-02-16,SPORTS,Live Sports,18254,19665.0,23062,Blockbuster Release,1,0,None,0.0,0,0,0,2,0,101.45
2026-02-17,SPORTS,Live Sports,12986,20065.3,16598,None,0,0,None,0.0,0,0,1,2,0,101.47
2026-02-18,SPORTS,Live Sports,12382,17899.8,17593,None,0,0,None,0.0,0,0,2,2,0,101.49
2026-02-19,SPORTS,Live Sports,14471,20601.1,15780,None,0,0,None,0.0,0,0,3,2,0,101.52
2026-02-20,SPORTS,Live Sports,12155,19969.9,15988,None,0,0,None,0.0,0,0,4,2,0,101.54
2026-02-21,SPORTS,Live Sports,15833,25272.1,16861,None,0,0,None,0.0,0,1,5,2,0,101.56
2026-02-22,SPORTS,Live Sports,12901,20350.8,14883,None,0,0,None,0.0,0,1,6,2,0,101.58
2026-02-23,SPORTS,Live Sports,12594,12706.1,17208,None,0,0,None,0.0,0,0,0,2,0,101.6
2026-02-24,SPORTS,Live Sports,12543,12954.2,14983,None,0,0,None,0.0,0,0,1,2,0,101.62
2026-02-25,SPORTS,Live Sports,18410,31033.2,19527,New Episode,1,0,None,0.0,0,0,2,2,0,101.64
2026-02-26,SPORTS,Live Sports,17915,24386.3,22489,New Episode,1,0,None,0.0,0,0,3,2,0,101.66
2026-02-27,SPORTS,Live Sports,19388,25970.6,23752,Blockbuster Release,1,0,None,0.0,0,0,4,2,0,101.68
2026-02-28,SPORTS,Live Sports,14557,18990.4,20681,None,0,0,None,0.0,0,1,5,2,0,101.7
2026-03-01,SPORTS,Live Sports,13899,20690.6,19832,None,0,0,None,0.0,0,1,6,3,0,101.72
2026-03-02,SPORTS,Live Sports,12388,17042.5,14388,None,0,0,Holi,0.8,1,0,0,3,0,101.73
2026-03-03,SPORTS,Live Sports,12916,13173.2,17799,None,0,0,Holi,1.05,1,0,1,3,0,101.75
2026-03-04,SPORTS,Live Sports,19676,19321.1,24710,Blockbuster Release,1,0,Holi,1.3,1,0,2,3,0,101.77
2026-03-05,SPORTS,Live Sports,19671,22469.4,24904,Blockbuster Release,1,0,Holi,1.05,1,0,3,3,0,101.78
2026-03-06,SPORTS,Live Sports,12197,19466.9,13363,None,0,0,Holi,0.8,1,0,4,3,0,101.8
2026-03-07,SPORTS,Live Sports,16765,20483.2,23212,None,0,1,None,0.0,0,1,5,3,0,101.81
2026-03-08,SPORTS,Live Sports,13884,22184.2,17943,None,0,0,None,0.0,0,1,6,3,0,101.83
2026-03-09,SPORTS,Live Sports,12614,17132.6,18064,None,0,0,None,0.0,0,0,0,3,0,101.84
2026-03-10,SPORTS,Live Sports,15977,26260.0,21779,None,0,1,None,0.0,0,0,1,3,0,101.85
2026-03-11,SPORTS,Live Sports,13001,20899.8,16077,None,0,0,None,0.0,0,0,2,3,0,101.87
2026-03-12,SPORTS,Live Sports,18722,22480.9,26078,New Episode,1,0,None,0.0,0,0,3,3,0,101.88
2026-03-13,SPORTS,Live Sports,18890,25330.0,22238,New Episode,1,0,None,0.0,0,0,4,3,0,101.89
2026-03-14,SPORTS,Live Sports,14300,20989.2,19951,None,0,0,None,0.0,0,1,5,3,0,101.9
2026-03-15,SPORTS,Live Sports,13719,12848.2,15040,None,0,0,None,0.0,0,1,6,3,0,101.91
2026-03-16,SPORTS,Live Sports,12374,12719.5,14658,None,0,0,None,0.0,0,0,0,3,0,101.92
2026-03-17,SPORTS,Live Sports,13559,20122.1,18945,None,0,0,None,0.0,0,0,1,3,0,101.93
2026-03-18,SPORTS,Live Sports,13378,21828.0,14175,None,0,0,None,0.0,0,0,2,3,0,101.94
2026-03-19,SPORTS,Live Sports,12940,14789.4,18082,None,0,0,None,0.0,0,0,3,3,0,101.95
2026-03-20,SPORTS,Live Sports,13672,16614.4,14574,None,0,0,None,0.0,0,0,4,3,0,101.96
2026-03-21,SPORTS,Live Sports,14931,23882.7,19612,None,0,0,None,0.0,0,1,5,3,0,101.96
2026-03-22,SPORTS,Live Sports,14532,16173.3,18967,None,0,0,None,0.0,0,1,6,3,0,101.97
2026-03-23,SPORTS,Live Sports,11563,18973.3,12407,None,0,0,None,0.0,0,0,0,3,0,101.97
2026-03-24,SPORTS,Live Sports,13951,14130.8,19326,None,0,0,None,0.0,0,0,1,3,0,101.98
2026-03-25,SPORTS,Live Sports,12804,14105.8,13884,None,0,0,None,0.0,0,0,2,3,0,101.98
2026-03-26,SPORTS,Live Sports,12508,11611.8,17392,None,0,0,None,0.0,0,0,3,3,0,101.99
2026-03-27,SPORTS,Live Sports,12803,12480.3,18477,None,0,0,None,0.0,0,0,4,3,0,101.99
2026-03-28,SPORTS,Live Sports,16083,17756.9,21211,None,0,0,None,0.0,0,1,5,3,0,101.99
2026-03-29,SPORTS,Live Sports,15661,22303.1,22271,None,0,0,None,0.0,0,1,6,3,0,102.0
2026-03-30,SPORTS,Live Sports,12592,13356.3,16371,None,0,0,None,0.0,0,0,0,3,0,102.0
2026-03-31,SPORTS,Live Sports,13291,21949.4,19171,None,0,0,None,0.0,0,0,1,3,0,102.0
2026-04-01,SPORTS,Live Sports,13930,16422.5,19066,None,0,0,None,0.0,0,0,2,4,0,102.0
2026-04-02,SPORTS,Live Sports,13193,17347.9,17437,None,0,0,None,0.0,0,0,3,4,0,102.0
2026-04-03,SPORTS,Live Sports,13004,18621.3,18798,None,0,0,None,0.0,0,0,4,4,0,102.0
2026-04-04,SPORTS,Live Sports,13085,13203.8,16271,None,0,0,None,0.0,0,1,5,4,0,102.0
2026-04-05,SPORTS,Live Sports,15889,23041.6,19757,None,0,0,None,0.0,0,1,6,4,0,102.0
2026-04-06,SPORTS,Live Sports,12045,12002.3,16750,None,0,0,None,0.0,0,0,0,4,0,101.99
2026-04-07,SPORTS,Live Sports,11339,17700.5,14964,None,0,0,None,0.0,0,0,1,4,0,101.99
2026-04-08,SPORTS,Live Sports,11397,14707.4,12624,None,0,0,None,0.0,0,0,2,4,0,101.99
2026-04-09,SPORTS,Live Sports,12196,11848.6,14308,None,0,0,None,0.0,0,0,3,4,0,101.98
2026-04-10,SPORTS,Live Sports,13325,19535.9,17107,None,0,0,None,0.0,0,0,4,4,0,101.98
2026-04-11,SPORTS,Live Sports,15831,15217.8,16723,None,0,0,None,0.0,0,1,5,4,0,101.97
2026-04-12,SPORTS,Live Sports,15146,25439.7,18995,None,0,0,None,0.0,0,1,6,4,0,101.97
2026-04-13,SPORTS,Live Sports,14380,18160.5,16444,None,0,0,None,0.0,0,0,0,4,0,101.96
2026-04-14,SPORTS,Live Sports,12586,15182.9,14407,None,0,0,None,0.0,0,0,1,4,0,101.95
2026-04-15,SPORTS,Live Sports,12731,14661.8,17926,None,0,0,None,0.0,0,0,2,4,0,101.94
2026-04-16,SPORTS,Live Sports,11360,14312.8,13210,None,0,0,None,0.0,0,0,3,4,0,101.94
2026-04-17,SPORTS,Live Sports,14774,22529.3,20820,None,0,1,None,0.0,0,0,4,4,0,101.93
2026-04-18,SPORTS,Live Sports,13157,17316.3,16623,None,0,0,None,0.0,0,1,5,4,0,101.92
2026-04-19,SPORTS,Live Sports,19995,28286.0,28415,Season Premiere,1,0,None,0.0,0,1,6,4,0,101.91
2026-04-20,SPORTS,Live Sports,18899,17876.8,25356,Season Premiere,1,0,None,0.0,0,0,0,4,0,101.9
2026-04-21,SPORTS,Live Sports,11521,18218.7,14005,None,0,0,None,0.0,0,0,1,4,0,101.89
2026-04-22,SPORTS,Live Sports,11606,15351.5,12349,None,0,0,None,0.0,0,0,2,4,1,101.87
2026-04-23,SPORTS,Live Sports,11466,15125.0,16128,None,0,0,None,0.0,0,0,3,4,0,101.86
2026-04-24,SPORTS,Live Sports,13596,14981.2,18122,None,0,0,None,0.0,0,0,4,4,0,101.85
2026-04-25,SPORTS,Live Sports,16265,15644.1,17954,None,0,0,None,0.0,0,1,5,4,0,101.84
2026-04-26,SPORTS,Live Sports,14828,17331.7,21115,None,0,0,None,0.0,0,1,6,4,0,101.82
2026-04-27,SPORTS,Live Sports,13742,21366.0,17114,None,0,0,None,0.0,0,0,0,4,0,101.81
2026-04-28,SPORTS,Live Sports,11974,16016.8,12714,None,0,0,None,0.0,0,0,1,4,0,101.79
2026-04-29,SPORTS,Live Sports,13987,15538.1,16341,None,0,0,None,0.0,0,0,2,4,0,101.78
2026-04-30,SPORTS,Live Sports,12355,16981.6,17221,None,0,0,None,0.0,0,0,3,4,0,101.76
2026-05-01,SPORTS,Live Sports,18961,22393.7,23087,Season Premiere,1,0,None,0.0,0,0,4,5,0,101.74
2026-05-02,SPORTS,Live Sports,21141,22810.2,29028,Season Premiere,1,0,None,0.0,0,1,5,5,0,101.73
2026-05-03,SPORTS,Live Sports,13295,19834.9,16101,None,0,0,None,0.0,0,1,6,5,0,101.71
2026-05-04,SPORTS,Live Sports,17665,18262.1,19494,Blockbuster Release,1,0,None,0.0,0,0,0,5,0,101.69
2026-05-05,SPORTS,Live Sports,13110,17933.2,14786,None,0,0,None,0.0,0,0,1,5,0,101.67
2026-05-06,SPORTS,Live Sports,11414,16972.0,16007,None,0,0,None,0.0,0,0,2,5,0,101.65
2026-05-07,SPORTS,Live Sports,13219,12549.0,14838,None,0,0,None,0.0,0,0,3,5,0,101.63
2026-05-08,SPORTS,Live Sports,11782,17161.4,16779,None,0,0,None,0.0,0,0,4,5,0,101.61
2026-05-09,SPORTS,Live Sports,15374,13977.5,17917,None,0,0,None,0.0,0,1,5,5,0,101.59
2026-05-10,SPORTS,Live Sports,13779,21349.8,19823,None,0,0,None,0.0,0,1,6,5,0,101.57
2026-05-11,SPORTS,Live Sports,13350,14985.2,14534,None,0,0,None,0.0,0,0,0,5,0,101.55
2026-05-12,SPORTS,Live Sports,13666,13979.5,17347,None,0,0,None,0.0,0,0,1,5,0,101.53
2026-05-13,SPORTS,Live Sports,12841,12896.0,13665,None,0,0,None,0.0,0,0,2,5,0,101.51
2026-05-14,SPORTS,Live Sports,12916,16126.4,14887,None,0,0,None,0.0,0,0,3,5,0,101.48
2026-05-15,SPORTS,Live Sports,14234,16091.7,19815,None,0,0,None,0.0,0,0,4,5,0,101.46
2026-05-16,SPORTS,Live Sports,14278,18204.9,16059,None,0,0,None,0.0,0,1,5,5,0,101.44
2026-05-17,SPORTS,Live Sports,14489,22841.1,20380,None,0,0,None,0.0,0,1,6,5,0,101.41
2026-05-18,SPORTS,Live Sports,13530,13313.2,17398,None,0,0,None,0.0,0,0,0,5,0,101.39
2026-05-19,SPORTS,Live Sports,13348,14795.2,17894,None,0,0,None,0.0,0,0,1,5,0,101.36
2026-05-20,SPORTS,Live Sports,12792,12672.4,15270,None,0,0,None,0.0,0,0,2,5,0,101.34
2026-05-21,SPORTS,Live Sports,11977,16883.6,17294,None,0,0,None,0.0,0,0,3,5,0,101.31
2026-05-22,SPORTS,Live Sports,13817,19322.4,19076,None,0,0,None,0.0,0,0,4,5,0,101.29
2026-05-23,SPORTS,Live Sports,13912,21964.2,19681,None,0,0,None,0.0,0,1,5,5,0,101.26
2026-05-24,SPORTS,Live Sports,16868,25025.7,18695,None,0,0,None,0.0,0,1,6,5,0,101.23
2026-05-25,SPORTS,Live Sports,12001,17516.2,13881,None,0,0,None,0.0,0,0,0,5,0,101.21
2026-05-26,SPORTS,Live Sports,12079,12422.2,16746,None,0,0,None,0.0,0,0,1,5,0,101.18
2026-05-27,SPORTS,Live Sports,13296,20679.9,17521,None,0,0,None,0.0,0,0,2,5,0,101.15
2026-05-28,SPORTS,Live Sports,13473,12204.5,16220,None,0,0,None,0.0,0,0,3,5,0,101.12
2026-05-29,SPORTS,Live Sports,12195,17950.4,15069,None,0,0,None,0.0,0,0,4,5,0,101.09
2026-05-30,SPORTS,Live Sports,22676,35185.3,27787,Season Premiere,1,0,None,0.0,0,1,5,5,0,101.06
2026-05-31,SPORTS,Live Sports,15247,16486.2,19411,None,0,0,None,0.0,0,1,6,5,0,101.04
2026-06-01,SPORTS,Live Sports,12811,14725.4,15957,None,0,0,None,0.0,0,0,0,6,0,101.01
2026-06-02,SPORTS,Live Sports,13345,14595.2,16439,None,0,0,None,0.0,0,0,1,6,0,100.98
2026-06-03,SPORTS,Live Sports,14040,21840.9,16582,None,0,0,None,0.0,0,0,2,6,0,100.95
2026-06-04,SPORTS,Live Sports,14377,17780.0,17677,None,0,0,None,0.0,0,0,3,6,0,100.92
2026-06-05,SPORTS,Live Sports,13189,15705.1,14784,None,0,0,None,0.0,0,0,4,6,0,100.88
2026-06-06,SPORTS,Live Sports,13913,18112.1,15670,None,0,0,None,0.0,0,1,5,6,0,100.85
2026-06-07,SPORTS,Live Sports,13929,20676.6,18460,None,0,0,None,0.0,0,1,6,6,0,100.82
2026-06-08,SPORTS,Live Sports,11845,16919.3,17007,None,0,0,None,0.0,0,0,0,6,0,100.79
2026-06-09,SPORTS,Live Sports,17970,26347.6,20395,Season Premiere,1,0,None,0.0,0,0,1,6,0,100.76
2026-06-10,SPORTS,Live Sports,18544,30745.2,26243,Season Premiere,1,0,None,0.0,0,0,2,6,0,100.73
2026-06-11,SPORTS,Live Sports,13219,14595.2,17187,None,0,0,None,0.0,0,0,3,6,0,100.69
2026-06-12,SPORTS,Live Sports,13987,14903.4,20017,None,0,0,None,0.0,0,0,4,6,0,100.66
2026-06-13,SPORTS,Live Sports,13258,18824.9,16017,None,0,0,None,0.0,0,1,5,6,0,100.63
2026-06-14,SPORTS,Live Sports,14993,15245.6,19882,None,0,0,None,0.0,0,1,6,6,0,100.6
2026-06-15,SPORTS,Live Sports,13434,19006.0,17028,None,0,0,None,0.0,0,0,0,6,0,100.56
2026-06-16,SPORTS,Live Sports,10690,17796.9,15404,None,0,0,None,0.0,0,0,1,6,0,100.53
2026-06-17,SPORTS,Live Sports,18913,23958.3,20316,Live Sports Final,1,0,None,0.0,0,0,2,6,0,100.5
2026-06-18,SPORTS,Live Sports,15346,16447.3,16473,None,0,0,None,0.0,0,0,3,6,0,100.46
2026-06-19,SPORTS,Live Sports,13704,23240.6,19126,None,0,0,None,0.0,0,0,4,6,0,100.43
2026-06-20,SPORTS,Live Sports,15274,18425.7,16364,None,0,0,None,0.0,0,1,5,6,0,100.4
2026-06-21,SPORTS,Live Sports,14788,14656.3,20894,None,0,0,None,0.0,0,1,6,6,0,100.36
2026-06-22,SPORTS,Live Sports,13256,16343.2,14417,None,0,0,None,0.0,0,0,0,6,0,100.33
2026-06-23,SPORTS,Live Sports,14354,13925.2,15717,None,0,0,None,0.0,0,0,1,6,0,100.3
2026-06-24,SPORTS,Live Sports,12773,12345.9,15101,None,0,0,None,0.0,0,0,2,6,0,100.26
2026-06-25,SPORTS,Live Sports,16421,15403.1,22015,None,0,1,None,0.0,0,0,3,6,0,100.23
2026-06-26,SPORTS,Live Sports,18947,23937.1,24267,Season Premiere,1,0,None,0.0,0,0,4,6,0,100.19
2026-06-27,SPORTS,Live Sports,22711,28779.5,32103,Season Premiere,1,0,None,0.0,0,1,5,6,0,100.16
2026-06-28,SPORTS,Live Sports,15948,23710.5,20761,None,0,0,None,0.0,0,1,6,6,0,100.12
2026-06-29,SPORTS,Live Sports,13234,17671.7,17049,None,0,0,None,0.0,0,0,0,6,0,100.09
2026-06-30,SPORTS,Live Sports,13182,20934.7,16848,None,0,0,None,0.0,0,0,1,6,0,100.06
2026-07-01,SPORTS,Live Sports,12815,20482.4,15537,None,0,0,None,0.0,0,0,2,7,0,100.02
2026-07-02,SPORTS,Live Sports,13901,14411.7,18150,None,0,0,None,0.0,0,0,3,7,0,99.99
2026-07-03,SPORTS,Live Sports,12587,11743.9,18115,None,0,0,None,0.0,0,0,4,7,0,99.95
2026-07-04,SPORTS,Live Sports,15143,22185.5,21788,None,0,0,None,0.0,0,1,5,7,0,99.92
2026-07-05,SPORTS,Live Sports,14887,13517.2,16291,None,0,0,None,0.0,0,1,6,7,0,99.88
2026-07-06,SPORTS,Live Sports,11962,14535.0,14739,None,0,0,None,0.0,0,0,0,7,0,99.85
2026-07-07,SPORTS,Live Sports,13276,12521.9,17085,None,0,0,None,0.0,0,0,1,7,0,99.82
2026-07-08,SPORTS,Live Sports,11811,14965.7,15783,None,0,0,None,0.0,0,0,2,7,0,99.78
2026-07-09,SPORTS,Live Sports,12718,16021.4,14882,None,0,0,None,0.0,0,0,3,7,0,99.75
2026-07-10,SPORTS,Live Sports,19157,30202.9,27646,New Episode,1,0,None,0.0,0,0,4,7,0,99.71
2026-07-11,SPORTS,Live Sports,15205,21537.6,18490,None,0,0,None,0.0,0,1,5,7,0,99.68
2026-07-12,SPORTS,Live Sports,15194,18567.1,17688,None,0,0,None,0.0,0,1,6,7,0,99.64
2026-07-13,SPORTS,Live Sports,12376,16181.4,16856,None,0,0,None,0.0,0,0,0,7,0,99.61
2026-07-14,SPORTS,Live Sports,13985,18730.2,17973,None,0,0,None,0.0,0,0,1,7,0,99.58
2026-07-15,SPORTS,Live Sports,12362,13362.4,17452,None,0,0,None,0.0,0,0,2,7,0,99.54
2026-07-16,SPORTS,Live Sports,13701,20829.9,14968,None,0,0,None,0.0,0,0,3,7,0,99.51
2026-07-17,SPORTS,Live Sports,14201,18088.7,15221,None,0,0,None,0.0,0,0,4,7,0,99.48
2026-07-18,SPORTS,Live Sports,13793,19451.9,19686,None,0,0,None,0.0,0,1,5,7,0,99.44
2026-07-19,SPORTS,Live Sports,14740,13641.5,18106,None,0,0,None,0.0,0,1,6,7,0,99.41
2026-07-20,SPORTS,Live Sports,12697,12553.6,14429,None,0,0,None,0.0,0,0,0,7,0,99.38
2026-07-21,SPORTS,Live Sports,13347,18307.3,17981,None,0,0,None,0.0,0,0,1,7,0,99.35
2026-07-22,SPORTS,Live Sports,17838,26674.7,25846,Season Premiere,1,0,None,0.0,0,0,2,7,0,99.31
2026-07-23,SPORTS,Live Sports,12143,14045.1,17601,None,0,0,None,0.0,0,0,3,7,0,99.28
2026-07-24,SPORTS,Live Sports,13079,21666.4,18771,None,0,0,None,0.0,0,0,4,7,0,99.25
2026-07-25,SPORTS,Live Sports,14623,23096.2,16270,None,0,0,None,0.0,0,1,5,7,0,99.22
2026-07-26,SPORTS,Live Sports,14974,19759.6,20815,None,0,0,None,0.0,0,1,6,7,0,99.19
2026-07-27,SPORTS,Live Sports,13880,19597.4,15263,None,0,0,None,0.0,0,0,0,7,0,99.15
2026-07-28,SPORTS,Live Sports,11773,16182.4,14041,None,0,0,None,0.0,0,0,1,7,0,99.12
2026-07-29,SPORTS,Live Sports,13038,14922.3,14619,None,0,0,None,0.0,0,0,2,7,0,99.09
2026-07-30,SPORTS,Live Sports,12639,12008.2,15070,None,0,0,None,0.0,0,0,3,7,0,99.06
2026-07-31,SPORTS,Live Sports,18676,28829.3,21462,Blockbuster Release,1,0,None,0.0,0,0,4,7,0,99.03
2026-08-01,SPORTS,Live Sports,20964,26591.7,29532,Blockbuster Release,1,0,None,0.0,0,1,5,8,0,99.0
2026-08-02,SPORTS,Live Sports,14122,22220.8,20407,None,0,0,None,0.0,0,1,6,8,0,98.97
2026-08-03,SPORTS,Live Sports,13474,16163.8,15084,None,0,0,None,0.0,0,0,0,8,0,98.94
2026-08-04,SPORTS,Live Sports,15474,14103.4,17050,None,0,0,None,0.0,0,0,1,8,0,98.91
2026-08-05,SPORTS,Live Sports,13063,13083.0,14575,None,0,0,None,0.0,0,0,2,8,0,98.89
2026-08-06,SPORTS,Live Sports,12540,12863.3,16004,None,0,0,None,0.0,0,0,3,8,0,98.86
2026-08-07,SPORTS,Live Sports,12539,18617.7,17590,None,0,0,None,0.0,0,0,4,8,0,98.83
2026-08-08,SPORTS,Live Sports,15912,14729.0,21452,None,0,0,None,0.0,0,1,5,8,0,98.8
2026-08-09,SPORTS,Live Sports,14392,22386.2,17541,None,0,0,None,0.0,0,1,6,8,0,98.77
2026-08-10,SPORTS,Live Sports,14249,20697.3,20427,None,0,0,None,0.0,0,0,0,8,0,98.75
2026-08-11,SPORTS,Live Sports,11785,13654.9,14912,None,0,0,None,0.0,0,0,1,8,0,98.72
2026-08-12,SPORTS,Live Sports,13323,17554.1,18171,None,0,0,None,0.0,0,0,2,8,0,98.69
2026-08-13,SPORTS,Live Sports,13721,22581.2,17151,None,0,0,None,0.0,0,0,3,8,0,98.67
2026-08-14,SPORTS,Live Sports,13806,13195.7,18175,None,0,0,None,0.0,0,0,4,8,0,98.64
2026-08-15,SPORTS,Live Sports,19013,22638.4,22826,None,0,1,Independence Day,0.9,1,1,5,8,0,98.62
2026-08-16,SPORTS,Live Sports,15368,18638.3,16459,None,0,0,None,0.0,0,1,6,8,0,98.59
2026-08-17,SPORTS,Live Sports,14140,23621.3,18311,None,0,0,None,0.0,0,0,0,8,0,98.57
2026-08-18,SPORTS,Live Sports,12341,20735.1,14383,None,0,0,None,0.0,0,0,1,8,0,98.54
2026-08-19,SPORTS,Live Sports,12634,19874.4,16048,None,0,0,None,0.0,0,0,2,8,0,98.52
2026-08-20,SPORTS,Live Sports,12839,15478.7,16826,None,0,0,None,0.0,0,0,3,8,0,98.5
2026-08-21,SPORTS,Live Sports,14425,23246.2,17752,None,0,0,None,0.0,0,0,4,8,0,98.48
2026-08-22,SPORTS,Live Sports,15550,20016.8,17304,None,0,0,None,0.0,0,1,5,8,0,98.45
2026-08-23,SPORTS,Live Sports,15734,22267.5,21588,None,0,0,None,0.0,0,1,6,8,0,98.43
2026-08-24,SPORTS,Live Sports,13035,21407.6,14585,None,0,0,None,0.0,0,0,0,8,0,98.41
2026-08-25,SPORTS,Live Sports,13873,15239.0,15284,None,0,0,None,0.0,0,0,1,8,0,98.39
2026-08-26,SPORTS,Live Sports,11885,18880.8,13987,None,0,0,None,0.0,0,0,2,8,0,98.37
2026-08-27,SPORTS,Live Sports,12848,15666.8,13789,None,0,0,None,0.0,0,0,3,8,0,98.35
2026-08-28,SPORTS,Live Sports,13472,21514.6,16049,None,0,0,Raksha Bandhan,1.0,1,0,4,8,0,98.33
2026-08-29,SPORTS,Live Sports,21149,28312.9,28615,Blockbuster Release,1,0,None,0.0,0,1,5,8,0,98.31
2026-08-30,SPORTS,Live Sports,14907,16365.6,20364,None,0,0,None,0.0,0,1,6,8,0,98.29
2026-08-31,SPORTS,Live Sports,13658,20656.6,16836,None,0,0,None,0.0,0,0,0,8,0,98.28
2026-09-01,SPORTS,Live Sports,13401,13295.4,15055,None,0,0,None,0.0,0,0,1,9,0,98.26
2026-09-02,SPORTS,Live Sports,14206,14414.7,20449,None,0,0,None,0.0,0,0,2,9,0,98.24
2026-09-03,SPORTS,Live Sports,11452,11664.2,15798,None,0,0,None,0.0,0,0,3,9,0,98.23
2026-09-04,SPORTS,Live Sports,14457,22730.3,15210,None,0,0,None,0.0,0,0,4,9,0,98.21
2026-09-05,SPORTS,Live Sports,14644,23386.5,18931,None,0,0,None,0.0,0,1,5,9,0,98.2
2026-09-06,SPORTS,Live Sports,16298,22134.1,23275,None,0,0,None,0.0,0,1,6,9,0,98.18
2026-09-07,SPORTS,Live Sports,12862,14450.4,18285,None,0,0,None,0.0,0,0,0,9,0,98.17
2026-09-08,SPORTS,Live Sports,13525,16437.8,16362,None,0,0,None,0.0,0,0,1,9,0,98.15
2026-09-09,SPORTS,Live Sports,12312,12889.2,15938,None,0,0,None,0.0,0,0,2,9,0,98.14
2026-09-10,SPORTS,Live Sports,12197,11014.5,15813,None,0,0,None,0.0,0,0,3,9,0,98.13
2026-09-11,SPORTS,Live Sports,13709,21546.6,18397,None,0,0,None,0.0,0,0,4,9,1,98.12
2026-09-12,SPORTS,Live Sports,19355,20433.2,27611,Season Premiere,1,0,None,0.0,0,1,5,9,0,98.11
2026-09-13,SPORTS,Live Sports,20575,19819.4,25442,Season Premiere,1,0,None,0.0,0,1,6,9,0,98.09
2026-09-14,SPORTS,Live Sports,13871,13946.5,14907,None,0,0,None,0.0,0,0,0,9,0,98.08
2026-09-15,SPORTS,Live Sports,12881,21135.8,17244,None,0,0,None,0.0,0,0,1,9,0,98.07
2026-09-16,SPORTS,Live Sports,12490,14870.4,17841,None,0,0,None,0.0,0,0,2,9,0,98.07
2026-09-17,SPORTS,Live Sports,14512,20584.8,20291,None,0,0,None,0.0,0,0,3,9,0,98.06
2026-09-18,SPORTS,Live Sports,14809,13698.8,15694,None,0,0,None,0.0,0,0,4,9,0,98.05
2026-09-19,SPORTS,Live Sports,15222,20143.2,21357,None,0,0,None,0.0,0,1,5,9,0,98.04
2026-09-20,SPORTS,Live Sports,16294,24397.6,18068,None,0,0,None,0.0,0,1,6,9,0,98.04
2026-09-21,SPORTS,Live Sports,14515,13825.1,20923,None,0,0,None,0.0,0,0,0,9,0,98.03
2026-09-22,SPORTS,Live Sports,13229,15069.7,17813,None,0,0,None,0.0,0,0,1,9,0,98.02
2026-09-23,SPORTS,Live Sports,12814,14833.7,14101,None,0,0,None,0.0,0,0,2,9,0,98.02
2026-09-24,SPORTS,Live Sports,15705,25282.4,17123,None,0,1,None,0.0,0,0,3,9,0,98.01
2026-09-25,SPORTS,Live Sports,12027,17224.2,13965,None,0,0,None,0.0,0,0,4,9,0,98.01
2026-09-26,SPORTS,Live Sports,15715,25022.8,17943,None,0,0,None,0.0,0,1,5,9,0,98.01
2026-09-27,SPORTS,Live Sports,14963,17962.1,15735,None,0,0,None,0.0,0,1,6,9,0,98.0
2026-09-28,SPORTS,Live Sports,13302,18262.4,18704,None,0,0,None,0.0,0,0,0,9,0,98.0
2026-09-29,SPORTS,Live Sports,13292,17468.3,14629,None,0,0,None,0.0,0,0,1,9,0,98.0
2026-09-30,SPORTS,Live Sports,12546,14062.6,18138,None,0,0,None,0.0,0,0,2,9,0,98.0
2026-10-01,SPORTS,Live Sports,13230,16377.9,15288,None,0,0,None,0.0,0,0,3,10,0,98.0
2026-10-02,SPORTS,Live Sports,12445,13639.5,15926,None,0,0,Gandhi Jayanti,0.7,1,0,4,10,0,98.0
2026-10-03,SPORTS,Live Sports,21255,19404.9,28255,Blockbuster Release,1,0,None,0.0,0,1,5,10,0,98.0
2026-10-04,SPORTS,Live Sports,14321,23981.0,16762,None,0,0,None,0.0,0,1,6,10,0,98.0
2026-10-05,SPORTS,Live Sports,18104,30169.6,22311,Blockbuster Release,1,0,None,0.0,0,0,0,10,0,98.0
2026-10-06,SPORTS,Live Sports,11374,17736.3,15459,None,0,0,None,0.0,0,0,1,10,1,98.01
2026-10-07,SPORTS,Live Sports,12912,13424.0,13891,None,0,0,None,0.0,0,0,2,10,0,98.01
2026-10-08,SPORTS,Live Sports,13682,12534.5,16345,None,0,0,None,0.0,0,0,3,10,0,98.01
2026-10-09,SPORTS,Live Sports,13425,14187.0,18338,None,0,0,None,0.0,0,0,4,10,0,98.02
2026-10-10,SPORTS,Live Sports,16180,25843.5,19137,None,0,0,None,0.0,0,1,5,10,0,98.02
2026-10-11,SPORTS,Live Sports,14472,14798.4,15538,None,0,0,None,0.0,0,1,6,10,0,98.03
2026-10-12,SPORTS,Live Sports,18458,20060.4,20767,Blockbuster Release,1,0,None,0.0,0,0,0,10,0,98.04
2026-10-13,SPORTS,Live Sports,14054,20420.5,18563,None,0,0,None,0.0,0,0,1,10,0,98.04
2026-10-14,SPORTS,Live Sports,13213,16938.4,18986,None,0,0,None,0.0,0,0,2,10,0,98.05
2026-10-15,SPORTS,Live Sports,13443,19132.1,15345,None,0,0,None,0.0,0,0,3,10,0,98.06
2026-10-16,SPORTS,Live Sports,15066,20345.9,18938,None,0,0,None,0.0,0,0,4,10,0,98.07
2026-10-17,SPORTS,Live Sports,15072,20467.5,17275,None,0,0,None,0.0,0,1,5,10,0,98.08
2026-10-18,SPORTS,Live Sports,14881,23782.6,21120,None,0,0,None,0.0,0,1,6,10,0,98.09
2026-10-19,SPORTS,Live Sports,12462,13386.7,17571,None,0,0,None,0.0,0,0,0,10,0,98.1
2026-10-20,SPORTS,Live Sports,13055,13203.4,15750,None,0,0,None,0.0,0,0,1,10,0,98.11
2026-10-21,SPORTS,Live Sports,14158,17328.2,15075,None,0,0,None,0.0,0,0,2,10,0,98.12
2026-10-22,SPORTS,Live Sports,13784,18300.9,17822,None,0,0,None,0.0,0,0,3,10,0,98.13
2026-10-23,SPORTS,Live Sports,20095,25969.7,26145,Live Sports Final,1,0,None,0.0,0,0,4,10,0,98.14
2026-10-24,SPORTS,Live Sports,15605,20784.0,20241,None,0,0,None,0.0,0,1,5,10,0,98.16
2026-10-25,SPORTS,Live Sports,13422,17300.2,15682,None,0,0,None,0.0,0,1,6,10,0,98.17
2026-10-26,SPORTS,Live Sports,13838,18187.3,14662,None,0,0,None,0.0,0,0,0,10,0,98.18
2026-10-27,SPORTS,Live Sports,18990,31248.7,20183,Live Sports Final,1,0,None,0.0,0,0,1,10,0,98.2
2026-10-28,SPORTS,Live Sports,13315,12514.8,18129,None,0,0,None,0.0,0,0,2,10,0,98.21
2026-10-29,SPORTS,Live Sports,14339,23707.0,18102,None,0,0,None,0.0,0,0,3,10,1,98.23
2026-10-30,SPORTS,Live Sports,13087,17926.2,15160,None,0,0,None,0.0,0,0,4,10,0,98.24
2026-10-31,SPORTS,Live Sports,15804,14828.3,22375,None,0,0,None,0.0,0,1,5,10,0,98.26
2026-11-01,SPORTS,Live Sports,14415,13590.0,20234,None,0,0,None,0.0,0,1,6,11,0,98.28
2026-11-02,SPORTS,Live Sports,12048,16351.7,16583,None,0,0,None,0.0,0,0,0,11,0,98.3
2026-11-03,SPORTS,Live Sports,12822,18608.1,16652,None,0,0,None,0.0,0,0,1,11,0,98.31
2026-11-04,SPORTS,Live Sports,13064,17195.2,16930,None,0,0,None,0.0,0,0,2,11,0,98.33
2026-11-05,SPORTS,Live Sports,19388,24411.3,24473,Live Sports Final,1,0,None,0.0,0,0,3,11,0,98.35
2026-11-06,SPORTS,Live Sports,12876,14442.3,14463,None,0,0,Diwali,1.0,1,0,4,11,0,98.37
2026-11-07,SPORTS,Live Sports,17270,23923.6,23157,None,0,0,Diwali,1.25,1,1,5,11,0,98.39
2026-11-08,SPORTS,Live Sports,15330,24805.0,19289,None,0,0,Diwali,1.5,1,1,6,11,0,98.41
2026-11-09,SPORTS,Live Sports,13847,17141.6,17563,None,0,0,Diwali,1.25,1,0,0,11,0,98.43
2026-11-10,SPORTS,Live Sports,13816,20123.7,18311,None,0,0,Diwali,1.0,1,0,1,11,0,98.46
2026-11-11,SPORTS,Live Sports,13593,12422.6,16295,None,0,0,None,0.0,0,0,2,11,0,98.48
2026-11-12,SPORTS,Live Sports,13722,17289.0,18274,None,0,0,None,0.0,0,0,3,11,0,98.5
2026-11-13,SPORTS,Live Sports,15245,23010.4,17520,None,0,0,None,0.0,0,0,4,11,0,98.52
2026-11-14,SPORTS,Live Sports,14843,23355.9,20723,None,0,0,None,0.0,0,1,5,11,0,98.55
2026-11-15,SPORTS,Live Sports,15614,20761.2,22553,None,0,0,None,0.0,0,1,6,11,0,98.57
2026-11-16,SPORTS,Live Sports,13281,17972.0,17089,None,0,0,None,0.0,0,0,0,11,0,98.6
2026-11-17,SPORTS,Live Sports,14179,14331.4,17052,None,0,0,None,0.0,0,0,1,11,0,98.62
2026-11-18,SPORTS,Live Sports,13732,15604.9,16002,None,0,0,None,0.0,0,0,2,11,0,98.65
2026-11-19,SPORTS,Live Sports,15946,22865.3,22437,None,0,1,None,0.0,0,0,3,11,0,98.67
2026-11-20,SPORTS,Live Sports,12104,18319.3,14290,None,0,0,None,0.0,0,0,4,11,0,98.7
2026-11-21,SPORTS,Live Sports,14985,14468.5,20613,None,0,0,None,0.0,0,1,5,11,0,98.72
2026-11-22,SPORTS,Live Sports,14547,24275.4,17651,None,0,0,None,0.0,0,1,6,11,0,98.75
2026-11-23,SPORTS,Live Sports,12989,21598.8,18209,None,0,0,None,0.0,0,0,0,11,0,98.78
2026-11-24,SPORTS,Live Sports,18287,19202.8,22360,Live Sports Final,1,0,None,0.0,0,0,1,11,0,98.8
2026-11-25,SPORTS,Live Sports,12934,12108.3,16570,None,0,0,None,0.0,0,0,2,11,0,98.83
2026-11-26,SPORTS,Live Sports,13026,15277.3,14316,None,0,0,None,0.0,0,0,3,11,0,98.86
2026-11-27,SPORTS,Live Sports,13042,21740.4,18783,None,0,0,None,0.0,0,0,4,11,0,98.89
2026-11-28,SPORTS,Live Sports,15134,18984.2,19298,None,0,0,None,0.0,0,1,5,11,0,98.92
2026-11-29,SPORTS,Live Sports,14604,16808.5,18952,None,0,0,None,0.0,0,1,6,11,0,98.95
2026-11-30,SPORTS,Live Sports,13410,21667.2,14753,None,0,0,None,0.0,0,0,0,11,0,98.98
2026-12-01,SPORTS,Live Sports,12623,12716.6,16740,None,0,0,None,0.0,0,0,1,12,0,99.01
2026-12-02,SPORTS,Live Sports,12880,21289.0,15721,None,0,0,None,0.0,0,0,2,12,0,99.04
2026-12-03,SPORTS,Live Sports,13343,20644.3,16268,None,0,0,None,0.0,0,0,3,12,0,99.07
2026-12-04,SPORTS,Live Sports,11218,13538.6,13902,None,0,0,None,0.0,0,0,4,12,0,99.1
2026-12-05,SPORTS,Live Sports,17490,26757.9,22113,None,0,0,None,0.0,0,1,5,12,0,99.13
2026-12-06,SPORTS,Live Sports,15840,23837.5,21722,None,0,0,None,0.0,0,1,6,12,0,99.16
2026-12-07,SPORTS,Live Sports,13661,18632.1,16212,None,0,0,None,0.0,0,0,0,12,0,99.19
2026-12-08,SPORTS,Live Sports,12956,19759.9,18168,None,0,0,None,0.0,0,0,1,12,0,99.22
2026-12-09,SPORTS,Live Sports,13475,17518.5,14746,None,0,0,None,0.0,0,0,2,12,0,99.25
2026-12-10,SPORTS,Live Sports,12382,19488.4,15628,None,0,0,None,0.0,0,0,3,12,0,99.29
2026-12-11,SPORTS,Live Sports,13812,21196.3,18248,None,0,0,None,0.0,0,0,4,12,0,99.32
2026-12-12,SPORTS,Live Sports,13998,22747.6,20131,None,0,0,None,0.0,0,1,5,12,0,99.35
2026-12-13,SPORTS,Live Sports,17124,26337.2,20707,None,0,1,None,0.0,0,1,6,12,0,99.38
2026-12-14,SPORTS,Live Sports,18441,30183.4,24367,New Episode,1,0,None,0.0,0,0,0,12,0,99.42
2026-12-15,SPORTS,Live Sports,20308,21171.9,27710,New Episode,1,0,None,0.0,0,0,1,12,0,99.45
2026-12-16,SPORTS,Live Sports,21545,24170.3,29797,New Episode,1,1,None,0.0,0,0,2,12,0,99.48
2026-12-17,SPORTS,Live Sports,13693,17280.2,19400,None,0,0,None,0.0,0,0,3,12,0,99.51
2026-12-18,SPORTS,Live Sports,11682,12783.1,13882,None,0,0,None,0.0,0,0,4,12,0,99.55
2026-12-19,SPORTS,Live Sports,15450,24988.2,21428,None,0,0,None,0.0,0,1,5,12,0,99.58
2026-12-20,SPORTS,Live Sports,16889,17628.9,24197,None,0,0,None,0.0,0,1,6,12,0,99.62
2026-12-21,SPORTS,Live Sports,13840,17536.8,17130,None,0,0,None,0.0,0,0,0,12,0,99.65
2026-12-22,SPORTS,Live Sports,11681,15387.5,15494,None,0,0,None,0.0,0,0,1,12,0,99.68
2026-12-23,SPORTS,Live Sports,13461,21516.7,15873,None,0,0,None,0.0,0,0,2,12,0,99.72
2026-12-24,SPORTS,Live Sports,13036,14435.0,15024,None,0,0,None,0.0,0,0,3,12,0,99.75
2026-12-25,SPORTS,Live Sports,15022,25172.1,17443,None,0,0,Christmas,1.2,1,0,4,12,0,99.79
2026-12-26,SPORTS,Live Sports,15360,17411.6,16443,None,0,0,None,0.0,0,1,5,12,0,99.82
2026-12-27,SPORTS,Live Sports,14237,14669.7,18242,None,0,0,None,0.0,0,1,6,12,0,99.85
2026-12-28,SPORTS,Live Sports,13320,14690.2,18577,None,0,0,None,0.0,0,0,0,12,0,99.89
2026-12-29,SPORTS,Live Sports,12851,20624.1,14969,None,0,0,None,0.0,0,0,1,12,0,99.92
2026-12-30,SPORTS,Live Sports,11623,11877.9,12351,None,0,0,None,0.0,0,0,2,12,0,99.96
2026-12-31,SPORTS,Live Sports,13811,12782.6,16065,None,0,0,New Year,1.1,1,0,3,12,0,99.99
2025-01-01,SERIES,Original Series,10569,16986.3,12483,None,0,0,None,0.0,0,0,2,1,0,100.03
2025-01-02,SERIES,Original Series,10363,16165.9,12372,None,0,0,None,0.0,0,0,3,1,0,100.07
2025-01-03,SERIES,Original Series,11388,11980.8,13795,None,0,0,None,0.0,0,0,4,1,0,100.1
2025-01-04,SERIES,Original Series,13338,12628.6,17568,None,0,0,None,0.0,0,1,5,1,0,100.14
2025-01-05,SERIES,Original Series,13258,21655.0,19069,None,0,0,None,0.0,0,1,6,1,0,100.17
2025-01-06,SERIES,Original Series,10868,14668.7,13682,None,0,0,None,0.0,0,0,0,1,0,100.21
2025-01-07,SERIES,Original Series,10540,16675.0,15258,None,0,0,None,0.0,0,0,1,1,0,100.24
2025-01-08,SERIES,Original Series,11020,15999.7,11813,None,0,0,None,0.0,0,0,2,1,0,100.27
2025-01-09,SERIES,Original Series,11069,16777.0,13285,None,0,0,None,0.0,0,0,3,1,0,100.31
2025-01-10,SERIES,Original Series,10221,13150.8,10855,None,0,0,None,0.0,0,0,4,1,0,100.34
2025-01-11,SERIES,Original Series,11954,17771.4,15407,None,0,0,None,0.0,0,1,5,1,0,100.38
2025-01-12,SERIES,Original Series,14337,23440.4,20668,None,0,0,None,0.0,0,1,6,1,0,100.41
2025-01-13,SERIES,Original Series,12120,17785.5,13754,None,0,1,None,0.0,0,0,0,1,1,100.44
2025-01-14,SERIES,Original Series,16309,26835.5,21805,Live Sports Final,1,0,Makar Sankranti,1.0,1,0,1,1,0,100.48
2025-01-15,SERIES,Original Series,10146,11091.1,13750,None,0,0,None,0.0,0,0,2,1,0,100.51
2025-01-16,SERIES,Original Series,10435,16094.4,11389,None,0,0,None,0.0,0,0,3,1,0,100.54
2025-01-17,SERIES,Original Series,9850,13039.4,12047,None,0,0,None,0.0,0,0,4,1,0,100.58
2025-01-18,SERIES,Original Series,13613,12913.4,15054,None,0,1,None,0.0,0,1,5,1,0,100.61
2025-01-19,SERIES,Original Series,17893,25341.5,21308,Season Premiere,1,0,None,0.0,0,1,6,1,0,100.64
2025-01-20,SERIES,Original Series,15534,21776.4,21324,Season Premiere,1,0,None,0.0,0,0,0,1,0,100.67
2025-01-21,SERIES,Original Series,11887,20121.4,13863,None,0,0,None,0.0,0,0,1,1,0,100.71
2025-01-22,SERIES,Original Series,10555,14986.4,15023,None,0,0,None,0.0,0,0,2,1,0,100.74
2025-01-23,SERIES,Original Series,10652,10700.8,14492,None,0,0,None,0.0,0,0,3,1,0,100.77
2025-01-24,SERIES,Original Series,15146,25641.3,17497,Season Premiere,1,0,None,0.0,0,0,4,1,0,100.8
2025-01-25,SERIES,Original Series,11408,13140.7,13923,None,0,0,None,0.0,0,1,5,1,0,100.83
2025-01-26,SERIES,Original Series,12897,18801.3,16728,None,0,0,Republic Day,0.8,1,1,6,1,0,100.86
2025-01-27,SERIES,Original Series,15060,20761.9,19467,Live Sports Final,1,0,None,0.0,0,0,0,1,0,100.9
2025-01-28,SERIES,Original Series,14132,16737.3,18021,Blockbuster Release,1,0,None,0.0,0,0,1,1,0,100.93
2025-01-29,SERIES,Original Series,11362,13922.2,13639,None,0,0,None,0.0,0,0,2,1,0,100.96
2025-01-30,SERIES,Original Series,10128,14406.2,14458,None,0,0,None,0.0,0,0,3,1,0,100.99
2025-01-31,SERIES,Original Series,10795,17243.5,11714,None,0,0,None,0.0,0,0,4,1,0,101.02
2025-02-01,SERIES,Original Series,12406,20560.4,16167,None,0,0,None,0.0,0,1,5,2,0,101.05
2025-02-02,SERIES,Original Series,17634,29851.0,18766,Blockbuster Release,1,0,None,0.0,0,1,6,2,0,101.08
2025-02-03,SERIES,Original Series,14464,14368.4,18402,Blockbuster Release,1,0,None,0.0,0,0,0,2,0,101.1
2025-02-04,SERIES,Original Series,11585,12168.0,13018,None,0,0,None,0.0,0,0,1,2,0,101.13
2025-02-05,SERIES,Original Series,10025,10671.5,10864,None,0,0,None,0.0,0,0,2,2,0,101.16
2025-02-06,SERIES,Original Series,8757,14700.0,9379,None,0,0,None,0.0,0,0,3,2,0,101.19
2025-02-07,SERIES,Original Series,11188,10941.4,16023,None,0,0,None,0.0,0,0,4,2,0,101.22
2025-02-08,SERIES,Original Series,12750,18584.9,14042,None,0,0,None,0.0,0,1,5,2,0,101.24
2025-02-09,SERIES,Original Series,11274,18784.7,13458,None,0,0,None,0.0,0,1,6,2,0,101.27
2025-02-10,SERIES,Original Series,10565,14370.9,13080,None,0,0,None,0.0,0,0,0,2,0,101.3
2025-02-11,SERIES,Original Series,11365,10299.7,12044,None,0,0,None,0.0,0,0,1,2,0,101.32
2025-02-12,SERIES,Original Series,11610,11058.9,16484,None,0,0,None,0.0,0,0,2,2,0,101.35
2025-02-13,SERIES,Original Series,11024,16181.6,11642,None,0,0,None,0.0,0,0,3,2,0,101.37
2025-02-14,SERIES,Original Series,11184,13629.8,15820,None,0,0,None,0.0,0,0,4,2,0,101.4
2025-02-15,SERIES,Original Series,12691,16556.1,13486,None,0,0,None,0.0,0,1,5,2,0,101.42
2025-02-16,SERIES,Original Series,12066,11295.8,14649,None,0,0,None,0.0,0,1,6,2,1,101.45
2025-02-17,SERIES,Original Series,9781,15832.2,13333,None,0,0,None,0.0,0,0,0,2,0,101.47
2025-02-18,SERIES,Original Series,10391,16878.2,11013,None,0,0,None,0.0,0,0,1,2,0,101.49
2025-02-19,SERIES,Original Series,11411,15766.4,15677,None,0,0,None,0.0,0,0,2,2,0,101.52
2025-02-20,SERIES,Original Series,11406,14611.5,14122,None,0,0,None,0.0,0,0,3,2,0,101.54
2025-02-21,SERIES,Original Series,10738,13045.8,13299,None,0,0,None,0.0,0,0,4,2,0,101.56
2025-02-22,SERIES,Original Series,11933,12628.6,13418,None,0,0,None,0.0,0,1,5,2,0,101.58
2025-02-23,SERIES,Original Series,13455,22224.6,15384,None,0,0,None,0.0,0,1,6,2,0,101.6
2025-02-24,SERIES,Original Series,10684,13797.9,14631,None,0,0,None,0.0,0,0,0,2,0,101.62
2025-02-25,SERIES,Original Series,11064,10914.1,11663,None,0,0,None,0.0,0,0,1,2,0,101.64
2025-02-26,SERIES,Original Series,9710,14897.1,11433,None,0,0,None,0.0,0,0,2,2,0,101.66
2025-02-27,SERIES,Original Series,10557,17709.1,12437,None,0,0,None,0.0,0,0,3,2,0,101.68
2025-02-28,SERIES,Original Series,11399,12834.5,13203,None,0,0,None,0.0,0,0,4,2,0,101.7
2025-03-01,SERIES,Original Series,16550,23992.7,19434,Live Sports Final,1,0,None,0.0,0,1,5,3,0,101.72
2025-03-02,SERIES,Original Series,12166,20651.3,13370,None,0,0,None,0.0,0,1,6,3,0,101.73
2025-03-03,SERIES,Original Series,10906,10817.7,12178,None,0,0,None,0.0,0,0,0,3,0,101.75
2025-03-04,SERIES,Original Series,11657,18069.4,14837,None,0,0,None,0.0,0,0,1,3,0,101.77
2025-03-05,SERIES,Original Series,11326,14708.8,14436,None,0,0,None,0.0,0,0,2,3,0,101.78
2025-03-06,SERIES,Original Series,11855,17017.2,16856,None,0,0,None,0.0,0,0,3,3,0,101.8
2025-03-07,SERIES,Original Series,11224,11724.4,14174,None,0,0,None,0.0,0,0,4,3,0,101.81
2025-03-08,SERIES,Original Series,12860,13816.4,15755,None,0,0,None,0.0,0,1,5,3,0,101.83
2025-03-09,SERIES,Original Series,11506,15473.5,12519,None,0,0,None,0.0,0,1,6,3,0,101.84
2025-03-10,SERIES,Original Series,9894,10887.4,13301,None,0,0,None,0.0,0,0,0,3,0,101.85
2025-03-11,SERIES,Original Series,11855,16329.1,14562,None,0,0,None,0.0,0,0,1,3,0,101.87
2025-03-12,SERIES,Original Series,10585,10269.2,14328,None,0,0,Holi,0.8,1,0,2,3,1,101.88
2025-03-13,SERIES,Original Series,15461,23586.4,17430,Season Premiere,1,0,Holi,1.05,1,0,3,3,0,101.89
2025-03-14,SERIES,Original Series,14299,16003.1,18532,Season Premiere,1,0,Holi,1.3,1,0,4,3,0,101.9
2025-03-15,SERIES,Original Series,13448,20032.2,18016,None,0,0,Holi,1.05,1,1,5,3,0,101.91
2025-03-16,SERIES,Original Series,11742,12099.2,14028,None,0,0,Holi,0.8,1,1,6,3,0,101.92
2025-03-17,SERIES,Original Series,14704,22638.9,18261,New Episode,1,0,None,0.0,0,0,0,3,0,101.93
2025-03-18,SERIES,Original Series,16113,14675.8,17333,New Episode,1,0,None,0.0,0,0,1,3,0,101.94
2025-03-19,SERIES,Original Series,9010,9340.2,10434,None,0,0,None,0.0,0,0,2,3,0,101.95
2025-03-20,SERIES,Original Series,11633,13614.2,12980,None,0,0,None,0.0,0,0,3,3,0,101.96
2025-03-21,SERIES,Original Series,10027,15280.6,12031,None,0,0,None,0.0,0,0,4,3,0,101.96
2025-03-22,SERIES,Original Series,12126,11221.0,13164,None,0,0,None,0.0,0,1,5,3,0,101.97
2025-03-23,SERIES,Original Series,11666,17408.5,16115,None,0,0,None,0.0,0,1,6,3,1,101.97
2025-03-24,SERIES,Original Series,14347,15613.4,19274,Blockbuster Release,1,0,None,0.0,0,0,0,3,0,101.98
2025-03-25,SERIES,Original Series,10086,17119.1,14082,None,0,0,None,0.0,0,0,1,3,0,101.98
2025-03-26,SERIES,Original Series,10037,11336.8,14343,None,0,0,None,0.0,0,0,2,3,0,101.99
2025-03-27,SERIES,Original Series,9742,9903.7,12427,None,0,0,None,0.0,0,0,3,3,0,101.99
2025-03-28,SERIES,Original Series,11782,17043.9,15882,None,0,0,None,0.0,0,0,4,3,0,101.99
2025-03-29,SERIES,Original Series,11535,12934.6,14373,None,0,0,None,0.0,0,1,5,3,0,102.0
2025-03-30,SERIES,Original Series,10863,14471.5,14820,None,0,0,None,0.0,0,1,6,3,0,102.0
2025-03-31,SERIES,Original Series,9136,13865.8,11554,None,0,0,None,0.0,0,0,0,3,0,102.0
2025-04-01,SERIES,Original Series,10976,16902.3,14757,None,0,0,None,0.0,0,0,1,4,0,102.0
2025-04-02,SERIES,Original Series,9383,10101.0,10884,None,0,0,None,0.0,0,0,2,4,1,102.0
2025-04-03,SERIES,Original Series,10528,11242.0,13947,None,0,0,None,0.0,0,0,3,4,0,102.0
2025-04-04,SERIES,Original Series,12108,13525.5,15515,None,0,0,None,0.0,0,0,4,4,0,102.0
2025-04-05,SERIES,Original Series,12396,15070.6,14254,None,0,0,None,0.0,0,1,5,4,0,102.0
2025-04-06,SERIES,Original Series,12502,18722.7,16555,None,0,0,None,0.0,0,1,6,4,0,101.99
2025-04-07,SERIES,Original Series,10277,13705.6,12312,None,0,0,None,0.0,0,0,0,4,0,101.99
2025-04-08,SERIES,Original Series,10658,17094.4,13872,None,0,0,None,0.0,0,0,1,4,0,101.99
2025-04-09,SERIES,Original Series,10511,15333.5,13804,None,0,0,None,0.0,0,0,2,4,0,101.98
2025-04-10,SERIES,Original Series,10898,15155.0,14368,None,0,0,None,0.0,0,0,3,4,0,101.98
2025-04-11,SERIES,Original Series,16587,21837.0,21951,New Episode,1,0,None,0.0,0,0,4,4,0,101.97
2025-04-12,SERIES,Original Series,11962,14714.5,14557,None,0,0,None,0.0,0,1,5,4,0,101.97
2025-04-13,SERIES,Original Series,11699,13766.6,15207,None,0,0,None,0.0,0,1,6,4,0,101.96
2025-04-14,SERIES,Original Series,10623,11047.1,15007,None,0,0,None,0.0,0,0,0,4,0,101.95
2025-04-15,SERIES,Original Series,11385,12706.7,12264,None,0,0,None,0.0,0,0,1,4,0,101.94
2025-04-16,SERIES,Original Series,10433,16909.6,14223,None,0,0,None,0.0,0,0,2,4,0,101.94
2025-04-17,SERIES,Original Series,10879,17010.0,11983,None,0,0,None,0.0,0,0,3,4,0,101.93
2025-04-18,SERIES,Original Series,11061,9994.7,13673,None,0,0,None,0.0,0,0,4,4,0,101.92
2025-04-19,SERIES,Original Series,19279,20806.6,21508,Season Premiere,1,0,None,0.0,0,1,5,4,0,101.91
2025-04-20,SERIES,Original Series,18378,28409.2,25048,Season Premiere,1,0,None,0.0,0,1,6,4,1,101.9
2025-04-21,SERIES,Original Series,11973,16384.4,12749,None,0,1,None,0.0,0,0,0,4,0,101.89
2025-04-22,SERIES,Original Series,13786,13193.5,18341,Season Premiere,1,0,None,0.0,0,0,1,4,0,101.87
2025-04-23,SERIES,Original Series,10804,16702.4,13079,None,0,0,None,0.0,0,0,2,4,0,101.86
2025-04-24,SERIES,Original Series,10177,15293.0,11764,None,0,0,None,0.0,0,0,3,4,0,101.85
2025-04-25,SERIES,Original Series,10340,11635.4,14829,None,0,0,None,0.0,0,0,4,4,0,101.84
2025-04-26,SERIES,Original Series,11572,17301.6,13502,None,0,0,None,0.0,0,1,5,4,0,101.82
2025-04-27,SERIES,Original Series,11934,19206.4,13541,None,0,0,None,0.0,0,1,6,4,0,101.81
2025-04-28,SERIES,Original Series,10316,14625.7,12612,None,0,0,None,0.0,0,0,0,4,0,101.79
2025-04-29,SERIES,Original Series,10619,15874.6,12433,None,0,0,None,0.0,0,0,1,4,0,101.78
2025-04-30,SERIES,Original Series,10211,9590.1,13694,None,0,0,None,0.0,0,0,2,4,0,101.76
2025-05-01,SERIES,Original Series,10180,13764.0,10811,None,0,0,None,0.0,0,0,3,5,0,101.74
2025-05-02,SERIES,Original Series,11099,16680.6,14726,None,0,0,None,0.0,0,0,4,5,0,101.73
2025-05-03,SERIES,Original Series,12316,15642.3,15011,None,0,0,None,0.0,0,1,5,5,0,101.71
2025-05-04,SERIES,Original Series,17743,21711.4,24193,Blockbuster Release,1,0,None,0.0,0,1,6,5,0,101.69
2025-05-05,SERIES,Original Series,15392,20785.1,18217,Blockbuster Release,1,0,None,0.0,0,0,0,5,0,101.67
2025-05-06,SERIES,Original Series,10058,14482.1,10633,None,0,0,None,0.0,0,0,1,5,0,101.65
2025-05-07,SERIES,Original Series,11774,18288.6,15957,None,0,0,None,0.0,0,0,2,5,0,101.63
2025-05-08,SERIES,Original Series,12213,18967.8,13471,None,0,0,None,0.0,0,0,3,5,0,101.61
2025-05-09,SERIES,Original Series,13561,19832.3,16830,None,0,1,None,0.0,0,0,4,5,0,101.59
2025-05-10,SERIES,Original Series,11035,18614.7,15263,None,0,0,None,0.0,0,1,5,5,0,101.57
2025-05-11,SERIES,Original Series,11847,15761.8,16822,None,0,0,None,0.0,0,1,6,5,0,101.55
2025-05-12,SERIES,Original Series,11247,14110.6,12916,None,0,0,None,0.0,0,0,0,5,0,101.53
2025-05-13,SERIES,Original Series,10177,11852.4,14097,None,0,0,None,0.0,0,0,1,5,0,101.51
2025-05-14,SERIES,Original Series,12146,12139.8,16523,None,0,1,None,0.0,0,0,2,5,0,101.48
2025-05-15,SERIES,Original Series,14446,15572.6,20505,Blockbuster Release,1,0,None,0.0,0,0,3,5,0,101.46
2025-05-16,SERIES,Original Series,15190,17390.4,20902,Blockbuster Release,1,0,None,0.0,0,0,4,5,0,101.44
2025-05-17,SERIES,Original Series,11741,15324.7,12748,None,0,0,None,0.0,0,1,5,5,0,101.41
2025-05-18,SERIES,Original Series,10590,17984.1,15119,None,0,0,None,0.0,0,1,6,5,0,101.39
2025-05-19,SERIES,Original Series,11585,17613.5,12278,None,0,0,None,0.0,0,0,0,5,0,101.36
2025-05-20,SERIES,Original Series,11047,17788.3,13117,None,0,0,None,0.0,0,0,1,5,0,101.34
2025-05-21,SERIES,Original Series,9760,10200.1,11767,None,0,0,None,0.0,0,0,2,5,0,101.31
2025-05-22,SERIES,Original Series,11382,10463.0,14160,None,0,0,None,0.0,0,0,3,5,0,101.29
2025-05-23,SERIES,Original Series,10839,9778.9,12400,None,0,0,None,0.0,0,0,4,5,0,101.26
2025-05-24,SERIES,Original Series,13211,17202.1,14525,None,0,0,None,0.0,0,1,5,5,0,101.23
2025-05-25,SERIES,Original Series,12901,12824.0,17865,None,0,0,None,0.0,0,1,6,5,0,101.21
2025-05-26,SERIES,Original Series,12116,12739.7,15832,None,0,1,None,0.0,0,0,0,5,0,101.18
2025-05-27,SERIES,Original Series,11244,11717.8,13942,None,0,0,None,0.0,0,0,1,5,0,101.15
2025-05-28,SERIES,Original Series,11277,16588.4,15334,None,0,0,None,0.0,0,0,2,5,0,101.12
2025-05-29,SERIES,Original Series,11532,19172.9,16330,None,0,0,None,0.0,0,0,3,5,0,101.09
2025-05-30,SERIES,Original Series,16224,16174.4,18488,Blockbuster Release,1,0,None,0.0,0,0,4,5,0,101.06
2025-05-31,SERIES,Original Series,19345,19064.2,22810,Blockbuster Release,1,0,None,0.0,0,1,5,5,0,101.04
2025-06-01,SERIES,Original Series,13075,15216.0,18615,None,0,0,None,0.0,0,1,6,6,0,101.01
2025-06-02,SERIES,Original Series,14922,21041.6,18915,Blockbuster Release,1,0,None,0.0,0,0,0,6,0,100.98
2025-06-03,SERIES,Original Series,15631,18686.1,18170,Blockbuster Release,1,0,None,0.0,0,0,1,6,0,100.95
2025-06-04,SERIES,Original Series,9995,11222.0,11127,None,0,0,None,0.0,0,0,2,6,0,100.92
2025-06-05,SERIES,Original Series,11657,11565.5,16850,None,0,0,None,0.0,0,0,3,6,0,100.88
2025-06-06,SERIES,Original Series,17670,22377.1,22335,New Episode,1,1,None,0.0,0,0,4,6,0,100.85
2025-06-07,SERIES,Original Series,19477,18078.7,27168,New Episode,1,0,None,0.0,0,1,5,6,0,100.82
2025-06-08,SERIES,Original Series,12174,17074.6,15879,None,0,0,None,0.0,0,1,6,6,0,100.79
2025-06-09,SERIES,Original Series,10743,16746.4,13186,None,0,0,None,0.0,0,0,0,6,0,100.76
2025-06-10,SERIES,Original Series,15177,25419.4,21146,Blockbuster Release,1,0,None,0.0,0,0,1,6,0,100.73
2025-06-11,SERIES,Original Series,10251,11868.9,12225,None,0,0,None,0.0,0,0,2,6,0,100.69
2025-06-12,SERIES,Original Series,10390,16209.2,14103,None,0,0,None,0.0,0,0,3,6,0,100.66
2025-06-13,SERIES,Original Series,10952,14298.1,13485,None,0,0,None,0.0,0,0,4,6,0,100.63
2025-06-14,SERIES,Original Series,17870,19909.6,25178,Live Sports Final,1,0,None,0.0,0,1,5,6,0,100.6
2025-06-15,SERIES,Original Series,12089,11812.8,15126,None,0,0,None,0.0,0,1,6,6,0,100.56
2025-06-16,SERIES,Original Series,11012,13848.5,12997,None,0,0,None,0.0,0,0,0,6,0,100.53
2025-06-17,SERIES,Original Series,10390,16559.5,13925,None,0,0,None,0.0,0,0,1,6,0,100.5
2025-06-18,SERIES,Original Series,15534,25755.6,21655,Season Premiere,1,0,None,0.0,0,0,2,6,0,100.46
2025-06-19,SERIES,Original Series,16838,21377.7,23411,Season Premiere,1,0,None,0.0,0,0,3,6,0,100.43
2025-06-20,SERIES,Original Series,10373,15751.3,12876,None,0,0,None,0.0,0,0,4,6,0,100.4
2025-06-21,SERIES,Original Series,12192,13050.3,14948,None,0,0,None,0.0,0,1,5,6,0,100.36
2025-06-22,SERIES,Original Series,11568,17296.9,12837,None,0,0,None,0.0,0,1,6,6,0,100.33
2025-06-23,SERIES,Original Series,10550,9676.6,11243,None,0,0,None,0.0,0,0,0,6,0,100.3
2025-06-24,SERIES,Original Series,11076,13673.9,15756,None,0,0,None,0.0,0,0,1,6,0,100.26
2025-06-25,SERIES,Original Series,15167,22987.0,20325,New Episode,1,0,None,0.0,0,0,2,6,0,100.23
2025-06-26,SERIES,Original Series,14724,17570.0,18857,New Episode,1,0,None,0.0,0,0,3,6,0,100.19
2025-06-27,SERIES,Original Series,11072,10879.2,14209,None,0,0,None,0.0,0,0,4,6,0,100.16
2025-06-28,SERIES,Original Series,12772,21416.7,13529,None,0,0,None,0.0,0,1,5,6,0,100.12
2025-06-29,SERIES,Original Series,12882,14674.3,15864,None,0,0,None,0.0,0,1,6,6,0,100.09
2025-06-30,SERIES,Original Series,14657,13686.3,20791,Season Premiere,1,0,None,0.0,0,0,0,6,0,100.06
2025-07-01,SERIES,Original Series,11820,14496.8,14595,None,0,0,None,0.0,0,0,1,7,0,100.02
2025-07-02,SERIES,Original Series,10456,15240.5,13407,None,0,0,None,0.0,0,0,2,7,0,99.99
2025-07-03,SERIES,Original Series,10076,12161.6,12099,None,0,0,None,0.0,0,0,3,7,0,99.95
2025-07-04,SERIES,Original Series,11571,18751.0,12635,None,0,0,None,0.0,0,0,4,7,0,99.92
2025-07-05,SERIES,Original Series,18899,20230.8,22290,Season Premiere,1,0,None,0.0,0,1,5,7,0,99.88
2025-07-06,SERIES,Original Series,12213,16646.2,13239,None,0,0,None,0.0,0,1,6,7,0,99.85
2025-07-07,SERIES,Original Series,10211,10063.8,13084,None,0,0,None,0.0,0,0,0,7,0,99.82
2025-07-08,SERIES,Original Series,11150,11088.2,16086,None,0,0,None,0.0,0,0,1,7,0,99.78
2025-07-09,SERIES,Original Series,9847,10400.8,11767,None,0,0,None,0.0,0,0,2,7,0,99.75
2025-07-10,SERIES,Original Series,12704,13645.8,17701,None,0,0,None,0.0,0,0,3,7,0,99.71
2025-07-11,SERIES,Original Series,10072,14379.2,10747,None,0,0,None,0.0,0,0,4,7,0,99.68
2025-07-12,SERIES,Original Series,12718,20079.9,15923,None,0,0,None,0.0,0,1,5,7,0,99.64
2025-07-13,SERIES,Original Series,12340,19650.2,16187,None,0,0,None,0.0,0,1,6,7,0,99.61
2025-07-14,SERIES,Original Series,10159,14249.3,11964,None,0,0,None,0.0,0,0,0,7,0,99.58
2025-07-15,SERIES,Original Series,10149,12437.7,11055,None,0,0,None,0.0,0,0,1,7,0,99.54
2025-07-16,SERIES,Original Series,11668,12971.9,13268,None,0,0,None,0.0,0,0,2,7,0,99.51
2025-07-17,SERIES,Original Series,11110,12604.8,11976,None,0,0,None,0.0,0,0,3,7,0,99.48
2025-07-18,SERIES,Original Series,10331,13040.9,14518,None,0,0,None,0.0,0,0,4,7,0,99.44
2025-07-19,SERIES,Original Series,12059,16921.1,12684,None,0,0,None,0.0,0,1,5,7,0,99.41
2025-07-20,SERIES,Original Series,11874,15961.2,12797,None,0,0,None,0.0,0,1,6,7,0,99.38
2025-07-21,SERIES,Original Series,11495,17349.4,15728,None,0,0,None,0.0,0,0,0,7,0,99.35
2025-07-22,SERIES,Original Series,11527,11557.6,13485,None,0,0,None,0.0,0,0,1,7,0,99.31
2025-07-23,SERIES,Original Series,11238,11129.3,13439,None,0,0,None,0.0,0,0,2,7,0,99.28
2025-07-24,SERIES,Original Series,11039,18685.0,12945,None,0,0,None,0.0,0,0,3,7,0,99.25
2025-07-25,SERIES,Original Series,11315,13043.7,15912,None,0,0,None,0.0,0,0,4,7,0,99.22
2025-07-26,SERIES,Original Series,11272,18904.4,16023,None,0,0,None,0.0,0,1,5,7,0,99.19
2025-07-27,SERIES,Original Series,12689,14358.2,18037,None,0,0,None,0.0,0,1,6,7,0,99.15
2025-07-28,SERIES,Original Series,11645,11082.6,13658,None,0,0,None,0.0,0,0,0,7,0,99.12
2025-07-29,SERIES,Original Series,15810,20648.0,17867,Blockbuster Release,1,0,None,0.0,0,0,1,7,0,99.09
2025-07-30,SERIES,Original Series,15682,16589.9,21659,Live Sports Final,1,0,None,0.0,0,0,2,7,0,99.06
2025-07-31,SERIES,Original Series,10397,16839.2,14447,None,0,0,None,0.0,0,0,3,7,0,99.03
2025-08-01,SERIES,Original Series,10448,13017.9,12450,None,0,0,None,0.0,0,0,4,8,0,99.0
2025-08-02,SERIES,Original Series,12114,15176.4,15520,None,0,0,None,0.0,0,1,5,8,0,98.97
2025-08-03,SERIES,Original Series,21405,25936.1,25820,Blockbuster Release,1,1,None,0.0,0,1,6,8,0,98.94
2025-08-04,SERIES,Original Series,15299,15128.2,16155,Season Premiere,1,0,None,0.0,0,0,0,8,0,98.91
2025-08-05,SERIES,Original Series,14317,20024.0,17384,Season Premiere,1,0,None,0.0,0,0,1,8,0,98.89
2025-08-06,SERIES,Original Series,16246,16630.9,22873,Season Premiere,1,0,None,0.0,0,0,2,8,0,98.86
2025-08-07,SERIES,Original Series,11261,15897.9,15688,None,0,0,None,0.0,0,0,3,8,0,98.83
2025-08-08,SERIES,Original Series,11140,13592.5,12159,None,0,0,None,0.0,0,0,4,8,1,98.8
2025-08-09,SERIES,Original Series,12262,19403.5,14380,None,0,0,Raksha Bandhan,1.0,1,1,5,8,0,98.77
2025-08-10,SERIES,Original Series,12152,15996.4,13118,None,0,0,None,0.0,0,1,6,8,0,98.75
2025-08-11,SERIES,Original Series,11265,18144.6,13171,None,0,0,None,0.0,0,0,0,8,0,98.72
2025-08-12,SERIES,Original Series,10905,10035.2,12748,None,0,0,None,0.0,0,0,1,8,0,98.69
2025-08-13,SERIES,Original Series,10374,15357.1,11113,None,0,0,None,0.0,0,0,2,8,0,98.67
2025-08-14,SERIES,Original Series,11844,15954.7,16677,None,0,0,None,0.0,0,0,3,8,0,98.64
2025-08-15,SERIES,Original Series,10611,10984.0,14706,None,0,0,Independence Day,0.9,1,0,4,8,0,98.62
2025-08-16,SERIES,Original Series,10332,10172.9,14685,None,0,0,None,0.0,0,1,5,8,0,98.59
2025-08-17,SERIES,Original Series,12592,18758.5,16970,None,0,0,None,0.0,0,1,6,8,0,98.57
2025-08-18,SERIES,Original Series,10991,13193.8,14882,None,0,0,None,0.0,0,0,0,8,0,98.54
2025-08-19,SERIES,Original Series,10940,10514.4,14931,None,0,0,None,0.0,0,0,1,8,0,98.52
2025-08-20,SERIES,Original Series,15990,23282.2,21108,Season Premiere,1,0,None,0.0,0,0,2,8,1,98.5
2025-08-21,SERIES,Original Series,10492,11884.5,11755,None,0,0,None,0.0,0,0,3,8,0,98.48
2025-08-22,SERIES,Original Series,11657,13289.3,13068,None,0,0,None,0.0,0,0,4,8,0,98.45
2025-08-23,SERIES,Original Series,11536,11140.1,14421,None,0,0,None,0.0,0,1,5,8,0,98.43
2025-08-24,SERIES,Original Series,12526,15508.1,16612,None,0,0,None,0.0,0,1,6,8,0,98.41
2025-08-25,SERIES,Original Series,10448,17035.6,11094,None,0,0,None,0.0,0,0,0,8,0,98.39
2025-08-26,SERIES,Original Series,11650,18502.2,14778,None,0,0,None,0.0,0,0,1,8,0,98.37
2025-08-27,SERIES,Original Series,12291,14317.1,17267,None,0,1,None,0.0,0,0,2,8,0,98.35
2025-08-28,SERIES,Original Series,10965,12559.8,12065,None,0,0,None,0.0,0,0,3,8,0,98.33
2025-08-29,SERIES,Original Series,10977,17487.0,12899,None,0,0,None,0.0,0,0,4,8,0,98.31
2025-08-30,SERIES,Original Series,12698,18941.3,18344,None,0,0,None,0.0,0,1,5,8,0,98.29
2025-08-31,SERIES,Original Series,12020,12777.5,14202,None,0,0,None,0.0,0,1,6,8,0,98.28
2025-09-01,SERIES,Original Series,11189,18110.8,11877,None,0,0,None,0.0,0,0,0,9,0,98.26
2025-09-02,SERIES,Original Series,10943,17832.6,14482,None,0,0,None,0.0,0,0,1,9,0,98.24
2025-09-03,SERIES,Original Series,11176,13102.2,16127,None,0,0,None,0.0,0,0,2,9,0,98.23
2025-09-04,SERIES,Original Series,12082,19503.6,13800,None,0,0,None,0.0,0,0,3,9,0,98.21
2025-09-05,SERIES,Original Series,11012,15757.0,12514,None,0,0,None,0.0,0,0,4,9,1,98.2
2025-09-06,SERIES,Original Series,11837,18945.1,14473,None,0,0,None,0.0,0,1,5,9,0,98.18
2025-09-07,SERIES,Original Series,14011,16929.8,17714,None,0,0,None,0.0,0,1,6,9,0,98.17
2025-09-08,SERIES,Original Series,11652,14198.1,16031,None,0,0,None,0.0,0,0,0,9,0,98.15
2025-09-09,SERIES,Original Series,11415,14865.2,16522,None,0,0,None,0.0,0,0,1,9,0,98.14
2025-09-10,SERIES,Original Series,10801,11998.3,14853,None,0,0,None,0.0,0,0,2,9,0,98.13
2025-09-11,SERIES,Original Series,11481,15268.2,13391,None,0,0,None,0.0,0,0,3,9,0,98.12
2025-09-12,SERIES,Original Series,9427,12324.0,12862,None,0,0,None,0.0,0,0,4,9,0,98.11
2025-09-13,SERIES,Original Series,13718,14410.4,17865,None,0,0,None,0.0,0,1,5,9,0,98.09
2025-09-14,SERIES,Original Series,13243,21406.5,16505,None,0,0,None,0.0,0,1,6,9,0,98.08
2025-09-15,SERIES,Original Series,10814,10637.5,14100,None,0,0,None,0.0,0,0,0,9,0,98.07
2025-09-16,SERIES,Original Series,11586,18605.2,14203,None,0,0,None,0.0,0,0,1,9,0,98.07
2025-09-17,SERIES,Original Series,11402,15168.2,14855,None,0,0,None,0.0,0,0,2,9,0,98.06
2025-09-18,SERIES,Original Series,10207,13122.6,13725,None,0,0,None,0.0,0,0,3,9,0,98.05
2025-09-19,SERIES,Original Series,11083,17586.3,11697,None,0,0,None,0.0,0,0,4,9,0,98.04
2025-09-20,SERIES,Original Series,12871,16250.8,16687,None,0,0,None,0.0,0,1,5,9,0,98.04
2025-09-21,SERIES,Original Series,12499,14278.1,13889,None,0,0,None,0.0,0,1,6,9,0,98.03
2025-09-22,SERIES,Original Series,10795,11079.5,12788,None,0,0,None,0.0,0,0,0,9,0,98.02
2025-09-23,SERIES,Original Series,16442,23845.3,20181,Season Premiere,1,0,None,0.0,0,0,1,9,0,98.02
2025-09-24,SERIES,Original Series,15911,24923.8,22894,Season Premiere,1,0,None,0.0,0,0,2,9,1,98.01
2025-09-25,SERIES,Original Series,12342,16145.5,14566,None,0,0,None,0.0,0,0,3,9,0,98.01
2025-09-26,SERIES,Original Series,12456,14025.5,17160,None,0,1,None,0.0,0,0,4,9,0,98.01
2025-09-27,SERIES,Original Series,12911,21337.5,15297,None,0,0,None,0.0,0,1,5,9,0,98.0
2025-09-28,SERIES,Original Series,14205,20132.0,16218,None,0,1,None,0.0,0,1,6,9,0,98.0
2025-09-29,SERIES,Original Series,16292,21764.2,19934,Blockbuster Release,1,0,None,0.0,0,0,0,9,0,98.0
2025-09-30,SERIES,Original Series,10151,15568.6,11023,None,0,0,None,0.0,0,0,1,9,0,98.0
2025-10-01,SERIES,Original Series,11184,13054.8,15408,None,0,0,None,0.0,0,0,2,10,0,98.0
2025-10-02,SERIES,Original Series,12110,18032.4,15129,None,0,0,Gandhi Jayanti,0.7,1,0,3,10,0,98.0
2025-10-03,SERIES,Original Series,11014,13002.6,14593,None,0,0,None,0.0,0,0,4,10,0,98.0
2025-10-04,SERIES,Original Series,11895,13161.1,16285,None,0,0,None,0.0,0,1,5,10,0,98.0
2025-10-05,SERIES,Original Series,18875,20501.2,22906,Season Premiere,1,0,None,0.0,0,1,6,10,0,98.0
2025-10-06,SERIES,Original Series,11245,18069.1,13834,None,0,0,None,0.0,0,0,0,10,0,98.01
2025-10-07,SERIES,Original Series,10920,16864.6,12573,None,0,0,None,0.0,0,0,1,10,0,98.01
2025-10-08,SERIES,Original Series,10273,10957.1,13721,None,0,0,None,0.0,0,0,2,10,0,98.01
2025-10-09,SERIES,Original Series,9802,9372.2,13555,None,0,0,None,0.0,0,0,3,10,0,98.02
2025-10-10,SERIES,Original Series,17477,17890.9,22364,New Episode,1,0,None,0.0,0,0,4,10,0,98.02
2025-10-11,SERIES,Original Series,17777,20373.3,18940,New Episode,1,0,None,0.0,0,1,5,10,0,98.03
2025-10-12,SERIES,Original Series,11910,16529.4,15895,None,0,0,None,0.0,0,1,6,10,0,98.04
2025-10-13,SERIES,Original Series,11224,16076.8,14779,None,0,0,None,0.0,0,0,0,10,0,98.04
2025-10-14,SERIES,Original Series,10246,10155.3,12162,None,0,0,None,0.0,0,0,1,10,0,98.05
2025-10-15,SERIES,Original Series,13341,16859.3,16191,None,0,1,None,0.0,0,0,2,10,0,98.06
2025-10-16,SERIES,Original Series,11991,15789.5,14965,None,0,0,None,0.0,0,0,3,10,0,98.07
2025-10-17,SERIES,Original Series,10222,11319.4,13966,None,0,0,None,0.0,0,0,4,10,0,98.08
2025-10-18,SERIES,Original Series,12875,19104.6,17023,None,0,0,Diwali,1.0,1,1,5,10,0,98.09
2025-10-19,SERIES,Original Series,13524,18611.3,16997,None,0,0,Diwali,1.25,1,1,6,10,0,98.1
2025-10-20,SERIES,Original Series,10687,15866.6,14664,None,0,0,Diwali,1.5,1,0,0,10,0,98.11
2025-10-21,SERIES,Original Series,10915,15922.7,15211,None,0,0,Diwali,1.5,1,0,1,10,0,98.12
2025-10-22,SERIES,Original Series,11308,18290.9,12107,None,0,0,Diwali,1.0,1,0,2,10,0,98.13
2025-10-23,SERIES,Original Series,12451,17910.0,13421,None,0,0,None,0.0,0,0,3,10,0,98.14
2025-10-24,SERIES,Original Series,10385,15993.9,12880,None,0,0,None,0.0,0,0,4,10,0,98.16
2025-10-25,SERIES,Original Series,12457,16288.1,16974,None,0,0,None,0.0,0,1,5,10,0,98.17
2025-10-26,SERIES,Original Series,14490,15790.9,15850,None,0,0,None,0.0,0,1,6,10,0,98.18
2025-10-27,SERIES,Original Series,11601,11284.3,16187,None,0,0,None,0.0,0,0,0,10,0,98.2
2025-10-28,SERIES,Original Series,9773,12622.4,10798,None,0,0,None,0.0,0,0,1,10,0,98.21
2025-10-29,SERIES,Original Series,10849,16693.0,14409,None,0,0,None,0.0,0,0,2,10,0,98.23
2025-10-30,SERIES,Original Series,11452,15651.1,15704,None,0,0,None,0.0,0,0,3,10,0,98.24
2025-10-31,SERIES,Original Series,16937,15593.2,18091,New Episode,1,0,None,0.0,0,0,4,10,0,98.26
2025-11-01,SERIES,Original Series,13703,14955.0,19040,None,0,0,None,0.0,0,1,5,11,0,98.28
2025-11-02,SERIES,Original Series,18673,23394.6,25891,Season Premiere,1,0,None,0.0,0,1,6,11,0,98.3
2025-11-03,SERIES,Original Series,16409,20048.0,18187,Season Premiere,1,0,None,0.0,0,0,0,11,0,98.31
2025-11-04,SERIES,Original Series,10076,14689.3,11422,None,0,0,None,0.0,0,0,1,11,0,98.33
2025-11-05,SERIES,Original Series,10523,10950.1,14670,None,0,0,None,0.0,0,0,2,11,0,98.35
2025-11-06,SERIES,Original Series,10081,12055.4,14478,None,0,0,None,0.0,0,0,3,11,0,98.37
2025-11-07,SERIES,Original Series,11793,15670.5,14667,None,0,0,None,0.0,0,0,4,11,0,98.39
2025-11-08,SERIES,Original Series,12970,21880.2,14270,None,0,0,None,0.0,0,1,5,11,0,98.41
2025-11-09,SERIES,Original Series,12773,20949.8,14839,None,0,0,None,0.0,0,1,6,11,0,98.43
2025-11-10,SERIES,Original Series,12175,14675.3,14431,None,0,0,None,0.0,0,0,0,11,0,98.46
2025-11-11,SERIES,Original Series,11438,13350.9,14897,None,0,0,None,0.0,0,0,1,11,0,98.48
2025-11-12,SERIES,Original Series,11881,19719.5,15904,None,0,0,None,0.0,0,0,2,11,0,98.5
2025-11-13,SERIES,Original Series,11602,18438.7,14997,None,0,0,None,0.0,0,0,3,11,1,98.52
2025-11-14,SERIES,Original Series,11675,17140.7,16416,None,0,0,None,0.0,0,0,4,11,0,98.55
2025-11-15,SERIES,Original Series,11941,16685.1,12588,None,0,0,None,0.0,0,1,5,11,0,98.57
2025-11-16,SERIES,Original Series,13425,19910.6,16190,None,0,0,None,0.0,0,1,6,11,0,98.6
2025-11-17,SERIES,Original Series,11401,16734.2,13301,None,0,0,None,0.0,0,0,0,11,0,98.62
2025-11-18,SERIES,Original Series,10754,16877.2,14525,None,0,0,None,0.0,0,0,1,11,0,98.65
2025-11-19,SERIES,Original Series,11560,17095.3,15286,None,0,0,None,0.0,0,0,2,11,0,98.67
2025-11-20,SERIES,Original Series,12003,17046.3,16880,None,0,0,None,0.0,0,0,3,11,0,98.7
2025-11-21,SERIES,Original Series,10988,18124.1,12914,None,0,0,None,0.0,0,0,4,11,0,98.72
2025-11-22,SERIES,Original Series,12170,20111.5,16943,None,0,0,None,0.0,0,1,5,11,0,98.75
2025-11-23,SERIES,Original Series,17804,21961.0,22528,Blockbuster Release,1,0,None,0.0,0,1,6,11,0,98.78
2025-11-24,SERIES,Original Series,14908,25326.1,16567,Blockbuster Release,1,0,None,0.0,0,0,0,11,0,98.8
2025-11-25,SERIES,Original Series,10943,13290.3,15119,None,0,0,None,0.0,0,0,1,11,0,98.83
2025-11-26,SERIES,Original Series,11502,12643.0,13151,None,0,0,None,0.0,0,0,2,11,0,98.86
2025-11-27,SERIES,Original Series,12345,13158.6,16716,None,0,0,None,0.0,0,0,3,11,1,98.89
2025-11-28,SERIES,Original Series,10480,10429.0,13254,None,0,0,None,0.0,0,0,4,11,0,98.92
2025-11-29,SERIES,Original Series,12999,15494.1,16326,None,0,0,None,0.0,0,1,5,11,0,98.95
2025-11-30,SERIES,Original Series,12754,21356.2,16120,None,0,0,None,0.0,0,1,6,11,0,98.98
2025-12-01,SERIES,Original Series,11071,12838.0,15944,None,0,0,None,0.0,0,0,0,12,0,99.01
2025-12-02,SERIES,Original Series,9955,16282.8,12780,None,0,0,None,0.0,0,0,1,12,0,99.04
2025-12-03,SERIES,Original Series,10338,10190.7,11037,None,0,0,None,0.0,0,0,2,12,0,99.07
2025-12-04,SERIES,Original Series,12416,12628.9,17784,None,0,0,None,0.0,0,0,3,12,0,99.1
2025-12-05,SERIES,Original Series,11826,12186.3,13749,None,0,0,None,0.0,0,0,4,12,0,99.13
2025-12-06,SERIES,Original Series,12957,17357.2,16041,None,0,0,None,0.0,0,1,5,12,0,99.16
2025-12-07,SERIES,Original Series,18701,31670.3,25793,Blockbuster Release,1,0,None,0.0,0,1,6,12,0,99.19
2025-12-08,SERIES,Original Series,11636,12371.7,12611,None,0,0,None,0.0,0,0,0,12,0,99.22
2025-12-09,SERIES,Original Series,10762,12559.8,12301,None,0,0,None,0.0,0,0,1,12,0,99.25
2025-12-10,SERIES,Original Series,15674,24806.9,21955,New Episode,1,0,None,0.0,0,0,2,12,0,99.29
2025-12-11,SERIES,Original Series,15524,20568.8,17028,Live Sports Final,1,0,None,0.0,0,0,3,12,0,99.32
2025-12-12,SERIES,Original Series,16103,18935.0,20236,Live Sports Final,1,0,None,0.0,0,0,4,12,1,99.35
2025-12-13,SERIES,Original Series,11917,14755.3,13398,None,0,0,None,0.0,0,1,5,12,0,99.38
2025-12-14,SERIES,Original Series,14574,21687.0,17366,None,0,1,None,0.0,0,1,6,12,0,99.42
2025-12-15,SERIES,Original Series,11473,13651.7,15674,None,0,0,None,0.0,0,0,0,12,0,99.45
2025-12-16,SERIES,Original Series,10844,15505.4,15546,None,0,0,None,0.0,0,0,1,12,0,99.48
2025-12-17,SERIES,Original Series,9818,15126.9,12562,None,0,0,None,0.0,0,0,2,12,0,99.51
2025-12-18,SERIES,Original Series,10828,10237.9,12937,None,0,0,None,0.0,0,0,3,12,0,99.55
2025-12-19,SERIES,Original Series,11509,17262.3,12453,None,0,0,None,0.0,0,0,4,12,0,99.58
2025-12-20,SERIES,Original Series,12862,21292.2,15570,None,0,0,None,0.0,0,1,5,12,0,99.62
2025-12-21,SERIES,Original Series,17159,16546.6,23603,Live Sports Final,1,0,None,0.0,0,1,6,12,0,99.65
2025-12-22,SERIES,Original Series,16762,16181.6,22673,Live Sports Final,1,0,None,0.0,0,0,0,12,0,99.68
2025-12-23,SERIES,Original Series,10934,15224.1,13039,None,0,0,None,0.0,0,0,1,12,0,99.72
2025-12-24,SERIES,Original Series,11366,16380.1,12706,None,0,0,None,0.0,0,0,2,12,0,99.75
2025-12-25,SERIES,Original Series,12354,15687.4,15658,None,0,0,Christmas,1.2,1,0,3,12,0,99.79
2025-12-26,SERIES,Original Series,11030,18182.5,15252,None,0,0,None,0.0,0,0,4,12,0,99.82
2025-12-27,SERIES,Original Series,11387,11401.9,14517,None,0,0,None,0.0,0,1,5,12,0,99.85
2025-12-28,SERIES,Original Series,14083,14009.7,17838,None,0,0,None,0.0,0,1,6,12,0,99.89
2025-12-29,SERIES,Original Series,9503,8630.9,12664,None,0,0,None,0.0,0,0,0,12,0,99.92
2025-12-30,SERIES,Original Series,10883,16951.9,11990,None,0,0,None,0.0,0,0,1,12,0,99.96
2025-12-31,SERIES,Original Series,12510,12161.3,16231,None,0,0,New Year,1.1,1,0,2,12,0,99.99
2026-01-01,SERIES,Original Series,10618,14681.6,11480,None,0,0,None,0.0,0,0,3,1,0,100.03
2026-01-02,SERIES,Original Series,10664,17528.3,11878,None,0,0,None,0.0,0,0,4,1,0,100.07
2026-01-03,SERIES,Original Series,12645,11913.2,13537,None,0,0,None,0.0,0,1,5,1,0,100.1
2026-01-04,SERIES,Original Series,12674,12596.7,16421,None,0,0,None,0.0,0,1,6,1,0,100.14
2026-01-05,SERIES,Original Series,15406,24600.8,22118,Blockbuster Release,1,0,None,0.0,0,0,0,1,0,100.17
2026-01-06,SERIES,Original Series,10672,11974.5,11838,None,0,0,None,0.0,0,0,1,1,0,100.21
2026-01-07,SERIES,Original Series,11931,14769.0,14773,None,0,0,None,0.0,0,0,2,1,0,100.24
2026-01-08,SERIES,Original Series,10753,14669.4,15135,None,0,0,None,0.0,0,0,3,1,0,100.27
2026-01-09,SERIES,Original Series,11514,16962.8,16004,None,0,0,None,0.0,0,0,4,1,0,100.31
2026-01-10,SERIES,Original Series,12147,12719.9,14810,None,0,0,None,0.0,0,1,5,1,0,100.34
2026-01-11,SERIES,Original Series,13838,22126.9,18651,None,0,0,None,0.0,0,1,6,1,0,100.38
2026-01-12,SERIES,Original Series,11839,17987.2,12635,None,0,0,None,0.0,0,0,0,1,1,100.41
2026-01-13,SERIES,Original Series,11086,10780.9,14995,None,0,0,None,0.0,0,0,1,1,0,100.44
2026-01-14,SERIES,Original Series,12015,11853.9,16102,None,0,0,Makar Sankranti,1.0,1,0,2,1,0,100.48
2026-01-15,SERIES,Original Series,12274,17990.8,15749,None,0,0,None,0.0,0,0,3,1,0,100.51
2026-01-16,SERIES,Original Series,15329,19593.1,16796,Live Sports Final,1,0,None,0.0,0,0,4,1,0,100.54
2026-01-17,SERIES,Original Series,17702,22340.0,20684,Live Sports Final,1,0,None,0.0,0,1,5,1,0,100.58
2026-01-18,SERIES,Original Series,13109,14079.5,14664,None,0,0,None,0.0,0,1,6,1,0,100.61
2026-01-19,SERIES,Original Series,10212,15010.3,10963,None,0,0,None,0.0,0,0,0,1,0,100.64
2026-01-20,SERIES,Original Series,10023,9935.5,14129,None,0,0,None,0.0,0,0,1,1,0,100.67
2026-01-21,SERIES,Original Series,9987,11970.8,11211,None,0,0,None,0.0,0,0,2,1,0,100.71
2026-01-22,SERIES,Original Series,11276,16663.2,12771,None,0,0,None,0.0,0,0,3,1,0,100.74
2026-01-23,SERIES,Original Series,9673,16294.3,12868,None,0,0,None,0.0,0,0,4,1,0,100.77
2026-01-24,SERIES,Original Series,12550,13427.1,14794,None,0,0,None,0.0,0,1,5,1,0,100.8
2026-01-25,SERIES,Original Series,10327,14548.2,12516,None,0,0,None,0.0,0,1,6,1,0,100.83
2026-01-26,SERIES,Original Series,11809,11234.4,12666,None,0,0,Republic Day,0.8,1,0,0,1,0,100.86
2026-01-27,SERIES,Original Series,11547,12858.5,16404,None,0,0,None,0.0,0,0,1,1,0,100.9
2026-01-28,SERIES,Original Series,11021,10769.6,15964,None,0,0,None,0.0,0,0,2,1,0,100.93
2026-01-29,SERIES,Original Series,12048,18849.9,14425,None,0,0,None,0.0,0,0,3,1,0,100.96
2026-01-30,SERIES,Original Series,11766,14524.6,13369,None,0,0,None,0.0,0,0,4,1,0,100.99
2026-01-31,SERIES,Original Series,12278,19806.1,16358,None,0,0,None,0.0,0,1,5,1,0,101.02
2026-02-01,SERIES,Original Series,12217,11388.3,16530,None,0,0,None,0.0,0,1,6,2,0,101.05
2026-02-02,SERIES,Original Series,11836,17264.8,13155,None,0,0,None,0.0,0,0,0,2,0,101.08
2026-02-03,SERIES,Original Series,11691,15333.0,14552,None,0,0,None,0.0,0,0,1,2,0,101.1
2026-02-04,SERIES,Original Series,10992,15991.3,12401,None,0,0,None,0.0,0,0,2,2,0,101.13
2026-02-05,SERIES,Original Series,9898,16563.5,11318,None,0,0,None,0.0,0,0,3,2,0,101.16
2026-02-06,SERIES,Original Series,11876,19930.0,14815,None,0,0,None,0.0,0,0,4,2,0,101.19
2026-02-07,SERIES,Original Series,12923,20218.9,15634,None,0,0,None,0.0,0,1,5,2,0,101.22
2026-02-08,SERIES,Original Series,12833,13712.5,15912,None,0,0,None,0.0,0,1,6,2,0,101.24
2026-02-09,SERIES,Original Series,9111,13734.7,10967,None,0,0,None,0.0,0,0,0,2,0,101.27
2026-02-10,SERIES,Original Series,11592,19310.6,12510,None,0,0,None,0.0,0,0,1,2,0,101.3
2026-02-11,SERIES,Original Series,11157,13132.2,12054,None,0,0,None,0.0,0,0,2,2,0,101.32
2026-02-12,SERIES,Original Series,10806,12745.5,12478,None,0,0,None,0.0,0,0,3,2,0,101.35
2026-02-13,SERIES,Original Series,10590,13579.7,13334,None,0,0,None,0.0,0,0,4,2,0,101.37
2026-02-14,SERIES,Original Series,12969,18884.0,14722,None,0,0,None,0.0,0,1,5,2,0,101.4
2026-02-15,SERIES,Original Series,13234,14533.8,17206,None,0,0,None,0.0,0,1,6,2,0,101.42
2026-02-16,SERIES,Original Series,15862,16282.3,21488,Blockbuster Release,1,0,None,0.0,0,0,0,2,0,101.45
2026-02-17,SERIES,Original Series,11623,13124.9,16352,None,0,0,None,0.0,0,0,1,2,0,101.47
2026-02-18,SERIES,Original Series,10367,14684.5,14798,None,0,0,None,0.0,0,0,2,2,0,101.49
2026-02-19,SERIES,Original Series,10736,10024.0,12839,None,0,0,None,0.0,0,0,3,2,0,101.52
2026-02-20,SERIES,Original Series,11722,19247.9,16729,None,0,0,None,0.0,0,0,4,2,0,101.54
2026-02-21,SERIES,Original Series,12605,16967.0,17648,None,0,0,None,0.0,0,1,5,2,0,101.56
2026-02-22,SERIES,Original Series,14166,13952.7,16663,None,0,0,None,0.0,0,1,6,2,0,101.58
2026-02-23,SERIES,Original Series,11426,16893.4,13688,None,0,0,None,0.0,0,0,0,2,0,101.6
2026-02-24,SERIES,Original Series,10366,11707.2,11580,None,0,0,None,0.0,0,0,1,2,0,101.62
2026-02-25,SERIES,Original Series,15012,22717.4,20981,New Episode,1,0,None,0.0,0,0,2,2,0,101.64
2026-02-26,SERIES,Original Series,16744,26860.2,21127,New Episode,1,0,None,0.0,0,0,3,2,0,101.66
2026-02-27,SERIES,Original Series,15724,20488.0,17804,Blockbuster Release,1,0,None,0.0,0,0,4,2,0,101.68
2026-02-28,SERIES,Original Series,13590,14237.8,18669,None,0,0,None,0.0,0,1,5,2,0,101.7
2026-03-01,SERIES,Original Series,12521,16001.6,17406,None,0,0,None,0.0,0,1,6,3,0,101.72
2026-03-02,SERIES,Original Series,11727,15912.9,15313,None,0,0,Holi,0.8,1,0,0,3,0,101.73
2026-03-03,SERIES,Original Series,11403,13544.3,13772,None,0,0,Holi,1.05,1,0,1,3,0,101.75
2026-03-04,SERIES,Original Series,17107,25925.0,19468,Blockbuster Release,1,0,Holi,1.3,1,0,2,3,0,101.77
2026-03-05,SERIES,Original Series,17316,19344.9,23489,Blockbuster Release,1,0,Holi,1.05,1,0,3,3,0,101.78
2026-03-06,SERIES,Original Series,11570,18201.1,15714,None,0,0,Holi,0.8,1,0,4,3,0,101.8
2026-03-07,SERIES,Original Series,13416,16770.3,16828,None,0,0,None,0.0,0,1,5,3,0,101.81
2026-03-08,SERIES,Original Series,11683,15996.5,15738,None,0,0,None,0.0,0,1,6,3,0,101.83
2026-03-09,SERIES,Original Series,11552,10914.5,13052,None,0,0,None,0.0,0,0,0,3,0,101.84
2026-03-10,SERIES,Original Series,11265,12032.3,14214,None,0,0,None,0.0,0,0,1,3,0,101.85
2026-03-11,SERIES,Original Series,11057,13830.8,13047,None,0,0,None,0.0,0,0,2,3,0,101.87
2026-03-12,SERIES,Original Series,14445,21539.9,20896,New Episode,1,0,None,0.0,0,0,3,3,0,101.88
2026-03-13,SERIES,Original Series,14979,25120.6,18270,New Episode,1,0,None,0.0,0,0,4,3,0,101.89
2026-03-14,SERIES,Original Series,15441,14793.1,17482,None,0,1,None,0.0,0,1,5,3,0,101.9
2026-03-15,SERIES,Original Series,13205,21782.2,14901,None,0,0,None,0.0,0,1,6,3,0,101.91
2026-03-16,SERIES,Original Series,11560,13253.1,16741,None,0,0,None,0.0,0,0,0,3,0,101.92
2026-03-17,SERIES,Original Series,11255,18977.8,16316,None,0,0,None,0.0,0,0,1,3,0,101.93
2026-03-18,SERIES,Original Series,10381,9714.0,14220,None,0,0,None,0.0,0,0,2,3,0,101.94
2026-03-19,SERIES,Original Series,10508,13735.6,13053,None,0,0,None,0.0,0,0,3,3,0,101.95
2026-03-20,SERIES,Original Series,9715,14786.5,12788,None,0,0,None,0.0,0,0,4,3,0,101.96
2026-03-21,SERIES,Original Series,13049,15402.6,17365,None,0,0,None,0.0,0,1,5,3,0,101.96
2026-03-22,SERIES,Original Series,14360,24110.6,15826,None,0,0,None,0.0,0,1,6,3,0,101.97
2026-03-23,SERIES,Original Series,11203,18370.7,12407,None,0,0,None,0.0,0,0,0,3,0,101.97
2026-03-24,SERIES,Original Series,10714,12481.4,12938,None,0,0,None,0.0,0,0,1,3,0,101.98
2026-03-25,SERIES,Original Series,11293,10200.3,13550,None,0,0,None,0.0,0,0,2,3,0,101.98
2026-03-26,SERIES,Original Series,13206,13737.9,16338,None,0,1,None,0.0,0,0,3,3,0,101.99
2026-03-27,SERIES,Original Series,10002,9262.2,11713,None,0,0,None,0.0,0,0,4,3,0,101.99
2026-03-28,SERIES,Original Series,13158,18996.9,17068,None,0,0,None,0.0,0,1,5,3,0,101.99
2026-03-29,SERIES,Original Series,12894,13059.1,17432,None,0,0,None,0.0,0,1,6,3,0,102.0
2026-03-30,SERIES,Original Series,13189,16931.9,18445,None,0,1,None,0.0,0,0,0,3,0,102.0
2026-03-31,SERIES,Original Series,12746,13382.7,15470,None,0,0,None,0.0,0,0,1,3,0,102.0
2026-04-01,SERIES,Original Series,11212,17867.0,13082,None,0,0,None,0.0,0,0,2,4,0,102.0
2026-04-02,SERIES,Original Series,12628,14340.6,14017,None,0,0,None,0.0,0,0,3,4,0,102.0
2026-04-03,SERIES,Original Series,10682,15577.5,13609,None,0,0,None,0.0,0,0,4,4,0,102.0
2026-04-04,SERIES,Original Series,11875,16253.7,12650,None,0,0,None,0.0,0,1,5,4,0,102.0
2026-04-05,SERIES,Original Series,12392,14875.2,17261,None,0,0,None,0.0,0,1,6,4,0,102.0
2026-04-06,SERIES,Original Series,12157,18331.6,15084,None,0,0,None,0.0,0,0,0,4,0,101.99
2026-04-07,SERIES,Original Series,10739,10648.2,13892,None,0,0,None,0.0,0,0,1,4,0,101.99
2026-04-08,SERIES,Original Series,10250,15055.0,12402,None,0,0,None,0.0,0,0,2,4,0,101.99
2026-04-09,SERIES,Original Series,11550,12053.1,12144,None,0,0,None,0.0,0,0,3,4,0,101.98
2026-04-10,SERIES,Original Series,11020,10639.9,15048,None,0,0,None,0.0,0,0,4,4,0,101.98
2026-04-11,SERIES,Original Series,13421,22471.4,16635,None,0,0,None,0.0,0,1,5,4,0,101.97
2026-04-12,SERIES,Original Series,12508,12978.6,15167,None,0,0,None,0.0,0,1,6,4,0,101.97
2026-04-13,SERIES,Original Series,10629,11817.2,14387,None,0,0,None,0.0,0,0,0,4,0,101.96
2026-04-14,SERIES,Original Series,12529,11378.2,14896,None,0,0,None,0.0,0,0,1,4,0,101.95
2026-04-15,SERIES,Original Series,10699,15423.5,14004,None,0,0,None,0.0,0,0,2,4,0,101.94
2026-04-16,SERIES,Original Series,10698,16131.8,14338,None,0,0,None,0.0,0,0,3,4,0,101.94
2026-04-17,SERIES,Original Series,11653,10680.1,16815,None,0,0,None,0.0,0,0,4,4,0,101.93
2026-04-18,SERIES,Original Series,10965,14404.5,14883,None,0,0,None,0.0,0,1,5,4,0,101.92
2026-04-19,SERIES,Original Series,19280,30432.7,20425,Season Premiere,1,0,None,0.0,0,1,6,4,0,101.91
2026-04-20,SERIES,Original Series,17614,26944.7,22898,Season Premiere,1,0,None,0.0,0,0,0,4,0,101.9
2026-04-21,SERIES,Original Series,11957,18450.9,15502,None,0,0,None,0.0,0,0,1,4,0,101.89
2026-04-22,SERIES,Original Series,10558,10078.1,11606,None,0,0,None,0.0,0,0,2,4,0,101.87
2026-04-23,SERIES,Original Series,10793,12157.1,14571,None,0,0,None,0.0,0,0,3,4,0,101.86
2026-04-24,SERIES,Original Series,11373,14976.9,13646,None,0,0,None,0.0,0,0,4,4,0,101.85
2026-04-25,SERIES,Original Series,13295,17398.7,17276,None,0,0,None,0.0,0,1,5,4,0,101.84
2026-04-26,SERIES,Original Series,14215,21408.4,16452,None,0,0,None,0.0,0,1,6,4,0,101.82
2026-04-27,SERIES,Original Series,12485,20422.3,13993,None,0,0,None,0.0,0,0,0,4,0,101.81
2026-04-28,SERIES,Original Series,11175,16465.3,13503,None,0,0,None,0.0,0,0,1,4,0,101.79
2026-04-29,SERIES,Original Series,12985,16690.0,14706,None,0,1,None,0.0,0,0,2,4,0,101.78
2026-04-30,SERIES,Original Series,10762,14769.3,15547,None,0,0,None,0.0,0,0,3,4,0,101.76
2026-05-01,SERIES,Original Series,16801,15171.8,22525,Season Premiere,1,0,None,0.0,0,0,4,5,0,101.74
2026-05-02,SERIES,Original Series,19573,24672.4,20845,Season Premiere,1,0,None,0.0,0,1,5,5,0,101.73
2026-05-03,SERIES,Original Series,13093,12974.3,15761,None,0,0,None,0.0,0,1,6,5,0,101.71
2026-05-04,SERIES,Original Series,16334,24259.8,23115,Blockbuster Release,1,0,None,0.0,0,0,0,5,0,101.69
2026-05-05,SERIES,Original Series,12898,19670.1,16616,None,0,0,None,0.0,0,0,1,5,0,101.67
2026-05-06,SERIES,Original Series,11847,20136.7,14736,None,0,0,None,0.0,0,0,2,5,0,101.65
2026-05-07,SERIES,Original Series,9840,12499.5,12445,None,0,0,None,0.0,0,0,3,5,0,101.63
2026-05-08,SERIES,Original Series,11325,10981.1,13267,None,0,0,None,0.0,0,0,4,5,0,101.61
2026-05-09,SERIES,Original Series,13203,13348.9,15914,None,0,0,None,0.0,0,1,5,5,0,101.59
2026-05-10,SERIES,Original Series,12859,20910.3,14515,None,0,0,None,0.0,0,1,6,5,0,101.57
2026-05-11,SERIES,Original Series,12283,12979.4,16388,None,0,0,None,0.0,0,0,0,5,0,101.55
2026-05-12,SERIES,Original Series,11115,13231.8,12722,None,0,0,None,0.0,0,0,1,5,0,101.53
2026-05-13,SERIES,Original Series,10635,10706.7,12973,None,0,0,None,0.0,0,0,2,5,0,101.51
2026-05-14,SERIES,Original Series,10839,16856.2,15398,None,0,0,None,0.0,0,0,3,5,0,101.48
2026-05-15,SERIES,Original Series,11858,13529.4,14376,None,0,0,None,0.0,0,0,4,5,0,101.46
2026-05-16,SERIES,Original Series,12073,14461.5,14304,None,0,0,None,0.0,0,1,5,5,0,101.44
2026-05-17,SERIES,Original Series,12708,18985.3,15492,None,0,0,None,0.0,0,1,6,5,0,101.41
2026-05-18,SERIES,Original Series,11990,16521.3,13784,None,0,0,None,0.0,0,0,0,5,0,101.39
2026-05-19,SERIES,Original Series,10370,14272.9,13927,None,0,0,None,0.0,0,0,1,5,0,101.36
2026-05-20,SERIES,Original Series,10609,9978.0,14019,None,0,0,None,0.0,0,0,2,5,0,101.34
2026-05-21,SERIES,Original Series,10127,10882.5,11656,None,0,0,None,0.0,0,0,3,5,0,101.31
2026-05-22,SERIES,Original Series,10716,12006.5,13053,None,0,0,None,0.0,0,0,4,5,0,101.29
2026-05-23,SERIES,Original Series,12699,21536.9,16035,None,0,0,None,0.0,0,1,5,5,0,101.26
2026-05-24,SERIES,Original Series,12910,13939.8,18034,None,0,0,None,0.0,0,1,6,5,0,101.23
2026-05-25,SERIES,Original Series,10706,12832.5,12677,None,0,0,None,0.0,0,0,0,5,0,101.21
2026-05-26,SERIES,Original Series,11101,11700.9,14223,None,0,0,None,0.0,0,0,1,5,0,101.18
2026-05-27,SERIES,Original Series,12103,15482.1,17258,None,0,0,None,0.0,0,0,2,5,0,101.15
2026-05-28,SERIES,Original Series,11630,10467.7,13425,None,0,0,None,0.0,0,0,3,5,0,101.12
2026-05-29,SERIES,Original Series,12955,19987.3,17376,None,0,0,None,0.0,0,0,4,5,0,101.09
2026-05-30,SERIES,Original Series,18365,29498.2,24096,Season Premiere,1,0,None,0.0,0,1,5,5,0,101.06
2026-05-31,SERIES,Original Series,12768,16500.3,14170,None,0,0,None,0.0,0,1,6,5,0,101.04
2026-06-01,SERIES,Original Series,11505,18132.6,16611,None,0,0,None,0.0,0,0,0,6,0,101.01
2026-06-02,SERIES,Original Series,11015,9957.5,15012,None,0,0,None,0.0,0,0,1,6,0,100.98
2026-06-03,SERIES,Original Series,11376,14218.6,13895,None,0,0,None,0.0,0,0,2,6,0,100.95
2026-06-04,SERIES,Original Series,12039,12474.7,15336,None,0,1,None,0.0,0,0,3,6,0,100.92
2026-06-05,SERIES,Original Series,11126,13488.6,13288,None,0,0,None,0.0,0,0,4,6,0,100.88
2026-06-06,SERIES,Original Series,13756,17024.9,15884,None,0,0,None,0.0,0,1,5,6,0,100.85
2026-06-07,SERIES,Original Series,14512,20942.1,20439,None,0,0,None,0.0,0,1,6,6,0,100.82
2026-06-08,SERIES,Original Series,12469,19224.0,16010,None,0,0,None,0.0,0,0,0,6,0,100.79
2026-06-09,SERIES,Original Series,16517,27309.6,19783,Season Premiere,1,0,None,0.0,0,0,1,6,0,100.76
2026-06-10,SERIES,Original Series,16780,19124.9,23333,Season Premiere,1,0,None,0.0,0,0,2,6,0,100.73
2026-06-11,SERIES,Original Series,11652,16911.2,14296,None,0,0,None,0.0,0,0,3,6,0,100.69
2026-06-12,SERIES,Original Series,11003,17274.2,12366,None,0,0,None,0.0,0,0,4,6,0,100.66
2026-06-13,SERIES,Original Series,12420,15152.5,13798,None,0,0,None,0.0,0,1,5,6,0,100.63
2026-06-14,SERIES,Original Series,13309,17947.9,18983,None,0,0,None,0.0,0,1,6,6,0,100.6
2026-06-15,SERIES,Original Series,11335,16429.0,13635,None,0,0,None,0.0,0,0,0,6,0,100.56
2026-06-16,SERIES,Original Series,12035,11592.0,14540,None,0,0,None,0.0,0,0,1,6,0,100.53
2026-06-17,SERIES,Original Series,14694,20530.7,18588,Live Sports Final,1,0,None,0.0,0,0,2,6,0,100.5
2026-06-18,SERIES,Original Series,11294,15068.6,14462,None,0,0,None,0.0,0,0,3,6,0,100.46
2026-06-19,SERIES,Original Series,12312,14120.8,15055,None,0,0,None,0.0,0,0,4,6,0,100.43
2026-06-20,SERIES,Original Series,13562,23001.1,19316,None,0,0,None,0.0,0,1,5,6,0,100.4
2026-06-21,SERIES,Original Series,12418,11986.9,14683,None,0,0,None,0.0,0,1,6,6,0,100.36
2026-06-22,SERIES,Original Series,10466,17378.7,11462,None,0,0,None,0.0,0,0,0,6,0,100.33
2026-06-23,SERIES,Original Series,11396,16069.3,16503,None,0,0,None,0.0,0,0,1,6,0,100.3
2026-06-24,SERIES,Original Series,12009,11378.5,13665,None,0,0,None,0.0,0,0,2,6,0,100.26
2026-06-25,SERIES,Original Series,11813,12340.8,16867,None,0,0,None,0.0,0,0,3,6,0,100.23
2026-06-26,SERIES,Original Series,16551,25249.4,22977,Season Premiere,1,0,None,0.0,0,0,4,6,0,100.19
2026-06-27,SERIES,Original Series,19411,20513.7,26418,Season Premiere,1,0,None,0.0,0,1,5,6,0,100.16
2026-06-28,SERIES,Original Series,13344,12508.7,14720,None,0,0,None,0.0,0,1,6,6,0,100.12
2026-06-29,SERIES,Original Series,11881,15894.0,12640,None,0,0,None,0.0,0,0,0,6,0,100.09
2026-06-30,SERIES,Original Series,12131,20609.0,13566,None,0,0,None,0.0,0,0,1,6,0,100.06
2026-07-01,SERIES,Original Series,11117,13378.9,13459,None,0,0,None,0.0,0,0,2,7,0,100.02
2026-07-02,SERIES,Original Series,10794,13530.5,14753,None,0,0,None,0.0,0,0,3,7,0,99.99
2026-07-03,SERIES,Original Series,11983,18204.0,14464,None,0,0,None,0.0,0,0,4,7,0,99.95
2026-07-04,SERIES,Original Series,12791,17639.0,13590,None,0,0,None,0.0,0,1,5,7,0,99.92
2026-07-05,SERIES,Original Series,11738,13101.9,12661,None,0,0,None,0.0,0,1,6,7,0,99.88
2026-07-06,SERIES,Original Series,14563,19486.8,17973,None,0,1,None,0.0,0,0,0,7,0,99.85
2026-07-07,SERIES,Original Series,11641,14762.6,12356,None,0,0,None,0.0,0,0,1,7,0,99.82
2026-07-08,SERIES,Original Series,11610,10600.5,15700,None,0,0,None,0.0,0,0,2,7,0,99.78
2026-07-09,SERIES,Original Series,11322,11163.4,12997,None,0,0,None,0.0,0,0,3,7,0,99.75
2026-07-10,SERIES,Original Series,17117,23688.5,21308,New Episode,1,0,None,0.0,0,0,4,7,0,99.71
2026-07-11,SERIES,Original Series,12237,12470.3,16727,None,0,0,None,0.0,0,1,5,7,0,99.68
2026-07-12,SERIES,Original Series,13185,19978.4,16757,None,0,0,None,0.0,0,1,6,7,0,99.64
2026-07-13,SERIES,Original Series,11672,15090.9,16377,None,0,0,None,0.0,0,0,0,7,0,99.61
2026-07-14,SERIES,Original Series,11871,11500.0,16486,None,0,0,None,0.0,0,0,1,7,0,99.58
2026-07-15,SERIES,Original Series,12276,20395.1,13740,None,0,1,None,0.0,0,0,2,7,0,99.54
2026-07-16,SERIES,Original Series,11906,18700.4,12608,None,0,0,None,0.0,0,0,3,7,0,99.51
2026-07-17,SERIES,Original Series,11164,15754.3,15581,None,0,0,None,0.0,0,0,4,7,0,99.48
2026-07-18,SERIES,Original Series,12715,19027.1,16685,None,0,0,None,0.0,0,1,5,7,0,99.44
2026-07-19,SERIES,Original Series,12048,17254.7,17078,None,0,0,None,0.0,0,1,6,7,0,99.41
2026-07-20,SERIES,Original Series,13117,11940.8,14209,None,0,0,None,0.0,0,0,0,7,0,99.38
2026-07-21,SERIES,Original Series,11384,15898.2,16447,None,0,0,None,0.0,0,0,1,7,0,99.35
2026-07-22,SERIES,Original Series,16712,18311.1,24128,Season Premiere,1,0,None,0.0,0,0,2,7,0,99.31
2026-07-23,SERIES,Original Series,10709,17758.7,12393,None,0,0,None,0.0,0,0,3,7,0,99.28
2026-07-24,SERIES,Original Series,10359,12713.0,11120,None,0,0,None,0.0,0,0,4,7,0,99.25
2026-07-25,SERIES,Original Series,13807,20210.1,16552,None,0,0,None,0.0,0,1,5,7,0,99.22
2026-07-26,SERIES,Original Series,12218,12451.2,14951,None,0,0,None,0.0,0,1,6,7,0,99.19
2026-07-27,SERIES,Original Series,12447,15912.9,14408,None,0,0,None,0.0,0,0,0,7,0,99.15
2026-07-28,SERIES,Original Series,12814,12602.5,13731,None,0,0,None,0.0,0,0,1,7,0,99.12
2026-07-29,SERIES,Original Series,10922,13381.8,15255,None,0,0,None,0.0,0,0,2,7,0,99.09
2026-07-30,SERIES,Original Series,11155,15040.4,12655,None,0,0,None,0.0,0,0,3,7,0,99.06
2026-07-31,SERIES,Original Series,14684,20645.7,20546,Blockbuster Release,1,0,None,0.0,0,0,4,7,0,99.03
2026-08-01,SERIES,Original Series,17758,21600.5,20483,Blockbuster Release,1,0,None,0.0,0,1,5,8,0,99.0
2026-08-02,SERIES,Original Series,13688,14058.9,19025,None,0,0,None,0.0,0,1,6,8,0,98.97
2026-08-03,SERIES,Original Series,12423,17736.5,14449,None,0,0,None,0.0,0,0,0,8,0,98.94
2026-08-04,SERIES,Original Series,10928,9939.4,11914,None,0,0,None,0.0,0,0,1,8,0,98.91
2026-08-05,SERIES,Original Series,11041,17079.6,15226,None,0,0,None,0.0,0,0,2,8,0,98.89
2026-08-06,SERIES,Original Series,10344,14897.8,12009,None,0,0,None,0.0,0,0,3,8,0,98.86
2026-08-07,SERIES,Original Series,10677,16222.5,12529,None,0,0,None,0.0,0,0,4,8,0,98.83
2026-08-08,SERIES,Original Series,14212,23860.9,17241,None,0,0,None,0.0,0,1,5,8,0,98.8
2026-08-09,SERIES,Original Series,13466,15643.1,17402,None,0,0,None,0.0,0,1,6,8,0,98.77
2026-08-10,SERIES,Original Series,10193,13517.5,13296,None,0,0,None,0.0,0,0,0,8,0,98.75
2026-08-11,SERIES,Original Series,11931,16776.0,12889,None,0,0,None,0.0,0,0,1,8,1,98.72
2026-08-12,SERIES,Original Series,13259,18147.1,18976,None,0,0,None,0.0,0,0,2,8,0,98.69
2026-08-13,SERIES,Original Series,11228,15797.2,12023,None,0,0,None,0.0,0,0,3,8,0,98.67
2026-08-14,SERIES,Original Series,11030,18239.1,15269,None,0,0,None,0.0,0,0,4,8,0,98.64
2026-08-15,SERIES,Original Series,14095,18142.1,18833,None,0,0,Independence Day,0.9,1,1,5,8,0,98.62
2026-08-16,SERIES,Original Series,13991,22236.9,16310,None,0,0,None,0.0,0,1,6,8,0,98.59
2026-08-17,SERIES,Original Series,12129,17041.1,15632,None,0,0,None,0.0,0,0,0,8,0,98.57
2026-08-18,SERIES,Original Series,11294,17235.0,14341,None,0,0,None,0.0,0,0,1,8,0,98.54
2026-08-19,SERIES,Original Series,11219,13040.4,14772,None,0,0,None,0.0,0,0,2,8,0,98.52
2026-08-20,SERIES,Original Series,10263,11939.1,13804,None,0,0,None,0.0,0,0,3,8,1,98.5
2026-08-21,SERIES,Original Series,10628,17517.1,13348,None,0,0,None,0.0,0,0,4,8,0,98.48
2026-08-22,SERIES,Original Series,13529,21191.8,18081,None,0,0,None,0.0,0,1,5,8,0,98.45
2026-08-23,SERIES,Original Series,12873,16799.6,14536,None,0,0,None,0.0,0,1,6,8,0,98.43
2026-08-24,SERIES,Original Series,11718,14865.4,15550,None,0,0,None,0.0,0,0,0,8,0,98.41
2026-08-25,SERIES,Original Series,11363,12509.8,13875,None,0,0,None,0.0,0,0,1,8,0,98.39
2026-08-26,SERIES,Original Series,11586,12351.0,16526,None,0,0,None,0.0,0,0,2,8,0,98.37
2026-08-27,SERIES,Original Series,11556,12486.7,16088,None,0,0,None,0.0,0,0,3,8,0,98.35
2026-08-28,SERIES,Original Series,12496,20660.4,13127,None,0,0,Raksha Bandhan,1.0,1,0,4,8,0,98.33
2026-08-29,SERIES,Original Series,19743,21979.4,26736,Blockbuster Release,1,0,None,0.0,0,1,5,8,0,98.31
2026-08-30,SERIES,Original Series,13267,16677.8,17127,None,0,0,None,0.0,0,1,6,8,0,98.29
2026-08-31,SERIES,Original Series,11399,16478.0,15225,None,0,0,None,0.0,0,0,0,8,0,98.28
2026-09-01,SERIES,Original Series,11524,16322.5,13290,None,0,0,None,0.0,0,0,1,9,0,98.26
2026-09-02,SERIES,Original Series,10976,16648.1,15031,None,0,0,None,0.0,0,0,2,9,0,98.24
2026-09-03,SERIES,Original Series,12353,14864.6,13665,None,0,0,None,0.0,0,0,3,9,0,98.23
2026-09-04,SERIES,Original Series,11143,12992.1,15706,None,0,0,None,0.0,0,0,4,9,0,98.21
2026-09-05,SERIES,Original Series,13174,17153.9,16121,None,0,0,None,0.0,0,1,5,9,0,98.2
2026-09-06,SERIES,Original Series,13423,18896.6,14665,None,0,0,None,0.0,0,1,6,9,0,98.18
2026-09-07,SERIES,Original Series,11789,19990.4,15682,None,0,0,None,0.0,0,0,0,9,0,98.17
2026-09-08,SERIES,Original Series,11761,16111.7,14168,None,0,0,None,0.0,0,0,1,9,0,98.15
2026-09-09,SERIES,Original Series,11464,17358.7,13204,None,0,0,None,0.0,0,0,2,9,0,98.14
2026-09-10,SERIES,Original Series,12775,20946.1,16832,None,0,0,None,0.0,0,0,3,9,0,98.13
2026-09-11,SERIES,Original Series,11623,10491.8,13754,None,0,0,None,0.0,0,0,4,9,0,98.12
2026-09-12,SERIES,Original Series,18975,20933.3,21570,Season Premiere,1,0,None,0.0,0,1,5,9,0,98.11
2026-09-13,SERIES,Original Series,20484,18488.8,26447,Season Premiere,1,0,None,0.0,0,1,6,9,0,98.09
2026-09-14,SERIES,Original Series,11002,17853.4,13094,None,0,0,None,0.0,0,0,0,9,0,98.08
2026-09-15,SERIES,Original Series,12894,15601.1,13811,None,0,0,None,0.0,0,0,1,9,0,98.07
2026-09-16,SERIES,Original Series,10110,13790.4,11533,None,0,0,None,0.0,0,0,2,9,0,98.07
2026-09-17,SERIES,Original Series,11283,14517.6,13881,None,0,0,None,0.0,0,0,3,9,0,98.06
2026-09-18,SERIES,Original Series,10353,15557.0,13249,None,0,0,None,0.0,0,0,4,9,0,98.05
2026-09-19,SERIES,Original Series,12318,14714.5,15331,None,0,0,None,0.0,0,1,5,9,0,98.04
2026-09-20,SERIES,Original Series,13654,12421.9,19354,None,0,0,None,0.0,0,1,6,9,0,98.04
2026-09-21,SERIES,Original Series,11795,14002.1,13996,None,0,0,None,0.0,0,0,0,9,0,98.03
2026-09-22,SERIES,Original Series,11140,14217.8,15561,None,0,0,None,0.0,0,0,1,9,0,98.02
2026-09-23,SERIES,Original Series,12790,15659.5,15878,None,0,0,None,0.0,0,0,2,9,0,98.02
2026-09-24,SERIES,Original Series,12424,13895.1,16431,None,0,0,None,0.0,0,0,3,9,0,98.01
2026-09-25,SERIES,Original Series,11554,11290.8,14628,None,0,0,None,0.0,0,0,4,9,0,98.01
2026-09-26,SERIES,Original Series,12004,11073.3,13126,None,0,0,None,0.0,0,1,5,9,0,98.01
2026-09-27,SERIES,Original Series,14040,22868.7,17114,None,0,0,None,0.0,0,1,6,9,0,98.0
2026-09-28,SERIES,Original Series,11243,10711.8,14841,None,0,0,None,0.0,0,0,0,9,0,98.0
2026-09-29,SERIES,Original Series,11814,14384.9,13709,None,0,0,None,0.0,0,0,1,9,0,98.0
2026-09-30,SERIES,Original Series,14275,13741.9,16874,None,0,1,None,0.0,0,0,2,9,0,98.0
2026-10-01,SERIES,Original Series,11308,11182.4,15044,None,0,0,None,0.0,0,0,3,10,0,98.0
2026-10-02,SERIES,Original Series,12829,18191.1,17235,None,0,0,Gandhi Jayanti,0.7,1,0,4,10,0,98.0
2026-10-03,SERIES,Original Series,18941,31046.4,23951,Blockbuster Release,1,0,None,0.0,0,1,5,10,0,98.0
2026-10-04,SERIES,Original Series,13745,16199.4,18480,None,0,0,None,0.0,0,1,6,10,0,98.0
2026-10-05,SERIES,Original Series,17273,25849.1,23953,Blockbuster Release,1,0,None,0.0,0,0,0,10,0,98.0
2026-10-06,SERIES,Original Series,12282,18722.7,15395,None,0,0,None,0.0,0,0,1,10,0,98.01
2026-10-07,SERIES,Original Series,12895,18211.6,17127,None,0,0,None,0.0,0,0,2,10,0,98.01
2026-10-08,SERIES,Original Series,11011,17562.3,11615,None,0,0,None,0.0,0,0,3,10,0,98.01
2026-10-09,SERIES,Original Series,10784,11316.2,11449,None,0,0,None,0.0,0,0,4,10,0,98.02
2026-10-10,SERIES,Original Series,13125,12601.4,16945,None,0,0,None,0.0,0,1,5,10,0,98.02
2026-10-11,SERIES,Original Series,15600,19731.6,20346,None,0,0,None,0.0,0,1,6,10,0,98.03
2026-10-12,SERIES,Original Series,17728,23528.8,20697,Blockbuster Release,1,0,None,0.0,0,0,0,10,0,98.04
2026-10-13,SERIES,Original Series,11219,13436.1,14551,None,0,0,None,0.0,0,0,1,10,0,98.04
2026-10-14,SERIES,Original Series,11370,18618.6,12401,None,0,0,None,0.0,0,0,2,10,0,98.05
2026-10-15,SERIES,Original Series,11616,11601.3,15771,None,0,0,None,0.0,0,0,3,10,0,98.06
2026-10-16,SERIES,Original Series,11829,19474.9,14091,None,0,0,None,0.0,0,0,4,10,0,98.07
2026-10-17,SERIES,Original Series,13846,17141.4,17703,None,0,0,None,0.0,0,1,5,10,0,98.08
2026-10-18,SERIES,Original Series,13879,21743.3,20009,None,0,0,None,0.0,0,1,6,10,0,98.09
2026-10-19,SERIES,Original Series,14607,17561.6,18355,None,0,1,None,0.0,0,0,0,10,0,98.1
2026-10-20,SERIES,Original Series,13108,17124.4,16524,None,0,0,None,0.0,0,0,1,10,0,98.11
2026-10-21,SERIES,Original Series,11539,16737.5,12592,None,0,0,None,0.0,0,0,2,10,0,98.12
2026-10-22,SERIES,Original Series,11482,14686.1,12259,None,0,0,None,0.0,0,0,3,10,0,98.13
2026-10-23,SERIES,Original Series,16495,26379.4,23407,Live Sports Final,1,0,None,0.0,0,0,4,10,0,98.14
2026-10-24,SERIES,Original Series,13185,17531.3,18413,None,0,0,None,0.0,0,1,5,10,0,98.16
2026-10-25,SERIES,Original Series,13662,12493.9,18773,None,0,0,None,0.0,0,1,6,10,1,98.17
2026-10-26,SERIES,Original Series,12113,18640.4,17535,None,0,0,None,0.0,0,0,0,10,0,98.18
2026-10-27,SERIES,Original Series,18041,23369.2,19641,Live Sports Final,1,0,None,0.0,0,0,1,10,0,98.2
2026-10-28,SERIES,Original Series,11128,16010.1,15092,None,0,0,None,0.0,0,0,2,10,0,98.21
2026-10-29,SERIES,Original Series,11915,13807.2,13043,None,0,0,None,0.0,0,0,3,10,0,98.23
2026-10-30,SERIES,Original Series,11035,16101.5,14388,None,0,0,None,0.0,0,0,4,10,0,98.24
2026-10-31,SERIES,Original Series,13700,20246.8,18319,None,0,0,None,0.0,0,1,5,10,0,98.26
2026-11-01,SERIES,Original Series,15369,26109.5,20400,None,0,0,None,0.0,0,1,6,11,0,98.28
2026-11-02,SERIES,Original Series,11557,13774.1,13359,None,0,0,None,0.0,0,0,0,11,0,98.3
2026-11-03,SERIES,Original Series,13462,14481.2,18891,None,0,0,None,0.0,0,0,1,11,0,98.31
2026-11-04,SERIES,Original Series,11046,14199.5,14099,None,0,0,None,0.0,0,0,2,11,0,98.33
2026-11-05,SERIES,Original Series,19480,28313.0,27571,Live Sports Final,1,1,None,0.0,0,0,3,11,0,98.35
2026-11-06,SERIES,Original Series,11821,15194.3,14514,None,0,0,Diwali,1.0,1,0,4,11,0,98.37
2026-11-07,SERIES,Original Series,14132,22460.6,16777,None,0,0,Diwali,1.25,1,1,5,11,0,98.39
2026-11-08,SERIES,Original Series,14010,23404.3,19746,None,0,0,Diwali,1.5,1,1,6,11,0,98.41
2026-11-09,SERIES,Original Series,12742,21456.8,17536,None,0,0,Diwali,1.25,1,0,0,11,0,98.43
2026-11-10,SERIES,Original Series,10061,10068.3,10910,None,0,0,Diwali,1.0,1,0,1,11,0,98.46
2026-11-11,SERIES,Original Series,10953,11991.6,13422,None,0,0,None,0.0,0,0,2,11,0,98.48
2026-11-12,SERIES,Original Series,13068,14840.7,14117,None,0,0,None,0.0,0,0,3,11,0,98.5
2026-11-13,SERIES,Original Series,10642,17484.1,14878,None,0,0,None,0.0,0,0,4,11,0,98.52
2026-11-14,SERIES,Original Series,13168,20081.0,16345,None,0,0,None,0.0,0,1,5,11,0,98.55
2026-11-15,SERIES,Original Series,13883,13842.7,16029,None,0,0,None,0.0,0,1,6,11,0,98.57
2026-11-16,SERIES,Original Series,11649,14569.4,12558,None,0,0,None,0.0,0,0,0,11,0,98.6
2026-11-17,SERIES,Original Series,13162,21630.1,15362,None,0,1,None,0.0,0,0,1,11,0,98.62
2026-11-18,SERIES,Original Series,12013,12793.8,14366,None,0,0,None,0.0,0,0,2,11,0,98.65
2026-11-19,SERIES,Original Series,12302,16519.3,17692,None,0,0,None,0.0,0,0,3,11,0,98.67
2026-11-20,SERIES,Original Series,11250,16328.1,16268,None,0,0,None,0.0,0,0,4,11,0,98.7
2026-11-21,SERIES,Original Series,13744,13082.1,16975,None,0,0,None,0.0,0,1,5,11,0,98.72
2026-11-22,SERIES,Original Series,14079,17535.0,19929,None,0,0,None,0.0,0,1,6,11,0,98.75
2026-11-23,SERIES,Original Series,12488,20411.7,17102,None,0,0,None,0.0,0,0,0,11,0,98.78
2026-11-24,SERIES,Original Series,17114,15564.1,23237,Live Sports Final,1,0,None,0.0,0,0,1,11,0,98.8
2026-11-25,SERIES,Original Series,12954,18222.6,14994,None,0,0,None,0.0,0,0,2,11,0,98.83
2026-11-26,SERIES,Original Series,11734,18766.0,15805,None,0,0,None,0.0,0,0,3,11,0,98.86
2026-11-27,SERIES,Original Series,10979,13657.6,15880,None,0,0,None,0.0,0,0,4,11,0,98.89
2026-11-28,SERIES,Original Series,13298,14723.2,18430,None,0,0,None,0.0,0,1,5,11,0,98.92
2026-11-29,SERIES,Original Series,14351,21258.5,18180,None,0,0,None,0.0,0,1,6,11,0,98.95
2026-11-30,SERIES,Original Series,11050,13188.9,11606,None,0,0,None,0.0,0,0,0,11,0,98.98
2026-12-01,SERIES,Original Series,10060,11745.4,12079,None,0,0,None,0.0,0,0,1,12,0,99.01
2026-12-02,SERIES,Original Series,12048,13353.6,15802,None,0,0,None,0.0,0,0,2,12,1,99.04
2026-12-03,SERIES,Original Series,11385,18997.4,12585,None,0,0,None,0.0,0,0,3,12,0,99.07
2026-12-04,SERIES,Original Series,15474,23153.6,18758,None,0,1,None,0.0,0,0,4,12,0,99.1
2026-12-05,SERIES,Original Series,13668,13817.0,18234,None,0,0,None,0.0,0,1,5,12,0,99.13
2026-12-06,SERIES,Original Series,14384,16368.4,20231,None,0,0,None,0.0,0,1,6,12,0,99.16
2026-12-07,SERIES,Original Series,11358,18369.2,15112,None,0,0,None,0.0,0,0,0,12,0,99.19
2026-12-08,SERIES,Original Series,14266,22308.1,18463,None,0,1,None,0.0,0,0,1,12,0,99.22
2026-12-09,SERIES,Original Series,11995,14174.9,13678,None,0,0,None,0.0,0,0,2,12,0,99.25
2026-12-10,SERIES,Original Series,12738,18690.8,16793,None,0,0,None,0.0,0,0,3,12,0,99.29
2026-12-11,SERIES,Original Series,11866,11636.4,16439,None,0,0,None,0.0,0,0,4,12,0,99.32
2026-12-12,SERIES,Original Series,13101,13352.1,16050,None,0,0,None,0.0,0,1,5,12,0,99.35
2026-12-13,SERIES,Original Series,14252,23098.0,20032,None,0,0,None,0.0,0,1,6,12,0,99.38
2026-12-14,SERIES,Original Series,16367,21845.0,19403,New Episode,1,0,None,0.0,0,0,0,12,0,99.42
2026-12-15,SERIES,Original Series,16294,16439.9,21232,New Episode,1,0,None,0.0,0,0,1,12,0,99.45
2026-12-16,SERIES,Original Series,16865,21797.1,23383,New Episode,1,0,None,0.0,0,0,2,12,0,99.48
2026-12-17,SERIES,Original Series,11496,14613.4,16153,None,0,0,None,0.0,0,0,3,12,0,99.51
2026-12-18,SERIES,Original Series,11750,19945.5,14538,None,0,0,None,0.0,0,0,4,12,0,99.55
2026-12-19,SERIES,Original Series,13009,11860.3,16056,None,0,0,None,0.0,0,1,5,12,0,99.58
2026-12-20,SERIES,Original Series,14325,21368.7,20458,None,0,0,None,0.0,0,1,6,12,1,99.62
2026-12-21,SERIES,Original Series,12555,18896.3,15525,None,0,0,None,0.0,0,0,0,12,0,99.65
2026-12-22,SERIES,Original Series,12355,18780.1,12989,None,0,0,None,0.0,0,0,1,12,0,99.68
2026-12-23,SERIES,Original Series,12284,18697.1,15279,None,0,0,None,0.0,0,0,2,12,0,99.72
2026-12-24,SERIES,Original Series,10390,15249.6,13420,None,0,0,None,0.0,0,0,3,12,0,99.75
2026-12-25,SERIES,Original Series,12329,15276.2,16613,None,0,0,Christmas,1.2,1,0,4,12,0,99.79
2026-12-26,SERIES,Original Series,14145,13289.7,15300,None,0,0,None,0.0,0,1,5,12,0,99.82
2026-12-27,SERIES,Original Series,16934,28348.7,21677,None,0,1,None,0.0,0,1,6,12,0,99.85
2026-12-28,SERIES,Original Series,11605,12693.0,15021,None,0,0,None,0.0,0,0,0,12,0,99.89
2026-12-29,SERIES,Original Series,12715,14548.3,16807,None,0,0,None,0.0,0,0,1,12,0,99.92
2026-12-30,SERIES,Original Series,11984,12250.0,13888,None,0,0,None,0.0,0,0,2,12,0,99.96
2026-12-31,SERIES,Original Series,10314,12020.0,13992,None,0,0,New Year,1.1,1,0,3,12,0,99.99
2025-01-01,MOVIE,Movies,9145,10490.0,10449,None,0,0,None,0.0,0,0,2,1,0,100.03
2025-01-02,MOVIE,Movies,8176,11935.8,8614,None,0,0,None,0.0,0,0,3,1,0,100.07
2025-01-03,MOVIE,Movies,7425,7083.6,8207,None,0,0,None,0.0,0,0,4,1,0,100.1
2025-01-04,MOVIE,Movies,9196,14500.0,9851,None,0,0,None,0.0,0,1,5,1,0,100.14
2025-01-05,MOVIE,Movies,9903,8967.6,11497,None,0,0,None,0.0,0,1,6,1,0,100.17
2025-01-06,MOVIE,Movies,8268,10490.7,8832,None,0,0,None,0.0,0,0,0,1,0,100.21
2025-01-07,MOVIE,Movies,8611,13209.5,12180,None,0,0,None,0.0,0,0,1,1,0,100.24
2025-01-08,MOVIE,Movies,7846,12800.1,9880,None,0,0,None,0.0,0,0,2,1,0,100.27
2025-01-09,MOVIE,Movies,7974,11176.2,11121,None,0,0,None,0.0,0,0,3,1,0,100.31
2025-01-10,MOVIE,Movies,8576,11359.9,11332,None,0,0,None,0.0,0,0,4,1,0,100.34
2025-01-11,MOVIE,Movies,10370,15117.4,12798,None,0,0,None,0.0,0,1,5,1,0,100.38
2025-01-12,MOVIE,Movies,9225,14517.3,11404,None,0,0,None,0.0,0,1,6,1,0,100.41
2025-01-13,MOVIE,Movies,8238,7499.7,11024,None,0,0,None,0.0,0,0,0,1,0,100.44
2025-01-14,MOVIE,Movies,12368,17129.9,14573,Live Sports Final,1,0,Makar Sankranti,1.0,1,0,1,1,0,100.48
2025-01-15,MOVIE,Movies,8294,12553.0,10470,None,0,0,None,0.0,0,0,2,1,0,100.51
2025-01-16,MOVIE,Movies,10066,16511.8,11042,None,0,1,None,0.0,0,0,3,1,1,100.54
2025-01-17,MOVIE,Movies,7797,9509.7,10634,None,0,0,None,0.0,0,0,4,1,0,100.58
2025-01-18,MOVIE,Movies,9458,15335.1,11172,None,0,0,None,0.0,0,1,5,1,0,100.61
2025-01-19,MOVIE,Movies,12695,17824.2,14236,Season Premiere,1,0,None,0.0,0,1,6,1,0,100.64
2025-01-20,MOVIE,Movies,10384,12115.2,13980,Season Premiere,1,0,None,0.0,0,0,0,1,0,100.67
2025-01-21,MOVIE,Movies,7719,13019.9,8392,None,0,0,None,0.0,0,0,1,1,0,100.71
2025-01-22,MOVIE,Movies,8486,8035.4,12141,None,0,0,None,0.0,0,0,2,1,0,100.74
2025-01-23,MOVIE,Movies,8546,13637.8,11330,None,0,0,None,0.0,0,0,3,1,0,100.77
2025-01-24,MOVIE,Movies,11800,15607.7,15884,Season Premiere,1,0,None,0.0,0,0,4,1,0,100.8
2025-01-25,MOVIE,Movies,9759,13348.0,10566,None,0,0,None,0.0,0,1,5,1,0,100.83
2025-01-26,MOVIE,Movies,9607,15043.3,12253,None,0,0,Republic Day,0.8,1,1,6,1,0,100.86
2025-01-27,MOVIE,Movies,10312,16929.0,10951,Live Sports Final,1,0,None,0.0,0,0,0,1,0,100.9
2025-01-28,MOVIE,Movies,10710,17311.3,12647,Blockbuster Release,1,0,None,0.0,0,0,1,1,0,100.93
2025-01-29,MOVIE,Movies,10355,13184.0,13872,None,0,1,None,0.0,0,0,2,1,0,100.96
2025-01-30,MOVIE,Movies,7756,11398.7,8812,None,0,0,None,0.0,0,0,3,1,0,100.99
2025-01-31,MOVIE,Movies,8198,12312.3,10893,None,0,0,None,0.0,0,0,4,1,0,101.02
2025-02-01,MOVIE,Movies,9514,11198.5,12084,None,0,0,None,0.0,0,1,5,2,0,101.05
2025-02-02,MOVIE,Movies,12287,14040.9,17376,Blockbuster Release,1,0,None,0.0,0,1,6,2,0,101.08
2025-02-03,MOVIE,Movies,11568,18013.8,14445,Blockbuster Release,1,0,None,0.0,0,0,0,2,0,101.1
2025-02-04,MOVIE,Movies,9123,12121.3,10678,None,0,0,None,0.0,0,0,1,2,0,101.13
2025-02-05,MOVIE,Movies,8236,8882.2,11530,None,0,0,None,0.0,0,0,2,2,0,101.16
2025-02-06,MOVIE,Movies,8094,12985.9,10046,None,0,0,None,0.0,0,0,3,2,0,101.19
2025-02-07,MOVIE,Movies,7585,9828.3,8838,None,0,0,None,0.0,0,0,4,2,0,101.22
2025-02-08,MOVIE,Movies,9332,14909.9,11350,None,0,0,None,0.0,0,1,5,2,0,101.24
2025-02-09,MOVIE,Movies,9801,10112.2,12027,None,0,0,None,0.0,0,1,6,2,0,101.27
2025-02-10,MOVIE,Movies,8250,13305.5,9396,None,0,0,None,0.0,0,0,0,2,0,101.3
2025-02-11,MOVIE,Movies,8003,9793.5,10955,None,0,0,None,0.0,0,0,1,2,0,101.32
2025-02-12,MOVIE,Movies,8834,10018.1,12174,None,0,0,None,0.0,0,0,2,2,0,101.35
2025-02-13,MOVIE,Movies,8108,9690.6,9956,None,0,0,None,0.0,0,0,3,2,0,101.37
2025-02-14,MOVIE,Movies,8014,11077.1,8469,None,0,0,None,0.0,0,0,4,2,0,101.4
2025-02-15,MOVIE,Movies,9581,10925.5,10454,None,0,0,None,0.0,0,1,5,2,0,101.42
2025-02-16,MOVIE,Movies,10252,14505.7,12852,None,0,0,None,0.0,0,1,6,2,0,101.45
2025-02-17,MOVIE,Movies,8175,10654.0,9436,None,0,0,None,0.0,0,0,0,2,0,101.47
2025-02-18,MOVIE,Movies,7756,11047.7,9170,None,0,0,None,0.0,0,0,1,2,0,101.49
2025-02-19,MOVIE,Movies,8579,10036.0,10828,None,0,0,None,0.0,0,0,2,2,0,101.52
2025-02-20,MOVIE,Movies,8077,8944.9,10622,None,0,0,None,0.0,0,0,3,2,0,101.54
2025-02-21,MOVIE,Movies,8587,12357.5,9659,None,0,0,None,0.0,0,0,4,2,0,101.56
2025-02-22,MOVIE,Movies,8335,11030.8,11042,None,0,0,None,0.0,0,1,5,2,0,101.58
2025-02-23,MOVIE,Movies,9533,9665.7,10425,None,0,0,None,0.0,0,1,6,2,0,101.6
2025-02-24,MOVIE,Movies,8130,11563.0,10373,None,0,0,None,0.0,0,0,0,2,0,101.62
2025-02-25,MOVIE,Movies,7723,8661.4,10178,None,0,0,None,0.0,0,0,1,2,0,101.64
2025-02-26,MOVIE,Movies,7579,9030.6,8843,None,0,0,None,0.0,0,0,2,2,0,101.66
2025-02-27,MOVIE,Movies,8116,12856.8,11236,None,0,0,None,0.0,0,0,3,2,0,101.68
2025-02-28,MOVIE,Movies,7664,8137.9,10463,None,0,0,None,0.0,0,0,4,2,0,101.7
2025-03-01,MOVIE,Movies,11437,14234.8,16043,Live Sports Final,1,0,None,0.0,0,1,5,3,0,101.72
2025-03-02,MOVIE,Movies,8849,8572.0,10501,None,0,0,None,0.0,0,1,6,3,0,101.73
2025-03-03,MOVIE,Movies,7583,9556.4,10792,None,0,0,None,0.0,0,0,0,3,0,101.75
2025-03-04,MOVIE,Movies,8300,13585.4,10322,None,0,0,None,0.0,0,0,1,3,0,101.77
2025-03-05,MOVIE,Movies,7603,10240.4,8929,None,0,0,None,0.0,0,0,2,3,0,101.78
2025-03-06,MOVIE,Movies,8286,13213.3,10765,None,0,0,None,0.0,0,0,3,3,0,101.8
2025-03-07,MOVIE,Movies,7741,10323.8,10864,None,0,0,None,0.0,0,0,4,3,0,101.81
2025-03-08,MOVIE,Movies,9982,9451.7,14030,None,0,0,None,0.0,0,1,5,3,0,101.83
2025-03-09,MOVIE,Movies,9749,12708.5,11183,None,0,0,None,0.0,0,1,6,3,0,101.84
2025-03-10,MOVIE,Movies,8120,8819.3,9021,None,0,0,None,0.0,0,0,0,3,0,101.85
2025-03-11,MOVIE,Movies,8376,10437.3,10295,None,0,0,None,0.0,0,0,1,3,0,101.87
2025-03-12,MOVIE,Movies,8857,9652.1,12625,None,0,0,Holi,0.8,1,0,2,3,0,101.88
2025-03-13,MOVIE,Movies,11904,11790.3,17094,Season Premiere,1,0,Holi,1.05,1,0,3,3,0,101.89
2025-03-14,MOVIE,Movies,12052,12888.2,13984,Season Premiere,1,0,Holi,1.3,1,0,4,3,0,101.9
2025-03-15,MOVIE,Movies,8684,10603.8,9352,None,0,0,Holi,1.05,1,1,5,3,0,101.91
2025-03-16,MOVIE,Movies,9515,14828.0,12690,None,0,0,Holi,0.8,1,1,6,3,0,101.92
2025-03-17,MOVIE,Movies,11009,16684.7,12580,New Episode,1,0,None,0.0,0,0,0,3,0,101.93
2025-03-18,MOVIE,Movies,12061,11209.1,13682,New Episode,1,0,None,0.0,0,0,1,3,0,101.94
2025-03-19,MOVIE,Movies,8080,12293.7,10861,None,0,0,None,0.0,0,0,2,3,0,101.95
2025-03-20,MOVIE,Movies,7918,7320.9,8950,None,0,0,None,0.0,0,0,3,3,0,101.96
2025-03-21,MOVIE,Movies,8640,8300.5,11780,None,0,0,None,0.0,0,0,4,3,0,101.96
2025-03-22,MOVIE,Movies,8682,13104.5,12332,None,0,0,None,0.0,0,1,5,3,0,101.97
2025-03-23,MOVIE,Movies,9506,11545.8,10565,None,0,0,None,0.0,0,1,6,3,0,101.97
2025-03-24,MOVIE,Movies,10334,11958.2,13112,Blockbuster Release,1,0,None,0.0,0,0,0,3,0,101.98
2025-03-25,MOVIE,Movies,7899,9481.6,10506,None,0,0,None,0.0,0,0,1,3,1,101.98
2025-03-26,MOVIE,Movies,8048,10617.9,10172,None,0,0,None,0.0,0,0,2,3,0,101.99
2025-03-27,MOVIE,Movies,9151,12676.3,12938,None,0,0,None,0.0,0,0,3,3,0,101.99
2025-03-28,MOVIE,Movies,8231,11822.0,8865,None,0,0,None,0.0,0,0,4,3,0,101.99
2025-03-29,MOVIE,Movies,9054,8845.2,13109,None,0,0,None,0.0,0,1,5,3,0,102.0
2025-03-30,MOVIE,Movies,9490,9789.4,12092,None,0,0,None,0.0,0,1,6,3,0,102.0
2025-03-31,MOVIE,Movies,9147,11409.2,10385,None,0,0,None,0.0,0,0,0,3,0,102.0
2025-04-01,MOVIE,Movies,7142,11365.0,9307,None,0,0,None,0.0,0,0,1,4,0,102.0
2025-04-02,MOVIE,Movies,8766,13238.0,11534,None,0,0,None,0.0,0,0,2,4,0,102.0
2025-04-03,MOVIE,Movies,8542,8963.5,8986,None,0,0,None,0.0,0,0,3,4,0,102.0
2025-04-04,MOVIE,Movies,8259,9332.2,11436,None,0,0,None,0.0,0,0,4,4,0,102.0
2025-04-05,MOVIE,Movies,9398,11305.0,10135,None,0,0,None,0.0,0,1,5,4,0,102.0
2025-04-06,MOVIE,Movies,10402,16517.6,11815,None,0,0,None,0.0,0,1,6,4,0,101.99
2025-04-07,MOVIE,Movies,8742,14709.8,11263,None,0,0,None,0.0,0,0,0,4,0,101.99
2025-04-08,MOVIE,Movies,7735,7433.9,10518,None,0,0,None,0.0,0,0,1,4,0,101.99
2025-04-09,MOVIE,Movies,8345,10760.7,10895,None,0,0,None,0.0,0,0,2,4,0,101.98
2025-04-10,MOVIE,Movies,9048,10767.0,11746,None,0,0,None,0.0,0,0,3,4,0,101.98
2025-04-11,MOVIE,Movies,11811,13670.0,14730,New Episode,1,0,None,0.0,0,0,4,4,0,101.97
2025-04-12,MOVIE,Movies,9737,12650.9,12223,None,0,0,None,0.0,0,1,5,4,0,101.97
2025-04-13,MOVIE,Movies,8840,13038.6,10803,None,0,0,None,0.0,0,1,6,4,0,101.96
2025-04-14,MOVIE,Movies,9667,13266.9,11224,None,0,0,None,0.0,0,0,0,4,0,101.95
2025-04-15,MOVIE,Movies,8754,10850.4,10462,None,0,0,None,0.0,0,0,1,4,0,101.94
2025-04-16,MOVIE,Movies,9365,13839.6,13122,None,0,0,None,0.0,0,0,2,4,0,101.94
2025-04-17,MOVIE,Movies,8516,10467.8,10246,None,0,0,None,0.0,0,0,3,4,0,101.93
2025-04-18,MOVIE,Movies,8334,11845.5,11287,None,0,0,None,0.0,0,0,4,4,0,101.92
2025-04-19,MOVIE,Movies,12875,13317.2,16673,Season Premiere,1,0,None,0.0,0,1,5,4,0,101.91
2025-04-20,MOVIE,Movies,13807,16176.9,15734,Season Premiere,1,0,None,0.0,0,1,6,4,0,101.9
2025-04-21,MOVIE,Movies,9208,12476.2,10235,None,0,0,None,0.0,0,0,0,4,0,101.89
2025-04-22,MOVIE,Movies,12120,19808.0,13322,Season Premiere,1,0,None,0.0,0,0,1,4,0,101.87
2025-04-23,MOVIE,Movies,9646,8830.1,12039,None,0,0,None,0.0,0,0,2,4,0,101.86
2025-04-24,MOVIE,Movies,8428,12485.9,9535,None,0,0,None,0.0,0,0,3,4,0,101.85
2025-04-25,MOVIE,Movies,7997,10293.2,9227,None,0,0,None,0.0,0,0,4,4,0,101.84
2025-04-26,MOVIE,Movies,9756,14592.9,13513,None,0,0,None,0.0,0,1,5,4,0,101.82
2025-04-27,MOVIE,Movies,10072,9990.1,12544,None,0,0,None,0.0,0,1,6,4,0,101.81
2025-04-28,MOVIE,Movies,8207,11271.4,9709,None,0,0,None,0.0,0,0,0,4,0,101.79
2025-04-29,MOVIE,Movies,8334,10312.6,9368,None,0,0,None,0.0,0,0,1,4,0,101.78
2025-04-30,MOVIE,Movies,8483,9748.9,10390,None,0,0,None,0.0,0,0,2,4,0,101.76
2025-05-01,MOVIE,Movies,8645,8005.2,9988,None,0,0,None,0.0,0,0,3,5,0,101.74
2025-05-02,MOVIE,Movies,8441,11145.0,8994,None,0,0,None,0.0,0,0,4,5,0,101.73
2025-05-03,MOVIE,Movies,9740,11429.9,13606,None,0,0,None,0.0,0,1,5,5,0,101.71
2025-05-04,MOVIE,Movies,13642,22340.2,17427,Blockbuster Release,1,0,None,0.0,0,1,6,5,0,101.69
2025-05-05,MOVIE,Movies,11988,17992.4,16570,Blockbuster Release,1,0,None,0.0,0,0,0,5,0,101.67
2025-05-06,MOVIE,Movies,8085,7839.4,10885,None,0,0,None,0.0,0,0,1,5,0,101.65
2025-05-07,MOVIE,Movies,7316,8398.7,7724,None,0,0,None,0.0,0,0,2,5,0,101.63
2025-05-08,MOVIE,Movies,7775,8613.1,10195,None,0,0,None,0.0,0,0,3,5,0,101.61
2025-05-09,MOVIE,Movies,8637,12499.8,9553,None,0,0,None,0.0,0,0,4,5,0,101.59
2025-05-10,MOVIE,Movies,9211,12528.2,9940,None,0,0,None,0.0,0,1,5,5,0,101.57
2025-05-11,MOVIE,Movies,9784,11615.5,10387,None,0,0,None,0.0,0,1,6,5,0,101.55
2025-05-12,MOVIE,Movies,8344,8990.1,11580,None,0,0,None,0.0,0,0,0,5,0,101.53
2025-05-13,MOVIE,Movies,8417,10541.3,10759,None,0,0,None,0.0,0,0,1,5,0,101.51
2025-05-14,MOVIE,Movies,8662,9534.6,11772,None,0,0,None,0.0,0,0,2,5,0,101.48
2025-05-15,MOVIE,Movies,12249,12880.9,15989,Blockbuster Release,1,0,None,0.0,0,0,3,5,0,101.46
2025-05-16,MOVIE,Movies,11558,17944.4,12776,Blockbuster Release,1,0,None,0.0,0,0,4,5,0,101.44
2025-05-17,MOVIE,Movies,9043,15144.2,11694,None,0,0,None,0.0,0,1,5,5,0,101.41
2025-05-18,MOVIE,Movies,9821,14770.8,10751,None,0,0,None,0.0,0,1,6,5,0,101.39
2025-05-19,MOVIE,Movies,8796,8355.7,9420,None,0,0,None,0.0,0,0,0,5,0,101.36
2025-05-20,MOVIE,Movies,7094,11710.8,8414,None,0,0,None,0.0,0,0,1,5,0,101.34
2025-05-21,MOVIE,Movies,7974,10070.3,8691,None,0,0,None,0.0,0,0,2,5,0,101.31
2025-05-22,MOVIE,Movies,8407,9351.8,11200,None,0,0,None,0.0,0,0,3,5,0,101.29
2025-05-23,MOVIE,Movies,8116,12315.4,10487,None,0,0,None,0.0,0,0,4,5,0,101.26
2025-05-24,MOVIE,Movies,9729,8785.3,12872,None,0,0,None,0.0,0,1,5,5,0,101.23
2025-05-25,MOVIE,Movies,9295,8591.5,13133,None,0,0,None,0.0,0,1,6,5,0,101.21
2025-05-26,MOVIE,Movies,8934,13462.5,10678,None,0,0,None,0.0,0,0,0,5,0,101.18
2025-05-27,MOVIE,Movies,8427,8666.1,10731,None,0,0,None,0.0,0,0,1,5,0,101.15
2025-05-28,MOVIE,Movies,7365,9411.3,8835,None,0,0,None,0.0,0,0,2,5,0,101.12
2025-05-29,MOVIE,Movies,8820,11640.9,9755,None,0,0,None,0.0,0,0,3,5,0,101.09
2025-05-30,MOVIE,Movies,12050,20424.5,16708,Blockbuster Release,1,0,None,0.0,0,0,4,5,0,101.06
2025-05-31,MOVIE,Movies,13313,15490.6,17026,Blockbuster Release,1,0,None,0.0,0,1,5,5,0,101.04
2025-06-01,MOVIE,Movies,8609,9840.7,11185,None,0,0,None,0.0,0,1,6,6,0,101.01
2025-06-02,MOVIE,Movies,12117,15497.2,13973,Blockbuster Release,1,0,None,0.0,0,0,0,6,0,100.98
2025-06-03,MOVIE,Movies,11014,14176.6,15212,Blockbuster Release,1,0,None,0.0,0,0,1,6,0,100.95
2025-06-04,MOVIE,Movies,8200,10977.3,10280,None,0,0,None,0.0,0,0,2,6,0,100.92
2025-06-05,MOVIE,Movies,8080,12949.2,8708,None,0,0,None,0.0,0,0,3,6,0,100.88
2025-06-06,MOVIE,Movies,10780,15816.6,12701,New Episode,1,0,None,0.0,0,0,4,6,1,100.85
2025-06-07,MOVIE,Movies,13353,21225.0,16447,New Episode,1,0,None,0.0,0,1,5,6,0,100.82
2025-06-08,MOVIE,Movies,9792,11840.9,11589,None,0,0,None,0.0,0,1,6,6,0,100.79
2025-06-09,MOVIE,Movies,8480,12862.6,9292,None,0,0,None,0.0,0,0,0,6,0,100.76
2025-06-10,MOVIE,Movies,11494,19182.2,13560,Blockbuster Release,1,0,None,0.0,0,0,1,6,0,100.73
2025-06-11,MOVIE,Movies,7990,7694.5,8398,None,0,0,None,0.0,0,0,2,6,0,100.69
2025-06-12,MOVIE,Movies,9262,11559.8,10509,None,0,0,None,0.0,0,0,3,6,0,100.66
2025-06-13,MOVIE,Movies,8526,11741.1,11130,None,0,0,None,0.0,0,0,4,6,0,100.63
2025-06-14,MOVIE,Movies,12828,17556.1,16239,Live Sports Final,1,0,None,0.0,0,1,5,6,0,100.6
2025-06-15,MOVIE,Movies,9939,13024.7,11928,None,0,0,None,0.0,0,1,6,6,0,100.56
2025-06-16,MOVIE,Movies,8633,13449.6,12379,None,0,0,None,0.0,0,0,0,6,0,100.53
2025-06-17,MOVIE,Movies,8779,9379.0,9379,None,0,0,None,0.0,0,0,1,6,0,100.5
2025-06-18,MOVIE,Movies,11610,19417.6,15163,Season Premiere,1,0,None,0.0,0,0,2,6,0,100.46
2025-06-19,MOVIE,Movies,11273,17438.9,14638,Season Premiere,1,0,None,0.0,0,0,3,6,0,100.43
2025-06-20,MOVIE,Movies,9161,10392.4,11527,None,0,1,None,0.0,0,0,4,6,0,100.4
2025-06-21,MOVIE,Movies,9391,8696.9,10851,None,0,0,None,0.0,0,1,5,6,0,100.36
2025-06-22,MOVIE,Movies,8746,12915.8,10946,None,0,0,None,0.0,0,1,6,6,1,100.33
2025-06-23,MOVIE,Movies,8606,7927.4,10655,None,0,0,None,0.0,0,0,0,6,0,100.3
2025-06-24,MOVIE,Movies,7513,9686.6,8327,None,0,0,None,0.0,0,0,1,6,0,100.26
2025-06-25,MOVIE,Movies,11438,15620.2,13092,New Episode,1,0,None,0.0,0,0,2,6,1,100.23
2025-06-26,MOVIE,Movies,12062,20299.9,14775,New Episode,1,0,None,0.0,0,0,3,6,0,100.19
2025-06-27,MOVIE,Movies,8300,9554.7,9950,None,0,0,None,0.0,0,0,4,6,0,100.16
2025-06-28,MOVIE,Movies,9672,14263.0,10658,None,0,0,None,0.0,0,1,5,6,0,100.12
2025-06-29,MOVIE,Movies,9962,16571.7,11409,None,0,0,None,0.0,0,1,6,6,0,100.09
2025-06-30,MOVIE,Movies,11946,15175.3,15371,Season Premiere,1,0,None,0.0,0,0,0,6,0,100.06
2025-07-01,MOVIE,Movies,9040,9009.2,12037,None,0,0,None,0.0,0,0,1,7,0,100.02
2025-07-02,MOVIE,Movies,8769,8755.8,11843,None,0,0,None,0.0,0,0,2,7,0,99.99
2025-07-03,MOVIE,Movies,8652,10482.9,10952,None,0,0,None,0.0,0,0,3,7,0,99.95
2025-07-04,MOVIE,Movies,7322,8490.8,7849,None,0,0,None,0.0,0,0,4,7,0,99.92
2025-07-05,MOVIE,Movies,13548,15623.5,15477,Season Premiere,1,0,None,0.0,0,1,5,7,0,99.88
2025-07-06,MOVIE,Movies,10671,13740.5,14312,None,0,0,None,0.0,0,1,6,7,0,99.85
2025-07-07,MOVIE,Movies,8824,11734.8,10283,None,0,0,None,0.0,0,0,0,7,1,99.82
2025-07-08,MOVIE,Movies,9010,10022.3,11875,None,0,0,None,0.0,0,0,1,7,0,99.78
2025-07-09,MOVIE,Movies,8068,10102.4,10561,None,0,0,None,0.0,0,0,2,7,0,99.75
2025-07-10,MOVIE,Movies,8417,11963.3,10574,None,0,0,None,0.0,0,0,3,7,0,99.71
2025-07-11,MOVIE,Movies,8782,11816.8,10304,None,0,0,None,0.0,0,0,4,7,0,99.68
2025-07-12,MOVIE,Movies,9982,15013.7,10799,None,0,0,None,0.0,0,1,5,7,0,99.64
2025-07-13,MOVIE,Movies,10183,11397.6,13663,None,0,0,None,0.0,0,1,6,7,0,99.61
2025-07-14,MOVIE,Movies,7811,9384.2,8974,None,0,0,None,0.0,0,0,0,7,0,99.58
2025-07-15,MOVIE,Movies,8008,10752.8,9315,None,0,0,None,0.0,0,0,1,7,0,99.54
2025-07-16,MOVIE,Movies,7722,12558.9,8486,None,0,0,None,0.0,0,0,2,7,0,99.51
2025-07-17,MOVIE,Movies,8614,11969.8,11552,None,0,0,None,0.0,0,0,3,7,0,99.48
2025-07-18,MOVIE,Movies,8360,9449.2,11987,None,0,0,None,0.0,0,0,4,7,0,99.44
2025-07-19,MOVIE,Movies,9627,8948.3,11964,None,0,0,None,0.0,0,1,5,7,0,99.41
2025-07-20,MOVIE,Movies,9350,12264.7,11170,None,0,0,None,0.0,0,1,6,7,0,99.38
2025-07-21,MOVIE,Movies,7987,13261.9,10036,None,0,0,None,0.0,0,0,0,7,0,99.35
2025-07-22,MOVIE,Movies,8474,12148.8,10224,None,0,0,None,0.0,0,0,1,7,0,99.31
2025-07-23,MOVIE,Movies,9110,11292.5,10690,None,0,0,None,0.0,0,0,2,7,0,99.28
2025-07-24,MOVIE,Movies,9375,9013.7,13487,None,0,0,None,0.0,0,0,3,7,0,99.25
2025-07-25,MOVIE,Movies,9378,9313.5,13354,None,0,0,None,0.0,0,0,4,7,0,99.22
2025-07-26,MOVIE,Movies,9481,14173.2,12327,None,0,0,None,0.0,0,1,5,7,0,99.19
2025-07-27,MOVIE,Movies,9072,10457.2,9596,None,0,0,None,0.0,0,1,6,7,0,99.15
2025-07-28,MOVIE,Movies,8988,10194.6,10772,None,0,0,None,0.0,0,0,0,7,0,99.12
2025-07-29,MOVIE,Movies,12437,13490.1,14048,Blockbuster Release,1,0,None,0.0,0,0,1,7,0,99.09
2025-07-30,MOVIE,Movies,11947,19327.7,15331,Live Sports Final,1,0,None,0.0,0,0,2,7,0,99.06
2025-07-31,MOVIE,Movies,8472,9694.8,10249,None,0,0,None,0.0,0,0,3,7,0,99.03
2025-08-01,MOVIE,Movies,8126,8463.5,9886,None,0,0,None,0.0,0,0,4,8,0,99.0
2025-08-02,MOVIE,Movies,10108,12066.7,14345,None,0,0,None,0.0,0,1,5,8,0,98.97
2025-08-03,MOVIE,Movies,13802,20266.5,19482,Blockbuster Release,1,0,None,0.0,0,1,6,8,0,98.94
2025-08-04,MOVIE,Movies,11879,14627.9,13762,Season Premiere,1,0,None,0.0,0,0,0,8,0,98.91
2025-08-05,MOVIE,Movies,11083,16758.5,14400,Season Premiere,1,0,None,0.0,0,0,1,8,0,98.89
2025-08-06,MOVIE,Movies,11150,16118.5,15569,Season Premiere,1,0,None,0.0,0,0,2,8,0,98.86
2025-08-07,MOVIE,Movies,8440,9997.2,12102,None,0,0,None,0.0,0,0,3,8,0,98.83
2025-08-08,MOVIE,Movies,9094,14551.5,12254,None,0,0,None,0.0,0,0,4,8,0,98.8
2025-08-09,MOVIE,Movies,10636,10201.1,11590,None,0,0,Raksha Bandhan,1.0,1,1,5,8,0,98.77
2025-08-10,MOVIE,Movies,9544,14202.7,12617,None,0,0,None,0.0,0,1,6,8,0,98.75
2025-08-11,MOVIE,Movies,7451,9732.9,9288,None,0,0,None,0.0,0,0,0,8,0,98.72
2025-08-12,MOVIE,Movies,9267,10716.7,10801,None,0,0,None,0.0,0,0,1,8,0,98.69
2025-08-13,MOVIE,Movies,9215,11306.3,12962,None,0,0,None,0.0,0,0,2,8,0,98.67
2025-08-14,MOVIE,Movies,8575,11749.7,11194,None,0,0,None,0.0,0,0,3,8,0,98.64
2025-08-15,MOVIE,Movies,8526,9538.5,12066,None,0,0,Independence Day,0.9,1,0,4,8,0,98.62
2025-08-16,MOVIE,Movies,9606,13309.5,10344,None,0,0,None,0.0,0,1,5,8,0,98.59
2025-08-17,MOVIE,Movies,10318,13661.4,14069,None,0,0,None,0.0,0,1,6,8,0,98.57
2025-08-18,MOVIE,Movies,8817,13358.0,11326,None,0,0,None,0.0,0,0,0,8,0,98.54
2025-08-19,MOVIE,Movies,8265,8624.6,9674,None,0,0,None,0.0,0,0,1,8,0,98.52
2025-08-20,MOVIE,Movies,13010,15420.2,18222,Season Premiere,1,0,None,0.0,0,0,2,8,0,98.5
2025-08-21,MOVIE,Movies,7635,9991.1,10451,None,0,0,None,0.0,0,0,3,8,0,98.48
2025-08-22,MOVIE,Movies,8169,12106.5,10434,None,0,0,None,0.0,0,0,4,8,0,98.45
2025-08-23,MOVIE,Movies,9461,11058.2,13611,None,0,0,None,0.0,0,1,5,8,0,98.43
2025-08-24,MOVIE,Movies,9856,11280.3,13495,None,0,0,None,0.0,0,1,6,8,0,98.41
2025-08-25,MOVIE,Movies,9169,14802.6,11341,None,0,0,None,0.0,0,0,0,8,0,98.39
2025-08-26,MOVIE,Movies,8996,8880.5,9642,None,0,0,None,0.0,0,0,1,8,0,98.37
2025-08-27,MOVIE,Movies,8594,12734.6,11116,None,0,0,None,0.0,0,0,2,8,0,98.35
2025-08-28,MOVIE,Movies,7761,11978.8,9494,None,0,0,None,0.0,0,0,3,8,0,98.33
2025-08-29,MOVIE,Movies,9072,10061.8,11627,None,0,0,None,0.0,0,0,4,8,0,98.31
2025-08-30,MOVIE,Movies,9152,11437.2,9782,None,0,0,None,0.0,0,1,5,8,0,98.29
2025-08-31,MOVIE,Movies,9575,12599.4,13208,None,0,0,None,0.0,0,1,6,8,0,98.28
2025-09-01,MOVIE,Movies,8485,12867.3,11641,None,0,0,None,0.0,0,0,0,9,0,98.26
2025-09-02,MOVIE,Movies,8066,12899.3,10904,None,0,0,None,0.0,0,0,1,9,0,98.24
2025-09-03,MOVIE,Movies,8056,9781.1,10972,None,0,0,None,0.0,0,0,2,9,0,98.23
2025-09-04,MOVIE,Movies,9041,10656.6,10149,None,0,0,None,0.0,0,0,3,9,0,98.21
2025-09-05,MOVIE,Movies,9368,11063.7,11754,None,0,0,None,0.0,0,0,4,9,0,98.2
2025-09-06,MOVIE,Movies,9772,10323.3,13222,None,0,0,None,0.0,0,1,5,9,0,98.18
2025-09-07,MOVIE,Movies,8795,8306.9,11427,None,0,0,None,0.0,0,1,6,9,0,98.17
2025-09-08,MOVIE,Movies,8698,14014.7,10933,None,0,0,None,0.0,0,0,0,9,0,98.15
2025-09-09,MOVIE,Movies,8139,9356.2,9701,None,0,0,None,0.0,0,0,1,9,0,98.14
2025-09-10,MOVIE,Movies,8747,7950.1,11501,None,0,0,None,0.0,0,0,2,9,0,98.13
2025-09-11,MOVIE,Movies,8711,8851.4,9283,None,0,0,None,0.0,0,0,3,9,0,98.12
2025-09-12,MOVIE,Movies,7463,12343.4,7920,None,0,0,None,0.0,0,0,4,9,0,98.11
2025-09-13,MOVIE,Movies,9602,9111.0,11757,None,0,0,None,0.0,0,1,5,9,0,98.09
2025-09-14,MOVIE,Movies,10181,14799.3,12923,None,0,0,None,0.0,0,1,6,9,0,98.08
2025-09-15,MOVIE,Movies,8493,12949.3,10019,None,0,0,None,0.0,0,0,0,9,0,98.07
2025-09-16,MOVIE,Movies,7919,11867.2,10475,None,0,0,None,0.0,0,0,1,9,0,98.07
2025-09-17,MOVIE,Movies,8926,10414.3,12689,None,0,0,None,0.0,0,0,2,9,0,98.06
2025-09-18,MOVIE,Movies,7595,10721.7,8363,None,0,0,None,0.0,0,0,3,9,0,98.05
2025-09-19,MOVIE,Movies,8687,9776.4,10769,None,0,0,None,0.0,0,0,4,9,0,98.04
2025-09-20,MOVIE,Movies,9527,11749.0,13595,None,0,0,None,0.0,0,1,5,9,0,98.04
2025-09-21,MOVIE,Movies,10087,15784.2,14444,None,0,0,None,0.0,0,1,6,9,0,98.03
2025-09-22,MOVIE,Movies,8425,11671.0,10499,None,0,0,None,0.0,0,0,0,9,0,98.02
2025-09-23,MOVIE,Movies,12089,15411.6,16419,Season Premiere,1,0,None,0.0,0,0,1,9,0,98.02
2025-09-24,MOVIE,Movies,12593,18254.6,14190,Season Premiere,1,0,None,0.0,0,0,2,9,0,98.01
2025-09-25,MOVIE,Movies,8959,13368.6,12291,None,0,0,None,0.0,0,0,3,9,0,98.01
2025-09-26,MOVIE,Movies,8950,14714.3,12889,None,0,0,None,0.0,0,0,4,9,0,98.01
2025-09-27,MOVIE,Movies,10182,15422.9,12042,None,0,0,None,0.0,0,1,5,9,0,98.0
2025-09-28,MOVIE,Movies,8864,11372.3,10139,None,0,0,None,0.0,0,1,6,9,0,98.0
2025-09-29,MOVIE,Movies,11867,12750.3,13019,Blockbuster Release,1,0,None,0.0,0,0,0,9,0,98.0
2025-09-30,MOVIE,Movies,8722,11132.3,10718,None,0,0,None,0.0,0,0,1,9,0,98.0
2025-10-01,MOVIE,Movies,8886,11124.5,10490,None,0,0,None,0.0,0,0,2,10,0,98.0
2025-10-02,MOVIE,Movies,8731,12042.4,10909,None,0,0,Gandhi Jayanti,0.7,1,0,3,10,0,98.0
2025-10-03,MOVIE,Movies,8982,12578.0,11291,None,0,0,None,0.0,0,0,4,10,0,98.0
2025-10-04,MOVIE,Movies,9308,9992.2,12986,None,0,0,None,0.0,0,1,5,10,0,98.0
2025-10-05,MOVIE,Movies,14751,22788.8,20696,Season Premiere,1,0,None,0.0,0,1,6,10,0,98.0
2025-10-06,MOVIE,Movies,8896,10947.7,10899,None,0,0,None,0.0,0,0,0,10,0,98.01
2025-10-07,MOVIE,Movies,8048,12311.9,10893,None,0,0,None,0.0,0,0,1,10,0,98.01
2025-10-08,MOVIE,Movies,9356,8537.5,11913,None,0,0,None,0.0,0,0,2,10,0,98.01
2025-10-09,MOVIE,Movies,7939,12034.3,10642,None,0,0,None,0.0,0,0,3,10,0,98.02
2025-10-10,MOVIE,Movies,11847,15868.3,15758,New Episode,1,0,None,0.0,0,0,4,10,0,98.02
2025-10-11,MOVIE,Movies,13686,16951.1,18902,New Episode,1,0,None,0.0,0,1,5,10,0,98.03
2025-10-12,MOVIE,Movies,9636,9771.8,10747,None,0,0,None,0.0,0,1,6,10,0,98.04
2025-10-13,MOVIE,Movies,8515,13703.6,11651,None,0,0,None,0.0,0,0,0,10,0,98.04
2025-10-14,MOVIE,Movies,8622,8126.0,9828,None,0,0,None,0.0,0,0,1,10,0,98.05
2025-10-15,MOVIE,Movies,7971,7898.8,10562,None,0,0,None,0.0,0,0,2,10,0,98.06
2025-10-16,MOVIE,Movies,8746,13790.8,12540,None,0,0,None,0.0,0,0,3,10,0,98.07
2025-10-17,MOVIE,Movies,8592,12466.1,11031,None,0,0,None,0.0,0,0,4,10,0,98.08
2025-10-18,MOVIE,Movies,11342,17865.4,15926,None,0,0,Diwali,1.0,1,1,5,10,0,98.09
2025-10-19,MOVIE,Movies,11166,18730.8,15345,None,0,0,Diwali,1.25,1,1,6,10,0,98.1
2025-10-20,MOVIE,Movies,8624,10108.2,11474,None,0,0,Diwali,1.5,1,0,0,10,0,98.11
2025-10-21,MOVIE,Movies,8966,13872.6,9682,None,0,0,Diwali,1.5,1,0,1,10,0,98.12
2025-10-22,MOVIE,Movies,8500,7911.0,9007,None,0,0,Diwali,1.0,1,0,2,10,0,98.13
2025-10-23,MOVIE,Movies,8452,13771.3,11939,None,0,0,None,0.0,0,0,3,10,0,98.14
2025-10-24,MOVIE,Movies,9093,12817.0,12083,None,0,0,None,0.0,0,0,4,10,0,98.16
2025-10-25,MOVIE,Movies,9832,15953.8,12476,None,0,0,None,0.0,0,1,5,10,0,98.17
2025-10-26,MOVIE,Movies,9606,12979.7,10096,None,0,0,None,0.0,0,1,6,10,0,98.18
2025-10-27,MOVIE,Movies,8951,12574.8,9843,None,0,0,None,0.0,0,0,0,10,0,98.2
2025-10-28,MOVIE,Movies,9042,14864.7,11988,None,0,1,None,0.0,0,0,1,10,0,98.21
2025-10-29,MOVIE,Movies,8385,9574.5,9591,None,0,0,None,0.0,0,0,2,10,0,98.23
2025-10-30,MOVIE,Movies,9394,11043.1,11203,None,0,0,None,0.0,0,0,3,10,0,98.24
2025-10-31,MOVIE,Movies,12694,20073.8,17539,New Episode,1,0,None,0.0,0,0,4,10,0,98.26
2025-11-01,MOVIE,Movies,10651,17808.6,12566,None,0,0,None,0.0,0,1,5,11,0,98.28
2025-11-02,MOVIE,Movies,12960,18587.2,16291,Season Premiere,1,0,None,0.0,0,1,6,11,0,98.3
2025-11-03,MOVIE,Movies,11175,13902.4,12049,Season Premiere,1,0,None,0.0,0,0,0,11,0,98.31
2025-11-04,MOVIE,Movies,8331,8238.4,10399,None,0,0,None,0.0,0,0,1,11,0,98.33
2025-11-05,MOVIE,Movies,8623,11950.4,11525,None,0,0,None,0.0,0,0,2,11,0,98.35
2025-11-06,MOVIE,Movies,9747,15199.1,11127,None,0,1,None,0.0,0,0,3,11,0,98.37
2025-11-07,MOVIE,Movies,7654,7561.4,9811,None,0,0,None,0.0,0,0,4,11,0,98.39
2025-11-08,MOVIE,Movies,10445,11828.7,13422,None,0,0,None,0.0,0,1,5,11,1,98.41
2025-11-09,MOVIE,Movies,10351,10158.4,14245,None,0,0,None,0.0,0,1,6,11,0,98.43
2025-11-10,MOVIE,Movies,8283,9700.3,9893,None,0,0,None,0.0,0,0,0,11,0,98.46
2025-11-11,MOVIE,Movies,9033,12300.8,12716,None,0,0,None,0.0,0,0,1,11,0,98.48
2025-11-12,MOVIE,Movies,9167,9203.8,11349,None,0,0,None,0.0,0,0,2,11,0,98.5
2025-11-13,MOVIE,Movies,7260,9284.2,7717,None,0,0,None,0.0,0,0,3,11,0,98.52
2025-11-14,MOVIE,Movies,8997,8195.0,9724,None,0,0,None,0.0,0,0,4,11,0,98.55
2025-11-15,MOVIE,Movies,9889,15419.9,13986,None,0,0,None,0.0,0,1,5,11,0,98.57
2025-11-16,MOVIE,Movies,8483,12220.5,9170,None,0,0,None,0.0,0,1,6,11,0,98.6
2025-11-17,MOVIE,Movies,10770,15285.1,14728,None,0,1,None,0.0,0,0,0,11,0,98.62
2025-11-18,MOVIE,Movies,8679,13697.2,12537,None,0,0,None,0.0,0,0,1,11,0,98.65
2025-11-19,MOVIE,Movies,7718,7803.5,10686,None,0,0,None,0.0,0,0,2,11,0,98.67
2025-11-20,MOVIE,Movies,8864,14839.7,10745,None,0,0,None,0.0,0,0,3,11,0,98.7
2025-11-21,MOVIE,Movies,8741,8194.9,9991,None,0,0,None,0.0,0,0,4,11,0,98.72
2025-11-22,MOVIE,Movies,10245,12872.9,11416,None,0,0,None,0.0,0,1,5,11,0,98.75
2025-11-23,MOVIE,Movies,12602,11360.8,15084,Blockbuster Release,1,0,None,0.0,0,1,6,11,0,98.78
2025-11-24,MOVIE,Movies,11753,19235.6,14645,Blockbuster Release,1,0,None,0.0,0,0,0,11,0,98.8
2025-11-25,MOVIE,Movies,8080,10357.8,10019,None,0,0,None,0.0,0,0,1,11,0,98.83
2025-11-26,MOVIE,Movies,8551,9566.6,11095,None,0,0,None,0.0,0,0,2,11,0,98.86
2025-11-27,MOVIE,Movies,7671,9628.2,10483,None,0,0,None,0.0,0,0,3,11,0,98.89
2025-11-28,MOVIE,Movies,8006,13297.5,8938,None,0,0,None,0.0,0,0,4,11,0,98.92
2025-11-29,MOVIE,Movies,10829,11740.9,12805,None,0,0,None,0.0,0,1,5,11,0,98.95
2025-11-30,MOVIE,Movies,10614,12483.9,14298,None,0,0,None,0.0,0,1,6,11,0,98.98
2025-12-01,MOVIE,Movies,9209,8364.7,12953,None,0,0,None,0.0,0,0,0,12,0,99.01
2025-12-02,MOVIE,Movies,9496,10213.3,13157,None,0,0,None,0.0,0,0,1,12,0,99.04
2025-12-03,MOVIE,Movies,7580,12184.3,10896,None,0,0,None,0.0,0,0,2,12,0,99.07
2025-12-04,MOVIE,Movies,8622,11066.1,11804,None,0,0,None,0.0,0,0,3,12,0,99.1
2025-12-05,MOVIE,Movies,8796,8611.5,12656,None,0,0,None,0.0,0,0,4,12,0,99.13
2025-12-06,MOVIE,Movies,9734,15235.9,13863,None,0,0,None,0.0,0,1,5,12,0,99.16
2025-12-07,MOVIE,Movies,12674,19989.9,16628,Blockbuster Release,1,0,None,0.0,0,1,6,12,0,99.19
2025-12-08,MOVIE,Movies,9167,15423.8,12213,None,0,0,None,0.0,0,0,0,12,0,99.22
2025-12-09,MOVIE,Movies,9016,8555.5,10579,None,0,0,None,0.0,0,0,1,12,0,99.25
2025-12-10,MOVIE,Movies,11599,14521.8,16348,New Episode,1,0,None,0.0,0,0,2,12,0,99.29
2025-12-11,MOVIE,Movies,12442,20008.4,16544,Live Sports Final,1,0,None,0.0,0,0,3,12,0,99.32
2025-12-12,MOVIE,Movies,12030,11971.2,16944,Live Sports Final,1,0,None,0.0,0,0,4,12,0,99.35
2025-12-13,MOVIE,Movies,10331,12293.8,11721,None,0,0,None,0.0,0,1,5,12,0,99.38
2025-12-14,MOVIE,Movies,9444,15341.0,11309,None,0,0,None,0.0,0,1,6,12,0,99.42
2025-12-15,MOVIE,Movies,8807,8575.4,9545,None,0,0,None,0.0,0,0,0,12,0,99.45
2025-12-16,MOVIE,Movies,8814,13048.7,12541,None,0,0,None,0.0,0,0,1,12,0,99.48
2025-12-17,MOVIE,Movies,8540,14173.6,11736,None,0,0,None,0.0,0,0,2,12,0,99.51
2025-12-18,MOVIE,Movies,7139,9863.3,9673,None,0,0,None,0.0,0,0,3,12,0,99.55
2025-12-19,MOVIE,Movies,8774,14067.4,10748,None,0,0,None,0.0,0,0,4,12,0,99.58
2025-12-20,MOVIE,Movies,10116,15574.3,10665,None,0,0,None,0.0,0,1,5,12,0,99.62
2025-12-21,MOVIE,Movies,13229,20440.9,19021,Live Sports Final,1,0,None,0.0,0,1,6,12,0,99.65
2025-12-22,MOVIE,Movies,12306,17273.6,14812,Live Sports Final,1,0,None,0.0,0,0,0,12,0,99.68
2025-12-23,MOVIE,Movies,8821,8434.2,10136,None,0,0,None,0.0,0,0,1,12,0,99.72
2025-12-24,MOVIE,Movies,8917,10875.6,12408,None,0,0,None,0.0,0,0,2,12,0,99.75
2025-12-25,MOVIE,Movies,8831,13835.8,9999,None,0,0,Christmas,1.2,1,0,3,12,0,99.79
2025-12-26,MOVIE,Movies,7704,8187.8,8617,None,0,0,None,0.0,0,0,4,12,0,99.82
2025-12-27,MOVIE,Movies,9021,10287.6,11172,None,0,0,None,0.0,0,1,5,12,0,99.85
2025-12-28,MOVIE,Movies,10385,13607.6,12809,None,0,0,None,0.0,0,1,6,12,0,99.89
2025-12-29,MOVIE,Movies,8061,9979.8,11317,None,0,0,None,0.0,0,0,0,12,0,99.92
2025-12-30,MOVIE,Movies,8232,12792.2,11923,None,0,0,None,0.0,0,0,1,12,0,99.96
2025-12-31,MOVIE,Movies,9508,15961.5,10969,None,0,0,New Year,1.1,1,0,2,12,0,99.99
2026-01-01,MOVIE,Movies,7466,7356.9,8438,None,0,0,None,0.0,0,0,3,1,0,100.03
2026-01-02,MOVIE,Movies,7772,7107.8,9615,None,0,0,None,0.0,0,0,4,1,0,100.07
2026-01-03,MOVIE,Movies,10453,15883.2,12822,None,0,0,None,0.0,0,1,5,1,0,100.1
2026-01-04,MOVIE,Movies,10050,9644.7,13860,None,0,0,None,0.0,0,1,6,1,0,100.14
2026-01-05,MOVIE,Movies,10859,11856.9,11822,Blockbuster Release,1,0,None,0.0,0,0,0,1,0,100.17
2026-01-06,MOVIE,Movies,8447,9963.1,9411,None,0,0,None,0.0,0,0,1,1,0,100.21
2026-01-07,MOVIE,Movies,8802,10024.1,9961,None,0,0,None,0.0,0,0,2,1,0,100.24
2026-01-08,MOVIE,Movies,8070,11451.2,8739,None,0,0,None,0.0,0,0,3,1,0,100.27
2026-01-09,MOVIE,Movies,7873,8830.1,8470,None,0,0,None,0.0,0,0,4,1,0,100.31
2026-01-10,MOVIE,Movies,9041,12529.3,11355,None,0,0,None,0.0,0,1,5,1,0,100.34
2026-01-11,MOVIE,Movies,10498,15291.9,14760,None,0,0,None,0.0,0,1,6,1,0,100.38
2026-01-12,MOVIE,Movies,9306,8537.1,12833,None,0,0,None,0.0,0,0,0,1,0,100.41
2026-01-13,MOVIE,Movies,9142,10914.5,10304,None,0,0,None,0.0,0,0,1,1,0,100.44
2026-01-14,MOVIE,Movies,9722,9148.8,10767,None,0,0,Makar Sankranti,1.0,1,0,2,1,0,100.48
2026-01-15,MOVIE,Movies,9447,14288.6,12232,None,0,0,None,0.0,0,0,3,1,0,100.51
2026-01-16,MOVIE,Movies,11154,10560.7,13181,Live Sports Final,1,0,None,0.0,0,0,4,1,0,100.54
2026-01-17,MOVIE,Movies,14404,22890.0,18036,Live Sports Final,1,0,None,0.0,0,1,5,1,0,100.58
2026-01-18,MOVIE,Movies,11892,18765.9,15896,None,0,1,None,0.0,0,1,6,1,0,100.61
2026-01-19,MOVIE,Movies,9807,12880.4,13822,None,0,0,None,0.0,0,0,0,1,0,100.64
2026-01-20,MOVIE,Movies,10662,17637.7,11991,None,0,0,None,0.0,0,0,1,1,0,100.67
2026-01-21,MOVIE,Movies,8607,10270.1,9277,None,0,0,None,0.0,0,0,2,1,0,100.71
2026-01-22,MOVIE,Movies,8546,9760.0,9751,None,0,0,None,0.0,0,0,3,1,0,100.74
2026-01-23,MOVIE,Movies,8502,8427.8,10810,None,0,0,None,0.0,0,0,4,1,0,100.77
2026-01-24,MOVIE,Movies,10074,14930.1,10939,None,0,0,None,0.0,0,1,5,1,0,100.8
2026-01-25,MOVIE,Movies,10167,12609.5,12007,None,0,0,None,0.0,0,1,6,1,0,100.83
2026-01-26,MOVIE,Movies,10485,17645.2,12289,None,0,0,Republic Day,0.8,1,0,0,1,0,100.86
2026-01-27,MOVIE,Movies,8810,14062.6,9637,None,0,0,None,0.0,0,0,1,1,0,100.9
2026-01-28,MOVIE,Movies,8483,11113.8,12232,None,0,0,None,0.0,0,0,2,1,0,100.93
2026-01-29,MOVIE,Movies,8738,11020.9,12161,None,0,0,None,0.0,0,0,3,1,0,100.96
2026-01-30,MOVIE,Movies,8258,8987.6,10629,None,0,0,None,0.0,0,0,4,1,0,100.99
2026-01-31,MOVIE,Movies,9080,9280.2,12745,None,0,0,None,0.0,0,1,5,1,0,101.02
2026-02-01,MOVIE,Movies,9960,10890.7,11594,None,0,0,None,0.0,0,1,6,2,0,101.05
2026-02-02,MOVIE,Movies,10075,13505.9,13982,None,0,0,None,0.0,0,0,0,2,0,101.08
2026-02-03,MOVIE,Movies,9247,9372.1,12219,None,0,0,None,0.0,0,0,1,2,0,101.1
2026-02-04,MOVIE,Movies,8463,13602.5,9675,None,0,0,None,0.0,0,0,2,2,0,101.13
2026-02-05,MOVIE,Movies,8941,14968.8,11798,None,0,0,None,0.0,0,0,3,2,0,101.16
2026-02-06,MOVIE,Movies,10184,11336.3,12776,None,0,0,None,0.0,0,0,4,2,0,101.19
2026-02-07,MOVIE,Movies,10168,14393.4,12699,None,0,0,None,0.0,0,1,5,2,0,101.22
2026-02-08,MOVIE,Movies,9545,11723.0,13571,None,0,0,None,0.0,0,1,6,2,0,101.24
2026-02-09,MOVIE,Movies,8785,11584.5,10591,None,0,0,None,0.0,0,0,0,2,0,101.27
2026-02-10,MOVIE,Movies,9115,13821.2,12918,None,0,0,None,0.0,0,0,1,2,0,101.3
2026-02-11,MOVIE,Movies,8987,12467.8,12414,None,0,0,None,0.0,0,0,2,2,0,101.32
2026-02-12,MOVIE,Movies,9583,13725.3,11681,None,0,0,None,0.0,0,0,3,2,0,101.35
2026-02-13,MOVIE,Movies,8808,8950.2,11980,None,0,0,None,0.0,0,0,4,2,0,101.37
2026-02-14,MOVIE,Movies,8720,9517.9,9556,None,0,0,None,0.0,0,1,5,2,0,101.4
2026-02-15,MOVIE,Movies,10337,16454.2,12925,None,0,0,None,0.0,0,1,6,2,0,101.42
2026-02-16,MOVIE,Movies,12313,20631.5,13236,Blockbuster Release,1,0,None,0.0,0,0,0,2,0,101.45
2026-02-17,MOVIE,Movies,8951,12030.4,10101,None,0,0,None,0.0,0,0,1,2,0,101.47
2026-02-18,MOVIE,Movies,8270,8816.0,9866,None,0,0,None,0.0,0,0,2,2,0,101.49
2026-02-19,MOVIE,Movies,11480,15027.6,12476,None,0,1,None,0.0,0,0,3,2,0,101.52
2026-02-20,MOVIE,Movies,8136,10414.1,11444,None,0,0,None,0.0,0,0,4,2,0,101.54
2026-02-21,MOVIE,Movies,9513,13608.9,13320,None,0,0,None,0.0,0,1,5,2,0,101.56
2026-02-22,MOVIE,Movies,9946,11558.9,10460,None,0,0,None,0.0,0,1,6,2,0,101.58
2026-02-23,MOVIE,Movies,9526,15283.8,10382,None,0,0,None,0.0,0,0,0,2,0,101.6
2026-02-24,MOVIE,Movies,9552,16072.8,13620,None,0,0,None,0.0,0,0,1,2,0,101.62
2026-02-25,MOVIE,Movies,12466,20305.9,13104,New Episode,1,0,None,0.0,0,0,2,2,0,101.64
2026-02-26,MOVIE,Movies,12613,21328.1,18069,New Episode,1,0,None,0.0,0,0,3,2,0,101.66
2026-02-27,MOVIE,Movies,11354,11470.1,14523,Blockbuster Release,1,0,None,0.0,0,0,4,2,0,101.68
2026-02-28,MOVIE,Movies,9111,10034.7,11587,None,0,0,None,0.0,0,1,5,2,0,101.7
2026-03-01,MOVIE,Movies,9875,14931.4,10507,None,0,0,None,0.0,0,1,6,3,0,101.72
2026-03-02,MOVIE,Movies,9528,12130.3,11386,None,0,0,Holi,0.8,1,0,0,3,0,101.73
2026-03-03,MOVIE,Movies,9621,16053.6,13321,None,0,0,Holi,1.05,1,0,1,3,0,101.75
2026-03-04,MOVIE,Movies,12164,12396.3,14346,Blockbuster Release,1,0,Holi,1.3,1,0,2,3,0,101.77
2026-03-05,MOVIE,Movies,11997,13748.8,16941,Blockbuster Release,1,0,Holi,1.05,1,0,3,3,0,101.78
2026-03-06,MOVIE,Movies,9696,13736.9,12178,None,0,0,Holi,0.8,1,0,4,3,0,101.8
2026-03-07,MOVIE,Movies,10207,12532.3,14140,None,0,0,None,0.0,0,1,5,3,0,101.81
2026-03-08,MOVIE,Movies,8910,10599.6,12145,None,0,0,None,0.0,0,1,6,3,1,101.83
2026-03-09,MOVIE,Movies,8138,10915.0,10053,None,0,0,None,0.0,0,0,0,3,0,101.84
2026-03-10,MOVIE,Movies,9063,13992.0,12542,None,0,0,None,0.0,0,0,1,3,0,101.85
2026-03-11,MOVIE,Movies,8105,10102.1,11307,None,0,0,None,0.0,0,0,2,3,0,101.87
2026-03-12,MOVIE,Movies,11561,10722.8,16586,New Episode,1,0,None,0.0,0,0,3,3,0,101.88
2026-03-13,MOVIE,Movies,11584,17672.1,12513,New Episode,1,0,None,0.0,0,0,4,3,0,101.89
2026-03-14,MOVIE,Movies,10611,15676.4,14574,None,0,0,None,0.0,0,1,5,3,0,101.9
2026-03-15,MOVIE,Movies,10104,13180.9,13301,None,0,0,None,0.0,0,1,6,3,0,101.91
2026-03-16,MOVIE,Movies,9755,13486.6,12975,None,0,0,None,0.0,0,0,0,3,0,101.92
2026-03-17,MOVIE,Movies,8548,10212.1,12144,None,0,0,None,0.0,0,0,1,3,0,101.93
2026-03-18,MOVIE,Movies,8674,8540.8,9243,None,0,0,None,0.0,0,0,2,3,0,101.94
2026-03-19,MOVIE,Movies,10572,16257.8,14294,None,0,1,None,0.0,0,0,3,3,0,101.95
2026-03-20,MOVIE,Movies,8439,10249.3,10127,None,0,0,None,0.0,0,0,4,3,0,101.96
2026-03-21,MOVIE,Movies,9202,15535.7,11882,None,0,0,None,0.0,0,1,5,3,0,101.96
2026-03-22,MOVIE,Movies,9918,16680.2,11349,None,0,0,None,0.0,0,1,6,3,0,101.97
2026-03-23,MOVIE,Movies,8372,9674.2,9765,None,0,0,None,0.0,0,0,0,3,0,101.97
2026-03-24,MOVIE,Movies,8731,9219.8,11320,None,0,0,None,0.0,0,0,1,3,0,101.98
2026-03-25,MOVIE,Movies,8461,12754.7,10131,None,0,0,None,0.0,0,0,2,3,0,101.98
2026-03-26,MOVIE,Movies,9065,13702.9,10598,None,0,0,None,0.0,0,0,3,3,0,101.99
2026-03-27,MOVIE,Movies,8605,7962.4,9158,None,0,0,None,0.0,0,0,4,3,0,101.99
2026-03-28,MOVIE,Movies,9203,12237.8,10226,None,0,0,None,0.0,0,1,5,3,0,101.99
2026-03-29,MOVIE,Movies,9774,11015.6,12642,None,0,0,None,0.0,0,1,6,3,0,102.0
2026-03-30,MOVIE,Movies,8121,7633.7,9845,None,0,0,None,0.0,0,0,0,3,0,102.0
2026-03-31,MOVIE,Movies,9916,12337.9,10528,None,0,0,None,0.0,0,0,1,3,0,102.0
2026-04-01,MOVIE,Movies,8841,8898.5,10523,None,0,0,None,0.0,0,0,2,4,0,102.0
2026-04-02,MOVIE,Movies,9198,10362.0,11001,None,0,0,None,0.0,0,0,3,4,0,102.0
2026-04-03,MOVIE,Movies,8762,11856.0,10004,None,0,0,None,0.0,0,0,4,4,0,102.0
2026-04-04,MOVIE,Movies,13019,14299.9,14536,None,0,1,None,0.0,0,1,5,4,0,102.0
2026-04-05,MOVIE,Movies,9419,11212.9,9925,None,0,0,None,0.0,0,1,6,4,0,102.0
2026-04-06,MOVIE,Movies,8367,12276.1,10891,None,0,0,None,0.0,0,0,0,4,0,101.99
2026-04-07,MOVIE,Movies,9461,14622.2,12839,None,0,0,None,0.0,0,0,1,4,0,101.99
2026-04-08,MOVIE,Movies,8526,10809.0,9744,None,0,0,None,0.0,0,0,2,4,0,101.99
2026-04-09,MOVIE,Movies,8395,11516.1,9906,None,0,0,None,0.0,0,0,3,4,0,101.98
2026-04-10,MOVIE,Movies,8504,9900.9,11989,None,0,0,None,0.0,0,0,4,4,0,101.98
2026-04-11,MOVIE,Movies,11261,18108.4,16177,None,0,0,None,0.0,0,1,5,4,0,101.97
2026-04-12,MOVIE,Movies,11327,10930.9,14460,None,0,0,None,0.0,0,1,6,4,0,101.97
2026-04-13,MOVIE,Movies,9066,8866.1,10967,None,0,0,None,0.0,0,0,0,4,0,101.96
2026-04-14,MOVIE,Movies,8945,8320.9,12921,None,0,0,None,0.0,0,0,1,4,0,101.95
2026-04-15,MOVIE,Movies,9283,9112.1,9963,None,0,0,None,0.0,0,0,2,4,0,101.94
2026-04-16,MOVIE,Movies,9060,12711.1,10583,None,0,0,None,0.0,0,0,3,4,0,101.94
2026-04-17,MOVIE,Movies,8937,15180.8,11261,None,0,0,None,0.0,0,0,4,4,0,101.93
2026-04-18,MOVIE,Movies,9904,13679.8,11376,None,0,0,None,0.0,0,1,5,4,0,101.92
2026-04-19,MOVIE,Movies,13673,15093.4,19405,Season Premiere,1,0,None,0.0,0,1,6,4,0,101.91
2026-04-20,MOVIE,Movies,12484,19406.3,15734,Season Premiere,1,0,None,0.0,0,0,0,4,0,101.9
2026-04-21,MOVIE,Movies,8921,10559.3,12543,None,0,0,None,0.0,0,0,1,4,0,101.89
2026-04-22,MOVIE,Movies,9685,13318.6,11449,None,0,0,None,0.0,0,0,2,4,0,101.87
2026-04-23,MOVIE,Movies,8695,10888.3,9705,None,0,0,None,0.0,0,0,3,4,0,101.86
2026-04-24,MOVIE,Movies,8314,10881.4,11775,None,0,0,None,0.0,0,0,4,4,0,101.85
2026-04-25,MOVIE,Movies,11166,10992.8,13861,None,0,1,None,0.0,0,1,5,4,0,101.84
2026-04-26,MOVIE,Movies,9734,16005.9,13308,None,0,0,None,0.0,0,1,6,4,1,101.82
2026-04-27,MOVIE,Movies,8024,9181.9,9437,None,0,0,None,0.0,0,0,0,4,0,101.81
2026-04-28,MOVIE,Movies,9509,13129.9,10400,None,0,0,None,0.0,0,0,1,4,0,101.79
2026-04-29,MOVIE,Movies,8608,7797.9,11219,None,0,0,None,0.0,0,0,2,4,0,101.78
2026-04-30,MOVIE,Movies,8413,10667.7,9719,None,0,0,None,0.0,0,0,3,4,0,101.76
2026-05-01,MOVIE,Movies,12495,18910.5,17701,Season Premiere,1,0,None,0.0,0,0,4,5,0,101.74
2026-05-02,MOVIE,Movies,15173,21089.2,17715,Season Premiere,1,0,None,0.0,0,1,5,5,0,101.73
2026-05-03,MOVIE,Movies,9941,11479.8,11576,None,0,0,None,0.0,0,1,6,5,0,101.71
2026-05-04,MOVIE,Movies,13775,19566.9,18617,Blockbuster Release,1,1,None,0.0,0,0,0,5,0,101.69
2026-05-05,MOVIE,Movies,8633,13263.8,10367,None,0,0,None,0.0,0,0,1,5,0,101.67
2026-05-06,MOVIE,Movies,7794,8000.6,8629,None,0,0,None,0.0,0,0,2,5,0,101.65
2026-05-07,MOVIE,Movies,9158,8724.7,10492,None,0,0,None,0.0,0,0,3,5,0,101.63
2026-05-08,MOVIE,Movies,9195,11671.2,12094,None,0,0,None,0.0,0,0,4,5,0,101.61
2026-05-09,MOVIE,Movies,9943,12428.1,10931,None,0,0,None,0.0,0,1,5,5,0,101.59
2026-05-10,MOVIE,Movies,9554,8956.1,12692,None,0,0,None,0.0,0,1,6,5,0,101.57
2026-05-11,MOVIE,Movies,10246,14794.2,14643,None,0,0,None,0.0,0,0,0,5,0,101.55
2026-05-12,MOVIE,Movies,8164,11145.1,9018,None,0,0,None,0.0,0,0,1,5,0,101.53
2026-05-13,MOVIE,Movies,8440,9707.4,9801,None,0,0,None,0.0,0,0,2,5,0,101.51
2026-05-14,MOVIE,Movies,8892,9974.5,10548,None,0,0,None,0.0,0,0,3,5,0,101.48
2026-05-15,MOVIE,Movies,9368,10595.1,12035,None,0,0,None,0.0,0,0,4,5,0,101.46
2026-05-16,MOVIE,Movies,10120,10027.1,13247,None,0,0,None,0.0,0,1,5,5,0,101.44
2026-05-17,MOVIE,Movies,10228,16801.8,14684,None,0,0,None,0.0,0,1,6,5,0,101.41
2026-05-18,MOVIE,Movies,9229,8750.2,13321,None,0,0,None,0.0,0,0,0,5,0,101.39
2026-05-19,MOVIE,Movies,10719,10019.3,12627,None,0,0,None,0.0,0,0,1,5,0,101.36
2026-05-20,MOVIE,Movies,8548,13043.6,9682,None,0,0,None,0.0,0,0,2,5,0,101.34
2026-05-21,MOVIE,Movies,8589,10886.7,9875,None,0,0,None,0.0,0,0,3,5,0,101.31
2026-05-22,MOVIE,Movies,8821,13663.7,11415,None,0,0,None,0.0,0,0,4,5,0,101.29
2026-05-23,MOVIE,Movies,10607,13871.1,12276,None,0,0,None,0.0,0,1,5,5,0,101.26
2026-05-24,MOVIE,Movies,11668,18890.8,16057,None,0,0,None,0.0,0,1,6,5,0,101.23
2026-05-25,MOVIE,Movies,8823,10404.5,10897,None,0,0,None,0.0,0,0,0,5,0,101.21
2026-05-26,MOVIE,Movies,9207,12598.4,9707,None,0,0,None,0.0,0,0,1,5,0,101.18
2026-05-27,MOVIE,Movies,7650,8231.1,10439,None,0,0,None,0.0,0,0,2,5,0,101.15
2026-05-28,MOVIE,Movies,8928,11237.6,10883,None,0,0,None,0.0,0,0,3,5,0,101.12
2026-05-29,MOVIE,Movies,10485,10550.0,15173,None,0,1,None,0.0,0,0,4,5,0,101.09
2026-05-30,MOVIE,Movies,14699,19089.6,19916,Season Premiere,1,0,None,0.0,0,1,5,5,0,101.06
2026-05-31,MOVIE,Movies,9932,12592.2,12652,None,0,0,None,0.0,0,1,6,5,0,101.04
2026-06-01,MOVIE,Movies,8195,7549.0,9003,None,0,0,None,0.0,0,0,0,6,1,101.01
2026-06-02,MOVIE,Movies,9030,8781.8,11364,None,0,0,None,0.0,0,0,1,6,0,100.98
2026-06-03,MOVIE,Movies,8004,10811.3,10369,None,0,0,None,0.0,0,0,2,6,0,100.95
2026-06-04,MOVIE,Movies,8439,12433.5,11747,None,0,0,None,0.0,0,0,3,6,0,100.92
2026-06-05,MOVIE,Movies,8933,12767.1,12278,None,0,0,None,0.0,0,0,4,6,0,100.88
2026-06-06,MOVIE,Movies,8863,13082.3,12624,None,0,0,None,0.0,0,1,5,6,0,100.85
2026-06-07,MOVIE,Movies,10094,12948.3,13463,None,0,0,None,0.0,0,1,6,6,0,100.82
2026-06-08,MOVIE,Movies,9813,11504.2,12186,None,0,0,None,0.0,0,0,0,6,0,100.79
2026-06-09,MOVIE,Movies,11367,16478.4,13806,Season Premiere,1,0,None,0.0,0,0,1,6,0,100.76
2026-06-10,MOVIE,Movies,11902,13289.0,14765,Season Premiere,1,0,None,0.0,0,0,2,6,0,100.73
2026-06-11,MOVIE,Movies,9248,12977.8,10828,None,0,0,None,0.0,0,0,3,6,0,100.69
2026-06-12,MOVIE,Movies,9379,9125.6,10375,None,0,0,None,0.0,0,0,4,6,0,100.66
2026-06-13,MOVIE,Movies,10283,13678.5,11851,None,0,0,None,0.0,0,1,5,6,0,100.63
2026-06-14,MOVIE,Movies,10144,14964.9,13462,None,0,0,None,0.0,0,1,6,6,0,100.6
2026-06-15,MOVIE,Movies,9864,11374.9,10669,None,0,0,None,0.0,0,0,0,6,0,100.56
2026-06-16,MOVIE,Movies,10644,17400.0,12841,None,0,1,None,0.0,0,0,1,6,0,100.53
2026-06-17,MOVIE,Movies,11700,11212.9,13109,Live Sports Final,1,0,None,0.0,0,0,2,6,0,100.5
2026-06-18,MOVIE,Movies,8988,9999.2,11913,None,0,0,None,0.0,0,0,3,6,0,100.46
2026-06-19,MOVIE,Movies,8843,12743.4,10469,None,0,0,None,0.0,0,0,4,6,0,100.43
2026-06-20,MOVIE,Movies,10009,15622.7,12607,None,0,0,None,0.0,0,1,5,6,0,100.4
2026-06-21,MOVIE,Movies,9297,9210.7,12870,None,0,0,None,0.0,0,1,6,6,0,100.36
2026-06-22,MOVIE,Movies,8921,8735.5,11251,None,0,0,None,0.0,0,0,0,6,0,100.33
2026-06-23,MOVIE,Movies,9261,11782.2,10829,None,0,0,None,0.0,0,0,1,6,0,100.3
2026-06-24,MOVIE,Movies,9358,11007.8,12060,None,0,0,None,0.0,0,0,2,6,0,100.26
2026-06-25,MOVIE,Movies,8935,11971.3,12865,None,0,0,None,0.0,0,0,3,6,0,100.23
2026-06-26,MOVIE,Movies,12344,19431.1,15769,Season Premiere,1,0,None,0.0,0,0,4,6,0,100.19
2026-06-27,MOVIE,Movies,13853,15668.0,16455,Season Premiere,1,0,None,0.0,0,1,5,6,0,100.16
2026-06-28,MOVIE,Movies,10828,9833.7,14705,None,0,0,None,0.0,0,1,6,6,0,100.12
2026-06-29,MOVIE,Movies,8252,11855.7,10709,None,0,0,None,0.0,0,0,0,6,0,100.09
2026-06-30,MOVIE,Movies,8637,11661.5,12410,None,0,0,None,0.0,0,0,1,6,0,100.06
2026-07-01,MOVIE,Movies,8474,11122.1,9431,None,0,0,None,0.0,0,0,2,7,0,100.02
2026-07-02,MOVIE,Movies,8874,13553.9,12824,None,0,0,None,0.0,0,0,3,7,0,99.99
2026-07-03,MOVIE,Movies,9693,15314.9,12885,None,0,0,None,0.0,0,0,4,7,0,99.95
2026-07-04,MOVIE,Movies,9600,9748.9,12437,None,0,0,None,0.0,0,1,5,7,0,99.92
2026-07-05,MOVIE,Movies,10444,16351.8,14144,None,0,0,None,0.0,0,1,6,7,0,99.88
2026-07-06,MOVIE,Movies,9117,12150.3,10123,None,0,0,None,0.0,0,0,0,7,0,99.85
2026-07-07,MOVIE,Movies,10002,15971.7,11527,None,0,1,None,0.0,0,0,1,7,0,99.82
2026-07-08,MOVIE,Movies,8836,11965.6,9697,None,0,0,None,0.0,0,0,2,7,0,99.78
2026-07-09,MOVIE,Movies,8433,13622.9,10515,None,0,0,None,0.0,0,0,3,7,0,99.75
2026-07-10,MOVIE,Movies,12408,19430.0,15574,New Episode,1,0,None,0.0,0,0,4,7,0,99.71
2026-07-11,MOVIE,Movies,10225,11868.0,14426,None,0,0,None,0.0,0,1,5,7,0,99.68
2026-07-12,MOVIE,Movies,11158,15784.4,13690,None,0,0,None,0.0,0,1,6,7,0,99.64
2026-07-13,MOVIE,Movies,8514,11531.7,11388,None,0,0,None,0.0,0,0,0,7,0,99.61
2026-07-14,MOVIE,Movies,8856,11761.4,10729,None,0,0,None,0.0,0,0,1,7,0,99.58
2026-07-15,MOVIE,Movies,8741,8634.6,11967,None,0,0,None,0.0,0,0,2,7,0,99.54
2026-07-16,MOVIE,Movies,9736,8946.8,10676,None,0,0,None,0.0,0,0,3,7,0,99.51
2026-07-17,MOVIE,Movies,8676,10185.1,9470,None,0,0,None,0.0,0,0,4,7,0,99.48
2026-07-18,MOVIE,Movies,9792,12712.7,11543,None,0,0,None,0.0,0,1,5,7,0,99.44
2026-07-19,MOVIE,Movies,9860,13232.0,14279,None,0,0,None,0.0,0,1,6,7,0,99.41
2026-07-20,MOVIE,Movies,8508,11181.9,10750,None,0,0,None,0.0,0,0,0,7,0,99.38
2026-07-21,MOVIE,Movies,8630,8773.0,11310,None,0,0,None,0.0,0,0,1,7,0,99.35
2026-07-22,MOVIE,Movies,11881,18462.3,12941,Season Premiere,1,0,None,0.0,0,0,2,7,0,99.31
2026-07-23,MOVIE,Movies,8976,13248.3,10824,None,0,0,None,0.0,0,0,3,7,0,99.28
2026-07-24,MOVIE,Movies,8223,13080.2,11696,None,0,0,None,0.0,0,0,4,7,0,99.25
2026-07-25,MOVIE,Movies,10646,17103.3,13604,None,0,0,None,0.0,0,1,5,7,0,99.22
2026-07-26,MOVIE,Movies,10340,16190.5,11093,None,0,0,None,0.0,0,1,6,7,0,99.19
2026-07-27,MOVIE,Movies,9903,14175.4,13765,None,0,0,None,0.0,0,0,0,7,0,99.15
2026-07-28,MOVIE,Movies,9241,11570.4,10096,None,0,0,None,0.0,0,0,1,7,0,99.12
2026-07-29,MOVIE,Movies,9185,12933.6,11916,None,0,0,None,0.0,0,0,2,7,0,99.09
2026-07-30,MOVIE,Movies,10130,11123.1,11251,None,0,0,None,0.0,0,0,3,7,0,99.06
2026-07-31,MOVIE,Movies,12638,20696.2,17679,Blockbuster Release,1,0,None,0.0,0,0,4,7,0,99.03
2026-08-01,MOVIE,Movies,14126,19862.8,20331,Blockbuster Release,1,0,None,0.0,0,1,5,8,0,99.0
2026-08-02,MOVIE,Movies,9828,13552.8,11337,None,0,0,None,0.0,0,1,6,8,0,98.97
2026-08-03,MOVIE,Movies,9815,13391.6,13634,None,0,0,None,0.0,0,0,0,8,0,98.94
2026-08-04,MOVIE,Movies,8404,12159.8,11870,None,0,0,None,0.0,0,0,1,8,0,98.91
2026-08-05,MOVIE,Movies,8330,12065.4,11276,None,0,0,None,0.0,0,0,2,8,0,98.89
2026-08-06,MOVIE,Movies,8334,7796.1,11338,None,0,0,None,0.0,0,0,3,8,0,98.86
2026-08-07,MOVIE,Movies,8555,10602.5,11382,None,0,0,None,0.0,0,0,4,8,0,98.83
2026-08-08,MOVIE,Movies,10361,17409.7,11168,None,0,0,None,0.0,0,1,5,8,1,98.8
2026-08-09,MOVIE,Movies,10188,15349.9,12146,None,0,0,None,0.0,0,1,6,8,0,98.77
2026-08-10,MOVIE,Movies,9293,9787.1,10899,None,0,0,None,0.0,0,0,0,8,0,98.75
2026-08-11,MOVIE,Movies,8367,10393.7,9483,None,0,0,None,0.0,0,0,1,8,0,98.72
2026-08-12,MOVIE,Movies,8493,10781.1,10480,None,0,0,None,0.0,0,0,2,8,0,98.69
2026-08-13,MOVIE,Movies,9083,15283.4,10483,None,0,0,None,0.0,0,0,3,8,0,98.67
2026-08-14,MOVIE,Movies,8443,14027.2,10641,None,0,0,None,0.0,0,0,4,8,0,98.64
2026-08-15,MOVIE,Movies,9891,9511.7,12287,None,0,0,Independence Day,0.9,1,1,5,8,0,98.62
2026-08-16,MOVIE,Movies,9471,10533.1,9974,None,0,0,None,0.0,0,1,6,8,0,98.59
2026-08-17,MOVIE,Movies,8973,8600.0,9892,None,0,0,None,0.0,0,0,0,8,0,98.57
2026-08-18,MOVIE,Movies,8962,9459.0,11514,None,0,0,None,0.0,0,0,1,8,0,98.54
2026-08-19,MOVIE,Movies,8937,11255.0,12884,None,0,0,None,0.0,0,0,2,8,0,98.52
2026-08-20,MOVIE,Movies,9703,13393.6,12423,None,0,0,None,0.0,0,0,3,8,0,98.5
2026-08-21,MOVIE,Movies,9179,14224.5,13052,None,0,0,None,0.0,0,0,4,8,1,98.48
2026-08-22,MOVIE,Movies,10358,10043.5,14986,None,0,0,None,0.0,0,1,5,8,0,98.45
2026-08-23,MOVIE,Movies,11134,12524.8,14738,None,0,0,None,0.0,0,1,6,8,0,98.43
2026-08-24,MOVIE,Movies,9570,13282.5,12305,None,0,0,None,0.0,0,0,0,8,0,98.41
2026-08-25,MOVIE,Movies,8592,10891.3,11013,None,0,0,None,0.0,0,0,1,8,0,98.39
2026-08-26,MOVIE,Movies,9492,10883.2,10731,None,0,0,None,0.0,0,0,2,8,0,98.37
2026-08-27,MOVIE,Movies,10032,10455.8,11200,None,0,0,None,0.0,0,0,3,8,0,98.35
2026-08-28,MOVIE,Movies,10351,15182.8,12104,None,0,0,Raksha Bandhan,1.0,1,0,4,8,0,98.33
2026-08-29,MOVIE,Movies,14870,16176.5,17580,Blockbuster Release,1,0,None,0.0,0,1,5,8,0,98.31
2026-08-30,MOVIE,Movies,10593,15334.5,12299,None,0,0,None,0.0,0,1,6,8,0,98.29
2026-08-31,MOVIE,Movies,9186,15004.1,10351,None,0,0,None,0.0,0,0,0,8,0,98.28
2026-09-01,MOVIE,Movies,11481,12315.0,15517,None,0,1,None,0.0,0,0,1,9,0,98.26
2026-09-02,MOVIE,Movies,8254,12195.1,9898,None,0,0,None,0.0,0,0,2,9,0,98.24
2026-09-03,MOVIE,Movies,9751,15023.2,12507,None,0,0,None,0.0,0,0,3,9,1,98.23
2026-09-04,MOVIE,Movies,9100,12798.4,11003,None,0,0,None,0.0,0,0,4,9,0,98.21
2026-09-05,MOVIE,Movies,9850,11430.1,12073,None,0,0,None,0.0,0,1,5,9,0,98.2
2026-09-06,MOVIE,Movies,9703,10594.9,11841,None,0,0,None,0.0,0,1,6,9,0,98.18
2026-09-07,MOVIE,Movies,8050,12314.2,10305,None,0,0,None,0.0,0,0,0,9,0,98.17
2026-09-08,MOVIE,Movies,9354,10857.5,10688,None,0,0,None,0.0,0,0,1,9,1,98.15
2026-09-09,MOVIE,Movies,10135,15656.7,14627,None,0,0,None,0.0,0,0,2,9,0,98.14
2026-09-10,MOVIE,Movies,8746,13753.6,11286,None,0,0,None,0.0,0,0,3,9,0,98.13
2026-09-11,MOVIE,Movies,8544,13637.1,11346,None,0,0,None,0.0,0,0,4,9,0,98.12
2026-09-12,MOVIE,Movies,15033,23352.2,17864,Season Premiere,1,0,None,0.0,0,1,5,9,0,98.11
2026-09-13,MOVIE,Movies,14407,23343.2,20085,Season Premiere,1,0,None,0.0,0,1,6,9,0,98.09
2026-09-14,MOVIE,Movies,9758,16041.2,11678,None,0,0,None,0.0,0,0,0,9,0,98.08
2026-09-15,MOVIE,Movies,8479,10979.7,11730,None,0,0,None,0.0,0,0,1,9,0,98.07
2026-09-16,MOVIE,Movies,9416,10668.7,10741,None,0,0,None,0.0,0,0,2,9,0,98.07
2026-09-17,MOVIE,Movies,10084,10601.2,13961,None,0,0,None,0.0,0,0,3,9,0,98.06
2026-09-18,MOVIE,Movies,8441,10237.9,12073,None,0,0,None,0.0,0,0,4,9,0,98.05
2026-09-19,MOVIE,Movies,10218,11266.1,11558,None,0,0,None,0.0,0,1,5,9,0,98.04
2026-09-20,MOVIE,Movies,10196,16045.3,10841,None,0,0,None,0.0,0,1,6,9,0,98.04
2026-09-21,MOVIE,Movies,9478,14909.5,13074,None,0,0,None,0.0,0,0,0,9,0,98.03
2026-09-22,MOVIE,Movies,9773,12257.2,12543,None,0,0,None,0.0,0,0,1,9,0,98.02
2026-09-23,MOVIE,Movies,8659,13395.1,9939,None,0,0,None,0.0,0,0,2,9,0,98.02
2026-09-24,MOVIE,Movies,10486,14814.3,13256,None,0,0,None,0.0,0,0,3,9,0,98.01
2026-09-25,MOVIE,Movies,9085,12351.9,13115,None,0,0,None,0.0,0,0,4,9,0,98.01
2026-09-26,MOVIE,Movies,10087,15622.6,14391,None,0,0,None,0.0,0,1,5,9,0,98.01
2026-09-27,MOVIE,Movies,11234,17346.8,13177,None,0,0,None,0.0,0,1,6,9,0,98.0
2026-09-28,MOVIE,Movies,9138,14069.6,12112,None,0,0,None,0.0,0,0,0,9,0,98.0
2026-09-29,MOVIE,Movies,8843,11818.0,11091,None,0,0,None,0.0,0,0,1,9,0,98.0
2026-09-30,MOVIE,Movies,8749,10118.8,10189,None,0,0,None,0.0,0,0,2,9,0,98.0
2026-10-01,MOVIE,Movies,10268,12553.0,11368,None,0,0,None,0.0,0,0,3,10,0,98.0
2026-10-02,MOVIE,Movies,8714,12590.0,9592,None,0,0,Gandhi Jayanti,0.7,1,0,4,10,0,98.0
2026-10-03,MOVIE,Movies,15031,24473.4,15928,Blockbuster Release,1,0,None,0.0,0,1,5,10,0,98.0
2026-10-04,MOVIE,Movies,9959,14720.8,13000,None,0,0,None,0.0,0,1,6,10,0,98.0
2026-10-05,MOVIE,Movies,12154,18630.3,14078,Blockbuster Release,1,0,None,0.0,0,0,0,10,0,98.0
2026-10-06,MOVIE,Movies,9021,10226.0,11584,None,0,0,None,0.0,0,0,1,10,0,98.01
2026-10-07,MOVIE,Movies,9336,11675.6,12626,None,0,0,None,0.0,0,0,2,10,0,98.01
2026-10-08,MOVIE,Movies,8127,12170.2,8549,None,0,0,None,0.0,0,0,3,10,0,98.01
2026-10-09,MOVIE,Movies,8759,13985.1,10750,None,0,0,None,0.0,0,0,4,10,0,98.02
2026-10-10,MOVIE,Movies,11025,14440.3,12774,None,0,0,None,0.0,0,1,5,10,0,98.02
2026-10-11,MOVIE,Movies,11024,10082.7,14281,None,0,0,None,0.0,0,1,6,10,0,98.03
2026-10-12,MOVIE,Movies,12358,19878.6,13684,Blockbuster Release,1,0,None,0.0,0,0,0,10,0,98.04
2026-10-13,MOVIE,Movies,8403,8216.2,10740,None,0,0,None,0.0,0,0,1,10,0,98.04
2026-10-14,MOVIE,Movies,9202,12181.1,11819,None,0,0,None,0.0,0,0,2,10,0,98.05
2026-10-15,MOVIE,Movies,9559,12268.1,12482,None,0,0,None,0.0,0,0,3,10,0,98.06
2026-10-16,MOVIE,Movies,9186,15337.7,10016,None,0,0,None,0.0,0,0,4,10,0,98.07
2026-10-17,MOVIE,Movies,11252,11249.9,16221,None,0,0,None,0.0,0,1,5,10,0,98.08
2026-10-18,MOVIE,Movies,10292,14731.3,12603,None,0,0,None,0.0,0,1,6,10,0,98.09
2026-10-19,MOVIE,Movies,8329,9568.4,10274,None,0,0,None,0.0,0,0,0,10,0,98.1
2026-10-20,MOVIE,Movies,8745,10907.0,11693,None,0,0,None,0.0,0,0,1,10,0,98.11
2026-10-21,MOVIE,Movies,9089,11208.0,12903,None,0,0,None,0.0,0,0,2,10,0,98.12
2026-10-22,MOVIE,Movies,8686,10239.2,11497,None,0,0,None,0.0,0,0,3,10,0,98.13
2026-10-23,MOVIE,Movies,12247,19645.5,16125,Live Sports Final,1,0,None,0.0,0,0,4,10,0,98.14
2026-10-24,MOVIE,Movies,11008,16260.1,14617,None,0,0,None,0.0,0,1,5,10,0,98.16
2026-10-25,MOVIE,Movies,9991,16177.0,13203,None,0,0,None,0.0,0,1,6,10,0,98.17
2026-10-26,MOVIE,Movies,8330,12888.8,10547,None,0,0,None,0.0,0,0,0,10,0,98.18
2026-10-27,MOVIE,Movies,13018,16056.1,16351,Live Sports Final,1,0,None,0.0,0,0,1,10,0,98.2
2026-10-28,MOVIE,Movies,9468,8988.0,11745,None,0,0,None,0.0,0,0,2,10,0,98.21
2026-10-29,MOVIE,Movies,8504,9686.6,11523,None,0,0,None,0.0,0,0,3,10,0,98.23
2026-10-30,MOVIE,Movies,9506,11184.4,11758,None,0,0,None,0.0,0,0,4,10,0,98.24
2026-10-31,MOVIE,Movies,9818,9636.7,10848,None,0,0,None,0.0,0,1,5,10,0,98.26
2026-11-01,MOVIE,Movies,10053,10287.5,12520,None,0,0,None,0.0,0,1,6,11,0,98.28
2026-11-02,MOVIE,Movies,8470,7778.8,11050,None,0,0,None,0.0,0,0,0,11,0,98.3
2026-11-03,MOVIE,Movies,8843,11061.7,11283,None,0,0,None,0.0,0,0,1,11,0,98.31
2026-11-04,MOVIE,Movies,9431,9768.0,12232,None,0,0,None,0.0,0,0,2,11,0,98.33
2026-11-05,MOVIE,Movies,12725,14216.0,15305,Live Sports Final,1,0,None,0.0,0,0,3,11,0,98.35
2026-11-06,MOVIE,Movies,8962,11512.3,10036,None,0,0,Diwali,1.0,1,0,4,11,0,98.37
2026-11-07,MOVIE,Movies,11045,11390.2,14781,None,0,0,Diwali,1.25,1,1,5,11,0,98.39
2026-11-08,MOVIE,Movies,11249,10713.1,11980,None,0,0,Diwali,1.5,1,1,6,11,0,98.41
2026-11-09,MOVIE,Movies,10061,15218.6,11589,None,0,0,Diwali,1.25,1,0,0,11,0,98.43
2026-11-10,MOVIE,Movies,9640,15504.1,13717,None,0,0,Diwali,1.0,1,0,1,11,0,98.46
2026-11-11,MOVIE,Movies,9540,11162.8,11422,None,0,0,None,0.0,0,0,2,11,0,98.48
2026-11-12,MOVIE,Movies,9155,11627.4,10835,None,0,0,None,0.0,0,0,3,11,0,98.5
2026-11-13,MOVIE,Movies,8651,9780.6,9515,None,0,0,None,0.0,0,0,4,11,0,98.52
2026-11-14,MOVIE,Movies,10582,13434.6,12172,None,0,0,None,0.0,0,1,5,11,0,98.55
2026-11-15,MOVIE,Movies,11188,10865.4,13266,None,0,0,None,0.0,0,1,6,11,0,98.57
2026-11-16,MOVIE,Movies,9851,12487.1,11445,None,0,0,None,0.0,0,0,0,11,0,98.6
2026-11-17,MOVIE,Movies,7643,9699.8,8786,None,0,0,None,0.0,0,0,1,11,0,98.62
2026-11-18,MOVIE,Movies,9487,10868.8,13490,None,0,0,None,0.0,0,0,2,11,0,98.65
2026-11-19,MOVIE,Movies,8844,14101.0,11269,None,0,0,None,0.0,0,0,3,11,0,98.67
2026-11-20,MOVIE,Movies,9359,11568.6,10012,None,0,0,None,0.0,0,0,4,11,0,98.7
2026-11-21,MOVIE,Movies,9715,9896.4,13819,None,0,0,None,0.0,0,1,5,11,0,98.72
2026-11-22,MOVIE,Movies,10254,15385.5,14085,None,0,0,None,0.0,0,1,6,11,0,98.75
2026-11-23,MOVIE,Movies,8212,8352.4,8952,None,0,0,None,0.0,0,0,0,11,0,98.78
2026-11-24,MOVIE,Movies,12357,11965.3,14137,Live Sports Final,1,0,None,0.0,0,0,1,11,0,98.8
2026-11-25,MOVIE,Movies,9484,11334.2,10687,None,0,0,None,0.0,0,0,2,11,0,98.83
2026-11-26,MOVIE,Movies,9392,14443.4,12455,None,0,0,None,0.0,0,0,3,11,0,98.86
2026-11-27,MOVIE,Movies,10370,17225.2,13383,None,0,0,None,0.0,0,0,4,11,0,98.89
2026-11-28,MOVIE,Movies,10215,14570.6,13856,None,0,0,None,0.0,0,1,5,11,0,98.92
2026-11-29,MOVIE,Movies,10008,16173.3,12540,None,0,0,None,0.0,0,1,6,11,0,98.95
2026-11-30,MOVIE,Movies,11583,15694.1,13562,None,0,1,None,0.0,0,0,0,11,0,98.98
2026-12-01,MOVIE,Movies,8158,8584.4,9357,None,0,0,None,0.0,0,0,1,12,0,99.01
2026-12-02,MOVIE,Movies,9256,12514.7,12176,None,0,0,None,0.0,0,0,2,12,0,99.04
2026-12-03,MOVIE,Movies,9435,14049.7,11317,None,0,0,None,0.0,0,0,3,12,0,99.07
2026-12-04,MOVIE,Movies,7822,7508.5,9466,None,0,0,None,0.0,0,0,4,12,0,99.1
2026-12-05,MOVIE,Movies,9895,12228.4,11222,None,0,0,None,0.0,0,1,5,12,0,99.13
2026-12-06,MOVIE,Movies,9739,9421.4,13290,None,0,0,None,0.0,0,1,6,12,0,99.16
2026-12-07,MOVIE,Movies,9630,11723.0,12457,None,0,0,None,0.0,0,0,0,12,0,99.19
2026-12-08,MOVIE,Movies,8784,11859.8,10000,None,0,0,None,0.0,0,0,1,12,0,99.22
2026-12-09,MOVIE,Movies,9005,13274.5,10956,None,0,0,None,0.0,0,0,2,12,0,99.25
2026-12-10,MOVIE,Movies,8229,9745.8,10962,None,0,0,None,0.0,0,0,3,12,0,99.29
2026-12-11,MOVIE,Movies,8692,8673.4,11529,None,0,0,None,0.0,0,0,4,12,0,99.32
2026-12-12,MOVIE,Movies,10079,13062.7,12398,None,0,0,None,0.0,0,1,5,12,0,99.35
2026-12-13,MOVIE,Movies,10408,10443.5,13654,None,0,0,None,0.0,0,1,6,12,0,99.38
2026-12-14,MOVIE,Movies,12467,12185.2,16192,New Episode,1,0,None,0.0,0,0,0,12,0,99.42
2026-12-15,MOVIE,Movies,13488,20042.5,14623,New Episode,1,0,None,0.0,0,0,1,12,0,99.45
2026-12-16,MOVIE,Movies,13043,18089.6,16738,New Episode,1,0,None,0.0,0,0,2,12,0,99.48
2026-12-17,MOVIE,Movies,8145,10788.2,8712,None,0,0,None,0.0,0,0,3,12,0,99.51
2026-12-18,MOVIE,Movies,9751,10084.0,13354,None,0,0,None,0.0,0,0,4,12,0,99.55
2026-12-19,MOVIE,Movies,11048,18077.7,15255,None,0,0,None,0.0,0,1,5,12,0,99.58
2026-12-20,MOVIE,Movies,10584,16810.8,11334,None,0,0,None,0.0,0,1,6,12,0,99.62
2026-12-21,MOVIE,Movies,9736,15326.9,11511,None,0,0,None,0.0,0,0,0,12,0,99.65
2026-12-22,MOVIE,Movies,9862,9390.8,13441,None,0,0,None,0.0,0,0,1,12,0,99.68
2026-12-23,MOVIE,Movies,10546,10101.0,13871,None,0,1,None,0.0,0,0,2,12,0,99.72
2026-12-24,MOVIE,Movies,8474,10821.8,10205,None,0,0,None,0.0,0,0,3,12,0,99.75
2026-12-25,MOVIE,Movies,9886,11177.5,11414,None,0,0,Christmas,1.2,1,0,4,12,0,99.79
2026-12-26,MOVIE,Movies,10086,11789.4,11780,None,0,0,None,0.0,0,1,5,12,0,99.82
2026-12-27,MOVIE,Movies,10707,15714.8,11765,None,0,0,None,0.0,0,1,6,12,0,99.85
2026-12-28,MOVIE,Movies,8584,14149.1,12439,None,0,0,None,0.0,0,0,0,12,0,99.89
2026-12-29,MOVIE,Movies,9740,13466.3,12864,None,0,0,None,0.0,0,0,1,12,0,99.92
2026-12-30,MOVIE,Movies,8747,8073.6,11106,None,0,0,None,0.0,0,0,2,12,0,99.96
2026-12-31,MOVIE,Movies,11133,10377.2,16075,None,0,1,New Year,1.1,1,0,3,12,0,99.99
2025-01-01,KIDS,Kids,6106,5941.6,6871,None,0,0,None,0.0,0,0,2,1,0,100.03
2025-01-02,KIDS,Kids,6234,9817.2,8122,None,0,0,None,0.0,0,0,3,1,0,100.07
2025-01-03,KIDS,Kids,6725,9429.0,9162,None,0,1,None,0.0,0,0,4,1,0,100.1
2025-01-04,KIDS,Kids,6617,10654.8,7699,None,0,0,None,0.0,0,1,5,1,0,100.14
2025-01-05,KIDS,Kids,7681,9067.9,9631,None,0,0,None,0.0,0,1,6,1,0,100.17
2025-01-06,KIDS,Kids,6966,9909.1,7589,None,0,0,None,0.0,0,0,0,1,0,100.21
2025-01-07,KIDS,Kids,5613,7356.6,7649,None,0,0,None,0.0,0,0,1,1,0,100.24
2025-01-08,KIDS,Kids,6444,9720.9,8474,None,0,0,None,0.0,0,0,2,1,0,100.27
2025-01-09,KIDS,Kids,5546,7912.8,6773,None,0,0,None,0.0,0,0,3,1,0,100.31
2025-01-10,KIDS,Kids,6924,11177.7,8946,None,0,0,None,0.0,0,0,4,1,0,100.34
2025-01-11,KIDS,Kids,8420,10472.1,12057,None,0,1,None,0.0,0,1,5,1,0,100.38
2025-01-12,KIDS,Kids,8236,11248.2,10498,None,0,0,None,0.0,0,1,6,1,0,100.41
2025-01-13,KIDS,Kids,5936,9379.9,7247,None,0,0,None,0.0,0,0,0,1,0,100.44
2025-01-14,KIDS,Kids,8396,11299.5,10336,Live Sports Final,1,0,Makar Sankranti,1.0,1,0,1,1,0,100.48
2025-01-15,KIDS,Kids,6388,7932.6,7172,None,0,0,None,0.0,0,0,2,1,0,100.51
2025-01-16,KIDS,Kids,6608,8418.0,9343,None,0,0,None,0.0,0,0,3,1,1,100.54
2025-01-17,KIDS,Kids,6568,9970.1,8343,None,0,0,None,0.0,0,0,4,1,0,100.58
2025-01-18,KIDS,Kids,7573,12509.2,9148,None,0,0,None,0.0,0,1,5,1,0,100.61
2025-01-19,KIDS,Kids,9484,10082.8,13510,Season Premiere,1,0,None,0.0,0,1,6,1,0,100.64
2025-01-20,KIDS,Kids,8762,9637.4,11131,Season Premiere,1,0,None,0.0,0,0,0,1,0,100.67
2025-01-21,KIDS,Kids,7185,7575.7,7964,None,0,0,None,0.0,0,0,1,1,0,100.71
2025-01-22,KIDS,Kids,6569,6903.1,8719,None,0,0,None,0.0,0,0,2,1,0,100.74
2025-01-23,KIDS,Kids,5867,5572.0,8429,None,0,0,None,0.0,0,0,3,1,0,100.77
2025-01-24,KIDS,Kids,8525,13112.4,11770,Season Premiere,1,0,None,0.0,0,0,4,1,0,100.8
2025-01-25,KIDS,Kids,6309,7391.1,7584,None,0,0,None,0.0,0,1,5,1,0,100.83
2025-01-26,KIDS,Kids,7665,9502.5,10527,None,0,0,Republic Day,0.8,1,1,6,1,1,100.86
2025-01-27,KIDS,Kids,7620,12134.2,9467,Live Sports Final,1,0,None,0.0,0,0,0,1,0,100.9
2025-01-28,KIDS,Kids,8657,14134.3,10491,Blockbuster Release,1,0,None,0.0,0,0,1,1,0,100.93
2025-01-29,KIDS,Kids,6211,8299.5,7901,None,0,0,None,0.0,0,0,2,1,0,100.96
2025-01-30,KIDS,Kids,6666,6518.8,7204,None,0,0,None,0.0,0,0,3,1,0,100.99
2025-01-31,KIDS,Kids,6252,7909.1,7225,None,0,0,None,0.0,0,0,4,1,0,101.02
2025-02-01,KIDS,Kids,7780,12687.3,9971,None,0,0,None,0.0,0,1,5,2,0,101.05
2025-02-02,KIDS,Kids,9853,15975.7,10807,Blockbuster Release,1,0,None,0.0,0,1,6,2,0,101.08
2025-02-03,KIDS,Kids,8831,10244.6,10721,Blockbuster Release,1,0,None,0.0,0,0,0,2,0,101.1
2025-02-04,KIDS,Kids,6068,10174.8,8379,None,0,0,None,0.0,0,0,1,2,0,101.13
2025-02-05,KIDS,Kids,6046,7010.1,8509,None,0,0,None,0.0,0,0,2,2,0,101.16
2025-02-06,KIDS,Kids,5632,8737.4,6324,None,0,0,None,0.0,0,0,3,2,0,101.19
2025-02-07,KIDS,Kids,5744,9471.8,8201,None,0,0,None,0.0,0,0,4,2,0,101.22
2025-02-08,KIDS,Kids,7217,7245.6,8926,None,0,0,None,0.0,0,1,5,2,0,101.24
2025-02-09,KIDS,Kids,7204,8167.7,8002,None,0,0,None,0.0,0,1,6,2,0,101.27
2025-02-10,KIDS,Kids,6415,8652.2,8661,None,0,0,None,0.0,0,0,0,2,0,101.3
2025-02-11,KIDS,Kids,7066,8444.2,7660,None,0,1,None,0.0,0,0,1,2,0,101.32
2025-02-12,KIDS,Kids,6317,10634.0,8481,None,0,0,None,0.0,0,0,2,2,0,101.35
2025-02-13,KIDS,Kids,6828,8347.5,9076,None,0,0,None,0.0,0,0,3,2,0,101.37
2025-02-14,KIDS,Kids,6433,10102.3,8395,None,0,0,None,0.0,0,0,4,2,0,101.4
2025-02-15,KIDS,Kids,7200,7619.6,9944,None,0,0,None,0.0,0,1,5,2,0,101.42
2025-02-16,KIDS,Kids,7308,12325.0,10079,None,0,0,None,0.0,0,1,6,2,0,101.45
2025-02-17,KIDS,Kids,6788,10073.8,8324,None,0,0,None,0.0,0,0,0,2,0,101.47
2025-02-18,KIDS,Kids,6325,5763.1,7947,None,0,0,None,0.0,0,0,1,2,0,101.49
2025-02-19,KIDS,Kids,6025,6253.3,7333,None,0,0,None,0.0,0,0,2,2,0,101.52
2025-02-20,KIDS,Kids,6030,5920.2,7811,None,0,0,None,0.0,0,0,3,2,0,101.54
2025-02-21,KIDS,Kids,6016,8261.4,7574,None,0,0,None,0.0,0,0,4,2,0,101.56
2025-02-22,KIDS,Kids,8238,12909.5,9626,None,0,1,None,0.0,0,1,5,2,0,101.58
2025-02-23,KIDS,Kids,7535,11514.7,9186,None,0,0,None,0.0,0,1,6,2,0,101.6
2025-02-24,KIDS,Kids,6993,9528.5,8922,None,0,0,None,0.0,0,0,0,2,0,101.62
2025-02-25,KIDS,Kids,6079,8472.3,8328,None,0,0,None,0.0,0,0,1,2,0,101.64
2025-02-26,KIDS,Kids,5866,9705.6,6475,None,0,0,None,0.0,0,0,2,2,0,101.66
2025-02-27,KIDS,Kids,5707,7201.9,7275,None,0,0,None,0.0,0,0,3,2,0,101.68
2025-02-28,KIDS,Kids,7008,10514.6,9988,None,0,0,None,0.0,0,0,4,2,1,101.7
2025-03-01,KIDS,Kids,10066,9841.8,12214,Live Sports Final,1,0,None,0.0,0,1,5,3,0,101.72
2025-03-02,KIDS,Kids,6905,6681.3,7439,None,0,0,None,0.0,0,1,6,3,0,101.73
2025-03-03,KIDS,Kids,6323,6559.6,8787,None,0,0,None,0.0,0,0,0,3,0,101.75
2025-03-04,KIDS,Kids,6872,11451.0,7798,None,0,0,None,0.0,0,0,1,3,0,101.77
2025-03-05,KIDS,Kids,6237,9403.7,8288,None,0,0,None,0.0,0,0,2,3,0,101.78
2025-03-06,KIDS,Kids,6640,10818.2,8198,None,0,0,None,0.0,0,0,3,3,0,101.8
2025-03-07,KIDS,Kids,6199,7264.8,8841,None,0,0,None,0.0,0,0,4,3,0,101.81
2025-03-08,KIDS,Kids,7079,7319.5,9624,None,0,0,None,0.0,0,1,5,3,0,101.83
2025-03-09,KIDS,Kids,6059,5743.6,8305,None,0,0,None,0.0,0,1,6,3,0,101.84
2025-03-10,KIDS,Kids,6094,7619.5,7863,None,0,0,None,0.0,0,0,0,3,0,101.85
2025-03-11,KIDS,Kids,6038,10128.7,6676,None,0,0,None,0.0,0,0,1,3,0,101.87
2025-03-12,KIDS,Kids,6673,6230.0,7459,None,0,0,Holi,0.8,1,0,2,3,0,101.88
2025-03-13,KIDS,Kids,8822,14483.3,9419,Season Premiere,1,0,Holi,1.05,1,0,3,3,0,101.89
2025-03-14,KIDS,Kids,8875,9947.2,11553,Season Premiere,1,0,Holi,1.3,1,0,4,3,0,101.9
2025-03-15,KIDS,Kids,7894,7466.8,10468,None,0,0,Holi,1.05,1,1,5,3,0,101.91
2025-03-16,KIDS,Kids,6404,6649.1,7251,None,0,0,Holi,0.8,1,1,6,3,0,101.92
2025-03-17,KIDS,Kids,8389,8214.4,11691,New Episode,1,0,None,0.0,0,0,0,3,0,101.93
2025-03-18,KIDS,Kids,7904,11413.1,9416,New Episode,1,0,None,0.0,0,0,1,3,0,101.94
2025-03-19,KIDS,Kids,5735,9546.4,6524,None,0,0,None,0.0,0,0,2,3,0,101.95
2025-03-20,KIDS,Kids,6153,10403.6,8308,None,0,0,None,0.0,0,0,3,3,0,101.96
2025-03-21,KIDS,Kids,6290,6017.7,8180,None,0,0,None,0.0,0,0,4,3,0,101.96
2025-03-22,KIDS,Kids,7442,9955.4,8408,None,0,0,None,0.0,0,1,5,3,0,101.97
2025-03-23,KIDS,Kids,7414,9251.2,10253,None,0,0,None,0.0,0,1,6,3,0,101.97
2025-03-24,KIDS,Kids,8061,9057.4,8802,Blockbuster Release,1,0,None,0.0,0,0,0,3,0,101.98
2025-03-25,KIDS,Kids,6199,8249.3,6980,None,0,0,None,0.0,0,0,1,3,0,101.98
2025-03-26,KIDS,Kids,6909,7574.6,9375,None,0,0,None,0.0,0,0,2,3,0,101.99
2025-03-27,KIDS,Kids,6987,7629.4,8847,None,0,0,None,0.0,0,0,3,3,0,101.99
2025-03-28,KIDS,Kids,6155,10242.9,7528,None,0,0,None,0.0,0,0,4,3,0,101.99
2025-03-29,KIDS,Kids,7272,10899.9,8077,None,0,0,None,0.0,0,1,5,3,0,102.0
2025-03-30,KIDS,Kids,6844,10351.8,7431,None,0,0,None,0.0,0,1,6,3,0,102.0
2025-03-31,KIDS,Kids,6737,8817.6,8246,None,0,0,None,0.0,0,0,0,3,0,102.0
2025-04-01,KIDS,Kids,7297,9048.4,10533,None,0,0,None,0.0,0,0,1,4,0,102.0
2025-04-02,KIDS,Kids,6061,7311.6,7872,None,0,0,None,0.0,0,0,2,4,0,102.0
2025-04-03,KIDS,Kids,6804,6867.4,8009,None,0,0,None,0.0,0,0,3,4,0,102.0
2025-04-04,KIDS,Kids,6615,11102.2,9589,None,0,0,None,0.0,0,0,4,4,0,102.0
2025-04-05,KIDS,Kids,7167,10323.4,10385,None,0,0,None,0.0,0,1,5,4,0,102.0
2025-04-06,KIDS,Kids,6939,9063.6,8223,None,0,0,None,0.0,0,1,6,4,0,101.99
2025-04-07,KIDS,Kids,7374,10352.8,8384,None,0,0,None,0.0,0,0,0,4,0,101.99
2025-04-08,KIDS,Kids,6632,11259.5,7478,None,0,0,None,0.0,0,0,1,4,0,101.99
2025-04-09,KIDS,Kids,6716,7388.8,8630,None,0,0,None,0.0,0,0,2,4,0,101.98
2025-04-10,KIDS,Kids,6209,9953.0,7299,None,0,0,None,0.0,0,0,3,4,0,101.98
2025-04-11,KIDS,Kids,8471,8304.3,11536,New Episode,1,0,None,0.0,0,0,4,4,0,101.97
2025-04-12,KIDS,Kids,6720,6078.1,8008,None,0,0,None,0.0,0,1,5,4,0,101.97
2025-04-13,KIDS,Kids,7580,12353.3,9805,None,0,0,None,0.0,0,1,6,4,0,101.96
2025-04-14,KIDS,Kids,6143,5954.2,7061,None,0,0,None,0.0,0,0,0,4,0,101.95
2025-04-15,KIDS,Kids,5861,8492.4,7281,None,0,0,None,0.0,0,0,1,4,0,101.94
2025-04-16,KIDS,Kids,5936,7616.0,7795,None,0,0,None,0.0,0,0,2,4,0,101.94
2025-04-17,KIDS,Kids,7354,9035.7,10635,None,0,0,None,0.0,0,0,3,4,0,101.93
2025-04-18,KIDS,Kids,6180,10455.6,7240,None,0,0,None,0.0,0,0,4,4,0,101.92
2025-04-19,KIDS,Kids,9884,11450.8,13363,Season Premiere,1,0,None,0.0,0,1,5,4,0,101.91
2025-04-20,KIDS,Kids,9207,8974.0,11897,Season Premiere,1,0,None,0.0,0,1,6,4,0,101.9
2025-04-21,KIDS,Kids,6230,6824.7,8422,None,0,0,None,0.0,0,0,0,4,0,101.89
2025-04-22,KIDS,Kids,7865,13141.8,10185,Season Premiere,1,0,None,0.0,0,0,1,4,0,101.87
2025-04-23,KIDS,Kids,6476,10674.9,7079,None,0,0,None,0.0,0,0,2,4,0,101.86
2025-04-24,KIDS,Kids,5920,6710.9,6779,None,0,0,None,0.0,0,0,3,4,0,101.85
2025-04-25,KIDS,Kids,6663,8907.1,8895,None,0,0,None,0.0,0,0,4,4,0,101.84
2025-04-26,KIDS,Kids,6488,8907.7,8738,None,0,0,None,0.0,0,1,5,4,0,101.82
2025-04-27,KIDS,Kids,6992,11771.9,9102,None,0,0,None,0.0,0,1,6,4,0,101.81
2025-04-28,KIDS,Kids,6830,9552.1,7711,None,0,0,None,0.0,0,0,0,4,0,101.79
2025-04-29,KIDS,Kids,6986,11035.7,7635,None,0,0,None,0.0,0,0,1,4,0,101.78
2025-04-30,KIDS,Kids,6324,6424.4,8502,None,0,0,None,0.0,0,0,2,4,0,101.76
2025-05-01,KIDS,Kids,6154,7968.4,8030,None,0,0,None,0.0,0,0,3,5,0,101.74
2025-05-02,KIDS,Kids,6374,9632.6,8116,None,0,0,None,0.0,0,0,4,5,0,101.73
2025-05-03,KIDS,Kids,8164,7621.3,8634,None,0,0,None,0.0,0,1,5,5,0,101.71
2025-05-04,KIDS,Kids,9631,11995.0,12498,Blockbuster Release,1,0,None,0.0,0,1,6,5,0,101.69
2025-05-05,KIDS,Kids,8479,14041.3,11544,Blockbuster Release,1,0,None,0.0,0,0,0,5,0,101.67
2025-05-06,KIDS,Kids,5871,8948.6,7255,None,0,0,None,0.0,0,0,1,5,0,101.65
2025-05-07,KIDS,Kids,6034,6101.7,6458,None,0,0,None,0.0,0,0,2,5,0,101.63
2025-05-08,KIDS,Kids,6521,8421.3,7603,None,0,0,None,0.0,0,0,3,5,0,101.61
2025-05-09,KIDS,Kids,6718,8517.1,7521,None,0,0,None,0.0,0,0,4,5,0,101.59
2025-05-10,KIDS,Kids,7413,7386.1,9617,None,0,0,None,0.0,0,1,5,5,0,101.57
2025-05-11,KIDS,Kids,7643,8767.4,8397,None,0,0,None,0.0,0,1,6,5,0,101.55
2025-05-12,KIDS,Kids,5899,6161.8,6290,None,0,0,None,0.0,0,0,0,5,0,101.53
2025-05-13,KIDS,Kids,5857,9902.5,8066,None,0,0,None,0.0,0,0,1,5,0,101.51
2025-05-14,KIDS,Kids,6681,8710.0,9478,None,0,0,None,0.0,0,0,2,5,0,101.48
2025-05-15,KIDS,Kids,8285,8476.5,11496,Blockbuster Release,1,0,None,0.0,0,0,3,5,0,101.46
2025-05-16,KIDS,Kids,9512,12117.5,12208,Blockbuster Release,1,1,None,0.0,0,0,4,5,0,101.44
2025-05-17,KIDS,Kids,7378,7172.4,8799,None,0,0,None,0.0,0,1,5,5,0,101.41
2025-05-18,KIDS,Kids,7328,11529.1,7929,None,0,0,None,0.0,0,1,6,5,0,101.39
2025-05-19,KIDS,Kids,6258,8833.1,7548,None,0,0,None,0.0,0,0,0,5,0,101.36
2025-05-20,KIDS,Kids,7031,9257.5,7898,None,0,0,None,0.0,0,0,1,5,0,101.34
2025-05-21,KIDS,Kids,7156,10618.9,9826,None,0,0,None,0.0,0,0,2,5,0,101.31
2025-05-22,KIDS,Kids,6760,7755.7,9352,None,0,0,None,0.0,0,0,3,5,0,101.29
2025-05-23,KIDS,Kids,6531,8004.5,8084,None,0,0,None,0.0,0,0,4,5,0,101.26
2025-05-24,KIDS,Kids,7897,7678.7,9262,None,0,0,None,0.0,0,1,5,5,0,101.23
2025-05-25,KIDS,Kids,7367,8053.6,9795,None,0,0,None,0.0,0,1,6,5,0,101.21
2025-05-26,KIDS,Kids,6264,5800.8,8149,None,0,0,None,0.0,0,0,0,5,0,101.18
2025-05-27,KIDS,Kids,6096,5995.2,7817,None,0,0,None,0.0,0,0,1,5,0,101.15
2025-05-28,KIDS,Kids,6011,8556.5,8536,None,0,0,None,0.0,0,0,2,5,0,101.12
2025-05-29,KIDS,Kids,6754,7298.4,7847,None,0,0,None,0.0,0,0,3,5,0,101.09
2025-05-30,KIDS,Kids,7860,7116.4,9293,Blockbuster Release,1,0,None,0.0,0,0,4,5,0,101.06
2025-05-31,KIDS,Kids,9532,10071.5,10216,Blockbuster Release,1,0,None,0.0,0,1,5,5,0,101.04
2025-06-01,KIDS,Kids,7154,8198.8,8140,None,0,0,None,0.0,0,1,6,6,0,101.01
2025-06-02,KIDS,Kids,7905,8008.4,9785,Blockbuster Release,1,0,None,0.0,0,0,0,6,0,100.98
2025-06-03,KIDS,Kids,8347,8934.8,11503,Blockbuster Release,1,0,None,0.0,0,0,1,6,1,100.95
2025-06-04,KIDS,Kids,6398,10752.8,7201,None,0,0,None,0.0,0,0,2,6,0,100.92
2025-06-05,KIDS,Kids,6804,6254.4,8567,None,0,0,None,0.0,0,0,3,6,0,100.88
2025-06-06,KIDS,Kids,8302,11223.6,9742,New Episode,1,0,None,0.0,0,0,4,6,0,100.85
2025-06-07,KIDS,Kids,9845,15034.0,13430,New Episode,1,0,None,0.0,0,1,5,6,0,100.82
2025-06-08,KIDS,Kids,6667,11235.1,8701,None,0,0,None,0.0,0,1,6,6,0,100.79
2025-06-09,KIDS,Kids,6980,8284.1,7482,None,0,1,None,0.0,0,0,0,6,0,100.76
2025-06-10,KIDS,Kids,7701,8807.8,8587,Blockbuster Release,1,0,None,0.0,0,0,1,6,0,100.73
2025-06-11,KIDS,Kids,6789,8409.6,9202,None,0,0,None,0.0,0,0,2,6,0,100.69
2025-06-12,KIDS,Kids,6223,8726.5,8222,None,0,0,None,0.0,0,0,3,6,0,100.66
2025-06-13,KIDS,Kids,6462,8091.5,7085,None,0,0,None,0.0,0,0,4,6,0,100.63
2025-06-14,KIDS,Kids,10039,11682.7,11753,Live Sports Final,1,0,None,0.0,0,1,5,6,1,100.6
2025-06-15,KIDS,Kids,7675,12507.6,8893,None,0,0,None,0.0,0,1,6,6,0,100.56
2025-06-16,KIDS,Kids,7240,8896.8,8967,None,0,0,None,0.0,0,0,0,6,0,100.53
2025-06-17,KIDS,Kids,6352,6662.1,6735,None,0,0,None,0.0,0,0,1,6,0,100.5
2025-06-18,KIDS,Kids,8229,13964.2,10385,Season Premiere,1,0,None,0.0,0,0,2,6,0,100.46
2025-06-19,KIDS,Kids,8842,11962.7,9872,Season Premiere,1,0,None,0.0,0,0,3,6,0,100.43
2025-06-20,KIDS,Kids,7399,11694.4,9942,None,0,0,None,0.0,0,0,4,6,0,100.4
2025-06-21,KIDS,Kids,7097,8209.2,9007,None,0,0,None,0.0,0,1,5,6,0,100.36
2025-06-22,KIDS,Kids,6987,7581.9,9536,None,0,0,None,0.0,0,1,6,6,0,100.33
2025-06-23,KIDS,Kids,5268,5542.0,6858,None,0,0,None,0.0,0,0,0,6,0,100.3
2025-06-24,KIDS,Kids,5480,8243.0,7747,None,0,0,None,0.0,0,0,1,6,1,100.26
2025-06-25,KIDS,Kids,9163,15332.7,13120,New Episode,1,0,None,0.0,0,0,2,6,0,100.23
2025-06-26,KIDS,Kids,8473,14007.0,11006,New Episode,1,0,None,0.0,0,0,3,6,0,100.19
2025-06-27,KIDS,Kids,5887,8628.8,7658,None,0,0,None,0.0,0,0,4,6,0,100.16
2025-06-28,KIDS,Kids,7340,10851.4,8750,None,0,0,None,0.0,0,1,5,6,0,100.12
2025-06-29,KIDS,Kids,8469,9417.2,12056,None,0,0,None,0.0,0,1,6,6,0,100.09
2025-06-30,KIDS,Kids,8556,10269.2,11772,Season Premiere,1,0,None,0.0,0,0,0,6,0,100.06
2025-07-01,KIDS,Kids,7216,6876.9,8296,None,0,0,None,0.0,0,0,1,7,0,100.02
2025-07-02,KIDS,Kids,5979,8073.5,6908,None,0,0,None,0.0,0,0,2,7,0,99.99
2025-07-03,KIDS,Kids,7021,11703.0,9455,None,0,0,None,0.0,0,0,3,7,0,99.95
2025-07-04,KIDS,Kids,6144,8794.5,7314,None,0,0,None,0.0,0,0,4,7,0,99.92
2025-07-05,KIDS,Kids,9511,11847.5,13115,Season Premiere,1,0,None,0.0,0,1,5,7,0,99.88
2025-07-06,KIDS,Kids,6941,7945.3,9833,None,0,0,None,0.0,0,1,6,7,0,99.85
2025-07-07,KIDS,Kids,6250,8094.3,6851,None,0,0,None,0.0,0,0,0,7,0,99.82
2025-07-08,KIDS,Kids,6815,8018.2,8575,None,0,0,None,0.0,0,0,1,7,0,99.78
2025-07-09,KIDS,Kids,6184,10141.0,8689,None,0,0,None,0.0,0,0,2,7,0,99.75
2025-07-10,KIDS,Kids,6858,10065.6,8713,None,0,0,None,0.0,0,0,3,7,0,99.71
2025-07-11,KIDS,Kids,6084,6744.3,6742,None,0,0,None,0.0,0,0,4,7,0,99.68
2025-07-12,KIDS,Kids,7320,9139.6,10003,None,0,0,None,0.0,0,1,5,7,0,99.64
2025-07-13,KIDS,Kids,7126,6486.2,8067,None,0,0,None,0.0,0,1,6,7,0,99.61
2025-07-14,KIDS,Kids,7184,6591.0,8966,None,0,0,None,0.0,0,0,0,7,0,99.58
2025-07-15,KIDS,Kids,6624,8321.2,9519,None,0,0,None,0.0,0,0,1,7,1,99.54
2025-07-16,KIDS,Kids,6523,8149.8,9170,None,0,0,None,0.0,0,0,2,7,0,99.51
2025-07-17,KIDS,Kids,6280,5711.4,8125,None,0,0,None,0.0,0,0,3,7,0,99.48
2025-07-18,KIDS,Kids,6149,7339.4,6842,None,0,0,None,0.0,0,0,4,7,0,99.44
2025-07-19,KIDS,Kids,6927,7740.6,8343,None,0,0,None,0.0,0,1,5,7,0,99.41
2025-07-20,KIDS,Kids,7938,8920.1,9087,None,0,0,None,0.0,0,1,6,7,0,99.38
2025-07-21,KIDS,Kids,5704,6670.3,7531,None,0,0,None,0.0,0,0,0,7,0,99.35
2025-07-22,KIDS,Kids,6249,8613.4,8464,None,0,0,None,0.0,0,0,1,7,0,99.31
2025-07-23,KIDS,Kids,6790,10046.1,8824,None,0,0,None,0.0,0,0,2,7,0,99.28
2025-07-24,KIDS,Kids,5681,6893.0,7347,None,0,0,None,0.0,0,0,3,7,0,99.25
2025-07-25,KIDS,Kids,6487,10932.5,7623,None,0,0,None,0.0,0,0,4,7,0,99.22
2025-07-26,KIDS,Kids,6994,9550.8,8609,None,0,0,None,0.0,0,1,5,7,0,99.19
2025-07-27,KIDS,Kids,7385,10742.5,10656,None,0,0,None,0.0,0,1,6,7,0,99.15
2025-07-28,KIDS,Kids,6339,7999.5,8960,None,0,0,None,0.0,0,0,0,7,0,99.12
2025-07-29,KIDS,Kids,7615,12577.3,10167,Blockbuster Release,1,0,None,0.0,0,0,1,7,0,99.09
2025-07-30,KIDS,Kids,8872,11808.7,12393,Live Sports Final,1,0,None,0.0,0,0,2,7,0,99.06
2025-07-31,KIDS,Kids,5987,8956.1,7981,None,0,0,None,0.0,0,0,3,7,0,99.03
2025-08-01,KIDS,Kids,6178,8134.0,8065,None,0,0,None,0.0,0,0,4,8,0,99.0
2025-08-02,KIDS,Kids,7402,11797.6,10013,None,0,0,None,0.0,0,1,5,8,0,98.97
2025-08-03,KIDS,Kids,10054,15200.1,11550,Blockbuster Release,1,0,None,0.0,0,1,6,8,0,98.94
2025-08-04,KIDS,Kids,8796,13722.3,12627,Season Premiere,1,0,None,0.0,0,0,0,8,0,98.91
2025-08-05,KIDS,Kids,8947,8503.7,10948,Season Premiere,1,0,None,0.0,0,0,1,8,0,98.89
2025-08-06,KIDS,Kids,7534,10230.3,8043,Season Premiere,1,0,None,0.0,0,0,2,8,0,98.86
2025-08-07,KIDS,Kids,6632,8742.8,7461,None,0,0,None,0.0,0,0,3,8,0,98.83
2025-08-08,KIDS,Kids,6428,7789.0,8451,None,0,0,None,0.0,0,0,4,8,0,98.8
2025-08-09,KIDS,Kids,7407,8312.1,9746,None,0,0,Raksha Bandhan,1.0,1,1,5,8,0,98.77
2025-08-10,KIDS,Kids,7503,11660.0,9504,None,0,0,None,0.0,0,1,6,8,0,98.75
2025-08-11,KIDS,Kids,6826,7724.1,8538,None,0,0,None,0.0,0,0,0,8,0,98.72
2025-08-12,KIDS,Kids,6047,8186.8,7882,None,0,0,None,0.0,0,0,1,8,0,98.69
2025-08-13,KIDS,Kids,7037,9131.0,9419,None,0,0,None,0.0,0,0,2,8,0,98.67
2025-08-14,KIDS,Kids,6927,9060.7,7832,None,0,0,None,0.0,0,0,3,8,0,98.64
2025-08-15,KIDS,Kids,6794,11190.0,7692,None,0,0,Independence Day,0.9,1,0,4,8,0,98.62
2025-08-16,KIDS,Kids,6866,11086.1,7308,None,0,0,None,0.0,0,1,5,8,0,98.59
2025-08-17,KIDS,Kids,8333,11426.7,10762,None,0,0,None,0.0,0,1,6,8,0,98.57
2025-08-18,KIDS,Kids,6557,6965.5,7863,None,0,0,None,0.0,0,0,0,8,0,98.54
2025-08-19,KIDS,Kids,6499,6810.4,9258,None,0,0,None,0.0,0,0,1,8,0,98.52
2025-08-20,KIDS,Kids,10226,10096.4,12108,Season Premiere,1,1,None,0.0,0,0,2,8,0,98.5
2025-08-21,KIDS,Kids,6677,8476.8,8519,None,0,0,None,0.0,0,0,3,8,0,98.48
2025-08-22,KIDS,Kids,6840,7193.7,8128,None,0,0,None,0.0,0,0,4,8,0,98.45
2025-08-23,KIDS,Kids,7394,9285.9,8817,None,0,0,None,0.0,0,1,5,8,0,98.43
2025-08-24,KIDS,Kids,6866,8097.6,8205,None,0,0,None,0.0,0,1,6,8,0,98.41
2025-08-25,KIDS,Kids,6890,6375.1,8916,None,0,0,None,0.0,0,0,0,8,0,98.39
2025-08-26,KIDS,Kids,6088,9322.1,7285,None,0,0,None,0.0,0,0,1,8,0,98.37
2025-08-27,KIDS,Kids,6007,9973.5,6662,None,0,0,None,0.0,0,0,2,8,0,98.35
2025-08-28,KIDS,Kids,6416,7859.2,7160,None,0,0,None,0.0,0,0,3,8,0,98.33
2025-08-29,KIDS,Kids,6247,7189.5,7876,None,0,0,None,0.0,0,0,4,8,0,98.31
2025-08-30,KIDS,Kids,7578,7118.7,9272,None,0,0,None,0.0,0,1,5,8,0,98.29
2025-08-31,KIDS,Kids,7661,7004.6,10719,None,0,0,None,0.0,0,1,6,8,0,98.28
2025-09-01,KIDS,Kids,6244,8788.6,6661,None,0,0,None,0.0,0,0,0,9,0,98.26
2025-09-02,KIDS,Kids,6502,8658.5,7515,None,0,0,None,0.0,0,0,1,9,0,98.24
2025-09-03,KIDS,Kids,6239,9531.5,8278,None,0,0,None,0.0,0,0,2,9,0,98.23
2025-09-04,KIDS,Kids,6784,9061.0,8980,None,0,0,None,0.0,0,0,3,9,0,98.21
2025-09-05,KIDS,Kids,6665,7029.4,7202,None,0,0,None,0.0,0,0,4,9,1,98.2
2025-09-06,KIDS,Kids,7732,12296.6,8882,None,0,0,None,0.0,0,1,5,9,0,98.18
2025-09-07,KIDS,Kids,7299,11751.6,8329,None,0,0,None,0.0,0,1,6,9,0,98.17
2025-09-08,KIDS,Kids,6567,10010.9,9415,None,0,0,None,0.0,0,0,0,9,0,98.15
2025-09-09,KIDS,Kids,6678,11093.7,9471,None,0,0,None,0.0,0,0,1,9,0,98.14
2025-09-10,KIDS,Kids,6782,10855.7,9784,None,0,0,None,0.0,0,0,2,9,0,98.13
2025-09-11,KIDS,Kids,6746,8599.0,7478,None,0,0,None,0.0,0,0,3,9,0,98.12
2025-09-12,KIDS,Kids,6406,10079.0,8508,None,0,0,None,0.0,0,0,4,9,0,98.11
2025-09-13,KIDS,Kids,6930,10290.8,8725,None,0,0,None,0.0,0,1,5,9,0,98.09
2025-09-14,KIDS,Kids,7648,9898.8,10328,None,0,0,None,0.0,0,1,6,9,0,98.08
2025-09-15,KIDS,Kids,6658,8178.8,7554,None,0,0,None,0.0,0,0,0,9,0,98.07
2025-09-16,KIDS,Kids,5986,8724.4,6356,None,0,0,None,0.0,0,0,1,9,0,98.07
2025-09-17,KIDS,Kids,6832,6537.2,7483,None,0,0,None,0.0,0,0,2,9,0,98.06
2025-09-18,KIDS,Kids,6533,9419.9,8180,None,0,0,None,0.0,0,0,3,9,0,98.05
2025-09-19,KIDS,Kids,7574,9360.0,10920,None,0,1,None,0.0,0,0,4,9,0,98.04
2025-09-20,KIDS,Kids,7530,9077.6,8011,None,0,0,None,0.0,0,1,5,9,0,98.04
2025-09-21,KIDS,Kids,7843,10008.8,10077,None,0,0,None,0.0,0,1,6,9,0,98.03
2025-09-22,KIDS,Kids,7146,11775.6,8067,None,0,0,None,0.0,0,0,0,9,0,98.02
2025-09-23,KIDS,Kids,8647,14549.8,9329,Season Premiere,1,0,None,0.0,0,0,1,9,0,98.02
2025-09-24,KIDS,Kids,8572,14407.0,11139,Season Premiere,1,0,None,0.0,0,0,2,9,0,98.01
2025-09-25,KIDS,Kids,6736,9543.8,8082,None,0,0,None,0.0,0,0,3,9,0,98.01
2025-09-26,KIDS,Kids,5892,9112.4,7938,None,0,0,None,0.0,0,0,4,9,0,98.01
2025-09-27,KIDS,Kids,7820,8080.6,9364,None,0,0,None,0.0,0,1,5,9,1,98.0
2025-09-28,KIDS,Kids,6859,9075.2,7476,None,0,0,None,0.0,0,1,6,9,0,98.0
2025-09-29,KIDS,Kids,9644,11082.8,12952,Blockbuster Release,1,1,None,0.0,0,0,0,9,0,98.0
2025-09-30,KIDS,Kids,7152,7417.5,9377,None,0,0,None,0.0,0,0,1,9,0,98.0
2025-10-01,KIDS,Kids,5575,8157.0,7868,None,0,0,None,0.0,0,0,2,10,0,98.0
2025-10-02,KIDS,Kids,7206,6537.8,9573,None,0,0,Gandhi Jayanti,0.7,1,0,3,10,0,98.0
2025-10-03,KIDS,Kids,7158,11398.1,7552,None,0,0,None,0.0,0,0,4,10,0,98.0
2025-10-04,KIDS,Kids,7601,12873.9,10501,None,0,0,None,0.0,0,1,5,10,0,98.0
2025-10-05,KIDS,Kids,10253,11855.8,13033,Season Premiere,1,0,None,0.0,0,1,6,10,0,98.0
2025-10-06,KIDS,Kids,5801,5836.0,6117,None,0,0,None,0.0,0,0,0,10,1,98.01
2025-10-07,KIDS,Kids,6271,9608.1,8597,None,0,0,None,0.0,0,0,1,10,0,98.01
2025-10-08,KIDS,Kids,6641,10231.4,9019,None,0,0,None,0.0,0,0,2,10,0,98.01
2025-10-09,KIDS,Kids,6630,10113.7,9612,None,0,0,None,0.0,0,0,3,10,0,98.02
2025-10-10,KIDS,Kids,8887,13015.2,11047,New Episode,1,0,None,0.0,0,0,4,10,0,98.02
2025-10-11,KIDS,Kids,10142,15530.6,13808,New Episode,1,0,None,0.0,0,1,5,10,0,98.03
2025-10-12,KIDS,Kids,7472,11882.9,9977,None,0,0,None,0.0,0,1,6,10,0,98.04
2025-10-13,KIDS,Kids,5961,5529.0,7439,None,0,0,None,0.0,0,0,0,10,0,98.04
2025-10-14,KIDS,Kids,6645,11251.7,7439,None,0,0,None,0.0,0,0,1,10,0,98.05
2025-10-15,KIDS,Kids,6000,9070.8,7365,None,0,0,None,0.0,0,0,2,10,0,98.06
2025-10-16,KIDS,Kids,6336,8464.8,7049,None,0,0,None,0.0,0,0,3,10,0,98.07
2025-10-17,KIDS,Kids,7099,8656.3,8318,None,0,0,None,0.0,0,0,4,10,0,98.08
2025-10-18,KIDS,Kids,7053,11923.0,9867,None,0,0,Diwali,1.0,1,1,5,10,1,98.09
2025-10-19,KIDS,Kids,7744,7544.8,8916,None,0,0,Diwali,1.25,1,1,6,10,0,98.1
2025-10-20,KIDS,Kids,7216,10928.8,9962,None,0,0,Diwali,1.5,1,0,0,10,0,98.11
2025-10-21,KIDS,Kids,7117,7177.8,7564,None,0,0,Diwali,1.5,1,0,1,10,0,98.12
2025-10-22,KIDS,Kids,6860,9242.8,8543,None,0,0,Diwali,1.0,1,0,2,10,0,98.13
2025-10-23,KIDS,Kids,6207,7898.9,8356,None,0,0,None,0.0,0,0,3,10,0,98.14
2025-10-24,KIDS,Kids,7071,6972.2,9872,None,0,0,None,0.0,0,0,4,10,0,98.16
2025-10-25,KIDS,Kids,6947,7244.3,7364,None,0,0,None,0.0,0,1,5,10,0,98.17
2025-10-26,KIDS,Kids,7780,9252.0,10647,None,0,0,None,0.0,0,1,6,10,0,98.18
2025-10-27,KIDS,Kids,7742,8980.9,10889,None,0,1,None,0.0,0,0,0,10,0,98.2
2025-10-28,KIDS,Kids,6165,6706.9,6851,None,0,0,None,0.0,0,0,1,10,0,98.21
2025-10-29,KIDS,Kids,6338,8170.8,6787,None,0,0,None,0.0,0,0,2,10,0,98.23
2025-10-30,KIDS,Kids,7294,10036.2,8254,None,0,0,None,0.0,0,0,3,10,0,98.24
2025-10-31,KIDS,Kids,8218,12099.6,9407,New Episode,1,0,None,0.0,0,0,4,10,0,98.26
2025-11-01,KIDS,Kids,6723,7788.5,7570,None,0,0,None,0.0,0,1,5,11,0,98.28
2025-11-02,KIDS,Kids,9757,13848.6,12550,Season Premiere,1,0,None,0.0,0,1,6,11,0,98.3
2025-11-03,KIDS,Kids,8906,12348.0,10252,Season Premiere,1,0,None,0.0,0,0,0,11,0,98.31
2025-11-04,KIDS,Kids,7131,10431.2,9544,None,0,0,None,0.0,0,0,1,11,0,98.33
2025-11-05,KIDS,Kids,7698,12817.0,9668,None,0,1,None,0.0,0,0,2,11,1,98.35
2025-11-06,KIDS,Kids,5809,9414.8,7159,None,0,0,None,0.0,0,0,3,11,0,98.37
2025-11-07,KIDS,Kids,6558,10295.8,9162,None,0,0,None,0.0,0,0,4,11,0,98.39
2025-11-08,KIDS,Kids,7866,11551.9,10133,None,0,0,None,0.0,0,1,5,11,0,98.41
2025-11-09,KIDS,Kids,7635,8590.1,8824,None,0,0,None,0.0,0,1,6,11,0,98.43
2025-11-10,KIDS,Kids,6734,6851.5,7311,None,0,0,None,0.0,0,0,0,11,0,98.46
2025-11-11,KIDS,Kids,5708,8310.4,7223,None,0,0,None,0.0,0,0,1,11,0,98.48
2025-11-12,KIDS,Kids,5939,8144.2,8011,None,0,0,None,0.0,0,0,2,11,0,98.5
2025-11-13,KIDS,Kids,6464,8749.8,8530,None,0,0,None,0.0,0,0,3,11,0,98.52
2025-11-14,KIDS,Kids,7015,10285.1,9624,None,0,0,None,0.0,0,0,4,11,0,98.55
2025-11-15,KIDS,Kids,7161,10046.3,9749,None,0,0,None,0.0,0,1,5,11,0,98.57
2025-11-16,KIDS,Kids,7593,8234.2,9550,None,0,0,None,0.0,0,1,6,11,0,98.6
2025-11-17,KIDS,Kids,6599,10761.1,7627,None,0,0,None,0.0,0,0,0,11,0,98.62
2025-11-18,KIDS,Kids,6075,9747.8,8382,None,0,0,None,0.0,0,0,1,11,0,98.65
2025-11-19,KIDS,Kids,6209,6214.0,7611,None,0,0,None,0.0,0,0,2,11,0,98.67
2025-11-20,KIDS,Kids,6519,8974.2,7207,None,0,0,None,0.0,0,0,3,11,0,98.7
2025-11-21,KIDS,Kids,6372,10372.5,8966,None,0,0,None,0.0,0,0,4,11,0,98.72
2025-11-22,KIDS,Kids,7868,11282.5,8908,None,0,0,None,0.0,0,1,5,11,0,98.75
2025-11-23,KIDS,Kids,9884,13033.4,11036,Blockbuster Release,1,0,None,0.0,0,1,6,11,0,98.78
2025-11-24,KIDS,Kids,9140,14902.7,10295,Blockbuster Release,1,0,None,0.0,0,0,0,11,0,98.8
2025-11-25,KIDS,Kids,6378,9674.4,7227,None,0,0,None,0.0,0,0,1,11,0,98.83
2025-11-26,KIDS,Kids,6546,9333.8,7598,None,0,0,None,0.0,0,0,2,11,0,98.86
2025-11-27,KIDS,Kids,6884,8576.7,8787,None,0,0,None,0.0,0,0,3,11,0,98.89
2025-11-28,KIDS,Kids,6491,9872.1,7368,None,0,0,None,0.0,0,0,4,11,0,98.92
2025-11-29,KIDS,Kids,7335,11711.7,10238,None,0,0,None,0.0,0,1,5,11,0,98.95
2025-11-30,KIDS,Kids,7491,7726.8,9153,None,0,0,None,0.0,0,1,6,11,0,98.98
2025-12-01,KIDS,Kids,6929,10098.9,8585,None,0,0,None,0.0,0,0,0,12,0,99.01
2025-12-02,KIDS,Kids,6686,9751.1,8865,None,0,0,None,0.0,0,0,1,12,0,99.04
2025-12-03,KIDS,Kids,5612,5709.4,6019,None,0,0,None,0.0,0,0,2,12,0,99.07
2025-12-04,KIDS,Kids,6231,9834.5,7328,None,0,0,None,0.0,0,0,3,12,0,99.1
2025-12-05,KIDS,Kids,6235,9928.8,8258,None,0,0,None,0.0,0,0,4,12,0,99.13
2025-12-06,KIDS,Kids,7781,7844.6,9362,None,0,0,None,0.0,0,1,5,12,0,99.16
2025-12-07,KIDS,Kids,9257,13751.8,10063,Blockbuster Release,1,0,None,0.0,0,1,6,12,0,99.19
2025-12-08,KIDS,Kids,6669,7258.4,8311,None,0,0,None,0.0,0,0,0,12,0,99.22
2025-12-09,KIDS,Kids,6825,7404.6,7759,None,0,0,None,0.0,0,0,1,12,0,99.25
2025-12-10,KIDS,Kids,9053,9062.5,12698,New Episode,1,0,None,0.0,0,0,2,12,0,99.29
2025-12-11,KIDS,Kids,8742,12673.8,9595,Live Sports Final,1,0,None,0.0,0,0,3,12,0,99.32
2025-12-12,KIDS,Kids,8079,13137.0,8728,Live Sports Final,1,0,None,0.0,0,0,4,12,0,99.35
2025-12-13,KIDS,Kids,7424,10092.7,9458,None,0,0,None,0.0,0,1,5,12,0,99.38
2025-12-14,KIDS,Kids,8177,9049.7,9241,None,0,0,None,0.0,0,1,6,12,0,99.42
2025-12-15,KIDS,Kids,6297,6620.6,8777,None,0,0,None,0.0,0,0,0,12,0,99.45
2025-12-16,KIDS,Kids,7503,7757.4,8412,None,0,0,None,0.0,0,0,1,12,0,99.48
2025-12-17,KIDS,Kids,6909,7350.9,8563,None,0,0,None,0.0,0,0,2,12,0,99.51
2025-12-18,KIDS,Kids,6496,8722.1,8774,None,0,0,None,0.0,0,0,3,12,0,99.55
2025-12-19,KIDS,Kids,6657,11290.1,7125,None,0,0,None,0.0,0,0,4,12,0,99.58
2025-12-20,KIDS,Kids,7707,12699.4,11174,None,0,0,None,0.0,0,1,5,12,0,99.62
2025-12-21,KIDS,Kids,9860,9614.8,13378,Live Sports Final,1,0,None,0.0,0,1,6,12,0,99.65
2025-12-22,KIDS,Kids,8614,9142.9,10202,Live Sports Final,1,0,None,0.0,0,0,0,12,0,99.68
2025-12-23,KIDS,Kids,7429,10735.8,9200,None,0,0,None,0.0,0,0,1,12,0,99.72
2025-12-24,KIDS,Kids,7212,10470.0,8021,None,0,0,None,0.0,0,0,2,12,0,99.75
2025-12-25,KIDS,Kids,6677,7132.3,8062,None,0,0,Christmas,1.2,1,0,3,12,0,99.79
2025-12-26,KIDS,Kids,6228,10370.3,7323,None,0,0,None,0.0,0,0,4,12,0,99.82
2025-12-27,KIDS,Kids,8221,11259.2,9643,None,0,1,None,0.0,0,1,5,12,0,99.85
2025-12-28,KIDS,Kids,8490,11233.4,11531,None,0,0,None,0.0,0,1,6,12,0,99.89
2025-12-29,KIDS,Kids,7014,10929.6,9613,None,0,0,None,0.0,0,0,0,12,0,99.92
2025-12-30,KIDS,Kids,7111,8534.7,8507,None,0,0,None,0.0,0,0,1,12,0,99.96
2025-12-31,KIDS,Kids,6589,9696.3,7224,None,0,0,New Year,1.1,1,0,2,12,0,99.99
2026-01-01,KIDS,Kids,6308,10311.5,6732,None,0,0,None,0.0,0,0,3,1,0,100.03
2026-01-02,KIDS,Kids,6174,10245.0,8832,None,0,0,None,0.0,0,0,4,1,0,100.07
2026-01-03,KIDS,Kids,6189,5767.1,6753,None,0,0,None,0.0,0,1,5,1,0,100.1
2026-01-04,KIDS,Kids,7182,6882.2,9418,None,0,0,None,0.0,0,1,6,1,0,100.14
2026-01-05,KIDS,Kids,8951,13127.9,9722,Blockbuster Release,1,0,None,0.0,0,0,0,1,0,100.17
2026-01-06,KIDS,Kids,6685,6040.3,9141,None,0,0,None,0.0,0,0,1,1,0,100.21
2026-01-07,KIDS,Kids,6311,9028.5,7537,None,0,0,None,0.0,0,0,2,1,0,100.24
2026-01-08,KIDS,Kids,6864,10692.8,8111,None,0,0,None,0.0,0,0,3,1,0,100.27
2026-01-09,KIDS,Kids,6288,6111.5,6664,None,0,0,None,0.0,0,0,4,1,0,100.31
2026-01-10,KIDS,Kids,7902,7260.0,11345,None,0,0,None,0.0,0,1,5,1,0,100.34
2026-01-11,KIDS,Kids,7898,10321.2,9822,None,0,0,None,0.0,0,1,6,1,0,100.38
2026-01-12,KIDS,Kids,6939,11725.9,7701,None,0,0,None,0.0,0,0,0,1,0,100.41
2026-01-13,KIDS,Kids,6617,8787.2,7284,None,0,0,None,0.0,0,0,1,1,0,100.44
2026-01-14,KIDS,Kids,6462,10857.2,8546,None,0,0,Makar Sankranti,1.0,1,0,2,1,0,100.48
2026-01-15,KIDS,Kids,6069,8868.9,6876,None,0,0,None,0.0,0,0,3,1,0,100.51
2026-01-16,KIDS,Kids,7886,9005.5,9843,Live Sports Final,1,0,None,0.0,0,0,4,1,0,100.54
2026-01-17,KIDS,Kids,10482,11460.0,11817,Live Sports Final,1,0,None,0.0,0,1,5,1,0,100.58
2026-01-18,KIDS,Kids,6847,9480.8,8239,None,0,0,None,0.0,0,1,6,1,0,100.61
2026-01-19,KIDS,Kids,6532,7616.6,8859,None,0,0,None,0.0,0,0,0,1,0,100.64
2026-01-20,KIDS,Kids,6687,7295.3,7095,None,0,0,None,0.0,0,0,1,1,0,100.67
2026-01-21,KIDS,Kids,6129,7450.2,6995,None,0,0,None,0.0,0,0,2,1,0,100.71
2026-01-22,KIDS,Kids,6540,8673.2,9277,None,0,0,None,0.0,0,0,3,1,0,100.74
2026-01-23,KIDS,Kids,7920,12978.9,10403,None,0,1,None,0.0,0,0,4,1,0,100.77
2026-01-24,KIDS,Kids,7467,12429.1,10478,None,0,0,None,0.0,0,1,5,1,0,100.8
2026-01-25,KIDS,Kids,7786,11556.6,8250,None,0,0,None,0.0,0,1,6,1,0,100.83
2026-01-26,KIDS,Kids,6590,7205.7,9233,None,0,0,Republic Day,0.8,1,0,0,1,0,100.86
2026-01-27,KIDS,Kids,6478,8218.1,8826,None,0,0,None,0.0,0,0,1,1,0,100.9
2026-01-28,KIDS,Kids,6214,6080.3,6837,None,0,0,None,0.0,0,0,2,1,0,100.93
2026-01-29,KIDS,Kids,6542,8873.2,8027,None,0,0,None,0.0,0,0,3,1,0,100.96
2026-01-30,KIDS,Kids,6605,9329.7,7959,None,0,0,None,0.0,0,0,4,1,0,100.99
2026-01-31,KIDS,Kids,7193,8761.3,10038,None,0,0,None,0.0,0,1,5,1,0,101.02
2026-02-01,KIDS,Kids,7781,8364.3,10232,None,0,0,None,0.0,0,1,6,2,0,101.05
2026-02-02,KIDS,Kids,5535,9353.0,7446,None,0,0,None,0.0,0,0,0,2,0,101.08
2026-02-03,KIDS,Kids,7076,6592.7,10016,None,0,0,None,0.0,0,0,1,2,0,101.1
2026-02-04,KIDS,Kids,5992,8899.1,7042,None,0,0,None,0.0,0,0,2,2,0,101.13
2026-02-05,KIDS,Kids,7060,10237.1,7605,None,0,0,None,0.0,0,0,3,2,0,101.16
2026-02-06,KIDS,Kids,6879,9276.9,8421,None,0,0,None,0.0,0,0,4,2,0,101.19
2026-02-07,KIDS,Kids,8041,8440.4,11464,None,0,0,None,0.0,0,1,5,2,0,101.22
2026-02-08,KIDS,Kids,7114,11263.7,9392,None,0,0,None,0.0,0,1,6,2,0,101.24
2026-02-09,KIDS,Kids,6524,9057.3,6945,None,0,0,None,0.0,0,0,0,2,0,101.27
2026-02-10,KIDS,Kids,6741,9723.7,9731,None,0,0,None,0.0,0,0,1,2,0,101.3
2026-02-11,KIDS,Kids,6800,9976.6,8608,None,0,0,None,0.0,0,0,2,2,0,101.32
2026-02-12,KIDS,Kids,6980,6953.7,8434,None,0,0,None,0.0,0,0,3,2,0,101.35
2026-02-13,KIDS,Kids,6899,8782.8,8608,None,0,0,None,0.0,0,0,4,2,0,101.37
2026-02-14,KIDS,Kids,7817,11972.1,9887,None,0,0,None,0.0,0,1,5,2,0,101.4
2026-02-15,KIDS,Kids,7824,9531.9,11095,None,0,0,None,0.0,0,1,6,2,0,101.42
2026-02-16,KIDS,Kids,9167,13614.2,10958,Blockbuster Release,1,0,None,0.0,0,0,0,2,0,101.45
2026-02-17,KIDS,Kids,6629,7959.0,8715,None,0,0,None,0.0,0,0,1,2,0,101.47
2026-02-18,KIDS,Kids,7119,10983.7,7801,None,0,0,None,0.0,0,0,2,2,0,101.49
2026-02-19,KIDS,Kids,6589,10387.5,8036,None,0,0,None,0.0,0,0,3,2,0,101.52
2026-02-20,KIDS,Kids,5890,9229.3,8372,None,0,0,None,0.0,0,0,4,2,0,101.54
2026-02-21,KIDS,Kids,8159,11606.1,11057,None,0,0,None,0.0,0,1,5,2,0,101.56
2026-02-22,KIDS,Kids,7823,10197.3,11122,None,0,0,None,0.0,0,1,6,2,0,101.58
2026-02-23,KIDS,Kids,6562,10392.2,7228,None,0,0,None,0.0,0,0,0,2,0,101.6
2026-02-24,KIDS,Kids,6677,8035.4,8256,None,0,0,None,0.0,0,0,1,2,0,101.62
2026-02-25,KIDS,Kids,9536,15923.5,12014,New Episode,1,0,None,0.0,0,0,2,2,0,101.64
2026-02-26,KIDS,Kids,8927,13969.5,9709,New Episode,1,0,None,0.0,0,0,3,2,0,101.66
2026-02-27,KIDS,Kids,9544,10642.4,12009,Blockbuster Release,1,0,None,0.0,0,0,4,2,0,101.68
2026-02-28,KIDS,Kids,7831,9402.1,9411,None,0,0,None,0.0,0,1,5,2,0,101.7
2026-03-01,KIDS,Kids,7470,12077.1,7870,None,0,0,None,0.0,0,1,6,3,0,101.72
2026-03-02,KIDS,Kids,6251,6889.1,6836,None,0,0,Holi,0.8,1,0,0,3,0,101.73
2026-03-03,KIDS,Kids,6918,6680.8,8615,None,0,0,Holi,1.05,1,0,1,3,0,101.75
2026-03-04,KIDS,Kids,9867,9498.5,10788,Blockbuster Release,1,0,Holi,1.3,1,0,2,3,0,101.77
2026-03-05,KIDS,Kids,8973,14295.7,10854,Blockbuster Release,1,0,Holi,1.05,1,0,3,3,0,101.78
2026-03-06,KIDS,Kids,6983,8357.9,10090,None,0,0,Holi,0.8,1,0,4,3,1,101.8
2026-03-07,KIDS,Kids,8301,8873.3,10176,None,0,0,None,0.0,0,1,5,3,0,101.81
2026-03-08,KIDS,Kids,6866,7646.9,8761,None,0,0,None,0.0,0,1,6,3,0,101.83
2026-03-09,KIDS,Kids,6813,9362.4,8291,None,0,0,None,0.0,0,0,0,3,0,101.84
2026-03-10,KIDS,Kids,6882,8499.7,7520,None,0,0,None,0.0,0,0,1,3,0,101.85
2026-03-11,KIDS,Kids,6797,6892.3,9336,None,0,0,None,0.0,0,0,2,3,0,101.87
2026-03-12,KIDS,Kids,8163,10558.4,10967,New Episode,1,0,None,0.0,0,0,3,3,0,101.88
2026-03-13,KIDS,Kids,8575,12201.4,10527,New Episode,1,0,None,0.0,0,0,4,3,0,101.89
2026-03-14,KIDS,Kids,6738,8192.1,7588,None,0,0,None,0.0,0,1,5,3,0,101.9
2026-03-15,KIDS,Kids,7072,9854.6,9493,None,0,0,None,0.0,0,1,6,3,1,101.91
2026-03-16,KIDS,Kids,7014,10252.4,8288,None,0,0,None,0.0,0,0,0,3,0,101.92
2026-03-17,KIDS,Kids,6506,9241.4,8100,None,0,0,None,0.0,0,0,1,3,0,101.93
2026-03-18,KIDS,Kids,8203,8317.3,9451,None,0,1,None,0.0,0,0,2,3,0,101.94
2026-03-19,KIDS,Kids,6983,8722.3,8510,None,0,0,None,0.0,0,0,3,3,0,101.95
2026-03-20,KIDS,Kids,6164,10030.7,8719,None,0,0,None,0.0,0,0,4,3,0,101.96
2026-03-21,KIDS,Kids,7725,7933.0,9034,None,0,0,None,0.0,0,1,5,3,0,101.96
2026-03-22,KIDS,Kids,6964,11142.4,8392,None,0,0,None,0.0,0,1,6,3,0,101.97
2026-03-23,KIDS,Kids,7972,10022.1,9989,None,0,1,None,0.0,0,0,0,3,0,101.97
2026-03-24,KIDS,Kids,6840,9457.0,7959,None,0,0,None,0.0,0,0,1,3,0,101.98
2026-03-25,KIDS,Kids,6559,7555.1,9428,None,0,0,None,0.0,0,0,2,3,0,101.98
2026-03-26,KIDS,Kids,5928,8783.4,6472,None,0,0,None,0.0,0,0,3,3,0,101.99
2026-03-27,KIDS,Kids,6014,6274.2,6610,None,0,0,None,0.0,0,0,4,3,0,101.99
2026-03-28,KIDS,Kids,8763,13234.0,11404,None,0,0,None,0.0,0,1,5,3,0,101.99
2026-03-29,KIDS,Kids,7930,8043.0,10258,None,0,0,None,0.0,0,1,6,3,0,102.0
2026-03-30,KIDS,Kids,6541,6788.7,7612,None,0,0,None,0.0,0,0,0,3,0,102.0
2026-03-31,KIDS,Kids,7080,6420.5,7649,None,0,0,None,0.0,0,0,1,3,0,102.0
2026-04-01,KIDS,Kids,7303,11615.8,8052,None,0,0,None,0.0,0,0,2,4,0,102.0
2026-04-02,KIDS,Kids,7191,11328.2,8189,None,0,0,None,0.0,0,0,3,4,0,102.0
2026-04-03,KIDS,Kids,6582,7982.3,7964,None,0,0,None,0.0,0,0,4,4,0,102.0
2026-04-04,KIDS,Kids,7523,6789.6,9584,None,0,0,None,0.0,0,1,5,4,0,102.0
2026-04-05,KIDS,Kids,8014,13194.7,10400,None,0,0,None,0.0,0,1,6,4,1,102.0
2026-04-06,KIDS,Kids,6567,6810.6,8722,None,0,0,None,0.0,0,0,0,4,0,101.99
2026-04-07,KIDS,Kids,7191,7329.5,7690,None,0,0,None,0.0,0,0,1,4,0,101.99
2026-04-08,KIDS,Kids,6720,7183.3,8525,None,0,0,None,0.0,0,0,2,4,0,101.99
2026-04-09,KIDS,Kids,7017,7759.4,7491,None,0,0,None,0.0,0,0,3,4,0,101.98
2026-04-10,KIDS,Kids,7125,11721.0,9338,None,0,0,None,0.0,0,0,4,4,0,101.98
2026-04-11,KIDS,Kids,7112,9974.1,8374,None,0,0,None,0.0,0,1,5,4,0,101.97
2026-04-12,KIDS,Kids,7740,9078.3,10008,None,0,0,None,0.0,0,1,6,4,0,101.97
2026-04-13,KIDS,Kids,7175,10842.3,8902,None,0,0,None,0.0,0,0,0,4,0,101.96
2026-04-14,KIDS,Kids,6328,9608.2,8708,None,0,0,None,0.0,0,0,1,4,0,101.95
2026-04-15,KIDS,Kids,6441,7066.4,7014,None,0,0,None,0.0,0,0,2,4,0,101.94
2026-04-16,KIDS,Kids,7201,7485.3,9099,None,0,0,None,0.0,0,0,3,4,0,101.94
2026-04-17,KIDS,Kids,7344,7505.9,8627,None,0,0,None,0.0,0,0,4,4,0,101.93
2026-04-18,KIDS,Kids,6156,7295.8,6494,None,0,0,None,0.0,0,1,5,4,0,101.92
2026-04-19,KIDS,Kids,10818,9980.4,13687,Season Premiere,1,0,None,0.0,0,1,6,4,1,101.91
2026-04-20,KIDS,Kids,7947,9955.9,10830,Season Premiere,1,0,None,0.0,0,0,0,4,0,101.9
2026-04-21,KIDS,Kids,6657,7062.5,8624,None,0,0,None,0.0,0,0,1,4,0,101.89
2026-04-22,KIDS,Kids,6084,9210.5,6502,None,0,0,None,0.0,0,0,2,4,0,101.87
2026-04-23,KIDS,Kids,7653,8906.7,10018,None,0,1,None,0.0,0,0,3,4,0,101.86
2026-04-24,KIDS,Kids,6733,9566.2,9000,None,0,0,None,0.0,0,0,4,4,1,101.85
2026-04-25,KIDS,Kids,7923,11456.0,8547,None,0,0,None,0.0,0,1,5,4,0,101.84
2026-04-26,KIDS,Kids,8314,12773.4,10012,None,0,0,None,0.0,0,1,6,4,0,101.82
2026-04-27,KIDS,Kids,6107,7818.2,7141,None,0,0,None,0.0,0,0,0,4,1,101.81
2026-04-28,KIDS,Kids,7194,8776.0,9710,None,0,0,None,0.0,0,0,1,4,0,101.79
2026-04-29,KIDS,Kids,6572,7267.0,7868,None,0,0,None,0.0,0,0,2,4,0,101.78
2026-04-30,KIDS,Kids,6583,5975.4,7459,None,0,0,None,0.0,0,0,3,4,0,101.76
2026-05-01,KIDS,Kids,11324,11618.1,14295,Season Premiere,1,1,None,0.0,0,0,4,5,0,101.74
2026-05-02,KIDS,Kids,10684,11513.5,14463,Season Premiere,1,0,None,0.0,0,1,5,5,0,101.73
2026-05-03,KIDS,Kids,6971,9945.1,8413,None,0,0,None,0.0,0,1,6,5,0,101.71
2026-05-04,KIDS,Kids,8941,13704.9,12594,Blockbuster Release,1,0,None,0.0,0,0,0,5,0,101.69
2026-05-05,KIDS,Kids,6375,8077.4,8353,None,0,0,None,0.0,0,0,1,5,0,101.67
2026-05-06,KIDS,Kids,6511,10140.3,7139,None,0,0,None,0.0,0,0,2,5,0,101.65
2026-05-07,KIDS,Kids,6644,7966.5,9570,None,0,0,None,0.0,0,0,3,5,0,101.63
2026-05-08,KIDS,Kids,6903,9826.0,9245,None,0,0,None,0.0,0,0,4,5,0,101.61
2026-05-09,KIDS,Kids,7164,9640.9,8198,None,0,0,None,0.0,0,1,5,5,0,101.59
2026-05-10,KIDS,Kids,7614,7767.5,8937,None,0,0,None,0.0,0,1,6,5,0,101.57
2026-05-11,KIDS,Kids,6534,8296.2,8094,None,0,0,None,0.0,0,0,0,5,0,101.55
2026-05-12,KIDS,Kids,6873,11506.3,7276,None,0,0,None,0.0,0,0,1,5,0,101.53
2026-05-13,KIDS,Kids,6684,6817.6,9410,None,0,0,None,0.0,0,0,2,5,0,101.51
2026-05-14,KIDS,Kids,7115,8713.1,7699,None,0,0,None,0.0,0,0,3,5,0,101.48
2026-05-15,KIDS,Kids,6821,7952.9,7629,None,0,0,None,0.0,0,0,4,5,0,101.46
2026-05-16,KIDS,Kids,7979,11944.4,10088,None,0,0,None,0.0,0,1,5,5,0,101.44
2026-05-17,KIDS,Kids,7819,7278.1,10702,None,0,0,None,0.0,0,1,6,5,0,101.41
2026-05-18,KIDS,Kids,6213,7843.7,8855,None,0,0,None,0.0,0,0,0,5,0,101.39
2026-05-19,KIDS,Kids,6551,7282.1,7180,None,0,0,None,0.0,0,0,1,5,0,101.36
2026-05-20,KIDS,Kids,6424,7311.9,6785,None,0,0,None,0.0,0,0,2,5,0,101.34
2026-05-21,KIDS,Kids,7045,8635.9,9367,None,0,0,None,0.0,0,0,3,5,0,101.31
2026-05-22,KIDS,Kids,7086,8030.7,8206,None,0,0,None,0.0,0,0,4,5,0,101.29
2026-05-23,KIDS,Kids,7690,10413.8,8481,None,0,0,None,0.0,0,1,5,5,1,101.26
2026-05-24,KIDS,Kids,7789,8799.6,8191,None,0,0,None,0.0,0,1,6,5,0,101.23
2026-05-25,KIDS,Kids,6034,9858.8,8662,None,0,0,None,0.0,0,0,0,5,0,101.21
2026-05-26,KIDS,Kids,6551,8240.8,8801,None,0,0,None,0.0,0,0,1,5,0,101.18
2026-05-27,KIDS,Kids,5636,5771.6,6691,None,0,0,None,0.0,0,0,2,5,0,101.15
2026-05-28,KIDS,Kids,7074,8002.8,9119,None,0,0,None,0.0,0,0,3,5,0,101.12
2026-05-29,KIDS,Kids,7691,11827.5,10814,None,0,0,None,0.0,0,0,4,5,0,101.09
2026-05-30,KIDS,Kids,10131,10000.8,14332,Season Premiere,1,0,None,0.0,0,1,5,5,0,101.06
2026-05-31,KIDS,Kids,7834,9430.4,9901,None,0,0,None,0.0,0,1,6,5,0,101.04
2026-06-01,KIDS,Kids,6908,11460.5,9847,None,0,0,None,0.0,0,0,0,6,0,101.01
2026-06-02,KIDS,Kids,6234,5616.5,8435,None,0,0,None,0.0,0,0,1,6,0,100.98
2026-06-03,KIDS,Kids,6672,11188.9,8465,None,0,0,None,0.0,0,0,2,6,0,100.95
2026-06-04,KIDS,Kids,6933,8231.3,8336,None,0,0,None,0.0,0,0,3,6,0,100.92
2026-06-05,KIDS,Kids,6804,7272.5,9693,None,0,0,None,0.0,0,0,4,6,0,100.88
2026-06-06,KIDS,Kids,7767,12119.6,8760,None,0,0,None,0.0,0,1,5,6,0,100.85
2026-06-07,KIDS,Kids,7614,9711.0,9652,None,0,0,None,0.0,0,1,6,6,0,100.82
2026-06-08,KIDS,Kids,6380,6281.2,7037,None,0,0,None,0.0,0,0,0,6,0,100.79
2026-06-09,KIDS,Kids,9318,13356.7,10281,Season Premiere,1,0,None,0.0,0,0,1,6,0,100.76
2026-06-10,KIDS,Kids,9790,14904.6,10514,Season Premiere,1,0,None,0.0,0,0,2,6,0,100.73
2026-06-11,KIDS,Kids,5866,7395.6,6886,None,0,0,None,0.0,0,0,3,6,0,100.69
2026-06-12,KIDS,Kids,5803,8539.6,7947,None,0,0,None,0.0,0,0,4,6,0,100.66
2026-06-13,KIDS,Kids,7223,7119.8,8116,None,0,0,None,0.0,0,1,5,6,0,100.63
2026-06-14,KIDS,Kids,7559,6995.8,10453,None,0,0,None,0.0,0,1,6,6,0,100.6
2026-06-15,KIDS,Kids,6627,7125.1,9592,None,0,0,None,0.0,0,0,0,6,1,100.56
2026-06-16,KIDS,Kids,6797,11450.7,8565,None,0,0,None,0.0,0,0,1,6,0,100.53
2026-06-17,KIDS,Kids,9067,9432.8,12377,Live Sports Final,1,0,None,0.0,0,0,2,6,0,100.5
2026-06-18,KIDS,Kids,6684,10933.5,8804,None,0,0,None,0.0,0,0,3,6,0,100.46
2026-06-19,KIDS,Kids,7297,8301.6,9003,None,0,0,None,0.0,0,0,4,6,0,100.43
2026-06-20,KIDS,Kids,7356,9513.6,8561,None,0,0,None,0.0,0,1,5,6,0,100.4
2026-06-21,KIDS,Kids,9549,13973.7,12591,None,0,1,None,0.0,0,1,6,6,0,100.36
2026-06-22,KIDS,Kids,7610,7883.3,8692,None,0,0,None,0.0,0,0,0,6,0,100.33
2026-06-23,KIDS,Kids,6111,6476.0,7317,None,0,0,None,0.0,0,0,1,6,0,100.3
2026-06-24,KIDS,Kids,5904,6508.9,6564,None,0,0,None,0.0,0,0,2,6,0,100.26
2026-06-25,KIDS,Kids,6832,8756.3,8752,None,0,0,None,0.0,0,0,3,6,0,100.23
2026-06-26,KIDS,Kids,9329,10978.8,10409,Season Premiere,1,0,None,0.0,0,0,4,6,0,100.19
2026-06-27,KIDS,Kids,10422,10096.4,14286,Season Premiere,1,0,None,0.0,0,1,5,6,0,100.16
2026-06-28,KIDS,Kids,6845,7624.0,8489,None,0,0,None,0.0,0,1,6,6,0,100.12
2026-06-29,KIDS,Kids,6023,9407.7,8043,None,0,0,None,0.0,0,0,0,6,0,100.09
2026-06-30,KIDS,Kids,6536,8583.3,8050,None,0,0,None,0.0,0,0,1,6,0,100.06
2026-07-01,KIDS,Kids,6938,11502.8,9434,None,0,0,None,0.0,0,0,2,7,0,100.02
2026-07-02,KIDS,Kids,6604,7409.0,9272,None,0,0,None,0.0,0,0,3,7,0,99.99
2026-07-03,KIDS,Kids,6852,7603.1,8478,None,0,0,None,0.0,0,0,4,7,0,99.95
2026-07-04,KIDS,Kids,7855,9744.6,9408,None,0,0,None,0.0,0,1,5,7,0,99.92
2026-07-05,KIDS,Kids,8180,7881.7,10942,None,0,0,None,0.0,0,1,6,7,0,99.88
2026-07-06,KIDS,Kids,6259,7216.7,8989,None,0,0,None,0.0,0,0,0,7,0,99.85
2026-07-07,KIDS,Kids,8019,9529.6,8984,None,0,1,None,0.0,0,0,1,7,0,99.82
2026-07-08,KIDS,Kids,7389,10324.8,9964,None,0,0,None,0.0,0,0,2,7,0,99.78
2026-07-09,KIDS,Kids,7640,7743.8,8032,None,0,1,None,0.0,0,0,3,7,0,99.75
2026-07-10,KIDS,Kids,8795,14168.1,12686,New Episode,1,0,None,0.0,0,0,4,7,0,99.71
2026-07-11,KIDS,Kids,7820,12519.6,10703,None,0,0,None,0.0,0,1,5,7,0,99.68
2026-07-12,KIDS,Kids,7325,9696.9,10463,None,0,0,None,0.0,0,1,6,7,0,99.64
2026-07-13,KIDS,Kids,6264,7746.5,6845,None,0,0,None,0.0,0,0,0,7,0,99.61
2026-07-14,KIDS,Kids,6620,9657.5,7086,None,0,0,None,0.0,0,0,1,7,0,99.58
2026-07-15,KIDS,Kids,6666,7086.8,8164,None,0,0,None,0.0,0,0,2,7,0,99.54
2026-07-16,KIDS,Kids,7099,9592.1,7622,None,0,0,None,0.0,0,0,3,7,0,99.51
2026-07-17,KIDS,Kids,6384,7212.0,6841,None,0,0,None,0.0,0,0,4,7,0,99.48
2026-07-18,KIDS,Kids,7804,12785.0,8480,None,0,0,None,0.0,0,1,5,7,0,99.44
2026-07-19,KIDS,Kids,8328,10696.2,8949,None,0,0,None,0.0,0,1,6,7,0,99.41
2026-07-20,KIDS,Kids,7286,9507.1,7934,None,0,0,None,0.0,0,0,0,7,0,99.38
2026-07-21,KIDS,Kids,6730,10162.5,8053,None,0,0,None,0.0,0,0,1,7,0,99.35
2026-07-22,KIDS,Kids,9165,13999.1,11461,Season Premiere,1,0,None,0.0,0,0,2,7,0,99.31
2026-07-23,KIDS,Kids,6387,6950.6,6971,None,0,0,None,0.0,0,0,3,7,0,99.28
2026-07-24,KIDS,Kids,6906,9583.5,9021,None,0,0,None,0.0,0,0,4,7,0,99.25
2026-07-25,KIDS,Kids,8463,13479.5,10944,None,0,0,None,0.0,0,1,5,7,0,99.22
2026-07-26,KIDS,Kids,8364,10291.8,9770,None,0,0,None,0.0,0,1,6,7,0,99.19
2026-07-27,KIDS,Kids,6774,6698.7,7935,None,0,0,None,0.0,0,0,0,7,0,99.15
2026-07-28,KIDS,Kids,6935,11059.9,10013,None,0,0,None,0.0,0,0,1,7,0,99.12
2026-07-29,KIDS,Kids,6467,10455.2,7567,None,0,0,None,0.0,0,0,2,7,0,99.09
2026-07-30,KIDS,Kids,6383,6526.4,9014,None,0,0,None,0.0,0,0,3,7,0,99.06
2026-07-31,KIDS,Kids,8938,9580.8,10114,Blockbuster Release,1,0,None,0.0,0,0,4,7,0,99.03
2026-08-01,KIDS,Kids,10579,11545.0,11867,Blockbuster Release,1,0,None,0.0,0,1,5,8,0,99.0
2026-08-02,KIDS,Kids,8122,12735.1,11322,None,0,0,None,0.0,0,1,6,8,0,98.97
2026-08-03,KIDS,Kids,6757,11247.8,8735,None,0,0,None,0.0,0,0,0,8,0,98.94
2026-08-04,KIDS,Kids,6983,8490.9,9470,None,0,0,None,0.0,0,0,1,8,0,98.91
2026-08-05,KIDS,Kids,5685,9365.9,7277,None,0,0,None,0.0,0,0,2,8,0,98.89
2026-08-06,KIDS,Kids,6868,6294.6,9884,None,0,0,None,0.0,0,0,3,8,0,98.86
2026-08-07,KIDS,Kids,6526,7943.4,6928,None,0,0,None,0.0,0,0,4,8,0,98.83
2026-08-08,KIDS,Kids,7273,7221.3,8073,None,0,0,None,0.0,0,1,5,8,0,98.8
2026-08-09,KIDS,Kids,8014,13530.5,8770,None,0,0,None,0.0,0,1,6,8,0,98.77
2026-08-10,KIDS,Kids,7426,7850.4,9791,None,0,0,None,0.0,0,0,0,8,0,98.75
2026-08-11,KIDS,Kids,6793,11190.9,7985,None,0,0,None,0.0,0,0,1,8,0,98.72
2026-08-12,KIDS,Kids,7182,10925.7,9800,None,0,0,None,0.0,0,0,2,8,0,98.69
2026-08-13,KIDS,Kids,6620,10675.6,7279,None,0,0,None,0.0,0,0,3,8,0,98.67
2026-08-14,KIDS,Kids,7693,10050.8,8785,None,0,0,None,0.0,0,0,4,8,0,98.64
2026-08-15,KIDS,Kids,7386,9671.8,7949,None,0,0,Independence Day,0.9,1,1,5,8,0,98.62
2026-08-16,KIDS,Kids,7781,7921.4,11261,None,0,0,None,0.0,0,1,6,8,0,98.59
2026-08-17,KIDS,Kids,7131,7129.9,9534,None,0,0,None,0.0,0,0,0,8,0,98.57
2026-08-18,KIDS,Kids,6793,9705.0,7428,None,0,0,None,0.0,0,0,1,8,0,98.54
2026-08-19,KIDS,Kids,7405,8290.9,9691,None,0,0,None,0.0,0,0,2,8,0,98.52
2026-08-20,KIDS,Kids,5909,7562.3,7243,None,0,0,None,0.0,0,0,3,8,0,98.5
2026-08-21,KIDS,Kids,6761,6748.3,9576,None,0,0,None,0.0,0,0,4,8,0,98.48
2026-08-22,KIDS,Kids,7724,10593.7,8524,None,0,0,None,0.0,0,1,5,8,0,98.45
2026-08-23,KIDS,Kids,7785,7491.0,8261,None,0,0,None,0.0,0,1,6,8,0,98.43
2026-08-24,KIDS,Kids,6125,6366.1,6808,None,0,0,None,0.0,0,0,0,8,0,98.41
2026-08-25,KIDS,Kids,6687,6804.4,9529,None,0,0,None,0.0,0,0,1,8,0,98.39
2026-08-26,KIDS,Kids,6668,6735.4,9479,None,0,0,None,0.0,0,0,2,8,0,98.37
2026-08-27,KIDS,Kids,6921,9690.6,7456,None,0,0,None,0.0,0,0,3,8,0,98.35
2026-08-28,KIDS,Kids,7532,6999.0,9485,None,0,0,Raksha Bandhan,1.0,1,0,4,8,0,98.33
2026-08-29,KIDS,Kids,10554,15183.4,13971,Blockbuster Release,1,0,None,0.0,0,1,5,8,0,98.31
2026-08-30,KIDS,Kids,8023,11545.5,8437,None,0,0,None,0.0,0,1,6,8,0,98.29
2026-08-31,KIDS,Kids,7365,7803.6,7781,None,0,0,None,0.0,0,0,0,8,0,98.28
2026-09-01,KIDS,Kids,7337,9379.9,7898,None,0,0,None,0.0,0,0,1,9,0,98.26
2026-09-02,KIDS,Kids,5787,6023.3,7706,None,0,0,None,0.0,0,0,2,9,0,98.24
2026-09-03,KIDS,Kids,7169,8162.0,10223,None,0,0,None,0.0,0,0,3,9,0,98.23
2026-09-04,KIDS,Kids,7167,10911.1,7720,None,0,0,None,0.0,0,0,4,9,0,98.21
2026-09-05,KIDS,Kids,7734,10094.4,8565,None,0,0,None,0.0,0,1,5,9,0,98.2
2026-09-06,KIDS,Kids,7650,12789.0,9462,None,0,0,None,0.0,0,1,6,9,0,98.18
2026-09-07,KIDS,Kids,6337,10459.6,7775,None,0,0,None,0.0,0,0,0,9,0,98.17
2026-09-08,KIDS,Kids,5985,6424.2,6792,None,0,0,None,0.0,0,0,1,9,0,98.15
2026-09-09,KIDS,Kids,7197,11158.6,8133,None,0,0,None,0.0,0,0,2,9,0,98.14
2026-09-10,KIDS,Kids,7162,8406.1,7919,None,0,0,None,0.0,0,0,3,9,0,98.13
2026-09-11,KIDS,Kids,6787,8190.2,7806,None,0,0,None,0.0,0,0,4,9,0,98.12
2026-09-12,KIDS,Kids,10836,14915.2,15024,Season Premiere,1,0,None,0.0,0,1,5,9,0,98.11
2026-09-13,KIDS,Kids,10974,14303.6,13531,Season Premiere,1,0,None,0.0,0,1,6,9,0,98.09
2026-09-14,KIDS,Kids,6054,9979.0,8579,None,0,0,None,0.0,0,0,0,9,0,98.08
2026-09-15,KIDS,Kids,6943,11279.0,9627,None,0,0,None,0.0,0,0,1,9,0,98.07
2026-09-16,KIDS,Kids,6730,8468.0,8490,None,0,0,None,0.0,0,0,2,9,0,98.07
2026-09-17,KIDS,Kids,7024,10967.3,9691,None,0,0,None,0.0,0,0,3,9,0,98.06
2026-09-18,KIDS,Kids,6919,11285.7,7719,None,0,0,None,0.0,0,0,4,9,0,98.05
2026-09-19,KIDS,Kids,8199,12126.8,10710,None,0,0,None,0.0,0,1,5,9,0,98.04
2026-09-20,KIDS,Kids,7179,10469.4,10238,None,0,0,None,0.0,0,1,6,9,0,98.04
2026-09-21,KIDS,Kids,7411,10014.9,9618,None,0,0,None,0.0,0,0,0,9,0,98.03
2026-09-22,KIDS,Kids,6615,9616.9,8244,None,0,0,None,0.0,0,0,1,9,0,98.02
2026-09-23,KIDS,Kids,6785,6911.2,8903,None,0,0,None,0.0,0,0,2,9,0,98.02
2026-09-24,KIDS,Kids,6080,6474.4,6716,None,0,0,None,0.0,0,0,3,9,0,98.01
2026-09-25,KIDS,Kids,6800,8120.4,7940,None,0,0,None,0.0,0,0,4,9,0,98.01
2026-09-26,KIDS,Kids,7865,13014.4,9051,None,0,0,None,0.0,0,1,5,9,0,98.01
2026-09-27,KIDS,Kids,7839,8928.3,8601,None,0,0,None,0.0,0,1,6,9,0,98.0
2026-09-28,KIDS,Kids,7761,7783.9,10347,None,0,1,None,0.0,0,0,0,9,0,98.0
2026-09-29,KIDS,Kids,6320,8028.5,8239,None,0,0,None,0.0,0,0,1,9,0,98.0
2026-09-30,KIDS,Kids,7128,8349.9,9972,None,0,0,None,0.0,0,0,2,9,0,98.0
2026-10-01,KIDS,Kids,6097,10318.5,8104,None,0,0,None,0.0,0,0,3,10,0,98.0
2026-10-02,KIDS,Kids,7369,8914.2,10130,None,0,0,Gandhi Jayanti,0.7,1,0,4,10,0,98.0
2026-10-03,KIDS,Kids,11296,15255.2,12489,Blockbuster Release,1,0,None,0.0,0,1,5,10,0,98.0
2026-10-04,KIDS,Kids,8844,14790.6,9518,None,0,0,None,0.0,0,1,6,10,0,98.0
2026-10-05,KIDS,Kids,8716,14057.4,10443,Blockbuster Release,1,0,None,0.0,0,0,0,10,0,98.0
2026-10-06,KIDS,Kids,7113,11538.3,7841,None,0,0,None,0.0,0,0,1,10,0,98.01
2026-10-07,KIDS,Kids,6613,10142.6,8974,None,0,0,None,0.0,0,0,2,10,0,98.01
2026-10-08,KIDS,Kids,7390,8793.2,9040,None,0,0,None,0.0,0,0,3,10,0,98.01
2026-10-09,KIDS,Kids,7030,10679.4,10020,None,0,0,None,0.0,0,0,4,10,0,98.02
2026-10-10,KIDS,Kids,7763,10703.9,8424,None,0,0,None,0.0,0,1,5,10,0,98.02
2026-10-11,KIDS,Kids,7495,8922.0,10706,None,0,0,None,0.0,0,1,6,10,0,98.03
2026-10-12,KIDS,Kids,9035,11970.3,12115,Blockbuster Release,1,0,None,0.0,0,0,0,10,0,98.04
2026-10-13,KIDS,Kids,6571,10458.6,9011,None,0,0,None,0.0,0,0,1,10,0,98.04
2026-10-14,KIDS,Kids,6854,6528.3,8547,None,0,0,None,0.0,0,0,2,10,0,98.05
2026-10-15,KIDS,Kids,6877,11133.6,8222,None,0,0,None,0.0,0,0,3,10,0,98.06
2026-10-16,KIDS,Kids,6626,9727.6,8877,None,0,0,None,0.0,0,0,4,10,0,98.07
2026-10-17,KIDS,Kids,7618,8848.4,10982,None,0,0,None,0.0,0,1,5,10,0,98.08
2026-10-18,KIDS,Kids,8171,9984.7,8664,None,0,0,None,0.0,0,1,6,10,1,98.09
2026-10-19,KIDS,Kids,7174,8936.5,9246,None,0,0,None,0.0,0,0,0,10,0,98.1
2026-10-20,KIDS,Kids,6518,8124.5,7488,None,0,0,None,0.0,0,0,1,10,0,98.11
2026-10-21,KIDS,Kids,6848,6276.1,8286,None,0,0,None,0.0,0,0,2,10,0,98.12
2026-10-22,KIDS,Kids,6497,6788.1,8314,None,0,0,None,0.0,0,0,3,10,0,98.13
2026-10-23,KIDS,Kids,10342,12913.6,11756,Live Sports Final,1,0,None,0.0,0,0,4,10,0,98.14
2026-10-24,KIDS,Kids,7498,7292.7,7904,None,0,0,None,0.0,0,1,5,10,0,98.16
2026-10-25,KIDS,Kids,8017,8115.7,8638,None,0,0,None,0.0,0,1,6,10,0,98.17
2026-10-26,KIDS,Kids,7070,11615.0,7496,None,0,0,None,0.0,0,0,0,10,0,98.18
2026-10-27,KIDS,Kids,8927,12076.9,9534,Live Sports Final,1,0,None,0.0,0,0,1,10,1,98.2
2026-10-28,KIDS,Kids,6505,10560.0,7260,None,0,0,None,0.0,0,0,2,10,0,98.21
2026-10-29,KIDS,Kids,6758,9594.4,8296,None,0,0,None,0.0,0,0,3,10,0,98.23
2026-10-30,KIDS,Kids,6505,7707.2,8007,None,0,0,None,0.0,0,0,4,10,0,98.24
2026-10-31,KIDS,Kids,7996,12386.2,8434,None,0,0,None,0.0,0,1,5,10,0,98.26
2026-11-01,KIDS,Kids,7546,10280.6,8003,None,0,0,None,0.0,0,1,6,11,0,98.28
2026-11-02,KIDS,Kids,6947,9177.4,7997,None,0,0,None,0.0,0,0,0,11,0,98.3
2026-11-03,KIDS,Kids,5989,5830.3,6407,None,0,0,None,0.0,0,0,1,11,0,98.31
2026-11-04,KIDS,Kids,6536,6956.4,7399,None,0,0,None,0.0,0,0,2,11,0,98.33
2026-11-05,KIDS,Kids,9046,8434.8,9625,Live Sports Final,1,0,None,0.0,0,0,3,11,1,98.35
2026-11-06,KIDS,Kids,7563,7323.8,8203,None,0,0,Diwali,1.0,1,0,4,11,1,98.37
2026-11-07,KIDS,Kids,7467,12043.2,9813,None,0,0,Diwali,1.25,1,1,5,11,0,98.39
2026-11-08,KIDS,Kids,8780,13459.2,9691,None,0,0,Diwali,1.5,1,1,6,11,0,98.41
2026-11-09,KIDS,Kids,7479,8057.8,9187,None,0,0,Diwali,1.25,1,0,0,11,0,98.43
2026-11-10,KIDS,Kids,6358,6953.6,8729,None,0,0,Diwali,1.0,1,0,1,11,0,98.46
2026-11-11,KIDS,Kids,7126,9208.1,7647,None,0,0,None,0.0,0,0,2,11,0,98.48
2026-11-12,KIDS,Kids,6490,7556.2,7516,None,0,0,None,0.0,0,0,3,11,0,98.5
2026-11-13,KIDS,Kids,7143,9599.1,9287,None,0,0,None,0.0,0,0,4,11,0,98.52
2026-11-14,KIDS,Kids,8204,8806.7,9183,None,0,0,None,0.0,0,1,5,11,0,98.55
2026-11-15,KIDS,Kids,8276,10145.7,10411,None,0,0,None,0.0,0,1,6,11,0,98.57
2026-11-16,KIDS,Kids,6650,10858.4,8825,None,0,0,None,0.0,0,0,0,11,0,98.6
2026-11-17,KIDS,Kids,7195,9119.5,10285,None,0,0,None,0.0,0,0,1,11,0,98.62
2026-11-18,KIDS,Kids,7568,12110.6,10895,None,0,0,None,0.0,0,0,2,11,0,98.65
2026-11-19,KIDS,Kids,6775,8978.0,7555,None,0,0,None,0.0,0,0,3,11,0,98.67
2026-11-20,KIDS,Kids,6831,8480.6,9566,None,0,0,None,0.0,0,0,4,11,0,98.7
2026-11-21,KIDS,Kids,8247,10790.0,8832,None,0,0,None,0.0,0,1,5,11,0,98.72
2026-11-22,KIDS,Kids,6704,10007.9,8246,None,0,0,None,0.0,0,1,6,11,0,98.75
2026-11-23,KIDS,Kids,6479,11006.4,8020,None,0,0,None,0.0,0,0,0,11,0,98.78
2026-11-24,KIDS,Kids,9691,8951.1,10502,Live Sports Final,1,0,None,0.0,0,0,1,11,0,98.8
2026-11-25,KIDS,Kids,6974,9160.7,8204,None,0,0,None,0.0,0,0,2,11,0,98.83
2026-11-26,KIDS,Kids,6815,9797.5,9275,None,0,0,None,0.0,0,0,3,11,0,98.86
2026-11-27,KIDS,Kids,6501,7955.6,7382,None,0,0,None,0.0,0,0,4,11,0,98.89
2026-11-28,KIDS,Kids,7958,10801.3,10339,None,0,0,None,0.0,0,1,5,11,0,98.92
2026-11-29,KIDS,Kids,7718,7276.9,11077,None,0,0,None,0.0,0,1,6,11,0,98.95
2026-11-30,KIDS,Kids,6154,6919.1,6591,None,0,0,None,0.0,0,0,0,11,1,98.98
2026-12-01,KIDS,Kids,7479,8988.0,7897,None,0,0,None,0.0,0,0,1,12,0,99.01
2026-12-02,KIDS,Kids,6613,8100.9,7646,None,0,0,None,0.0,0,0,2,12,0,99.04
2026-12-03,KIDS,Kids,6797,9823.5,7400,None,0,0,None,0.0,0,0,3,12,0,99.07
2026-12-04,KIDS,Kids,6143,9963.3,6656,None,0,0,None,0.0,0,0,4,12,0,99.1
2026-12-05,KIDS,Kids,7723,7328.0,9381,None,0,0,None,0.0,0,1,5,12,0,99.13
2026-12-06,KIDS,Kids,8393,10570.1,11001,None,0,0,None,0.0,0,1,6,12,0,99.16
2026-12-07,KIDS,Kids,7324,8922.4,9865,None,0,0,None,0.0,0,0,0,12,0,99.19
2026-12-08,KIDS,Kids,6931,11587.4,7579,None,0,0,None,0.0,0,0,1,12,0,99.22
2026-12-09,KIDS,Kids,6650,9740.8,8501,None,0,0,None,0.0,0,0,2,12,0,99.25
2026-12-10,KIDS,Kids,6934,11537.5,9269,None,0,0,None,0.0,0,0,3,12,0,99.29
2026-12-11,KIDS,Kids,7143,9304.5,9260,None,0,0,None,0.0,0,0,4,12,0,99.32
2026-12-12,KIDS,Kids,7314,10255.6,9038,None,0,0,None,0.0,0,1,5,12,0,99.35
2026-12-13,KIDS,Kids,8073,12783.9,9900,None,0,0,None,0.0,0,1,6,12,0,99.38
2026-12-14,KIDS,Kids,9614,8934.4,13091,New Episode,1,0,None,0.0,0,0,0,12,0,99.42
2026-12-15,KIDS,Kids,9257,15183.7,10574,New Episode,1,0,None,0.0,0,0,1,12,0,99.45
2026-12-16,KIDS,Kids,9276,11882.1,10429,New Episode,1,0,None,0.0,0,0,2,12,0,99.48
2026-12-17,KIDS,Kids,6614,11039.5,7102,None,0,0,None,0.0,0,0,3,12,0,99.51
2026-12-18,KIDS,Kids,7060,6406.8,8549,None,0,0,None,0.0,0,0,4,12,0,99.55
2026-12-19,KIDS,Kids,8669,8453.8,11406,None,0,0,None,0.0,0,1,5,12,0,99.58
2026-12-20,KIDS,Kids,8583,8238.7,10812,None,0,0,None,0.0,0,1,6,12,0,99.62
2026-12-21,KIDS,Kids,6684,6315.0,7244,None,0,0,None,0.0,0,0,0,12,0,99.65
2026-12-22,KIDS,Kids,6772,6819.2,9799,None,0,0,None,0.0,0,0,1,12,0,99.68
2026-12-23,KIDS,Kids,7528,8781.8,9022,None,0,0,None,0.0,0,0,2,12,0,99.72
2026-12-24,KIDS,Kids,7195,7247.4,7562,None,0,0,None,0.0,0,0,3,12,0,99.75
2026-12-25,KIDS,Kids,7479,7599.4,9665,None,0,0,Christmas,1.2,1,0,4,12,0,99.79
2026-12-26,KIDS,Kids,7195,9065.7,7575,None,0,0,None,0.0,0,1,5,12,1,99.82
2026-12-27,KIDS,Kids,8378,11740.2,11818,None,0,0,None,0.0,0,1,6,12,0,99.85
2026-12-28,KIDS,Kids,6819,6382.3,8798,None,0,0,None,0.0,0,0,0,12,0,99.89
2026-12-29,KIDS,Kids,7043,9575.6,8322,None,0,0,None,0.0,0,0,1,12,0,99.92
2026-12-30,KIDS,Kids,6637,9063.0,7859,None,0,0,None,0.0,0,0,2,12,0,99.96
2026-12-31,KIDS,Kids,7927,9169.3,8651,None,0,0,New Year,1.1,1,0,3,12,0,99.99
2025-01-01,REALITY,Reality Shows,7280,10405.4,8981,None,0,0,None,0.0,0,0,2,1,0,100.03
2025-01-02,REALITY,Reality Shows,7209,9406.3,7757,None,0,0,None,0.0,0,0,3,1,0,100.07
2025-01-03,REALITY,Reality Shows,7783,9002.7,8410,None,0,0,None,0.0,0,0,4,1,0,100.1
2025-01-04,REALITY,Reality Shows,7763,9966.0,10016,None,0,0,None,0.0,0,1,5,1,0,100.14
2025-01-05,REALITY,Reality Shows,7358,8567.6,9279,None,0,0,None,0.0,0,1,6,1,0,100.17
2025-01-06,REALITY,Reality Shows,6868,7670.7,9191,None,0,0,None,0.0,0,0,0,1,0,100.21
2025-01-07,REALITY,Reality Shows,6769,6748.5,8797,None,0,0,None,0.0,0,0,1,1,0,100.24
2025-01-08,REALITY,Reality Shows,7137,7678.5,8898,None,0,0,None,0.0,0,0,2,1,0,100.27
2025-01-09,REALITY,Reality Shows,6906,6931.9,8444,None,0,0,None,0.0,0,0,3,1,0,100.31
2025-01-10,REALITY,Reality Shows,7119,6464.7,8381,None,0,0,None,0.0,0,0,4,1,0,100.34
2025-01-11,REALITY,Reality Shows,8152,12148.2,8690,None,0,0,None,0.0,0,1,5,1,0,100.38
2025-01-12,REALITY,Reality Shows,8536,8327.3,9229,None,0,0,None,0.0,0,1,6,1,0,100.41
2025-01-13,REALITY,Reality Shows,8307,10100.4,10643,None,0,1,None,0.0,0,0,0,1,0,100.44
2025-01-14,REALITY,Reality Shows,10012,14197.0,12834,Live Sports Final,1,0,Makar Sankranti,1.0,1,0,1,1,0,100.48
2025-01-15,REALITY,Reality Shows,7926,11620.8,8465,None,0,0,None,0.0,0,0,2,1,0,100.51
2025-01-16,REALITY,Reality Shows,6252,6010.1,7652,None,0,0,None,0.0,0,0,3,1,0,100.54
2025-01-17,REALITY,Reality Shows,7145,11469.1,10215,None,0,0,None,0.0,0,0,4,1,0,100.58
2025-01-18,REALITY,Reality Shows,8053,7824.2,9061,None,0,0,None,0.0,0,1,5,1,0,100.61
2025-01-19,REALITY,Reality Shows,11041,14470.4,14985,Season Premiere,1,0,None,0.0,0,1,6,1,0,100.64
2025-01-20,REALITY,Reality Shows,9871,15377.0,12370,Season Premiere,1,0,None,0.0,0,0,0,1,0,100.67
2025-01-21,REALITY,Reality Shows,6651,8421.7,9052,None,0,0,None,0.0,0,0,1,1,0,100.71
2025-01-22,REALITY,Reality Shows,6781,11525.8,7857,None,0,0,None,0.0,0,0,2,1,0,100.74
2025-01-23,REALITY,Reality Shows,7422,10870.7,10715,None,0,0,None,0.0,0,0,3,1,0,100.77
2025-01-24,REALITY,Reality Shows,9516,11143.8,11362,Season Premiere,1,0,None,0.0,0,0,4,1,0,100.8
2025-01-25,REALITY,Reality Shows,9103,8747.7,11840,None,0,1,None,0.0,0,1,5,1,0,100.83
2025-01-26,REALITY,Reality Shows,8731,13621.2,11554,None,0,0,Republic Day,0.8,1,1,6,1,0,100.86
2025-01-27,REALITY,Reality Shows,9907,15815.5,13020,Live Sports Final,1,0,None,0.0,0,0,0,1,0,100.9
2025-01-28,REALITY,Reality Shows,9675,13588.7,12208,Blockbuster Release,1,0,None,0.0,0,0,1,1,0,100.93
2025-01-29,REALITY,Reality Shows,8534,9938.3,11270,None,0,1,None,0.0,0,0,2,1,0,100.96
2025-01-30,REALITY,Reality Shows,7344,9934.1,9706,None,0,0,None,0.0,0,0,3,1,0,100.99
2025-01-31,REALITY,Reality Shows,7024,6337.0,9447,None,0,0,None,0.0,0,0,4,1,0,101.02
2025-02-01,REALITY,Reality Shows,8276,10211.7,11093,None,0,0,None,0.0,0,1,5,2,0,101.05
2025-02-02,REALITY,Reality Shows,10455,17659.1,13793,Blockbuster Release,1,0,None,0.0,0,1,6,2,0,101.08
2025-02-03,REALITY,Reality Shows,9503,10173.1,13439,Blockbuster Release,1,0,None,0.0,0,0,0,2,0,101.1
2025-02-04,REALITY,Reality Shows,7545,10912.6,10633,None,0,0,None,0.0,0,0,1,2,0,101.13
2025-02-05,REALITY,Reality Shows,8150,8019.3,8696,None,0,0,None,0.0,0,0,2,2,0,101.16
2025-02-06,REALITY,Reality Shows,7135,10587.8,10291,None,0,0,None,0.0,0,0,3,2,0,101.19
2025-02-07,REALITY,Reality Shows,6632,8303.2,9070,None,0,0,None,0.0,0,0,4,2,0,101.22
2025-02-08,REALITY,Reality Shows,7959,9332.9,10246,None,0,0,None,0.0,0,1,5,2,0,101.24
2025-02-09,REALITY,Reality Shows,7423,9683.1,9600,None,0,0,None,0.0,0,1,6,2,0,101.27
2025-02-10,REALITY,Reality Shows,7408,11518.9,8930,None,0,0,None,0.0,0,0,0,2,0,101.3
2025-02-11,REALITY,Reality Shows,7102,11155.1,8679,None,0,0,None,0.0,0,0,1,2,0,101.32
2025-02-12,REALITY,Reality Shows,6613,7818.6,7946,None,0,0,None,0.0,0,0,2,2,0,101.35
2025-02-13,REALITY,Reality Shows,6989,9828.5,9991,None,0,0,None,0.0,0,0,3,2,0,101.37
2025-02-14,REALITY,Reality Shows,7429,8605.7,9577,None,0,0,None,0.0,0,0,4,2,0,101.4
2025-02-15,REALITY,Reality Shows,8167,10302.2,9094,None,0,0,None,0.0,0,1,5,2,0,101.42
2025-02-16,REALITY,Reality Shows,7806,11123.7,10601,None,0,0,None,0.0,0,1,6,2,0,101.45
2025-02-17,REALITY,Reality Shows,7588,8381.4,10074,None,0,0,None,0.0,0,0,0,2,0,101.47
2025-02-18,REALITY,Reality Shows,7256,8416.2,9456,None,0,0,None,0.0,0,0,1,2,0,101.49
2025-02-19,REALITY,Reality Shows,6714,6933.8,7758,None,0,0,None,0.0,0,0,2,2,0,101.52
2025-02-20,REALITY,Reality Shows,7103,9810.8,9215,None,0,0,None,0.0,0,0,3,2,0,101.54
2025-02-21,REALITY,Reality Shows,6055,9545.5,8334,None,0,0,None,0.0,0,0,4,2,0,101.56
2025-02-22,REALITY,Reality Shows,8279,13531.9,9246,None,0,0,None,0.0,0,1,5,2,0,101.58
2025-02-23,REALITY,Reality Shows,9523,15752.3,12084,None,0,0,None,0.0,0,1,6,2,0,101.6
2025-02-24,REALITY,Reality Shows,7630,11625.3,8649,None,0,0,None,0.0,0,0,0,2,0,101.62
2025-02-25,REALITY,Reality Shows,7012,8964.4,8911,None,0,0,None,0.0,0,0,1,2,1,101.64
2025-02-26,REALITY,Reality Shows,7217,11186.3,9431,None,0,0,None,0.0,0,0,2,2,0,101.66
2025-02-27,REALITY,Reality Shows,7363,8133.0,10119,None,0,0,None,0.0,0,0,3,2,0,101.68
2025-02-28,REALITY,Reality Shows,7396,9679.4,9240,None,0,0,None,0.0,0,0,4,2,0,101.7
2025-03-01,REALITY,Reality Shows,11028,18028.6,15683,Live Sports Final,1,0,None,0.0,0,1,5,3,1,101.72
2025-03-02,REALITY,Reality Shows,7092,9662.7,10031,None,0,0,None,0.0,0,1,6,3,0,101.73
2025-03-03,REALITY,Reality Shows,6929,9623.3,9539,None,0,0,None,0.0,0,0,0,3,0,101.75
2025-03-04,REALITY,Reality Shows,6808,9511.1,8660,None,0,0,None,0.0,0,0,1,3,0,101.77
2025-03-05,REALITY,Reality Shows,7053,10882.9,7940,None,0,0,None,0.0,0,0,2,3,0,101.78
2025-03-06,REALITY,Reality Shows,6736,6515.7,8826,None,0,0,None,0.0,0,0,3,3,0,101.8
2025-03-07,REALITY,Reality Shows,7401,8873.7,9861,None,0,0,None,0.0,0,0,4,3,0,101.81
2025-03-08,REALITY,Reality Shows,10625,17522.9,13258,None,0,1,None,0.0,0,1,5,3,0,101.83
2025-03-09,REALITY,Reality Shows,8646,14456.8,12422,None,0,0,None,0.0,0,1,6,3,0,101.84
2025-03-10,REALITY,Reality Shows,7073,9528.0,7701,None,0,0,None,0.0,0,0,0,3,0,101.85
2025-03-11,REALITY,Reality Shows,7850,8949.2,10924,None,0,0,None,0.0,0,0,1,3,0,101.87
2025-03-12,REALITY,Reality Shows,7770,12286.2,10967,None,0,0,Holi,0.8,1,0,2,3,0,101.88
2025-03-13,REALITY,Reality Shows,10371,16725.3,13495,Season Premiere,1,0,Holi,1.05,1,0,3,3,0,101.89
2025-03-14,REALITY,Reality Shows,9819,11172.3,13796,Season Premiere,1,0,Holi,1.3,1,0,4,3,0,101.9
2025-03-15,REALITY,Reality Shows,8403,12497.9,9536,None,0,0,Holi,1.05,1,1,5,3,0,101.91
2025-03-16,REALITY,Reality Shows,8691,14435.2,10325,None,0,0,Holi,0.8,1,1,6,3,0,101.92
2025-03-17,REALITY,Reality Shows,10722,13356.9,12036,New Episode,1,0,None,0.0,0,0,0,3,0,101.93
2025-03-18,REALITY,Reality Shows,10372,10011.2,12191,New Episode,1,0,None,0.0,0,0,1,3,0,101.94
2025-03-19,REALITY,Reality Shows,7407,11605.4,8267,None,0,0,None,0.0,0,0,2,3,0,101.95
2025-03-20,REALITY,Reality Shows,7197,10355.7,8028,None,0,0,None,0.0,0,0,3,3,0,101.96
2025-03-21,REALITY,Reality Shows,7493,11288.8,7959,None,0,0,None,0.0,0,0,4,3,0,101.96
2025-03-22,REALITY,Reality Shows,8446,12061.0,11384,None,0,0,None,0.0,0,1,5,3,0,101.97
2025-03-23,REALITY,Reality Shows,8936,11042.9,10462,None,0,0,None,0.0,0,1,6,3,1,101.97
2025-03-24,REALITY,Reality Shows,9141,15280.3,11832,Blockbuster Release,1,0,None,0.0,0,0,0,3,0,101.98
2025-03-25,REALITY,Reality Shows,7141,9982.6,9481,None,0,0,None,0.0,0,0,1,3,0,101.98
2025-03-26,REALITY,Reality Shows,7497,9897.8,9884,None,0,0,None,0.0,0,0,2,3,0,101.99
2025-03-27,REALITY,Reality Shows,7825,10526.2,11129,None,0,0,None,0.0,0,0,3,3,0,101.99
2025-03-28,REALITY,Reality Shows,8085,12215.6,10816,None,0,0,None,0.0,0,0,4,3,0,101.99
2025-03-29,REALITY,Reality Shows,7480,10376.7,9696,None,0,0,None,0.0,0,1,5,3,0,102.0
2025-03-30,REALITY,Reality Shows,7844,7521.2,8651,None,0,0,None,0.0,0,1,6,3,0,102.0
2025-03-31,REALITY,Reality Shows,7098,7964.0,7513,None,0,0,None,0.0,0,0,0,3,0,102.0
2025-04-01,REALITY,Reality Shows,6526,8552.9,8745,None,0,0,None,0.0,0,0,1,4,0,102.0
2025-04-02,REALITY,Reality Shows,7951,8206.2,11107,None,0,0,None,0.0,0,0,2,4,0,102.0
2025-04-03,REALITY,Reality Shows,7197,11404.6,9280,None,0,0,None,0.0,0,0,3,4,0,102.0
2025-04-04,REALITY,Reality Shows,7712,11732.1,11153,None,0,0,None,0.0,0,0,4,4,0,102.0
2025-04-05,REALITY,Reality Shows,9589,14433.8,13474,None,0,1,None,0.0,0,1,5,4,0,102.0
2025-04-06,REALITY,Reality Shows,8406,10710.3,11983,None,0,0,None,0.0,0,1,6,4,0,101.99
2025-04-07,REALITY,Reality Shows,6473,7327.3,8688,None,0,0,None,0.0,0,0,0,4,0,101.99
2025-04-08,REALITY,Reality Shows,6623,10400.3,9506,None,0,0,None,0.0,0,0,1,4,0,101.99
2025-04-09,REALITY,Reality Shows,6634,7842.9,8559,None,0,0,None,0.0,0,0,2,4,0,101.98
2025-04-10,REALITY,Reality Shows,6305,8491.6,7802,None,0,0,None,0.0,0,0,3,4,0,101.98
2025-04-11,REALITY,Reality Shows,10210,11581.5,10907,New Episode,1,0,None,0.0,0,0,4,4,0,101.97
2025-04-12,REALITY,Reality Shows,8207,13837.6,11643,None,0,0,None,0.0,0,1,5,4,0,101.97
2025-04-13,REALITY,Reality Shows,8733,12802.9,10548,None,0,0,None,0.0,0,1,6,4,0,101.96
2025-04-14,REALITY,Reality Shows,7092,11856.4,7721,None,0,0,None,0.0,0,0,0,4,0,101.95
2025-04-15,REALITY,Reality Shows,7702,12851.1,10281,None,0,0,None,0.0,0,0,1,4,0,101.94
2025-04-16,REALITY,Reality Shows,7618,8131.5,9013,None,0,0,None,0.0,0,0,2,4,0,101.94
2025-04-17,REALITY,Reality Shows,7092,10529.5,8989,None,0,0,None,0.0,0,0,3,4,0,101.93
2025-04-18,REALITY,Reality Shows,7251,9227.4,10503,None,0,0,None,0.0,0,0,4,4,0,101.92
2025-04-19,REALITY,Reality Shows,11345,15930.1,14884,Season Premiere,1,0,None,0.0,0,1,5,4,0,101.91
2025-04-20,REALITY,Reality Shows,11721,14917.0,12424,Season Premiere,1,0,None,0.0,0,1,6,4,0,101.9
2025-04-21,REALITY,Reality Shows,7141,6753.1,7657,None,0,0,None,0.0,0,0,0,4,0,101.89
2025-04-22,REALITY,Reality Shows,9899,14301.6,12689,Season Premiere,1,0,None,0.0,0,0,1,4,0,101.87
2025-04-23,REALITY,Reality Shows,6436,8302.2,6888,None,0,0,None,0.0,0,0,2,4,0,101.86
2025-04-24,REALITY,Reality Shows,6728,6774.5,7081,None,0,0,None,0.0,0,0,3,4,0,101.85
2025-04-25,REALITY,Reality Shows,6801,9685.5,8014,None,0,0,None,0.0,0,0,4,4,0,101.84
2025-04-26,REALITY,Reality Shows,8485,8718.2,9101,None,0,0,None,0.0,0,1,5,4,0,101.82
2025-04-27,REALITY,Reality Shows,7888,12630.7,10986,None,0,0,None,0.0,0,1,6,4,0,101.81
2025-04-28,REALITY,Reality Shows,7220,6620.0,8658,None,0,0,None,0.0,0,0,0,4,0,101.79
2025-04-29,REALITY,Reality Shows,7085,8762.3,8799,None,0,0,None,0.0,0,0,1,4,0,101.78
2025-04-30,REALITY,Reality Shows,7168,8417.2,9702,None,0,0,None,0.0,0,0,2,4,0,101.76
2025-05-01,REALITY,Reality Shows,8878,14263.4,10497,None,0,1,None,0.0,0,0,3,5,0,101.74
2025-05-02,REALITY,Reality Shows,7249,10836.8,8546,None,0,0,None,0.0,0,0,4,5,0,101.73
2025-05-03,REALITY,Reality Shows,8118,9023.8,9396,None,0,0,None,0.0,0,1,5,5,0,101.71
2025-05-04,REALITY,Reality Shows,11396,13346.0,16416,Blockbuster Release,1,0,None,0.0,0,1,6,5,0,101.69
2025-05-05,REALITY,Reality Shows,10535,14845.3,11944,Blockbuster Release,1,0,None,0.0,0,0,0,5,0,101.67
2025-05-06,REALITY,Reality Shows,7199,12053.4,9529,None,0,0,None,0.0,0,0,1,5,0,101.65
2025-05-07,REALITY,Reality Shows,6546,8019.7,8561,None,0,0,None,0.0,0,0,2,5,0,101.63
2025-05-08,REALITY,Reality Shows,6502,10193.4,8027,None,0,0,None,0.0,0,0,3,5,0,101.61
2025-05-09,REALITY,Reality Shows,7010,10334.7,9497,None,0,0,None,0.0,0,0,4,5,0,101.59
2025-05-10,REALITY,Reality Shows,7662,11225.1,8597,None,0,0,None,0.0,0,1,5,5,0,101.57
2025-05-11,REALITY,Reality Shows,7050,7691.9,7625,None,0,0,None,0.0,0,1,6,5,0,101.55
2025-05-12,REALITY,Reality Shows,7008,6474.1,9149,None,0,0,None,0.0,0,0,0,5,0,101.53
2025-05-13,REALITY,Reality Shows,8626,11003.6,9957,None,0,1,None,0.0,0,0,1,5,0,101.51
2025-05-14,REALITY,Reality Shows,7831,10862.9,10961,None,0,0,None,0.0,0,0,2,5,0,101.48
2025-05-15,REALITY,Reality Shows,9721,12463.2,12426,Blockbuster Release,1,0,None,0.0,0,0,3,5,0,101.46
2025-05-16,REALITY,Reality Shows,9883,11933.1,11106,Blockbuster Release,1,0,None,0.0,0,0,4,5,0,101.44
2025-05-17,REALITY,Reality Shows,8483,9592.6,9873,None,0,0,None,0.0,0,1,5,5,0,101.41
2025-05-18,REALITY,Reality Shows,8272,13131.9,10661,None,0,0,None,0.0,0,1,6,5,0,101.39
2025-05-19,REALITY,Reality Shows,6832,7076.6,9720,None,0,0,None,0.0,0,0,0,5,0,101.36
2025-05-20,REALITY,Reality Shows,8224,7436.9,9891,None,0,0,None,0.0,0,0,1,5,0,101.34
2025-05-21,REALITY,Reality Shows,6677,6587.1,7170,None,0,0,None,0.0,0,0,2,5,1,101.31
2025-05-22,REALITY,Reality Shows,7367,9240.0,9767,None,0,0,None,0.0,0,0,3,5,0,101.29
2025-05-23,REALITY,Reality Shows,6781,9141.5,8629,None,0,0,None,0.0,0,0,4,5,0,101.26
2025-05-24,REALITY,Reality Shows,8295,12094.3,11211,None,0,0,None,0.0,0,1,5,5,0,101.23
2025-05-25,REALITY,Reality Shows,8441,11384.4,10556,None,0,0,None,0.0,0,1,6,5,0,101.21
2025-05-26,REALITY,Reality Shows,7068,9950.2,8548,None,0,0,None,0.0,0,0,0,5,0,101.18
2025-05-27,REALITY,Reality Shows,6574,6531.2,8033,None,0,0,None,0.0,0,0,1,5,0,101.15
2025-05-28,REALITY,Reality Shows,8290,10373.0,11396,None,0,1,None,0.0,0,0,2,5,1,101.12
2025-05-29,REALITY,Reality Shows,7721,11332.0,9311,None,0,0,None,0.0,0,0,3,5,0,101.09
2025-05-30,REALITY,Reality Shows,9017,10454.2,11141,Blockbuster Release,1,0,None,0.0,0,0,4,5,0,101.06
2025-05-31,REALITY,Reality Shows,12017,13289.6,13821,Blockbuster Release,1,0,None,0.0,0,1,5,5,0,101.04
2025-06-01,REALITY,Reality Shows,8297,9298.3,8758,None,0,0,None,0.0,0,1,6,6,0,101.01
2025-06-02,REALITY,Reality Shows,10108,12163.5,11469,Blockbuster Release,1,0,None,0.0,0,0,0,6,0,100.98
2025-06-03,REALITY,Reality Shows,9243,8346.5,12689,Blockbuster Release,1,0,None,0.0,0,0,1,6,0,100.95
2025-06-04,REALITY,Reality Shows,7104,11532.2,10060,None,0,0,None,0.0,0,0,2,6,0,100.92
2025-06-05,REALITY,Reality Shows,8144,8671.2,10967,None,0,1,None,0.0,0,0,3,6,0,100.88
2025-06-06,REALITY,Reality Shows,9909,15709.3,12137,New Episode,1,0,None,0.0,0,0,4,6,0,100.85
2025-06-07,REALITY,Reality Shows,10696,10106.4,14140,New Episode,1,0,None,0.0,0,1,5,6,0,100.82
2025-06-08,REALITY,Reality Shows,7955,8936.1,8746,None,0,0,None,0.0,0,1,6,6,1,100.79
2025-06-09,REALITY,Reality Shows,8196,10939.1,8907,None,0,0,None,0.0,0,0,0,6,0,100.76
2025-06-10,REALITY,Reality Shows,10088,10245.0,11349,Blockbuster Release,1,0,None,0.0,0,0,1,6,0,100.73
2025-06-11,REALITY,Reality Shows,7372,12457.1,9521,None,0,0,None,0.0,0,0,2,6,0,100.69
2025-06-12,REALITY,Reality Shows,7365,9937.0,8971,None,0,0,None,0.0,0,0,3,6,0,100.66
2025-06-13,REALITY,Reality Shows,7903,12214.7,8876,None,0,0,None,0.0,0,0,4,6,0,100.63
2025-06-14,REALITY,Reality Shows,11182,12548.1,14181,Live Sports Final,1,0,None,0.0,0,1,5,6,0,100.6
2025-06-15,REALITY,Reality Shows,8728,9182.4,12346,None,0,0,None,0.0,0,1,6,6,0,100.56
2025-06-16,REALITY,Reality Shows,6035,9522.7,7667,None,0,0,None,0.0,0,0,0,6,0,100.53
2025-06-17,REALITY,Reality Shows,7134,7680.6,8967,None,0,0,None,0.0,0,0,1,6,0,100.5
2025-06-18,REALITY,Reality Shows,9632,11620.7,11481,Season Premiere,1,0,None,0.0,0,0,2,6,0,100.46
2025-06-19,REALITY,Reality Shows,9528,14219.8,10051,Season Premiere,1,0,None,0.0,0,0,3,6,0,100.43
2025-06-20,REALITY,Reality Shows,7558,8214.2,8679,None,0,0,None,0.0,0,0,4,6,0,100.4
2025-06-21,REALITY,Reality Shows,8211,11691.5,9705,None,0,0,None,0.0,0,1,5,6,0,100.36
2025-06-22,REALITY,Reality Shows,8199,13650.0,10099,None,0,0,None,0.0,0,1,6,6,0,100.33
2025-06-23,REALITY,Reality Shows,6815,9067.7,9669,None,0,0,None,0.0,0,0,0,6,0,100.3
2025-06-24,REALITY,Reality Shows,7008,7822.3,8200,None,0,0,None,0.0,0,0,1,6,0,100.26
2025-06-25,REALITY,Reality Shows,8811,14556.0,10354,New Episode,1,0,None,0.0,0,0,2,6,0,100.23
2025-06-26,REALITY,Reality Shows,9641,15745.1,11360,New Episode,1,0,None,0.0,0,0,3,6,0,100.19
2025-06-27,REALITY,Reality Shows,6511,9112.6,7394,None,0,0,None,0.0,0,0,4,6,0,100.16
2025-06-28,REALITY,Reality Shows,9043,13572.4,11060,None,0,0,None,0.0,0,1,5,6,0,100.12
2025-06-29,REALITY,Reality Shows,8647,12984.3,11665,None,0,0,None,0.0,0,1,6,6,0,100.09
2025-06-30,REALITY,Reality Shows,10249,12873.6,13774,Season Premiere,1,0,None,0.0,0,0,0,6,0,100.06
2025-07-01,REALITY,Reality Shows,6561,7296.7,6899,None,0,0,None,0.0,0,0,1,7,1,100.02
2025-07-02,REALITY,Reality Shows,7620,7264.4,10343,None,0,0,None,0.0,0,0,2,7,0,99.99
2025-07-03,REALITY,Reality Shows,8182,7674.5,9877,None,0,1,None,0.0,0,0,3,7,0,99.95
2025-07-04,REALITY,Reality Shows,7348,6925.6,7772,None,0,0,None,0.0,0,0,4,7,0,99.92
2025-07-05,REALITY,Reality Shows,11190,12211.2,16185,Season Premiere,1,0,None,0.0,0,1,5,7,0,99.88
2025-07-06,REALITY,Reality Shows,7621,7545.6,10665,None,0,0,None,0.0,0,1,6,7,0,99.85
2025-07-07,REALITY,Reality Shows,6707,6291.8,8001,None,0,0,None,0.0,0,0,0,7,0,99.82
2025-07-08,REALITY,Reality Shows,7540,10304.2,9974,None,0,0,None,0.0,0,0,1,7,0,99.78
2025-07-09,REALITY,Reality Shows,7525,8818.4,9820,None,0,0,None,0.0,0,0,2,7,0,99.75
2025-07-10,REALITY,Reality Shows,6546,11124.7,9453,None,0,0,None,0.0,0,0,3,7,0,99.71
2025-07-11,REALITY,Reality Shows,7777,11152.8,8730,None,0,0,None,0.0,0,0,4,7,0,99.68
2025-07-12,REALITY,Reality Shows,8117,13402.7,9214,None,0,0,None,0.0,0,1,5,7,0,99.64
2025-07-13,REALITY,Reality Shows,7678,7308.0,10119,None,0,0,None,0.0,0,1,6,7,0,99.61
2025-07-14,REALITY,Reality Shows,6954,7715.5,7510,None,0,0,None,0.0,0,0,0,7,0,99.58
2025-07-15,REALITY,Reality Shows,6561,10005.7,9043,None,0,0,None,0.0,0,0,1,7,0,99.54
2025-07-16,REALITY,Reality Shows,6870,9581.1,7801,None,0,0,None,0.0,0,0,2,7,0,99.51
2025-07-17,REALITY,Reality Shows,6993,8319.9,9488,None,0,0,None,0.0,0,0,3,7,0,99.48
2025-07-18,REALITY,Reality Shows,7481,11764.5,8314,None,0,0,None,0.0,0,0,4,7,0,99.44
2025-07-19,REALITY,Reality Shows,8712,11328.8,11727,None,0,0,None,0.0,0,1,5,7,0,99.41
2025-07-20,REALITY,Reality Shows,8836,14430.5,9561,None,0,0,None,0.0,0,1,6,7,0,99.38
2025-07-21,REALITY,Reality Shows,7617,10190.5,8315,None,0,0,None,0.0,0,0,0,7,0,99.35
2025-07-22,REALITY,Reality Shows,6300,8632.4,6737,None,0,0,None,0.0,0,0,1,7,0,99.31
2025-07-23,REALITY,Reality Shows,6526,7490.4,8574,None,0,0,None,0.0,0,0,2,7,0,99.28
2025-07-24,REALITY,Reality Shows,7773,7493.1,8676,None,0,0,None,0.0,0,0,3,7,0,99.25
2025-07-25,REALITY,Reality Shows,7008,6382.0,8377,None,0,0,None,0.0,0,0,4,7,0,99.22
2025-07-26,REALITY,Reality Shows,8255,9336.1,11602,None,0,0,None,0.0,0,1,5,7,0,99.19
2025-07-27,REALITY,Reality Shows,8634,13643.3,10161,None,0,0,None,0.0,0,1,6,7,0,99.15
2025-07-28,REALITY,Reality Shows,7872,9213.1,8783,None,0,0,None,0.0,0,0,0,7,0,99.12
2025-07-29,REALITY,Reality Shows,10078,15791.7,13281,Blockbuster Release,1,0,None,0.0,0,0,1,7,0,99.09
2025-07-30,REALITY,Reality Shows,9428,15959.9,10498,Live Sports Final,1,0,None,0.0,0,0,2,7,0,99.06
2025-07-31,REALITY,Reality Shows,6645,8272.2,8914,None,0,0,None,0.0,0,0,3,7,0,99.03
2025-08-01,REALITY,Reality Shows,6720,8389.6,8252,None,0,0,None,0.0,0,0,4,8,0,99.0
2025-08-02,REALITY,Reality Shows,8932,14122.9,12716,None,0,0,None,0.0,0,1,5,8,0,98.97
2025-08-03,REALITY,Reality Shows,11755,15847.5,13434,Blockbuster Release,1,0,None,0.0,0,1,6,8,0,98.94
2025-08-04,REALITY,Reality Shows,9879,15467.3,12295,Season Premiere,1,0,None,0.0,0,0,0,8,0,98.91
2025-08-05,REALITY,Reality Shows,9160,13389.8,12737,Season Premiere,1,0,None,0.0,0,0,1,8,0,98.89
2025-08-06,REALITY,Reality Shows,10297,12352.4,13484,Season Premiere,1,0,None,0.0,0,0,2,8,0,98.86
2025-08-07,REALITY,Reality Shows,7344,10402.3,8312,None,0,0,None,0.0,0,0,3,8,0,98.83
2025-08-08,REALITY,Reality Shows,6877,6343.3,7415,None,0,0,None,0.0,0,0,4,8,0,98.8
2025-08-09,REALITY,Reality Shows,8607,11198.3,10968,None,0,0,Raksha Bandhan,1.0,1,1,5,8,0,98.77
2025-08-10,REALITY,Reality Shows,8591,8347.0,10975,None,0,0,None,0.0,0,1,6,8,0,98.75
2025-08-11,REALITY,Reality Shows,7037,9438.7,7993,None,0,0,None,0.0,0,0,0,8,0,98.72
2025-08-12,REALITY,Reality Shows,6749,10459.1,9221,None,0,0,None,0.0,0,0,1,8,0,98.69
2025-08-13,REALITY,Reality Shows,7351,7557.6,8413,None,0,0,None,0.0,0,0,2,8,0,98.67
2025-08-14,REALITY,Reality Shows,7383,8979.8,10622,None,0,0,None,0.0,0,0,3,8,0,98.64
2025-08-15,REALITY,Reality Shows,6561,8771.7,8756,None,0,0,Independence Day,0.9,1,0,4,8,0,98.62
2025-08-16,REALITY,Reality Shows,8316,8828.3,10746,None,0,0,None,0.0,0,1,5,8,0,98.59
2025-08-17,REALITY,Reality Shows,9443,8747.5,12389,None,0,1,None,0.0,0,1,6,8,0,98.57
2025-08-18,REALITY,Reality Shows,7497,6755.9,7891,None,0,0,None,0.0,0,0,0,8,0,98.54
2025-08-19,REALITY,Reality Shows,6430,7101.0,7679,None,0,0,None,0.0,0,0,1,8,0,98.52
2025-08-20,REALITY,Reality Shows,9258,10604.4,12930,Season Premiere,1,0,None,0.0,0,0,2,8,0,98.5
2025-08-21,REALITY,Reality Shows,6119,7782.1,8680,None,0,0,None,0.0,0,0,3,8,0,98.48
2025-08-22,REALITY,Reality Shows,7472,11796.2,8417,None,0,0,None,0.0,0,0,4,8,0,98.45
2025-08-23,REALITY,Reality Shows,7626,9403.7,10747,None,0,0,None,0.0,0,1,5,8,0,98.43
2025-08-24,REALITY,Reality Shows,7712,7455.8,9248,None,0,0,None,0.0,0,1,6,8,0,98.41
2025-08-25,REALITY,Reality Shows,7227,8392.1,9600,None,0,0,None,0.0,0,0,0,8,0,98.39
2025-08-26,REALITY,Reality Shows,7195,8236.9,10073,None,0,0,None,0.0,0,0,1,8,0,98.37
2025-08-27,REALITY,Reality Shows,7586,10286.0,8639,None,0,0,None,0.0,0,0,2,8,0,98.35
2025-08-28,REALITY,Reality Shows,7637,10835.9,8434,None,0,0,None,0.0,0,0,3,8,0,98.33
2025-08-29,REALITY,Reality Shows,7830,7050.2,9702,None,0,0,None,0.0,0,0,4,8,0,98.31
2025-08-30,REALITY,Reality Shows,9161,12201.4,11901,None,0,0,None,0.0,0,1,5,8,1,98.29
2025-08-31,REALITY,Reality Shows,8882,9743.7,11343,None,0,0,None,0.0,0,1,6,8,0,98.28
2025-09-01,REALITY,Reality Shows,7443,11233.0,9839,None,0,0,None,0.0,0,0,0,9,0,98.26
2025-09-02,REALITY,Reality Shows,7388,8643.6,10472,None,0,0,None,0.0,0,0,1,9,0,98.24
2025-09-03,REALITY,Reality Shows,7584,12381.7,8310,None,0,0,None,0.0,0,0,2,9,0,98.23
2025-09-04,REALITY,Reality Shows,6293,7664.1,9033,None,0,0,None,0.0,0,0,3,9,0,98.21
2025-09-05,REALITY,Reality Shows,7209,8509.2,8033,None,0,0,None,0.0,0,0,4,9,0,98.2
2025-09-06,REALITY,Reality Shows,7483,7539.5,10648,None,0,0,None,0.0,0,1,5,9,0,98.18
2025-09-07,REALITY,Reality Shows,8020,8339.6,10854,None,0,0,None,0.0,0,1,6,9,0,98.17
2025-09-08,REALITY,Reality Shows,6565,9448.8,9023,None,0,0,None,0.0,0,0,0,9,0,98.15
2025-09-09,REALITY,Reality Shows,7480,10151.8,10470,None,0,0,None,0.0,0,0,1,9,0,98.14
2025-09-10,REALITY,Reality Shows,7585,10165.1,8306,None,0,0,None,0.0,0,0,2,9,0,98.13
2025-09-11,REALITY,Reality Shows,7887,7937.6,10375,None,0,0,None,0.0,0,0,3,9,0,98.12
2025-09-12,REALITY,Reality Shows,6819,6714.6,8103,None,0,0,None,0.0,0,0,4,9,0,98.11
2025-09-13,REALITY,Reality Shows,8066,10086.8,9696,None,0,0,None,0.0,0,1,5,9,0,98.09
2025-09-14,REALITY,Reality Shows,8920,14830.9,11243,None,0,0,None,0.0,0,1,6,9,0,98.08
2025-09-15,REALITY,Reality Shows,7045,8710.4,9084,None,0,0,None,0.0,0,0,0,9,0,98.07
2025-09-16,REALITY,Reality Shows,6945,11271.9,9244,None,0,0,None,0.0,0,0,1,9,0,98.07
2025-09-17,REALITY,Reality Shows,7648,12803.1,9898,None,0,0,None,0.0,0,0,2,9,0,98.06
2025-09-18,REALITY,Reality Shows,7554,7469.9,8617,None,0,0,None,0.0,0,0,3,9,0,98.05
2025-09-19,REALITY,Reality Shows,7770,12739.4,9283,None,0,0,None,0.0,0,0,4,9,0,98.04
2025-09-20,REALITY,Reality Shows,10145,14985.9,14147,None,0,1,None,0.0,0,1,5,9,0,98.04
2025-09-21,REALITY,Reality Shows,8205,8008.9,10958,None,0,0,None,0.0,0,1,6,9,0,98.03
2025-09-22,REALITY,Reality Shows,7978,11825.3,9844,None,0,0,None,0.0,0,0,0,9,0,98.02
2025-09-23,REALITY,Reality Shows,10368,13422.5,11872,Season Premiere,1,0,None,0.0,0,0,1,9,0,98.02
2025-09-24,REALITY,Reality Shows,9928,10045.2,13729,Season Premiere,1,0,None,0.0,0,0,2,9,0,98.01
2025-09-25,REALITY,Reality Shows,7742,8442.5,8901,None,0,0,None,0.0,0,0,3,9,0,98.01
2025-09-26,REALITY,Reality Shows,7302,10709.9,10307,None,0,0,None,0.0,0,0,4,9,0,98.01
2025-09-27,REALITY,Reality Shows,7952,9187.1,9748,None,0,0,None,0.0,0,1,5,9,0,98.0
2025-09-28,REALITY,Reality Shows,8462,14060.2,11127,None,0,0,None,0.0,0,1,6,9,0,98.0
2025-09-29,REALITY,Reality Shows,10889,16945.2,12402,Blockbuster Release,1,0,None,0.0,0,0,0,9,0,98.0
2025-09-30,REALITY,Reality Shows,7824,10509.1,8694,None,0,0,None,0.0,0,0,1,9,0,98.0
2025-10-01,REALITY,Reality Shows,7518,10529.9,8606,None,0,0,None,0.0,0,0,2,10,0,98.0
2025-10-02,REALITY,Reality Shows,7056,11537.7,8981,None,0,0,Gandhi Jayanti,0.7,1,0,3,10,0,98.0
2025-10-03,REALITY,Reality Shows,6737,7791.0,8927,None,0,0,None,0.0,0,0,4,10,0,98.0
2025-10-04,REALITY,Reality Shows,8296,12835.9,10308,None,0,0,None,0.0,0,1,5,10,0,98.0
2025-10-05,REALITY,Reality Shows,11150,14038.2,15218,Season Premiere,1,0,None,0.0,0,1,6,10,0,98.0
2025-10-06,REALITY,Reality Shows,7329,11704.9,8140,None,0,0,None,0.0,0,0,0,10,0,98.01
2025-10-07,REALITY,Reality Shows,7395,7041.3,10536,None,0,0,None,0.0,0,0,1,10,0,98.01
2025-10-08,REALITY,Reality Shows,6626,9769.0,8547,None,0,0,None,0.0,0,0,2,10,0,98.01
2025-10-09,REALITY,Reality Shows,6913,10693.0,8177,None,0,0,None,0.0,0,0,3,10,0,98.02
2025-10-10,REALITY,Reality Shows,9788,13611.6,12420,New Episode,1,0,None,0.0,0,0,4,10,0,98.02
2025-10-11,REALITY,Reality Shows,11672,13245.5,14319,New Episode,1,0,None,0.0,0,1,5,10,0,98.03
2025-10-12,REALITY,Reality Shows,8658,8817.2,11889,None,0,0,None,0.0,0,1,6,10,0,98.04
2025-10-13,REALITY,Reality Shows,6822,10173.4,7944,None,0,0,None,0.0,0,0,0,10,0,98.04
2025-10-14,REALITY,Reality Shows,6729,6745.8,8745,None,0,0,None,0.0,0,0,1,10,0,98.05
2025-10-15,REALITY,Reality Shows,6867,10818.7,9216,None,0,0,None,0.0,0,0,2,10,0,98.06
2025-10-16,REALITY,Reality Shows,7722,10045.5,11111,None,0,0,None,0.0,0,0,3,10,0,98.07
2025-10-17,REALITY,Reality Shows,7101,8561.4,7713,None,0,0,None,0.0,0,0,4,10,0,98.08
2025-10-18,REALITY,Reality Shows,8782,9566.5,11404,None,0,0,Diwali,1.0,1,1,5,10,0,98.09
2025-10-19,REALITY,Reality Shows,9009,8226.2,10767,None,0,0,Diwali,1.25,1,1,6,10,0,98.1
2025-10-20,REALITY,Reality Shows,8323,13518.4,10046,None,0,0,Diwali,1.5,1,0,0,10,0,98.11
2025-10-21,REALITY,Reality Shows,7125,9857.5,8694,None,0,0,Diwali,1.5,1,0,1,10,0,98.12
2025-10-22,REALITY,Reality Shows,8190,11963.3,9701,None,0,0,Diwali,1.0,1,0,2,10,0,98.13
2025-10-23,REALITY,Reality Shows,7623,12798.7,9617,None,0,0,None,0.0,0,0,3,10,0,98.14
2025-10-24,REALITY,Reality Shows,8158,8769.4,9361,None,0,0,None,0.0,0,0,4,10,0,98.16
2025-10-25,REALITY,Reality Shows,9132,8677.0,12693,None,0,0,None,0.0,0,1,5,10,0,98.17
2025-10-26,REALITY,Reality Shows,8499,10944.8,11764,None,0,0,None,0.0,0,1,6,10,0,98.18
2025-10-27,REALITY,Reality Shows,6978,8630.7,7587,None,0,0,None,0.0,0,0,0,10,0,98.2
2025-10-28,REALITY,Reality Shows,7670,7294.2,8284,None,0,0,None,0.0,0,0,1,10,0,98.21
2025-10-29,REALITY,Reality Shows,6798,8686.8,8273,None,0,0,None,0.0,0,0,2,10,0,98.23
2025-10-30,REALITY,Reality Shows,7454,9937.0,9820,None,0,0,None,0.0,0,0,3,10,0,98.24
2025-10-31,REALITY,Reality Shows,9630,9566.8,12428,New Episode,1,0,None,0.0,0,0,4,10,0,98.26
2025-11-01,REALITY,Reality Shows,8335,12137.4,9442,None,0,0,None,0.0,0,1,5,11,0,98.28
2025-11-02,REALITY,Reality Shows,10429,12270.5,13248,Season Premiere,1,0,None,0.0,0,1,6,11,0,98.3
2025-11-03,REALITY,Reality Shows,9958,13458.0,10537,Season Premiere,1,0,None,0.0,0,0,0,11,0,98.31
2025-11-04,REALITY,Reality Shows,8736,12314.9,9750,None,0,1,None,0.0,0,0,1,11,0,98.33
2025-11-05,REALITY,Reality Shows,7094,8417.5,8241,None,0,0,None,0.0,0,0,2,11,0,98.35
2025-11-06,REALITY,Reality Shows,7315,10887.6,9819,None,0,0,None,0.0,0,0,3,11,0,98.37
2025-11-07,REALITY,Reality Shows,6826,9721.8,9221,None,0,0,None,0.0,0,0,4,11,0,98.39
2025-11-08,REALITY,Reality Shows,8844,8367.1,9720,None,0,0,None,0.0,0,1,5,11,0,98.41
2025-11-09,REALITY,Reality Shows,8476,8538.0,9470,None,0,0,None,0.0,0,1,6,11,0,98.43
2025-11-10,REALITY,Reality Shows,8458,7915.6,9544,None,0,0,None,0.0,0,0,0,11,0,98.46
2025-11-11,REALITY,Reality Shows,7505,11976.2,9593,None,0,0,None,0.0,0,0,1,11,0,98.48
2025-11-12,REALITY,Reality Shows,7550,8904.2,8185,None,0,0,None,0.0,0,0,2,11,0,98.5
2025-11-13,REALITY,Reality Shows,7134,9449.8,9738,None,0,0,None,0.0,0,0,3,11,0,98.52
2025-11-14,REALITY,Reality Shows,7949,10513.7,10498,None,0,0,None,0.0,0,0,4,11,0,98.55
2025-11-15,REALITY,Reality Shows,8261,10560.9,11024,None,0,0,None,0.0,0,1,5,11,0,98.57
2025-11-16,REALITY,Reality Shows,9320,11367.7,10884,None,0,0,None,0.0,0,1,6,11,0,98.6
2025-11-17,REALITY,Reality Shows,8202,9648.2,10419,None,0,0,None,0.0,0,0,0,11,0,98.62
2025-11-18,REALITY,Reality Shows,7119,7883.1,8344,None,0,0,None,0.0,0,0,1,11,0,98.65
2025-11-19,REALITY,Reality Shows,7235,7880.4,8844,None,0,0,None,0.0,0,0,2,11,0,98.67
2025-11-20,REALITY,Reality Shows,7017,9941.3,7617,None,0,0,None,0.0,0,0,3,11,0,98.7
2025-11-21,REALITY,Reality Shows,6718,9822.1,7580,None,0,0,None,0.0,0,0,4,11,0,98.72
2025-11-22,REALITY,Reality Shows,8625,9443.3,9340,None,0,0,None,0.0,0,1,5,11,0,98.75
2025-11-23,REALITY,Reality Shows,11538,11646.5,14972,Blockbuster Release,1,0,None,0.0,0,1,6,11,0,98.78
2025-11-24,REALITY,Reality Shows,10356,15715.7,14204,Blockbuster Release,1,0,None,0.0,0,0,0,11,0,98.8
2025-11-25,REALITY,Reality Shows,7353,7052.0,10601,None,0,0,None,0.0,0,0,1,11,0,98.83
2025-11-26,REALITY,Reality Shows,7807,10471.7,10337,None,0,0,None,0.0,0,0,2,11,0,98.86
2025-11-27,REALITY,Reality Shows,7357,9480.1,10252,None,0,0,None,0.0,0,0,3,11,0,98.89
2025-11-28,REALITY,Reality Shows,7286,10616.4,8656,None,0,0,None,0.0,0,0,4,11,0,98.92
2025-11-29,REALITY,Reality Shows,8533,13115.1,11697,None,0,0,None,0.0,0,1,5,11,0,98.95
2025-11-30,REALITY,Reality Shows,8864,14516.0,10109,None,0,0,None,0.0,0,1,6,11,0,98.98
2025-12-01,REALITY,Reality Shows,7204,8061.6,9161,None,0,0,None,0.0,0,0,0,12,0,99.01
2025-12-02,REALITY,Reality Shows,7831,7288.7,9404,None,0,0,None,0.0,0,0,1,12,0,99.04
2025-12-03,REALITY,Reality Shows,7026,9523.5,9309,None,0,0,None,0.0,0,0,2,12,0,99.07
2025-12-04,REALITY,Reality Shows,7234,8727.1,9292,None,0,0,None,0.0,0,0,3,12,0,99.1
2025-12-05,REALITY,Reality Shows,6475,8127.9,8813,None,0,0,None,0.0,0,0,4,12,0,99.13
2025-12-06,REALITY,Reality Shows,8332,13103.0,9519,None,0,0,None,0.0,0,1,5,12,0,99.16
2025-12-07,REALITY,Reality Shows,11011,13089.9,15495,Blockbuster Release,1,0,None,0.0,0,1,6,12,0,99.19
2025-12-08,REALITY,Reality Shows,7664,10204.4,9010,None,0,0,None,0.0,0,0,0,12,0,99.22
2025-12-09,REALITY,Reality Shows,7643,7708.0,8233,None,0,0,None,0.0,0,0,1,12,0,99.25
2025-12-10,REALITY,Reality Shows,12464,19120.9,15056,New Episode,1,1,None,0.0,0,0,2,12,0,99.29
2025-12-11,REALITY,Reality Shows,10873,14046.7,11561,Live Sports Final,1,0,None,0.0,0,0,3,12,0,99.32
2025-12-12,REALITY,Reality Shows,9981,11586.4,13102,Live Sports Final,1,0,None,0.0,0,0,4,12,0,99.35
2025-12-13,REALITY,Reality Shows,8147,10181.5,9168,None,0,0,None,0.0,0,1,5,12,0,99.38
2025-12-14,REALITY,Reality Shows,8740,9543.3,11763,None,0,0,None,0.0,0,1,6,12,0,99.42
2025-12-15,REALITY,Reality Shows,7211,9734.5,10192,None,0,0,None,0.0,0,0,0,12,0,99.45
2025-12-16,REALITY,Reality Shows,7106,7677.5,9137,None,0,0,None,0.0,0,0,1,12,0,99.48
2025-12-17,REALITY,Reality Shows,7395,8777.2,9729,None,0,0,None,0.0,0,0,2,12,0,99.51
2025-12-18,REALITY,Reality Shows,7116,6897.7,8689,None,0,0,None,0.0,0,0,3,12,0,99.55
2025-12-19,REALITY,Reality Shows,8415,9594.6,9133,None,0,0,None,0.0,0,0,4,12,0,99.58
2025-12-20,REALITY,Reality Shows,8389,10111.7,10253,None,0,0,None,0.0,0,1,5,12,0,99.62
2025-12-21,REALITY,Reality Shows,11571,17617.3,14047,Live Sports Final,1,0,None,0.0,0,1,6,12,0,99.65
2025-12-22,REALITY,Reality Shows,10473,14859.5,12613,Live Sports Final,1,0,None,0.0,0,0,0,12,0,99.68
2025-12-23,REALITY,Reality Shows,8483,8435.9,11026,None,0,0,None,0.0,0,0,1,12,0,99.72
2025-12-24,REALITY,Reality Shows,7301,10087.0,9162,None,0,0,None,0.0,0,0,2,12,0,99.75
2025-12-25,REALITY,Reality Shows,6807,8536.7,9623,None,0,0,Christmas,1.2,1,0,3,12,0,99.79
2025-12-26,REALITY,Reality Shows,7376,9091.4,9978,None,0,0,None,0.0,0,0,4,12,0,99.82
2025-12-27,REALITY,Reality Shows,7691,7562.2,10268,None,0,0,None,0.0,0,1,5,12,0,99.85
2025-12-28,REALITY,Reality Shows,8275,11317.7,11683,None,0,0,None,0.0,0,1,6,12,0,99.89
2025-12-29,REALITY,Reality Shows,8151,8474.8,10122,None,0,0,None,0.0,0,0,0,12,0,99.92
2025-12-30,REALITY,Reality Shows,7026,7892.6,9960,None,0,0,None,0.0,0,0,1,12,0,99.96
2025-12-31,REALITY,Reality Shows,7193,11189.5,8745,None,0,0,New Year,1.1,1,0,2,12,0,99.99
2026-01-01,REALITY,Reality Shows,7841,7416.7,9137,None,0,0,None,0.0,0,0,3,1,0,100.03
2026-01-02,REALITY,Reality Shows,7315,11146.0,9995,None,0,0,None,0.0,0,0,4,1,0,100.07
2026-01-03,REALITY,Reality Shows,9129,11062.0,12509,None,0,0,None,0.0,0,1,5,1,0,100.1
2026-01-04,REALITY,Reality Shows,8401,9473.3,10202,None,0,0,None,0.0,0,1,6,1,0,100.14
2026-01-05,REALITY,Reality Shows,10414,13575.1,13576,Blockbuster Release,1,0,None,0.0,0,0,0,1,1,100.17
2026-01-06,REALITY,Reality Shows,6671,7421.8,9317,None,0,0,None,0.0,0,0,1,1,0,100.21
2026-01-07,REALITY,Reality Shows,6969,10972.3,7397,None,0,0,None,0.0,0,0,2,1,0,100.24
2026-01-08,REALITY,Reality Shows,7338,6867.1,9948,None,0,0,None,0.0,0,0,3,1,0,100.27
2026-01-09,REALITY,Reality Shows,7232,10389.4,8602,None,0,0,None,0.0,0,0,4,1,0,100.31
2026-01-10,REALITY,Reality Shows,9770,15091.0,13894,None,0,0,None,0.0,0,1,5,1,0,100.34
2026-01-11,REALITY,Reality Shows,9045,9693.5,10000,None,0,0,None,0.0,0,1,6,1,0,100.38
2026-01-12,REALITY,Reality Shows,7918,12010.1,10353,None,0,0,None,0.0,0,0,0,1,0,100.41
2026-01-13,REALITY,Reality Shows,7351,9268.5,9950,None,0,0,None,0.0,0,0,1,1,0,100.44
2026-01-14,REALITY,Reality Shows,7013,11860.5,7770,None,0,0,Makar Sankranti,1.0,1,0,2,1,0,100.48
2026-01-15,REALITY,Reality Shows,8257,9920.4,11560,None,0,0,None,0.0,0,0,3,1,0,100.51
2026-01-16,REALITY,Reality Shows,9321,10789.7,11296,Live Sports Final,1,0,None,0.0,0,0,4,1,0,100.54
2026-01-17,REALITY,Reality Shows,11365,18347.2,12072,Live Sports Final,1,0,None,0.0,0,1,5,1,0,100.58
2026-01-18,REALITY,Reality Shows,8837,12616.8,11600,None,0,0,None,0.0,0,1,6,1,0,100.61
2026-01-19,REALITY,Reality Shows,8719,13231.1,9170,None,0,0,None,0.0,0,0,0,1,0,100.64
2026-01-20,REALITY,Reality Shows,8295,10224.9,11820,None,0,0,None,0.0,0,0,1,1,0,100.67
2026-01-21,REALITY,Reality Shows,7749,10025.9,9725,None,0,0,None,0.0,0,0,2,1,0,100.71
2026-01-22,REALITY,Reality Shows,8498,14326.1,11905,None,0,0,None,0.0,0,0,3,1,0,100.74
2026-01-23,REALITY,Reality Shows,7204,9597.3,9488,None,0,0,None,0.0,0,0,4,1,0,100.77
2026-01-24,REALITY,Reality Shows,8785,13154.0,12521,None,0,0,None,0.0,0,1,5,1,0,100.8
2026-01-25,REALITY,Reality Shows,9280,15623.4,11755,None,0,0,None,0.0,0,1,6,1,0,100.83
2026-01-26,REALITY,Reality Shows,6971,10325.7,8227,None,0,0,Republic Day,0.8,1,0,0,1,0,100.86
2026-01-27,REALITY,Reality Shows,7635,11236.7,8262,None,0,0,None,0.0,0,0,1,1,0,100.9
2026-01-28,REALITY,Reality Shows,7668,7610.5,8829,None,0,0,None,0.0,0,0,2,1,0,100.93
2026-01-29,REALITY,Reality Shows,7654,8185.2,10809,None,0,0,None,0.0,0,0,3,1,1,100.96
2026-01-30,REALITY,Reality Shows,6943,10592.1,10021,None,0,0,None,0.0,0,0,4,1,0,100.99
2026-01-31,REALITY,Reality Shows,8787,14816.6,9356,None,0,0,None,0.0,0,1,5,1,0,101.02
2026-02-01,REALITY,Reality Shows,8719,10872.6,10050,None,0,0,None,0.0,0,1,6,2,0,101.05
2026-02-02,REALITY,Reality Shows,8530,12873.5,9649,None,0,1,None,0.0,0,0,0,2,0,101.08
2026-02-03,REALITY,Reality Shows,7841,7126.6,9849,None,0,0,None,0.0,0,0,1,2,0,101.1
2026-02-04,REALITY,Reality Shows,8122,8116.3,10018,None,0,0,None,0.0,0,0,2,2,0,101.13
2026-02-05,REALITY,Reality Shows,7116,6852.4,10265,None,0,0,None,0.0,0,0,3,2,0,101.16
2026-02-06,REALITY,Reality Shows,7705,7588.4,9181,None,0,0,None,0.0,0,0,4,2,0,101.19
2026-02-07,REALITY,Reality Shows,9259,8760.6,11917,None,0,0,None,0.0,0,1,5,2,0,101.22
2026-02-08,REALITY,Reality Shows,9270,8526.7,12683,None,0,0,None,0.0,0,1,6,2,0,101.24
2026-02-09,REALITY,Reality Shows,7390,10615.9,7804,None,0,0,None,0.0,0,0,0,2,0,101.27
2026-02-10,REALITY,Reality Shows,7992,10005.0,10918,None,0,0,None,0.0,0,0,1,2,0,101.3
2026-02-11,REALITY,Reality Shows,8693,11594.1,11536,None,0,1,None,0.0,0,0,2,2,0,101.32
2026-02-12,REALITY,Reality Shows,7870,9228.4,11124,None,0,0,None,0.0,0,0,3,2,0,101.35
2026-02-13,REALITY,Reality Shows,7108,8677.7,10204,None,0,0,None,0.0,0,0,4,2,0,101.37
2026-02-14,REALITY,Reality Shows,7846,8064.1,10016,None,0,0,None,0.0,0,1,5,2,0,101.4
2026-02-15,REALITY,Reality Shows,8854,12517.9,11896,None,0,0,None,0.0,0,1,6,2,0,101.42
2026-02-16,REALITY,Reality Shows,10595,10666.1,15306,Blockbuster Release,1,0,None,0.0,0,0,0,2,0,101.45
2026-02-17,REALITY,Reality Shows,7821,12552.3,10850,None,0,0,None,0.0,0,0,1,2,0,101.47
2026-02-18,REALITY,Reality Shows,7075,7966.2,9075,None,0,0,None,0.0,0,0,2,2,0,101.49
2026-02-19,REALITY,Reality Shows,6265,6946.8,6945,None,0,0,None,0.0,0,0,3,2,0,101.52
2026-02-20,REALITY,Reality Shows,7906,8361.3,9475,None,0,0,None,0.0,0,0,4,2,0,101.54
2026-02-21,REALITY,Reality Shows,9316,9184.8,13048,None,0,0,None,0.0,0,1,5,2,0,101.56
2026-02-22,REALITY,Reality Shows,7674,8446.9,8313,None,0,0,None,0.0,0,1,6,2,0,101.58
2026-02-23,REALITY,Reality Shows,7332,12450.7,10299,None,0,0,None,0.0,0,0,0,2,0,101.6
2026-02-24,REALITY,Reality Shows,7024,6457.4,9147,None,0,0,None,0.0,0,0,1,2,0,101.62
2026-02-25,REALITY,Reality Shows,10299,13331.1,14149,New Episode,1,0,None,0.0,0,0,2,2,0,101.64
2026-02-26,REALITY,Reality Shows,10835,12823.5,13119,New Episode,1,0,None,0.0,0,0,3,2,0,101.66
2026-02-27,REALITY,Reality Shows,10067,15328.2,11805,Blockbuster Release,1,0,None,0.0,0,0,4,2,0,101.68
2026-02-28,REALITY,Reality Shows,8362,11641.8,12023,None,0,0,None,0.0,0,1,5,2,0,101.7
2026-03-01,REALITY,Reality Shows,8803,8133.4,11319,None,0,0,None,0.0,0,1,6,3,0,101.72
2026-03-02,REALITY,Reality Shows,6659,6420.8,8817,None,0,0,Holi,0.8,1,0,0,3,0,101.73
2026-03-03,REALITY,Reality Shows,8177,11663.9,11618,None,0,0,Holi,1.05,1,0,1,3,0,101.75
2026-03-04,REALITY,Reality Shows,11171,16221.2,13850,Blockbuster Release,1,0,Holi,1.3,1,0,2,3,0,101.77
2026-03-05,REALITY,Reality Shows,10568,14900.9,11443,Blockbuster Release,1,0,Holi,1.05,1,0,3,3,0,101.78
2026-03-06,REALITY,Reality Shows,7489,10665.8,8607,None,0,0,Holi,0.8,1,0,4,3,0,101.8
2026-03-07,REALITY,Reality Shows,8482,13302.8,11020,None,0,0,None,0.0,0,1,5,3,0,101.81
2026-03-08,REALITY,Reality Shows,8485,10233.9,11498,None,0,0,None,0.0,0,1,6,3,0,101.83
2026-03-09,REALITY,Reality Shows,7470,8626.8,9355,None,0,0,None,0.0,0,0,0,3,0,101.84
2026-03-10,REALITY,Reality Shows,6734,10482.1,8798,None,0,0,None,0.0,0,0,1,3,0,101.85
2026-03-11,REALITY,Reality Shows,7703,8987.8,10188,None,0,0,None,0.0,0,0,2,3,0,101.87
2026-03-12,REALITY,Reality Shows,10022,16707.4,10690,New Episode,1,0,None,0.0,0,0,3,3,0,101.88
2026-03-13,REALITY,Reality Shows,10213,15079.3,12666,New Episode,1,0,None,0.0,0,0,4,3,0,101.89
2026-03-14,REALITY,Reality Shows,8346,12199.4,11691,None,0,0,None,0.0,0,1,5,3,1,101.9
2026-03-15,REALITY,Reality Shows,8817,14335.3,9468,None,0,0,None,0.0,0,1,6,3,0,101.91
2026-03-16,REALITY,Reality Shows,8157,12344.0,10766,None,0,0,None,0.0,0,0,0,3,1,101.92
2026-03-17,REALITY,Reality Shows,7609,7109.3,9668,None,0,0,None,0.0,0,0,1,3,0,101.93
2026-03-18,REALITY,Reality Shows,6706,8492.8,8970,None,0,0,None,0.0,0,0,2,3,0,101.94
2026-03-19,REALITY,Reality Shows,7511,9030.7,10564,None,0,0,None,0.0,0,0,3,3,0,101.95
2026-03-20,REALITY,Reality Shows,7613,9442.3,10698,None,0,0,None,0.0,0,0,4,3,0,101.96
2026-03-21,REALITY,Reality Shows,8612,9690.6,11876,None,0,0,None,0.0,0,1,5,3,0,101.96
2026-03-22,REALITY,Reality Shows,8264,8901.1,10107,None,0,0,None,0.0,0,1,6,3,0,101.97
2026-03-23,REALITY,Reality Shows,7492,9996.9,8400,None,0,0,None,0.0,0,0,0,3,0,101.97
2026-03-24,REALITY,Reality Shows,7927,11845.6,10601,None,0,0,None,0.0,0,0,1,3,0,101.98
2026-03-25,REALITY,Reality Shows,7371,7719.9,9961,None,0,0,None,0.0,0,0,2,3,0,101.98
2026-03-26,REALITY,Reality Shows,8194,9184.0,9091,None,0,0,None,0.0,0,0,3,3,0,101.99
2026-03-27,REALITY,Reality Shows,7200,10309.1,9693,None,0,0,None,0.0,0,0,4,3,0,101.99
2026-03-28,REALITY,Reality Shows,8142,11680.1,10962,None,0,0,None,0.0,0,1,5,3,0,101.99
2026-03-29,REALITY,Reality Shows,8535,8269.6,10812,None,0,0,None,0.0,0,1,6,3,0,102.0
2026-03-30,REALITY,Reality Shows,6526,6278.1,9087,None,0,0,None,0.0,0,0,0,3,0,102.0
2026-03-31,REALITY,Reality Shows,7519,9758.8,10608,None,0,0,None,0.0,0,0,1,3,0,102.0
2026-04-01,REALITY,Reality Shows,7362,11553.6,8255,None,0,0,None,0.0,0,0,2,4,0,102.0
2026-04-02,REALITY,Reality Shows,7862,8471.8,8808,None,0,0,None,0.0,0,0,3,4,0,102.0
2026-04-03,REALITY,Reality Shows,6689,11362.4,7271,None,0,0,None,0.0,0,0,4,4,0,102.0
2026-04-04,REALITY,Reality Shows,9032,15347.3,12807,None,0,0,None,0.0,0,1,5,4,0,102.0
2026-04-05,REALITY,Reality Shows,8734,12073.9,9745,None,0,0,None,0.0,0,1,6,4,0,102.0
2026-04-06,REALITY,Reality Shows,8307,13860.1,10499,None,0,0,None,0.0,0,0,0,4,0,101.99
2026-04-07,REALITY,Reality Shows,7448,9044.0,8096,None,0,0,None,0.0,0,0,1,4,0,101.99
2026-04-08,REALITY,Reality Shows,7700,10020.4,9906,None,0,0,None,0.0,0,0,2,4,0,101.99
2026-04-09,REALITY,Reality Shows,7844,11472.6,9563,None,0,0,None,0.0,0,0,3,4,0,101.98
2026-04-10,REALITY,Reality Shows,6538,6253.9,7474,None,0,0,None,0.0,0,0,4,4,0,101.98
2026-04-11,REALITY,Reality Shows,9210,13954.9,12177,None,0,0,None,0.0,0,1,5,4,0,101.97
2026-04-12,REALITY,Reality Shows,8604,14190.9,10650,None,0,0,None,0.0,0,1,6,4,0,101.97
2026-04-13,REALITY,Reality Shows,6915,9377.8,8613,None,0,0,None,0.0,0,0,0,4,0,101.96
2026-04-14,REALITY,Reality Shows,7502,8066.4,10780,None,0,0,None,0.0,0,0,1,4,0,101.95
2026-04-15,REALITY,Reality Shows,8114,8147.9,9541,None,0,0,None,0.0,0,0,2,4,0,101.94
2026-04-16,REALITY,Reality Shows,7374,7921.2,10670,None,0,0,None,0.0,0,0,3,4,0,101.94
2026-04-17,REALITY,Reality Shows,7594,8058.2,10521,None,0,0,None,0.0,0,0,4,4,0,101.93
2026-04-18,REALITY,Reality Shows,7695,12220.7,8574,None,0,0,None,0.0,0,1,5,4,0,101.92
2026-04-19,REALITY,Reality Shows,11381,11490.2,13552,Season Premiere,1,0,None,0.0,0,1,6,4,0,101.91
2026-04-20,REALITY,Reality Shows,10610,17783.0,12474,Season Premiere,1,0,None,0.0,0,0,0,4,0,101.9
2026-04-21,REALITY,Reality Shows,8066,12284.6,10827,None,0,0,None,0.0,0,0,1,4,0,101.89
2026-04-22,REALITY,Reality Shows,9011,13390.0,10419,None,0,1,None,0.0,0,0,2,4,0,101.87
2026-04-23,REALITY,Reality Shows,7836,10922.4,9104,None,0,0,None,0.0,0,0,3,4,0,101.86
2026-04-24,REALITY,Reality Shows,7355,6883.7,9888,None,0,0,None,0.0,0,0,4,4,1,101.85
2026-04-25,REALITY,Reality Shows,8695,12824.9,11827,None,0,0,None,0.0,0,1,5,4,0,101.84
2026-04-26,REALITY,Reality Shows,8166,9848.8,10974,None,0,0,None,0.0,0,1,6,4,0,101.82
2026-04-27,REALITY,Reality Shows,7314,7305.9,9131,None,0,0,None,0.0,0,0,0,4,0,101.81
2026-04-28,REALITY,Reality Shows,7542,11807.8,10162,None,0,0,None,0.0,0,0,1,4,0,101.79
2026-04-29,REALITY,Reality Shows,6790,7922.3,8734,None,0,0,None,0.0,0,0,2,4,0,101.78
2026-04-30,REALITY,Reality Shows,8731,12065.6,12162,None,0,0,None,0.0,0,0,3,4,0,101.76
2026-05-01,REALITY,Reality Shows,9935,10185.1,13242,Season Premiere,1,0,None,0.0,0,0,4,5,0,101.74
2026-05-02,REALITY,Reality Shows,11927,11954.8,15448,Season Premiere,1,0,None,0.0,0,1,5,5,0,101.73
2026-05-03,REALITY,Reality Shows,8083,10162.1,10488,None,0,0,None,0.0,0,1,6,5,0,101.71
2026-05-04,REALITY,Reality Shows,8803,8225.5,10274,Blockbuster Release,1,0,None,0.0,0,0,0,5,0,101.69
2026-05-05,REALITY,Reality Shows,8403,11693.3,10811,None,0,0,None,0.0,0,0,1,5,1,101.67
2026-05-06,REALITY,Reality Shows,7592,7311.4,10932,None,0,0,None,0.0,0,0,2,5,0,101.65
2026-05-07,REALITY,Reality Shows,6500,8568.2,9285,None,0,0,None,0.0,0,0,3,5,0,101.63
2026-05-08,REALITY,Reality Shows,7064,8395.1,7758,None,0,0,None,0.0,0,0,4,5,0,101.61
2026-05-09,REALITY,Reality Shows,9717,11261.3,11733,None,0,0,None,0.0,0,1,5,5,0,101.59
2026-05-10,REALITY,Reality Shows,8941,13548.6,10200,None,0,0,None,0.0,0,1,6,5,0,101.57
2026-05-11,REALITY,Reality Shows,6306,8068.0,8569,None,0,0,None,0.0,0,0,0,5,0,101.55
2026-05-12,REALITY,Reality Shows,7321,7722.5,9327,None,0,0,None,0.0,0,0,1,5,0,101.53
2026-05-13,REALITY,Reality Shows,7483,9052.8,10512,None,0,0,None,0.0,0,0,2,5,0,101.51
2026-05-14,REALITY,Reality Shows,7831,9467.1,8624,None,0,0,None,0.0,0,0,3,5,0,101.48
2026-05-15,REALITY,Reality Shows,7571,10018.2,9830,None,0,0,None,0.0,0,0,4,5,0,101.46
2026-05-16,REALITY,Reality Shows,7863,11143.9,9780,None,0,0,None,0.0,0,1,5,5,0,101.44
2026-05-17,REALITY,Reality Shows,8403,9621.9,10792,None,0,0,None,0.0,0,1,6,5,0,101.41
2026-05-18,REALITY,Reality Shows,7134,8213.9,9820,None,0,0,None,0.0,0,0,0,5,0,101.39
2026-05-19,REALITY,Reality Shows,7946,12200.4,11028,None,0,0,None,0.0,0,0,1,5,0,101.36
2026-05-20,REALITY,Reality Shows,7315,7638.6,7681,None,0,0,None,0.0,0,0,2,5,0,101.34
2026-05-21,REALITY,Reality Shows,7310,10405.2,10174,None,0,0,None,0.0,0,0,3,5,0,101.31
2026-05-22,REALITY,Reality Shows,7455,12602.7,10751,None,0,0,None,0.0,0,0,4,5,0,101.29
2026-05-23,REALITY,Reality Shows,8299,12661.9,11257,None,0,0,None,0.0,0,1,5,5,0,101.26
2026-05-24,REALITY,Reality Shows,9462,10536.6,10678,None,0,0,None,0.0,0,1,6,5,0,101.23
2026-05-25,REALITY,Reality Shows,8137,7542.6,9509,None,0,0,None,0.0,0,0,0,5,0,101.21
2026-05-26,REALITY,Reality Shows,8161,9231.4,8891,None,0,0,None,0.0,0,0,1,5,0,101.18
2026-05-27,REALITY,Reality Shows,6984,6303.6,10096,None,0,0,None,0.0,0,0,2,5,0,101.15
2026-05-28,REALITY,Reality Shows,7762,10621.3,9436,None,0,0,None,0.0,0,0,3,5,0,101.12
2026-05-29,REALITY,Reality Shows,7977,10107.4,11255,None,0,0,None,0.0,0,0,4,5,0,101.09
2026-05-30,REALITY,Reality Shows,11371,15702.1,15441,Season Premiere,1,0,None,0.0,0,1,5,5,0,101.06
2026-05-31,REALITY,Reality Shows,8157,12504.8,9721,None,0,0,None,0.0,0,1,6,5,0,101.04
2026-06-01,REALITY,Reality Shows,7108,7714.1,8200,None,0,0,None,0.0,0,0,0,6,0,101.01
2026-06-02,REALITY,Reality Shows,8247,9878.1,10161,None,0,1,None,0.0,0,0,1,6,0,100.98
2026-06-03,REALITY,Reality Shows,8110,10291.0,9600,None,0,0,None,0.0,0,0,2,6,0,100.95
2026-06-04,REALITY,Reality Shows,8066,12222.4,10265,None,0,0,None,0.0,0,0,3,6,0,100.92
2026-06-05,REALITY,Reality Shows,7441,9407.0,7901,None,0,0,None,0.0,0,0,4,6,0,100.88
2026-06-06,REALITY,Reality Shows,8709,9308.8,11315,None,0,0,None,0.0,0,1,5,6,0,100.85
2026-06-07,REALITY,Reality Shows,8408,13593.3,11813,None,0,0,None,0.0,0,1,6,6,0,100.82
2026-06-08,REALITY,Reality Shows,8737,8301.6,9959,None,0,0,None,0.0,0,0,0,6,0,100.79
2026-06-09,REALITY,Reality Shows,11989,16922.6,14237,Season Premiere,1,1,None,0.0,0,0,1,6,0,100.76
2026-06-10,REALITY,Reality Shows,10083,11539.0,14265,Season Premiere,1,0,None,0.0,0,0,2,6,0,100.73
2026-06-11,REALITY,Reality Shows,7543,9732.0,10022,None,0,0,None,0.0,0,0,3,6,0,100.69
2026-06-12,REALITY,Reality Shows,6963,11652.2,7348,None,0,0,None,0.0,0,0,4,6,0,100.66
2026-06-13,REALITY,Reality Shows,8881,12213.8,10783,None,0,0,None,0.0,0,1,5,6,0,100.63
2026-06-14,REALITY,Reality Shows,9450,13589.7,10381,None,0,0,None,0.0,0,1,6,6,0,100.6
2026-06-15,REALITY,Reality Shows,7525,10695.4,8610,None,0,0,None,0.0,0,0,0,6,0,100.56
2026-06-16,REALITY,Reality Shows,8004,11805.6,10861,None,0,0,None,0.0,0,0,1,6,0,100.53
2026-06-17,REALITY,Reality Shows,9393,11790.3,10191,Live Sports Final,1,0,None,0.0,0,0,2,6,0,100.5
2026-06-18,REALITY,Reality Shows,7147,6530.6,8453,None,0,0,None,0.0,0,0,3,6,0,100.46
2026-06-19,REALITY,Reality Shows,7663,12351.6,8533,None,0,0,None,0.0,0,0,4,6,0,100.43
2026-06-20,REALITY,Reality Shows,7853,10594.8,10660,None,0,0,None,0.0,0,1,5,6,0,100.4
2026-06-21,REALITY,Reality Shows,8921,14547.0,10752,None,0,0,None,0.0,0,1,6,6,0,100.36
2026-06-22,REALITY,Reality Shows,7468,11121.1,9281,None,0,0,None,0.0,0,0,0,6,0,100.33
2026-06-23,REALITY,Reality Shows,7765,11667.3,8574,None,0,0,None,0.0,0,0,1,6,0,100.3
2026-06-24,REALITY,Reality Shows,7507,10675.2,10607,None,0,0,None,0.0,0,0,2,6,0,100.26
2026-06-25,REALITY,Reality Shows,7542,12589.8,10538,None,0,0,None,0.0,0,0,3,6,0,100.23
2026-06-26,REALITY,Reality Shows,9091,13958.8,12414,Season Premiere,1,0,None,0.0,0,0,4,6,0,100.19
2026-06-27,REALITY,Reality Shows,11390,14219.0,15748,Season Premiere,1,0,None,0.0,0,1,5,6,0,100.16
2026-06-28,REALITY,Reality Shows,9018,10088.7,13060,None,0,0,None,0.0,0,1,6,6,0,100.12
2026-06-29,REALITY,Reality Shows,6933,8431.9,8774,None,0,0,None,0.0,0,0,0,6,0,100.09
2026-06-30,REALITY,Reality Shows,7147,7471.7,9985,None,0,0,None,0.0,0,0,1,6,0,100.06
2026-07-01,REALITY,Reality Shows,7415,8086.4,10385,None,0,0,None,0.0,0,0,2,7,0,100.02
2026-07-02,REALITY,Reality Shows,7461,7684.4,9266,None,0,0,None,0.0,0,0,3,7,0,99.99
2026-07-03,REALITY,Reality Shows,7982,7548.1,8945,None,0,0,None,0.0,0,0,4,7,0,99.95
2026-07-04,REALITY,Reality Shows,8890,10796.6,11353,None,0,0,None,0.0,0,1,5,7,0,99.92
2026-07-05,REALITY,Reality Shows,8455,12745.5,11532,None,0,0,None,0.0,0,1,6,7,0,99.88
2026-07-06,REALITY,Reality Shows,6795,6491.9,8959,None,0,0,None,0.0,0,0,0,7,0,99.85
2026-07-07,REALITY,Reality Shows,9134,12910.4,12210,None,0,0,None,0.0,0,0,1,7,0,99.82
2026-07-08,REALITY,Reality Shows,7656,12891.5,8614,None,0,0,None,0.0,0,0,2,7,0,99.78
2026-07-09,REALITY,Reality Shows,8086,10216.2,8828,None,0,0,None,0.0,0,0,3,7,0,99.75
2026-07-10,REALITY,Reality Shows,9222,10340.9,10816,New Episode,1,0,None,0.0,0,0,4,7,0,99.71
2026-07-11,REALITY,Reality Shows,8605,12027.7,10900,None,0,0,None,0.0,0,1,5,7,0,99.68
2026-07-12,REALITY,Reality Shows,8587,12425.6,9753,None,0,0,None,0.0,0,1,6,7,0,99.64
2026-07-13,REALITY,Reality Shows,7415,8413.2,8356,None,0,0,None,0.0,0,0,0,7,0,99.61
2026-07-14,REALITY,Reality Shows,8025,9784.5,11589,None,0,0,None,0.0,0,0,1,7,0,99.58
2026-07-15,REALITY,Reality Shows,7515,12411.4,10161,None,0,0,None,0.0,0,0,2,7,1,99.54
2026-07-16,REALITY,Reality Shows,7436,9825.4,8878,None,0,0,None,0.0,0,0,3,7,0,99.51
2026-07-17,REALITY,Reality Shows,7641,12909.4,8398,None,0,0,None,0.0,0,0,4,7,0,99.48
2026-07-18,REALITY,Reality Shows,8808,11512.9,9778,None,0,0,None,0.0,0,1,5,7,0,99.44
2026-07-19,REALITY,Reality Shows,8204,8459.1,9916,None,0,0,None,0.0,0,1,6,7,0,99.41
2026-07-20,REALITY,Reality Shows,8136,12522.0,9229,None,0,0,None,0.0,0,0,0,7,0,99.38
2026-07-21,REALITY,Reality Shows,7369,11694.8,7807,None,0,0,None,0.0,0,0,1,7,0,99.35
2026-07-22,REALITY,Reality Shows,10358,9574.6,14221,Season Premiere,1,0,None,0.0,0,0,2,7,0,99.31
2026-07-23,REALITY,Reality Shows,8388,9116.6,9681,None,0,0,None,0.0,0,0,3,7,0,99.28
2026-07-24,REALITY,Reality Shows,9080,11443.2,12659,None,0,0,None,0.0,0,0,4,7,0,99.25
2026-07-25,REALITY,Reality Shows,9035,14783.5,12887,None,0,0,None,0.0,0,1,5,7,0,99.22
2026-07-26,REALITY,Reality Shows,7953,12784.5,9889,None,0,0,None,0.0,0,1,6,7,0,99.19
2026-07-27,REALITY,Reality Shows,7519,10699.1,8654,None,0,0,None,0.0,0,0,0,7,0,99.15
2026-07-28,REALITY,Reality Shows,8501,12844.0,11107,None,0,0,None,0.0,0,0,1,7,0,99.12
2026-07-29,REALITY,Reality Shows,7548,7666.4,10790,None,0,0,None,0.0,0,0,2,7,0,99.09
2026-07-30,REALITY,Reality Shows,8071,10928.3,10904,None,0,0,None,0.0,0,0,3,7,0,99.06
2026-07-31,REALITY,Reality Shows,10824,16516.7,12030,Blockbuster Release,1,0,None,0.0,0,0,4,7,0,99.03
2026-08-01,REALITY,Reality Shows,11643,12672.1,16060,Blockbuster Release,1,0,None,0.0,0,1,5,8,0,99.0
2026-08-02,REALITY,Reality Shows,9743,9745.9,12424,None,0,0,None,0.0,0,1,6,8,0,98.97
2026-08-03,REALITY,Reality Shows,7877,10869.5,9712,None,0,0,None,0.0,0,0,0,8,0,98.94
2026-08-04,REALITY,Reality Shows,7655,12522.1,8595,None,0,0,None,0.0,0,0,1,8,0,98.91
2026-08-05,REALITY,Reality Shows,7589,12741.5,9606,None,0,0,None,0.0,0,0,2,8,0,98.89
2026-08-06,REALITY,Reality Shows,7096,8805.1,9547,None,0,0,None,0.0,0,0,3,8,0,98.86
2026-08-07,REALITY,Reality Shows,7285,9280.1,8751,None,0,0,None,0.0,0,0,4,8,0,98.83
2026-08-08,REALITY,Reality Shows,8323,11660.7,11911,None,0,0,None,0.0,0,1,5,8,0,98.8
2026-08-09,REALITY,Reality Shows,9939,9244.2,11109,None,0,0,None,0.0,0,1,6,8,0,98.77
2026-08-10,REALITY,Reality Shows,8183,10916.2,8662,None,0,0,None,0.0,0,0,0,8,0,98.75
2026-08-11,REALITY,Reality Shows,7182,10070.3,8998,None,0,0,None,0.0,0,0,1,8,0,98.72
2026-08-12,REALITY,Reality Shows,8581,8581.0,9596,None,0,0,None,0.0,0,0,2,8,0,98.69
2026-08-13,REALITY,Reality Shows,8348,13050.5,10909,None,0,0,None,0.0,0,0,3,8,0,98.67
2026-08-14,REALITY,Reality Shows,7365,9783.2,9010,None,0,0,None,0.0,0,0,4,8,0,98.64
2026-08-15,REALITY,Reality Shows,9372,14946.4,11381,None,0,0,Independence Day,0.9,1,1,5,8,0,98.62
2026-08-16,REALITY,Reality Shows,8500,11420.4,10471,None,0,0,None,0.0,0,1,6,8,0,98.59
2026-08-17,REALITY,Reality Shows,8186,9385.8,8991,None,0,0,None,0.0,0,0,0,8,0,98.57
2026-08-18,REALITY,Reality Shows,7926,9508.9,9193,None,0,0,None,0.0,0,0,1,8,0,98.54
2026-08-19,REALITY,Reality Shows,7478,12444.0,9191,None,0,0,None,0.0,0,0,2,8,0,98.52
2026-08-20,REALITY,Reality Shows,7080,8927.1,9598,None,0,0,None,0.0,0,0,3,8,0,98.5
2026-08-21,REALITY,Reality Shows,7656,10004.3,10747,None,0,0,None,0.0,0,0,4,8,0,98.48
2026-08-22,REALITY,Reality Shows,9083,13686.3,10522,None,0,0,None,0.0,0,1,5,8,0,98.45
2026-08-23,REALITY,Reality Shows,9481,14715.6,10551,None,0,0,None,0.0,0,1,6,8,0,98.43
2026-08-24,REALITY,Reality Shows,8000,13089.6,9569,None,0,0,None,0.0,0,0,0,8,0,98.41
2026-08-25,REALITY,Reality Shows,8146,11846.2,9753,None,0,0,None,0.0,0,0,1,8,0,98.39
2026-08-26,REALITY,Reality Shows,7325,8338.7,9019,None,0,0,None,0.0,0,0,2,8,0,98.37
2026-08-27,REALITY,Reality Shows,6726,6857.6,8709,None,0,0,None,0.0,0,0,3,8,0,98.35
2026-08-28,REALITY,Reality Shows,7136,9043.6,8699,None,0,0,Raksha Bandhan,1.0,1,0,4,8,0,98.33
2026-08-29,REALITY,Reality Shows,11895,11603.5,13698,Blockbuster Release,1,0,None,0.0,0,1,5,8,0,98.31
2026-08-30,REALITY,Reality Shows,8474,13822.9,9172,None,0,0,None,0.0,0,1,6,8,0,98.29
2026-08-31,REALITY,Reality Shows,7639,12863.3,10476,None,0,0,None,0.0,0,0,0,8,0,98.28
2026-09-01,REALITY,Reality Shows,8060,10614.3,10845,None,0,0,None,0.0,0,0,1,9,0,98.26
2026-09-02,REALITY,Reality Shows,8009,7456.3,11149,None,0,0,None,0.0,0,0,2,9,1,98.24
2026-09-03,REALITY,Reality Shows,6554,7450.4,7377,None,0,0,None,0.0,0,0,3,9,0,98.23
2026-09-04,REALITY,Reality Shows,8968,10857.7,12465,None,0,0,None,0.0,0,0,4,9,0,98.21
2026-09-05,REALITY,Reality Shows,9053,10977.1,12777,None,0,0,None,0.0,0,1,5,9,0,98.2
2026-09-06,REALITY,Reality Shows,9004,13168.1,12498,None,0,0,None,0.0,0,1,6,9,0,98.18
2026-09-07,REALITY,Reality Shows,7635,12866.2,8133,None,0,0,None,0.0,0,0,0,9,0,98.17
2026-09-08,REALITY,Reality Shows,7572,6963.5,8999,None,0,0,None,0.0,0,0,1,9,0,98.15
2026-09-09,REALITY,Reality Shows,9637,16117.2,13848,None,0,1,None,0.0,0,0,2,9,0,98.14
2026-09-10,REALITY,Reality Shows,7234,11817.4,9154,None,0,0,None,0.0,0,0,3,9,0,98.13
2026-09-11,REALITY,Reality Shows,7862,12460.5,10675,None,0,0,None,0.0,0,0,4,9,0,98.12
2026-09-12,REALITY,Reality Shows,12806,15994.8,15029,Season Premiere,1,0,None,0.0,0,1,5,9,0,98.11
2026-09-13,REALITY,Reality Shows,12158,14750.8,14940,Season Premiere,1,0,None,0.0,0,1,6,9,0,98.09
2026-09-14,REALITY,Reality Shows,7967,10226.3,9586,None,0,0,None,0.0,0,0,0,9,0,98.08
2026-09-15,REALITY,Reality Shows,7028,9999.9,9618,None,0,0,None,0.0,0,0,1,9,0,98.07
2026-09-16,REALITY,Reality Shows,8123,9019.8,9014,None,0,0,None,0.0,0,0,2,9,0,98.07
2026-09-17,REALITY,Reality Shows,7900,9639.2,9748,None,0,0,None,0.0,0,0,3,9,0,98.06
2026-09-18,REALITY,Reality Shows,7671,12792.7,10776,None,0,0,None,0.0,0,0,4,9,0,98.05
2026-09-19,REALITY,Reality Shows,9233,8852.8,12886,None,0,0,None,0.0,0,1,5,9,0,98.04
2026-09-20,REALITY,Reality Shows,8321,8836.3,11448,None,0,0,None,0.0,0,1,6,9,0,98.04
2026-09-21,REALITY,Reality Shows,8606,8030.7,9400,None,0,0,None,0.0,0,0,0,9,0,98.03
2026-09-22,REALITY,Reality Shows,9142,12566.2,11721,None,0,0,None,0.0,0,0,1,9,0,98.02
2026-09-23,REALITY,Reality Shows,8822,11607.4,10400,None,0,1,None,0.0,0,0,2,9,0,98.02
2026-09-24,REALITY,Reality Shows,8303,7907.1,11943,None,0,0,None,0.0,0,0,3,9,0,98.01
2026-09-25,REALITY,Reality Shows,7658,9722.1,9810,None,0,0,None,0.0,0,0,4,9,0,98.01
2026-09-26,REALITY,Reality Shows,8286,8752.5,11687,None,0,0,None,0.0,0,1,5,9,0,98.01
2026-09-27,REALITY,Reality Shows,9526,13497.0,10688,None,0,0,None,0.0,0,1,6,9,0,98.0
2026-09-28,REALITY,Reality Shows,7593,11743.8,10484,None,0,0,None,0.0,0,0,0,9,0,98.0
2026-09-29,REALITY,Reality Shows,8033,7917.9,9767,None,0,0,None,0.0,0,0,1,9,0,98.0
2026-09-30,REALITY,Reality Shows,8670,13039.5,10786,None,0,0,None,0.0,0,0,2,9,0,98.0
2026-10-01,REALITY,Reality Shows,7994,10014.4,11024,None,0,0,None,0.0,0,0,3,10,0,98.0
2026-10-02,REALITY,Reality Shows,8028,10520.1,9069,None,0,0,Gandhi Jayanti,0.7,1,0,4,10,0,98.0
2026-10-03,REALITY,Reality Shows,11631,14649.6,12970,Blockbuster Release,1,0,None,0.0,0,1,5,10,0,98.0
2026-10-04,REALITY,Reality Shows,8431,12421.9,9026,None,0,0,None,0.0,0,1,6,10,0,98.0
2026-10-05,REALITY,Reality Shows,10459,15371.9,13240,Blockbuster Release,1,0,None,0.0,0,0,0,10,0,98.0
2026-10-06,REALITY,Reality Shows,7555,10347.7,10043,None,0,0,None,0.0,0,0,1,10,0,98.01
2026-10-07,REALITY,Reality Shows,8075,8729.0,11477,None,0,0,None,0.0,0,0,2,10,0,98.01
2026-10-08,REALITY,Reality Shows,7210,8681.4,9786,None,0,0,None,0.0,0,0,3,10,0,98.01
2026-10-09,REALITY,Reality Shows,7364,11423.9,9554,None,0,0,None,0.0,0,0,4,10,0,98.02
2026-10-10,REALITY,Reality Shows,8833,10161.5,11070,None,0,0,None,0.0,0,1,5,10,0,98.02
2026-10-11,REALITY,Reality Shows,8956,14638.1,11039,None,0,0,None,0.0,0,1,6,10,0,98.03
2026-10-12,REALITY,Reality Shows,10566,11943.3,12941,Blockbuster Release,1,0,None,0.0,0,0,0,10,0,98.04
2026-10-13,REALITY,Reality Shows,7653,10257.3,10502,None,0,0,None,0.0,0,0,1,10,0,98.04
2026-10-14,REALITY,Reality Shows,7366,10232.2,8784,None,0,0,None,0.0,0,0,2,10,0,98.05
2026-10-15,REALITY,Reality Shows,8035,8315.8,9447,None,0,0,None,0.0,0,0,3,10,0,98.06
2026-10-16,REALITY,Reality Shows,8332,10781.7,11723,None,0,0,None,0.0,0,0,4,10,0,98.07
2026-10-17,REALITY,Reality Shows,9069,10056.8,12684,None,0,0,None,0.0,0,1,5,10,0,98.08
2026-10-18,REALITY,Reality Shows,8634,9421.8,11609,None,0,0,None,0.0,0,1,6,10,0,98.09
2026-10-19,REALITY,Reality Shows,6817,8794.8,8942,None,0,0,None,0.0,0,0,0,10,0,98.1
2026-10-20,REALITY,Reality Shows,8570,9756.0,10245,None,0,0,None,0.0,0,0,1,10,0,98.11
2026-10-21,REALITY,Reality Shows,7673,10546.6,10408,None,0,0,None,0.0,0,0,2,10,0,98.12
2026-10-22,REALITY,Reality Shows,8407,12334.3,11468,None,0,0,None,0.0,0,0,3,10,0,98.13
2026-10-23,REALITY,Reality Shows,11359,16840.2,14222,Live Sports Final,1,0,None,0.0,0,0,4,10,0,98.14
2026-10-24,REALITY,Reality Shows,9320,9946.1,11232,None,0,0,None,0.0,0,1,5,10,0,98.16
2026-10-25,REALITY,Reality Shows,9395,10985.2,10310,None,0,0,None,0.0,0,1,6,10,0,98.17
2026-10-26,REALITY,Reality Shows,8193,13730.7,10499,None,0,0,None,0.0,0,0,0,10,0,98.18
2026-10-27,REALITY,Reality Shows,10452,17064.1,13152,Live Sports Final,1,0,None,0.0,0,0,1,10,0,98.2
2026-10-28,REALITY,Reality Shows,7204,11787.7,9400,None,0,0,None,0.0,0,0,2,10,0,98.21
2026-10-29,REALITY,Reality Shows,8158,11313.0,8609,None,0,0,None,0.0,0,0,3,10,0,98.23
2026-10-30,REALITY,Reality Shows,7019,9457.3,9123,None,0,0,None,0.0,0,0,4,10,0,98.24
2026-10-31,REALITY,Reality Shows,8743,11591.8,12056,None,0,0,None,0.0,0,1,5,10,0,98.26
2026-11-01,REALITY,Reality Shows,8623,12797.9,11085,None,0,0,None,0.0,0,1,6,11,0,98.28
2026-11-02,REALITY,Reality Shows,9452,8857.5,11633,None,0,1,None,0.0,0,0,0,11,0,98.3
2026-11-03,REALITY,Reality Shows,7887,8111.4,11422,None,0,0,None,0.0,0,0,1,11,0,98.31
2026-11-04,REALITY,Reality Shows,7460,8329.9,9664,None,0,0,None,0.0,0,0,2,11,0,98.33
2026-11-05,REALITY,Reality Shows,10368,14671.8,14195,Live Sports Final,1,0,None,0.0,0,0,3,11,0,98.35
2026-11-06,REALITY,Reality Shows,9008,10012.8,10258,None,0,0,Diwali,1.0,1,0,4,11,1,98.37
2026-11-07,REALITY,Reality Shows,8951,9061.5,10093,None,0,0,Diwali,1.25,1,1,5,11,0,98.39
2026-11-08,REALITY,Reality Shows,9326,9118.7,13237,None,0,0,Diwali,1.5,1,1,6,11,0,98.41
2026-11-09,REALITY,Reality Shows,8404,13588.6,11941,None,0,0,Diwali,1.25,1,0,0,11,0,98.43
2026-11-10,REALITY,Reality Shows,8088,11650.7,8907,None,0,0,Diwali,1.0,1,0,1,11,0,98.46
2026-11-11,REALITY,Reality Shows,8081,9995.7,11599,None,0,0,None,0.0,0,0,2,11,1,98.48
2026-11-12,REALITY,Reality Shows,8322,8144.4,11165,None,0,0,None,0.0,0,0,3,11,0,98.5
2026-11-13,REALITY,Reality Shows,8490,11960.9,9930,None,0,0,None,0.0,0,0,4,11,0,98.52
2026-11-14,REALITY,Reality Shows,8976,12534.9,10207,None,0,0,None,0.0,0,1,5,11,0,98.55
2026-11-15,REALITY,Reality Shows,9154,8291.9,11997,None,0,0,None,0.0,0,1,6,11,0,98.57
2026-11-16,REALITY,Reality Shows,7891,9130.0,8593,None,0,0,None,0.0,0,0,0,11,0,98.6
2026-11-17,REALITY,Reality Shows,7351,11121.8,9808,None,0,0,None,0.0,0,0,1,11,0,98.62
2026-11-18,REALITY,Reality Shows,7886,12551.3,10873,None,0,0,None,0.0,0,0,2,11,0,98.65
2026-11-19,REALITY,Reality Shows,6984,7703.3,8755,None,0,0,None,0.0,0,0,3,11,0,98.67
2026-11-20,REALITY,Reality Shows,7976,10026.6,11008,None,0,0,None,0.0,0,0,4,11,0,98.7
2026-11-21,REALITY,Reality Shows,7918,12022.6,10450,None,0,0,None,0.0,0,1,5,11,0,98.72
2026-11-22,REALITY,Reality Shows,8480,11678.4,10866,None,0,0,None,0.0,0,1,6,11,0,98.75
2026-11-23,REALITY,Reality Shows,8215,9714.7,10027,None,0,0,None,0.0,0,0,0,11,0,98.78
2026-11-24,REALITY,Reality Shows,10832,18168.3,14200,Live Sports Final,1,0,None,0.0,0,0,1,11,0,98.8
2026-11-25,REALITY,Reality Shows,7790,10191.3,11215,None,0,0,None,0.0,0,0,2,11,0,98.83
2026-11-26,REALITY,Reality Shows,7579,10617.1,8315,None,0,0,None,0.0,0,0,3,11,0,98.86
2026-11-27,REALITY,Reality Shows,7377,9611.6,8243,None,0,0,None,0.0,0,0,4,11,0,98.89
2026-11-28,REALITY,Reality Shows,8692,8716.8,11431,None,0,0,None,0.0,0,1,5,11,0,98.92
2026-11-29,REALITY,Reality Shows,9309,12443.2,13440,None,0,0,None,0.0,0,1,6,11,0,98.95
2026-11-30,REALITY,Reality Shows,7680,8632.5,9598,None,0,0,None,0.0,0,0,0,11,0,98.98
2026-12-01,REALITY,Reality Shows,6784,6235.7,8197,None,0,0,None,0.0,0,0,1,12,0,99.01
2026-12-02,REALITY,Reality Shows,7203,7415.9,10330,None,0,0,None,0.0,0,0,2,12,0,99.04
2026-12-03,REALITY,Reality Shows,7410,12158.8,8606,None,0,0,None,0.0,0,0,3,12,0,99.07
2026-12-04,REALITY,Reality Shows,7679,11829.1,9073,None,0,0,None,0.0,0,0,4,12,0,99.1
2026-12-05,REALITY,Reality Shows,8838,8110.6,10771,None,0,0,None,0.0,0,1,5,12,0,99.13
2026-12-06,REALITY,Reality Shows,8465,11746.3,10646,None,0,0,None,0.0,0,1,6,12,0,99.16
2026-12-07,REALITY,Reality Shows,8114,11122.7,8695,None,0,0,None,0.0,0,0,0,12,0,99.19
2026-12-08,REALITY,Reality Shows,6843,8736.3,8287,None,0,0,None,0.0,0,0,1,12,0,99.22
2026-12-09,REALITY,Reality Shows,7449,7562.5,9557,None,0,0,None,0.0,0,0,2,12,0,99.25
2026-12-10,REALITY,Reality Shows,8200,13518.0,9015,None,0,0,None,0.0,0,0,3,12,0,99.29
2026-12-11,REALITY,Reality Shows,8082,10636.4,9976,None,0,0,None,0.0,0,0,4,12,0,99.32
2026-12-12,REALITY,Reality Shows,8859,13167.0,10390,None,0,0,None,0.0,0,1,5,12,0,99.35
2026-12-13,REALITY,Reality Shows,9452,14930.4,10346,None,0,0,None,0.0,0,1,6,12,0,99.38
2026-12-14,REALITY,Reality Shows,10763,17977.3,15244,New Episode,1,0,None,0.0,0,0,0,12,0,99.42
2026-12-15,REALITY,Reality Shows,10672,10538.2,12733,New Episode,1,0,None,0.0,0,0,1,12,0,99.45
2026-12-16,REALITY,Reality Shows,10933,13200.4,13635,New Episode,1,0,None,0.0,0,0,2,12,0,99.48
2026-12-17,REALITY,Reality Shows,8023,10593.2,10108,None,0,0,None,0.0,0,0,3,12,0,99.51
2026-12-18,REALITY,Reality Shows,8478,11551.6,9464,None,0,0,None,0.0,0,0,4,12,0,99.55
2026-12-19,REALITY,Reality Shows,8865,14434.2,11317,None,0,0,None,0.0,0,1,5,12,0,99.58
2026-12-20,REALITY,Reality Shows,8882,11414.1,10199,None,0,0,None,0.0,0,1,6,12,0,99.62
2026-12-21,REALITY,Reality Shows,9334,14122.9,12059,None,0,1,None,0.0,0,0,0,12,0,99.65
2026-12-22,REALITY,Reality Shows,9249,11652.1,10145,None,0,1,None,0.0,0,0,1,12,0,99.68
2026-12-23,REALITY,Reality Shows,8741,10553.1,11947,None,0,0,None,0.0,0,0,2,12,0,99.72
2026-12-24,REALITY,Reality Shows,8089,8962.6,11287,None,0,0,None,0.0,0,0,3,12,0,99.75
2026-12-25,REALITY,Reality Shows,7808,8923.7,11260,None,0,0,Christmas,1.2,1,0,4,12,0,99.79
2026-12-26,REALITY,Reality Shows,9900,13949.5,13941,None,0,1,None,0.0,0,1,5,12,0,99.82
2026-12-27,REALITY,Reality Shows,9781,9236.7,12868,None,0,0,None,0.0,0,1,6,12,0,99.85
2026-12-28,REALITY,Reality Shows,7653,8799.7,8478,None,0,0,None,0.0,0,0,0,12,0,99.89
2026-12-29,REALITY,Reality Shows,8000,11518.5,8679,None,0,0,None,0.0,0,0,1,12,0,99.92
2026-12-30,REALITY,Reality Shows,7830,7608.0,8469,None,0,0,None,0.0,0,0,2,12,1,99.96
2026-12-31,REALITY,Reality Shows,8537,11374.5,11832,None,0,0,New Year,1.1,1,0,3,12,0,99.99
2025-01-01,DOCS,Documentaries,4264,3998.7,5002,None,0,0,None,0.0,0,0,2,1,0,100.03
2025-01-02,DOCS,Documentaries,3920,3755.2,4611,None,0,0,None,0.0,0,0,3,1,0,100.07
2025-01-03,DOCS,Documentaries,4124,5706.1,4981,None,0,0,None,0.0,0,0,4,1,0,100.1
2025-01-04,DOCS,Documentaries,4828,5804.4,6480,None,0,0,None,0.0,0,1,5,1,0,100.14
2025-01-05,DOCS,Documentaries,5543,7757.0,7390,None,0,0,None,0.0,0,1,6,1,0,100.17
2025-01-06,DOCS,Documentaries,4151,6235.8,4538,None,0,0,None,0.0,0,0,0,1,0,100.21
2025-01-07,DOCS,Documentaries,3583,4203.7,3843,None,0,0,None,0.0,0,0,1,1,0,100.24
2025-01-08,DOCS,Documentaries,4265,5823.1,4801,None,0,0,None,0.0,0,0,2,1,0,100.27
2025-01-09,DOCS,Documentaries,4505,5577.2,5540,None,0,0,None,0.0,0,0,3,1,0,100.31
2025-01-10,DOCS,Documentaries,4363,7147.5,5585,None,0,0,None,0.0,0,0,4,1,0,100.34
2025-01-11,DOCS,Documentaries,4975,8318.5,6138,None,0,0,None,0.0,0,1,5,1,0,100.38
2025-01-12,DOCS,Documentaries,4622,6658.2,6354,None,0,0,None,0.0,0,1,6,1,0,100.41
2025-01-13,DOCS,Documentaries,4085,4923.3,5119,None,0,0,None,0.0,0,0,0,1,0,100.44
2025-01-14,DOCS,Documentaries,5414,8983.4,7286,Live Sports Final,1,0,Makar Sankranti,1.0,1,0,1,1,0,100.48
2025-01-15,DOCS,Documentaries,3994,4666.6,5773,None,0,0,None,0.0,0,0,2,1,0,100.51
2025-01-16,DOCS,Documentaries,4149,5491.7,5446,None,0,0,None,0.0,0,0,3,1,0,100.54
2025-01-17,DOCS,Documentaries,4482,7405.5,5814,None,0,0,None,0.0,0,0,4,1,0,100.58
2025-01-18,DOCS,Documentaries,5690,7890.5,7714,None,0,0,None,0.0,0,1,5,1,0,100.61
2025-01-19,DOCS,Documentaries,6341,7741.0,7938,Season Premiere,1,0,None,0.0,0,1,6,1,0,100.64
2025-01-20,DOCS,Documentaries,5636,5217.2,7986,Season Premiere,1,0,None,0.0,0,0,0,1,1,100.67
2025-01-21,DOCS,Documentaries,3505,5370.6,4567,None,0,0,None,0.0,0,0,1,1,0,100.71
2025-01-22,DOCS,Documentaries,4085,3959.4,5761,None,0,0,None,0.0,0,0,2,1,0,100.74
2025-01-23,DOCS,Documentaries,4666,4535.9,5808,None,0,0,None,0.0,0,0,3,1,0,100.77
2025-01-24,DOCS,Documentaries,5508,5958.8,6290,Season Premiere,1,0,None,0.0,0,0,4,1,0,100.8
2025-01-25,DOCS,Documentaries,4818,6766.7,6681,None,0,0,None,0.0,0,1,5,1,0,100.83
2025-01-26,DOCS,Documentaries,5839,9427.8,6551,None,0,0,Republic Day,0.8,1,1,6,1,0,100.86
2025-01-27,DOCS,Documentaries,5833,5288.5,8370,Live Sports Final,1,0,None,0.0,0,0,0,1,0,100.9
2025-01-28,DOCS,Documentaries,5711,8237.6,8087,Blockbuster Release,1,0,None,0.0,0,0,1,1,0,100.93
2025-01-29,DOCS,Documentaries,4201,5533.8,5051,None,0,0,None,0.0,0,0,2,1,0,100.96
2025-01-30,DOCS,Documentaries,4300,6006.6,6000,None,0,0,None,0.0,0,0,3,1,0,100.99
2025-01-31,DOCS,Documentaries,4849,7041.1,6855,None,0,0,None,0.0,0,0,4,1,0,101.02
2025-02-01,DOCS,Documentaries,6385,9112.8,7667,None,0,1,None,0.0,0,1,5,2,0,101.05
2025-02-02,DOCS,Documentaries,6154,9627.5,8650,Blockbuster Release,1,0,None,0.0,0,1,6,2,0,101.08
2025-02-03,DOCS,Documentaries,5012,4948.0,6605,Blockbuster Release,1,0,None,0.0,0,0,0,2,0,101.1
2025-02-04,DOCS,Documentaries,4238,4571.6,4985,None,0,0,None,0.0,0,0,1,2,0,101.13
2025-02-05,DOCS,Documentaries,4449,7010.0,5496,None,0,0,None,0.0,0,0,2,2,0,101.16
2025-02-06,DOCS,Documentaries,4756,4551.2,6740,None,0,0,None,0.0,0,0,3,2,0,101.19
2025-02-07,DOCS,Documentaries,4195,7066.2,5477,None,0,0,None,0.0,0,0,4,2,0,101.22
2025-02-08,DOCS,Documentaries,4758,6012.9,6229,None,0,0,None,0.0,0,1,5,2,0,101.24
2025-02-09,DOCS,Documentaries,5188,6136.1,6955,None,0,0,None,0.0,0,1,6,2,0,101.27
2025-02-10,DOCS,Documentaries,3956,4964.5,5335,None,0,0,None,0.0,0,0,0,2,0,101.3
2025-02-11,DOCS,Documentaries,4159,4692.1,4927,None,0,0,None,0.0,0,0,1,2,0,101.32
2025-02-12,DOCS,Documentaries,4231,6602.8,5880,None,0,0,None,0.0,0,0,2,2,0,101.35
2025-02-13,DOCS,Documentaries,4209,5862.6,5409,None,0,0,None,0.0,0,0,3,2,0,101.37
2025-02-14,DOCS,Documentaries,4607,5207.9,6632,None,0,0,None,0.0,0,0,4,2,0,101.4
2025-02-15,DOCS,Documentaries,5023,7654.6,6388,None,0,0,None,0.0,0,1,5,2,0,101.42
2025-02-16,DOCS,Documentaries,4708,6906.1,5309,None,0,0,None,0.0,0,1,6,2,0,101.45
2025-02-17,DOCS,Documentaries,4163,5702.1,4486,None,0,0,None,0.0,0,0,0,2,0,101.47
2025-02-18,DOCS,Documentaries,5056,6344.4,6699,None,0,0,None,0.0,0,0,1,2,0,101.49
2025-02-19,DOCS,Documentaries,3809,6011.1,4857,None,0,0,None,0.0,0,0,2,2,0,101.52
2025-02-20,DOCS,Documentaries,3682,3925.0,5144,None,0,0,None,0.0,0,0,3,2,0,101.54
2025-02-21,DOCS,Documentaries,3870,6289.3,5380,None,0,0,None,0.0,0,0,4,2,0,101.56
2025-02-22,DOCS,Documentaries,4961,6832.3,5960,None,0,0,None,0.0,0,1,5,2,0,101.58
2025-02-23,DOCS,Documentaries,5206,8620.5,7534,None,0,0,None,0.0,0,1,6,2,0,101.6
2025-02-24,DOCS,Documentaries,4204,6929.8,5841,None,0,0,None,0.0,0,0,0,2,0,101.62
2025-02-25,DOCS,Documentaries,4072,3937.1,4391,None,0,0,None,0.0,0,0,1,2,0,101.64
2025-02-26,DOCS,Documentaries,4023,4697.2,4767,None,0,0,None,0.0,0,0,2,2,0,101.66
2025-02-27,DOCS,Documentaries,3730,5312.3,4886,None,0,0,None,0.0,0,0,3,2,0,101.68
2025-02-28,DOCS,Documentaries,4710,4724.8,5029,None,0,0,None,0.0,0,0,4,2,0,101.7
2025-03-01,DOCS,Documentaries,6280,8399.8,7320,Live Sports Final,1,0,None,0.0,0,1,5,3,1,101.72
2025-03-02,DOCS,Documentaries,4943,5798.6,6281,None,0,0,None,0.0,0,1,6,3,0,101.73
2025-03-03,DOCS,Documentaries,5257,8934.5,7534,None,0,1,None,0.0,0,0,0,3,0,101.75
2025-03-04,DOCS,Documentaries,4651,4931.5,6500,None,0,0,None,0.0,0,0,1,3,0,101.77
2025-03-05,DOCS,Documentaries,4177,4129.0,4444,None,0,0,None,0.0,0,0,2,3,0,101.78
2025-03-06,DOCS,Documentaries,3976,5027.4,5435,None,0,0,None,0.0,0,0,3,3,0,101.8
2025-03-07,DOCS,Documentaries,4239,4642.2,4700,None,0,0,None,0.0,0,0,4,3,0,101.81
2025-03-08,DOCS,Documentaries,4844,7494.3,6872,None,0,0,None,0.0,0,1,5,3,1,101.83
2025-03-09,DOCS,Documentaries,4719,4312.7,6210,None,0,0,None,0.0,0,1,6,3,0,101.84
2025-03-10,DOCS,Documentaries,3876,5511.0,4293,None,0,0,None,0.0,0,0,0,3,0,101.85
2025-03-11,DOCS,Documentaries,4362,5348.0,6297,None,0,0,None,0.0,0,0,1,3,0,101.87
2025-03-12,DOCS,Documentaries,4757,7826.6,5200,None,0,0,Holi,0.8,1,0,2,3,0,101.88
2025-03-13,DOCS,Documentaries,6242,10180.2,7047,Season Premiere,1,0,Holi,1.05,1,0,3,3,0,101.89
2025-03-14,DOCS,Documentaries,5554,8556.1,5998,Season Premiere,1,0,Holi,1.3,1,0,4,3,0,101.9
2025-03-15,DOCS,Documentaries,5585,6946.0,6698,None,0,0,Holi,1.05,1,1,5,3,0,101.91
2025-03-16,DOCS,Documentaries,5607,6958.7,6277,None,0,1,Holi,0.8,1,1,6,3,0,101.92
2025-03-17,DOCS,Documentaries,5571,5108.6,8059,New Episode,1,0,None,0.0,0,0,0,3,0,101.93
2025-03-18,DOCS,Documentaries,5836,9583.4,7376,New Episode,1,0,None,0.0,0,0,1,3,0,101.94
2025-03-19,DOCS,Documentaries,4416,7426.8,6008,None,0,0,None,0.0,0,0,2,3,0,101.95
2025-03-20,DOCS,Documentaries,4669,4989.5,5457,None,0,0,None,0.0,0,0,3,3,0,101.96
2025-03-21,DOCS,Documentaries,3953,5053.0,4566,None,0,0,None,0.0,0,0,4,3,0,101.96
2025-03-22,DOCS,Documentaries,4840,6595.9,6036,None,0,0,None,0.0,0,1,5,3,0,101.97
2025-03-23,DOCS,Documentaries,4835,6439.4,6580,None,0,0,None,0.0,0,1,6,3,0,101.97
2025-03-24,DOCS,Documentaries,5869,7534.1,7640,Blockbuster Release,1,0,None,0.0,0,0,0,3,0,101.98
2025-03-25,DOCS,Documentaries,4189,5801.9,5202,None,0,0,None,0.0,0,0,1,3,0,101.98
2025-03-26,DOCS,Documentaries,4327,6626.9,4790,None,0,0,None,0.0,0,0,2,3,0,101.99
2025-03-27,DOCS,Documentaries,4183,5150.7,5222,None,0,0,None,0.0,0,0,3,3,0,101.99
2025-03-28,DOCS,Documentaries,4366,4189.7,5703,None,0,0,None,0.0,0,0,4,3,0,101.99
2025-03-29,DOCS,Documentaries,4678,5242.1,5033,None,0,0,None,0.0,0,1,5,3,0,102.0
2025-03-30,DOCS,Documentaries,4571,4550.7,5942,None,0,0,None,0.0,0,1,6,3,0,102.0
2025-03-31,DOCS,Documentaries,4115,5691.8,5902,None,0,0,None,0.0,0,0,0,3,0,102.0
2025-04-01,DOCS,Documentaries,3992,5218.5,4520,None,0,0,None,0.0,0,0,1,4,0,102.0
2025-04-02,DOCS,Documentaries,4203,4286.4,4799,None,0,0,None,0.0,0,0,2,4,0,102.0
2025-04-03,DOCS,Documentaries,4493,5265.1,5517,None,0,0,None,0.0,0,0,3,4,0,102.0
2025-04-04,DOCS,Documentaries,3871,6311.2,5177,None,0,0,None,0.0,0,0,4,4,0,102.0
2025-04-05,DOCS,Documentaries,4783,7639.8,5949,None,0,0,None,0.0,0,1,5,4,0,102.0
2025-04-06,DOCS,Documentaries,6427,8801.1,7131,None,0,1,None,0.0,0,1,6,4,1,101.99
2025-04-07,DOCS,Documentaries,3739,3416.2,5014,None,0,0,None,0.0,0,0,0,4,0,101.99
2025-04-08,DOCS,Documentaries,3939,6031.2,4971,None,0,0,None,0.0,0,0,1,4,0,101.99
2025-04-09,DOCS,Documentaries,4357,4101.4,5912,None,0,0,None,0.0,0,0,2,4,0,101.98
2025-04-10,DOCS,Documentaries,3797,6198.0,4384,None,0,0,None,0.0,0,0,3,4,0,101.98
2025-04-11,DOCS,Documentaries,5511,7527.8,7953,New Episode,1,0,None,0.0,0,0,4,4,0,101.97
2025-04-12,DOCS,Documentaries,5402,5961.3,6018,None,0,0,None,0.0,0,1,5,4,0,101.97
2025-04-13,DOCS,Documentaries,4727,4614.8,6788,None,0,0,None,0.0,0,1,6,4,0,101.96
2025-04-14,DOCS,Documentaries,4008,5970.0,4349,None,0,0,None,0.0,0,0,0,4,0,101.95
2025-04-15,DOCS,Documentaries,3793,3817.6,4381,None,0,0,None,0.0,0,0,1,4,0,101.94
2025-04-16,DOCS,Documentaries,4014,5108.3,4440,None,0,0,None,0.0,0,0,2,4,0,101.94
2025-04-17,DOCS,Documentaries,4203,3854.9,5799,None,0,0,None,0.0,0,0,3,4,0,101.93
2025-04-18,DOCS,Documentaries,4902,7993.9,6512,None,0,0,None,0.0,0,0,4,4,0,101.92
2025-04-19,DOCS,Documentaries,6336,9618.1,7944,Season Premiere,1,0,None,0.0,0,1,5,4,0,101.91
2025-04-20,DOCS,Documentaries,6351,6518.8,9054,Season Premiere,1,0,None,0.0,0,1,6,4,0,101.9
2025-04-21,DOCS,Documentaries,4262,6013.3,4778,None,0,0,None,0.0,0,0,0,4,0,101.89
2025-04-22,DOCS,Documentaries,5303,6798.5,6337,Season Premiere,1,0,None,0.0,0,0,1,4,0,101.87
2025-04-23,DOCS,Documentaries,3583,3473.4,3775,None,0,0,None,0.0,0,0,2,4,0,101.86
2025-04-24,DOCS,Documentaries,4702,5984.2,5730,None,0,0,None,0.0,0,0,3,4,0,101.85
2025-04-25,DOCS,Documentaries,4456,5331.9,4769,None,0,0,None,0.0,0,0,4,4,0,101.84
2025-04-26,DOCS,Documentaries,5248,5691.7,5960,None,0,0,None,0.0,0,1,5,4,0,101.82
2025-04-27,DOCS,Documentaries,4991,8229.5,5631,None,0,0,None,0.0,0,1,6,4,0,101.81
2025-04-28,DOCS,Documentaries,4622,4999.5,5898,None,0,0,None,0.0,0,0,0,4,1,101.79
2025-04-29,DOCS,Documentaries,3828,5482.4,4462,None,0,0,None,0.0,0,0,1,4,0,101.78
2025-04-30,DOCS,Documentaries,4297,7213.4,4652,None,0,0,None,0.0,0,0,2,4,0,101.76
2025-05-01,DOCS,Documentaries,4435,4063.9,5845,None,0,0,None,0.0,0,0,3,5,0,101.74
2025-05-02,DOCS,Documentaries,4671,4726.0,5216,None,0,0,None,0.0,0,0,4,5,0,101.73
2025-05-03,DOCS,Documentaries,5936,8676.0,6774,None,0,1,None,0.0,0,1,5,5,0,101.71
2025-05-04,DOCS,Documentaries,6529,8744.4,8305,Blockbuster Release,1,0,None,0.0,0,1,6,5,0,101.69
2025-05-05,DOCS,Documentaries,5638,8748.7,8124,Blockbuster Release,1,0,None,0.0,0,0,0,5,0,101.67
2025-05-06,DOCS,Documentaries,3852,4942.7,5311,None,0,0,None,0.0,0,0,1,5,0,101.65
2025-05-07,DOCS,Documentaries,4113,6715.0,5663,None,0,0,None,0.0,0,0,2,5,0,101.63
2025-05-08,DOCS,Documentaries,4139,4427.0,5428,None,0,0,None,0.0,0,0,3,5,0,101.61
2025-05-09,DOCS,Documentaries,4533,5844.7,5298,None,0,0,None,0.0,0,0,4,5,0,101.59
2025-05-10,DOCS,Documentaries,5084,8069.4,6534,None,0,0,None,0.0,0,1,5,5,0,101.57
2025-05-11,DOCS,Documentaries,5376,5422.4,7360,None,0,0,None,0.0,0,1,6,5,0,101.55
2025-05-12,DOCS,Documentaries,4434,6042.0,4973,None,0,0,None,0.0,0,0,0,5,0,101.53
2025-05-13,DOCS,Documentaries,4229,5184.2,6057,None,0,0,None,0.0,0,0,1,5,0,101.51
2025-05-14,DOCS,Documentaries,4669,6403.1,6418,None,0,0,None,0.0,0,0,2,5,0,101.48
2025-05-15,DOCS,Documentaries,6219,6355.2,7957,Blockbuster Release,1,1,None,0.0,0,0,3,5,0,101.46
2025-05-16,DOCS,Documentaries,5496,7491.6,6845,Blockbuster Release,1,0,None,0.0,0,0,4,5,0,101.44
2025-05-17,DOCS,Documentaries,4660,6378.3,6286,None,0,0,None,0.0,0,1,5,5,0,101.41
2025-05-18,DOCS,Documentaries,4609,6312.7,6606,None,0,0,None,0.0,0,1,6,5,0,101.39
2025-05-19,DOCS,Documentaries,3976,4145.6,4575,None,0,0,None,0.0,0,0,0,5,0,101.36
2025-05-20,DOCS,Documentaries,4102,4971.7,4456,None,0,0,None,0.0,0,0,1,5,0,101.34
2025-05-21,DOCS,Documentaries,4353,5498.8,5680,None,0,0,None,0.0,0,0,2,5,0,101.31
2025-05-22,DOCS,Documentaries,4194,5978.7,4990,None,0,0,None,0.0,0,0,3,5,0,101.29
2025-05-23,DOCS,Documentaries,4375,7259.6,5096,None,0,0,None,0.0,0,0,4,5,1,101.26
2025-05-24,DOCS,Documentaries,5009,4836.8,6132,None,0,0,None,0.0,0,1,5,5,0,101.23
2025-05-25,DOCS,Documentaries,4257,7061.2,5523,None,0,0,None,0.0,0,1,6,5,0,101.21
2025-05-26,DOCS,Documentaries,4346,6896.9,4895,None,0,0,None,0.0,0,0,0,5,0,101.18
2025-05-27,DOCS,Documentaries,4080,4941.2,5047,None,0,0,None,0.0,0,0,1,5,0,101.15
2025-05-28,DOCS,Documentaries,3819,5146.9,4723,None,0,0,None,0.0,0,0,2,5,0,101.12
2025-05-29,DOCS,Documentaries,4369,4852.6,4980,None,0,0,None,0.0,0,0,3,5,0,101.09
2025-05-30,DOCS,Documentaries,5613,7277.3,5896,Blockbuster Release,1,0,None,0.0,0,0,4,5,0,101.06
2025-05-31,DOCS,Documentaries,6477,10058.9,7333,Blockbuster Release,1,0,None,0.0,0,1,5,5,0,101.04
2025-06-01,DOCS,Documentaries,5154,4669.4,5465,None,0,0,None,0.0,0,1,6,6,0,101.01
2025-06-02,DOCS,Documentaries,5396,8704.9,5741,Blockbuster Release,1,0,None,0.0,0,0,0,6,0,100.98
2025-06-03,DOCS,Documentaries,5306,7030.4,6789,Blockbuster Release,1,0,None,0.0,0,0,1,6,0,100.95
2025-06-04,DOCS,Documentaries,5070,7052.1,7331,None,0,1,None,0.0,0,0,2,6,0,100.92
2025-06-05,DOCS,Documentaries,4171,5342.6,4929,None,0,0,None,0.0,0,0,3,6,0,100.88
2025-06-06,DOCS,Documentaries,6394,7000.4,8846,New Episode,1,0,None,0.0,0,0,4,6,0,100.85
2025-06-07,DOCS,Documentaries,6394,7687.2,7726,New Episode,1,0,None,0.0,0,1,5,6,0,100.82
2025-06-08,DOCS,Documentaries,4946,6438.9,6497,None,0,0,None,0.0,0,1,6,6,0,100.79
2025-06-09,DOCS,Documentaries,4041,5017.5,5014,None,0,0,None,0.0,0,0,0,6,0,100.76
2025-06-10,DOCS,Documentaries,5285,7228.8,7625,Blockbuster Release,1,0,None,0.0,0,0,1,6,0,100.73
2025-06-11,DOCS,Documentaries,4582,4239.2,5974,None,0,1,None,0.0,0,0,2,6,0,100.69
2025-06-12,DOCS,Documentaries,4197,6173.0,5349,None,0,0,None,0.0,0,0,3,6,0,100.66
2025-06-13,DOCS,Documentaries,4232,5662.1,5034,None,0,0,None,0.0,0,0,4,6,0,100.63
2025-06-14,DOCS,Documentaries,6750,11002.7,9286,Live Sports Final,1,0,None,0.0,0,1,5,6,0,100.6
2025-06-15,DOCS,Documentaries,4866,6302.5,7047,None,0,0,None,0.0,0,1,6,6,0,100.56
2025-06-16,DOCS,Documentaries,4173,3878.8,4839,None,0,0,None,0.0,0,0,0,6,0,100.53
2025-06-17,DOCS,Documentaries,4361,6758.1,4808,None,0,0,None,0.0,0,0,1,6,0,100.5
2025-06-18,DOCS,Documentaries,5554,9182.3,7989,Season Premiere,1,0,None,0.0,0,0,2,6,0,100.46
2025-06-19,DOCS,Documentaries,5867,8160.1,7822,Season Premiere,1,0,None,0.0,0,0,3,6,0,100.43
2025-06-20,DOCS,Documentaries,4712,5682.1,5058,None,0,0,None,0.0,0,0,4,6,0,100.4
2025-06-21,DOCS,Documentaries,4926,6596.1,5573,None,0,0,None,0.0,0,1,5,6,0,100.36
2025-06-22,DOCS,Documentaries,4652,7418.8,6296,None,0,0,None,0.0,0,1,6,6,0,100.33
2025-06-23,DOCS,Documentaries,4247,4107.8,6012,None,0,0,None,0.0,0,0,0,6,0,100.3
2025-06-24,DOCS,Documentaries,4353,4112.0,4683,None,0,0,None,0.0,0,0,1,6,0,100.26
2025-06-25,DOCS,Documentaries,5191,8133.7,5691,New Episode,1,0,None,0.0,0,0,2,6,0,100.23
2025-06-26,DOCS,Documentaries,5503,5692.6,6065,New Episode,1,0,None,0.0,0,0,3,6,0,100.19
2025-06-27,DOCS,Documentaries,3852,5636.7,5478,None,0,0,None,0.0,0,0,4,6,0,100.16
2025-06-28,DOCS,Documentaries,5064,8261.7,7202,None,0,0,None,0.0,0,1,5,6,0,100.12
2025-06-29,DOCS,Documentaries,4617,5045.0,6000,None,0,0,None,0.0,0,1,6,6,0,100.09
2025-06-30,DOCS,Documentaries,5497,9063.7,6679,Season Premiere,1,0,None,0.0,0,0,0,6,0,100.06
2025-07-01,DOCS,Documentaries,4250,6577.2,5413,None,0,0,None,0.0,0,0,1,7,0,100.02
2025-07-02,DOCS,Documentaries,3918,5672.1,5124,None,0,0,None,0.0,0,0,2,7,0,99.99
2025-07-03,DOCS,Documentaries,4310,5718.2,5987,None,0,0,None,0.0,0,0,3,7,0,99.95
2025-07-04,DOCS,Documentaries,4760,5132.2,6274,None,0,1,None,0.0,0,0,4,7,1,99.92
2025-07-05,DOCS,Documentaries,6878,9395.4,9096,Season Premiere,1,0,None,0.0,0,1,5,7,0,99.88
2025-07-06,DOCS,Documentaries,5342,5003.9,7687,None,0,0,None,0.0,0,1,6,7,0,99.85
2025-07-07,DOCS,Documentaries,4648,5711.6,5188,None,0,0,None,0.0,0,0,0,7,0,99.82
2025-07-08,DOCS,Documentaries,4346,6143.9,5873,None,0,0,None,0.0,0,0,1,7,0,99.78
2025-07-09,DOCS,Documentaries,4404,7093.1,6287,None,0,0,None,0.0,0,0,2,7,0,99.75
2025-07-10,DOCS,Documentaries,4253,4491.1,4775,None,0,0,None,0.0,0,0,3,7,0,99.71
2025-07-11,DOCS,Documentaries,5243,4894.0,6291,None,0,1,None,0.0,0,0,4,7,0,99.68
2025-07-12,DOCS,Documentaries,5438,4909.8,6518,None,0,0,None,0.0,0,1,5,7,0,99.64
2025-07-13,DOCS,Documentaries,4669,7248.5,6505,None,0,0,None,0.0,0,1,6,7,1,99.61
2025-07-14,DOCS,Documentaries,4437,5277.5,5715,None,0,0,None,0.0,0,0,0,7,0,99.58
2025-07-15,DOCS,Documentaries,3805,3778.7,4951,None,0,0,None,0.0,0,0,1,7,0,99.54
2025-07-16,DOCS,Documentaries,4188,6463.9,5404,None,0,0,None,0.0,0,0,2,7,0,99.51
2025-07-17,DOCS,Documentaries,4291,4204.4,5259,None,0,0,None,0.0,0,0,3,7,0,99.48
2025-07-18,DOCS,Documentaries,4404,5927.8,4944,None,0,0,None,0.0,0,0,4,7,0,99.44
2025-07-19,DOCS,Documentaries,5161,7317.2,5512,None,0,0,None,0.0,0,1,5,7,0,99.41
2025-07-20,DOCS,Documentaries,5348,8671.0,6213,None,0,0,None,0.0,0,1,6,7,0,99.38
2025-07-21,DOCS,Documentaries,3901,4863.0,5625,None,0,0,None,0.0,0,0,0,7,0,99.35
2025-07-22,DOCS,Documentaries,4569,6594.3,6288,None,0,0,None,0.0,0,0,1,7,0,99.31
2025-07-23,DOCS,Documentaries,4844,4416.3,5490,None,0,0,None,0.0,0,0,2,7,0,99.28
2025-07-24,DOCS,Documentaries,4205,5533.7,4891,None,0,0,None,0.0,0,0,3,7,0,99.25
2025-07-25,DOCS,Documentaries,4169,5231.6,5250,None,0,0,None,0.0,0,0,4,7,0,99.22
2025-07-26,DOCS,Documentaries,5029,5721.7,6615,None,0,0,None,0.0,0,1,5,7,0,99.19
2025-07-27,DOCS,Documentaries,4950,8097.0,5336,None,0,0,None,0.0,0,1,6,7,0,99.15
2025-07-28,DOCS,Documentaries,4280,6109.1,4605,None,0,0,None,0.0,0,0,0,7,0,99.12
2025-07-29,DOCS,Documentaries,6070,8208.7,7934,Blockbuster Release,1,0,None,0.0,0,0,1,7,0,99.09
2025-07-30,DOCS,Documentaries,6348,6379.2,8202,Live Sports Final,1,0,None,0.0,0,0,2,7,0,99.06
2025-07-31,DOCS,Documentaries,4250,6139.4,5395,None,0,0,None,0.0,0,0,3,7,0,99.03
2025-08-01,DOCS,Documentaries,5026,6362.1,5918,None,0,0,None,0.0,0,0,4,8,0,99.0
2025-08-02,DOCS,Documentaries,4895,7148.6,6096,None,0,0,None,0.0,0,1,5,8,0,98.97
2025-08-03,DOCS,Documentaries,6723,10011.1,8843,Blockbuster Release,1,0,None,0.0,0,1,6,8,0,98.94
2025-08-04,DOCS,Documentaries,5346,8333.4,6108,Season Premiere,1,0,None,0.0,0,0,0,8,0,98.91
2025-08-05,DOCS,Documentaries,5394,6776.1,5731,Season Premiere,1,0,None,0.0,0,0,1,8,0,98.89
2025-08-06,DOCS,Documentaries,5559,8902.6,6932,Season Premiere,1,0,None,0.0,0,0,2,8,0,98.86
2025-08-07,DOCS,Documentaries,4595,5478.7,6116,None,0,0,None,0.0,0,0,3,8,0,98.83
2025-08-08,DOCS,Documentaries,4412,6312.1,4979,None,0,0,None,0.0,0,0,4,8,0,98.8
2025-08-09,DOCS,Documentaries,4697,5573.7,5613,None,0,0,Raksha Bandhan,1.0,1,1,5,8,0,98.77
2025-08-10,DOCS,Documentaries,4614,7447.0,5435,None,0,0,None,0.0,0,1,6,8,0,98.75
2025-08-11,DOCS,Documentaries,3845,4764.7,5308,None,0,0,None,0.0,0,0,0,8,0,98.72
2025-08-12,DOCS,Documentaries,4447,4749.3,6406,None,0,0,None,0.0,0,0,1,8,0,98.69
2025-08-13,DOCS,Documentaries,4398,7419.6,5505,None,0,0,None,0.0,0,0,2,8,0,98.67
2025-08-14,DOCS,Documentaries,4393,5011.6,5310,None,0,0,None,0.0,0,0,3,8,0,98.64
2025-08-15,DOCS,Documentaries,4528,7367.3,5886,None,0,0,Independence Day,0.9,1,0,4,8,0,98.62
2025-08-16,DOCS,Documentaries,4787,7522.5,6898,None,0,0,None,0.0,0,1,5,8,0,98.59
2025-08-17,DOCS,Documentaries,5061,6731.5,6826,None,0,0,None,0.0,0,1,6,8,0,98.57
2025-08-18,DOCS,Documentaries,4780,5390.6,5153,None,0,0,None,0.0,0,0,0,8,0,98.54
2025-08-19,DOCS,Documentaries,4526,4324.8,5513,None,0,0,None,0.0,0,0,1,8,0,98.52
2025-08-20,DOCS,Documentaries,5323,5868.8,6007,Season Premiere,1,0,None,0.0,0,0,2,8,0,98.5
2025-08-21,DOCS,Documentaries,4262,6861.1,4740,None,0,0,None,0.0,0,0,3,8,0,98.48
2025-08-22,DOCS,Documentaries,4176,4705.2,5522,None,0,0,None,0.0,0,0,4,8,0,98.45
2025-08-23,DOCS,Documentaries,5275,5731.9,7101,None,0,0,None,0.0,0,1,5,8,0,98.43
2025-08-24,DOCS,Documentaries,4706,4450.0,5856,None,0,0,None,0.0,0,1,6,8,0,98.41
2025-08-25,DOCS,Documentaries,4416,5802.6,5432,None,0,0,None,0.0,0,0,0,8,0,98.39
2025-08-26,DOCS,Documentaries,4263,5694.7,5095,None,0,0,None,0.0,0,0,1,8,0,98.37
2025-08-27,DOCS,Documentaries,4136,5998.3,5911,None,0,0,None,0.0,0,0,2,8,0,98.35
2025-08-28,DOCS,Documentaries,4426,7053.9,5143,None,0,0,None,0.0,0,0,3,8,0,98.33
2025-08-29,DOCS,Documentaries,4301,4232.3,4884,None,0,0,None,0.0,0,0,4,8,0,98.31
2025-08-30,DOCS,Documentaries,5240,6278.6,7482,None,0,0,None,0.0,0,1,5,8,0,98.29
2025-08-31,DOCS,Documentaries,4879,6792.4,6215,None,0,0,None,0.0,0,1,6,8,0,98.28
2025-09-01,DOCS,Documentaries,4020,4232.8,4431,None,0,0,None,0.0,0,0,0,9,0,98.26
2025-09-02,DOCS,Documentaries,4308,4811.1,5899,None,0,0,None,0.0,0,0,1,9,0,98.24
2025-09-03,DOCS,Documentaries,4443,6825.2,5762,None,0,0,None,0.0,0,0,2,9,0,98.23
2025-09-04,DOCS,Documentaries,4550,4220.0,6239,None,0,0,None,0.0,0,0,3,9,0,98.21
2025-09-05,DOCS,Documentaries,4316,6969.1,5570,None,0,0,None,0.0,0,0,4,9,0,98.2
2025-09-06,DOCS,Documentaries,5275,8058.1,7361,None,0,0,None,0.0,0,1,5,9,0,98.18
2025-09-07,DOCS,Documentaries,4634,5374.1,6229,None,0,0,None,0.0,0,1,6,9,1,98.17
2025-09-08,DOCS,Documentaries,4661,5488.5,6166,None,0,0,None,0.0,0,0,0,9,0,98.15
2025-09-09,DOCS,Documentaries,4541,4971.0,6323,None,0,0,None,0.0,0,0,1,9,0,98.14
2025-09-10,DOCS,Documentaries,4244,3844.7,4929,None,0,0,None,0.0,0,0,2,9,0,98.13
2025-09-11,DOCS,Documentaries,4683,6861.9,5064,None,0,0,None,0.0,0,0,3,9,0,98.12
2025-09-12,DOCS,Documentaries,4467,6863.6,4768,None,0,0,None,0.0,0,0,4,9,0,98.11
2025-09-13,DOCS,Documentaries,5408,5660.5,6088,None,0,0,None,0.0,0,1,5,9,0,98.09
2025-09-14,DOCS,Documentaries,4805,5856.1,5932,None,0,0,None,0.0,0,1,6,9,0,98.08
2025-09-15,DOCS,Documentaries,4177,5277.6,4398,None,0,0,None,0.0,0,0,0,9,0,98.07
2025-09-16,DOCS,Documentaries,4540,4410.5,5979,None,0,0,None,0.0,0,0,1,9,0,98.07
2025-09-17,DOCS,Documentaries,4399,4979.6,6295,None,0,0,None,0.0,0,0,2,9,0,98.06
2025-09-18,DOCS,Documentaries,3956,4476.7,4819,None,0,0,None,0.0,0,0,3,9,0,98.05
2025-09-19,DOCS,Documentaries,4930,7816.8,6253,None,0,0,None,0.0,0,0,4,9,0,98.04
2025-09-20,DOCS,Documentaries,5553,5469.5,7957,None,0,0,None,0.0,0,1,5,9,0,98.04
2025-09-21,DOCS,Documentaries,5095,5549.8,5595,None,0,0,None,0.0,0,1,6,9,0,98.03
2025-09-22,DOCS,Documentaries,4181,5282.1,5054,None,0,0,None,0.0,0,0,0,9,0,98.02
2025-09-23,DOCS,Documentaries,5503,5562.8,7950,Season Premiere,1,0,None,0.0,0,0,1,9,0,98.02
2025-09-24,DOCS,Documentaries,5813,6172.8,6430,Season Premiere,1,0,None,0.0,0,0,2,9,0,98.01
2025-09-25,DOCS,Documentaries,4807,7998.1,6741,None,0,0,None,0.0,0,0,3,9,0,98.01
2025-09-26,DOCS,Documentaries,5163,8233.8,6262,None,0,0,None,0.0,0,0,4,9,0,98.01
2025-09-27,DOCS,Documentaries,5863,5876.1,7368,None,0,1,None,0.0,0,1,5,9,0,98.0
2025-09-28,DOCS,Documentaries,4940,5520.6,6815,None,0,0,None,0.0,0,1,6,9,0,98.0
2025-09-29,DOCS,Documentaries,5655,9026.0,8165,Blockbuster Release,1,0,None,0.0,0,0,0,9,0,98.0
2025-09-30,DOCS,Documentaries,4508,5323.0,4781,None,0,0,None,0.0,0,0,1,9,0,98.0
2025-10-01,DOCS,Documentaries,4137,5185.4,4919,None,0,0,None,0.0,0,0,2,10,0,98.0
2025-10-02,DOCS,Documentaries,4096,4284.5,4779,None,0,0,Gandhi Jayanti,0.7,1,0,3,10,0,98.0
2025-10-03,DOCS,Documentaries,4322,5780.9,5333,None,0,0,None,0.0,0,0,4,10,0,98.0
2025-10-04,DOCS,Documentaries,5141,5224.0,5718,None,0,0,None,0.0,0,1,5,10,0,98.0
2025-10-05,DOCS,Documentaries,7069,9324.0,8322,Season Premiere,1,0,None,0.0,0,1,6,10,0,98.0
2025-10-06,DOCS,Documentaries,4075,6662.6,5286,None,0,0,None,0.0,0,0,0,10,0,98.01
2025-10-07,DOCS,Documentaries,4725,6056.4,6478,None,0,0,None,0.0,0,0,1,10,0,98.01
2025-10-08,DOCS,Documentaries,4364,6795.0,6259,None,0,0,None,0.0,0,0,2,10,0,98.01
2025-10-09,DOCS,Documentaries,4323,5876.2,4988,None,0,0,None,0.0,0,0,3,10,0,98.02
2025-10-10,DOCS,Documentaries,5257,6275.7,7569,New Episode,1,0,None,0.0,0,0,4,10,0,98.02
2025-10-11,DOCS,Documentaries,6687,11058.1,7831,New Episode,1,0,None,0.0,0,1,5,10,0,98.03
2025-10-12,DOCS,Documentaries,5137,8720.0,7298,None,0,0,None,0.0,0,1,6,10,0,98.04
2025-10-13,DOCS,Documentaries,5064,5875.3,6831,None,0,0,None,0.0,0,0,0,10,0,98.04
2025-10-14,DOCS,Documentaries,4322,7308.6,5250,None,0,0,None,0.0,0,0,1,10,0,98.05
2025-10-15,DOCS,Documentaries,4855,8191.8,6988,None,0,0,None,0.0,0,0,2,10,0,98.06
2025-10-16,DOCS,Documentaries,4309,4977.1,4574,None,0,0,None,0.0,0,0,3,10,0,98.07
2025-10-17,DOCS,Documentaries,4299,5436.5,5863,None,0,0,None,0.0,0,0,4,10,0,98.08
2025-10-18,DOCS,Documentaries,4744,4424.8,6259,None,0,0,Diwali,1.0,1,1,5,10,0,98.09
2025-10-19,DOCS,Documentaries,5621,5131.1,6105,None,0,0,Diwali,1.25,1,1,6,10,0,98.1
2025-10-20,DOCS,Documentaries,4673,4797.0,5438,None,0,0,Diwali,1.5,1,0,0,10,0,98.11
2025-10-21,DOCS,Documentaries,4632,5163.5,5694,None,0,0,Diwali,1.5,1,0,1,10,0,98.12
2025-10-22,DOCS,Documentaries,4472,7215.1,5128,None,0,0,Diwali,1.0,1,0,2,10,0,98.13
2025-10-23,DOCS,Documentaries,4473,5197.2,6366,None,0,0,None,0.0,0,0,3,10,0,98.14
2025-10-24,DOCS,Documentaries,4196,6183.3,4665,None,0,0,None,0.0,0,0,4,10,0,98.16
2025-10-25,DOCS,Documentaries,5198,8615.1,6620,None,0,0,None,0.0,0,1,5,10,0,98.17
2025-10-26,DOCS,Documentaries,4786,6322.5,6073,None,0,0,None,0.0,0,1,6,10,0,98.18
2025-10-27,DOCS,Documentaries,4367,6862.7,5518,None,0,0,None,0.0,0,0,0,10,0,98.2
2025-10-28,DOCS,Documentaries,4554,5613.0,5033,None,0,0,None,0.0,0,0,1,10,0,98.21
2025-10-29,DOCS,Documentaries,4822,5324.3,6010,None,0,0,None,0.0,0,0,2,10,0,98.23
2025-10-30,DOCS,Documentaries,4470,6785.1,6339,None,0,0,None,0.0,0,0,3,10,0,98.24
2025-10-31,DOCS,Documentaries,6114,8649.9,6931,New Episode,1,0,None,0.0,0,0,4,10,0,98.26
2025-11-01,DOCS,Documentaries,5068,7242.0,5472,None,0,0,None,0.0,0,1,5,11,0,98.28
2025-11-02,DOCS,Documentaries,6319,7355.5,9033,Season Premiere,1,0,None,0.0,0,1,6,11,0,98.3
2025-11-03,DOCS,Documentaries,6347,8232.9,9006,Season Premiere,1,0,None,0.0,0,0,0,11,0,98.31
2025-11-04,DOCS,Documentaries,4378,5305.8,5572,None,0,0,None,0.0,0,0,1,11,0,98.33
2025-11-05,DOCS,Documentaries,4691,7612.5,6589,None,0,0,None,0.0,0,0,2,11,0,98.35
2025-11-06,DOCS,Documentaries,4231,6960.8,6091,None,0,0,None,0.0,0,0,3,11,0,98.37
2025-11-07,DOCS,Documentaries,4567,4523.7,5112,None,0,0,None,0.0,0,0,4,11,0,98.39
2025-11-08,DOCS,Documentaries,5179,7596.1,5890,None,0,0,None,0.0,0,1,5,11,0,98.41
2025-11-09,DOCS,Documentaries,5078,5636.8,6417,None,0,0,None,0.0,0,1,6,11,0,98.43
2025-11-10,DOCS,Documentaries,5013,7379.2,6675,None,0,0,None,0.0,0,0,0,11,0,98.46
2025-11-11,DOCS,Documentaries,4543,5018.0,6244,None,0,0,None,0.0,0,0,1,11,0,98.48
2025-11-12,DOCS,Documentaries,4309,5412.2,5373,None,0,0,None,0.0,0,0,2,11,0,98.5
2025-11-13,DOCS,Documentaries,4881,5994.1,5170,None,0,0,None,0.0,0,0,3,11,0,98.52
2025-11-14,DOCS,Documentaries,3887,6037.8,4193,None,0,0,None,0.0,0,0,4,11,0,98.55
2025-11-15,DOCS,Documentaries,4654,5499.6,6444,None,0,0,None,0.0,0,1,5,11,0,98.57
2025-11-16,DOCS,Documentaries,5342,8711.1,6812,None,0,0,None,0.0,0,1,6,11,0,98.6
2025-11-17,DOCS,Documentaries,4488,4412.3,4808,None,0,0,None,0.0,0,0,0,11,0,98.62
2025-11-18,DOCS,Documentaries,4261,4635.3,5658,None,0,0,None,0.0,0,0,1,11,0,98.65
2025-11-19,DOCS,Documentaries,4538,4941.8,5909,None,0,0,None,0.0,0,0,2,11,0,98.67
2025-11-20,DOCS,Documentaries,4737,5232.5,5780,None,0,0,None,0.0,0,0,3,11,0,98.7
2025-11-21,DOCS,Documentaries,4113,5669.9,5731,None,0,0,None,0.0,0,0,4,11,0,98.72
2025-11-22,DOCS,Documentaries,5063,6134.5,5909,None,0,0,None,0.0,0,1,5,11,0,98.75
2025-11-23,DOCS,Documentaries,6627,8391.0,8964,Blockbuster Release,1,0,None,0.0,0,1,6,11,0,98.78
2025-11-24,DOCS,Documentaries,5844,9882.2,6907,Blockbuster Release,1,0,None,0.0,0,0,0,11,0,98.8
2025-11-25,DOCS,Documentaries,5413,8444.8,6890,None,0,1,None,0.0,0,0,1,11,0,98.83
2025-11-26,DOCS,Documentaries,3849,4796.1,5574,None,0,0,None,0.0,0,0,2,11,0,98.86
2025-11-27,DOCS,Documentaries,4586,6872.8,5939,None,0,0,None,0.0,0,0,3,11,0,98.89
2025-11-28,DOCS,Documentaries,3868,3881.1,4932,None,0,0,None,0.0,0,0,4,11,0,98.92
2025-11-29,DOCS,Documentaries,5083,5885.4,6498,None,0,0,None,0.0,0,1,5,11,0,98.95
2025-11-30,DOCS,Documentaries,4785,7877.6,6355,None,0,0,None,0.0,0,1,6,11,0,98.98
2025-12-01,DOCS,Documentaries,4489,7555.8,6153,None,0,0,None,0.0,0,0,0,12,0,99.01
2025-12-02,DOCS,Documentaries,4627,7349.4,6329,None,0,0,None,0.0,0,0,1,12,0,99.04
2025-12-03,DOCS,Documentaries,4449,6298.0,6030,None,0,0,None,0.0,0,0,2,12,0,99.07
2025-12-04,DOCS,Documentaries,4241,6570.8,5026,None,0,0,None,0.0,0,0,3,12,0,99.1
2025-12-05,DOCS,Documentaries,4047,4102.6,4640,None,0,0,None,0.0,0,0,4,12,0,99.13
2025-12-06,DOCS,Documentaries,5089,6219.9,6162,None,0,0,None,0.0,0,1,5,12,0,99.16
2025-12-07,DOCS,Documentaries,6511,8969.9,8190,Blockbuster Release,1,0,None,0.0,0,1,6,12,0,99.19
2025-12-08,DOCS,Documentaries,4535,6239.6,6235,None,0,0,None,0.0,0,0,0,12,0,99.22
2025-12-09,DOCS,Documentaries,4310,4818.2,5428,None,0,0,None,0.0,0,0,1,12,0,99.25
2025-12-10,DOCS,Documentaries,6181,8684.9,7398,New Episode,1,0,None,0.0,0,0,2,12,0,99.29
2025-12-11,DOCS,Documentaries,5783,6519.2,7314,Live Sports Final,1,0,None,0.0,0,0,3,12,0,99.32
2025-12-12,DOCS,Documentaries,6040,9073.3,6519,Live Sports Final,1,0,None,0.0,0,0,4,12,0,99.35
2025-12-13,DOCS,Documentaries,4958,6361.3,6273,None,0,0,None,0.0,0,1,5,12,0,99.38
2025-12-14,DOCS,Documentaries,5322,7091.6,6689,None,0,0,None,0.0,0,1,6,12,0,99.42
2025-12-15,DOCS,Documentaries,4624,7654.2,5947,None,0,0,None,0.0,0,0,0,12,0,99.45
2025-12-16,DOCS,Documentaries,5041,8474.3,7036,None,0,1,None,0.0,0,0,1,12,0,99.48
2025-12-17,DOCS,Documentaries,4002,6181.6,5112,None,0,0,None,0.0,0,0,2,12,0,99.51
2025-12-18,DOCS,Documentaries,4816,6009.2,6140,None,0,0,None,0.0,0,0,3,12,0,99.55
2025-12-19,DOCS,Documentaries,4320,5446.1,5711,None,0,0,None,0.0,0,0,4,12,0,99.58
2025-12-20,DOCS,Documentaries,4921,6461.6,7077,None,0,0,None,0.0,0,1,5,12,0,99.62
2025-12-21,DOCS,Documentaries,6557,9934.0,8788,Live Sports Final,1,0,None,0.0,0,1,6,12,0,99.65
2025-12-22,DOCS,Documentaries,5501,8165.9,6205,Live Sports Final,1,0,None,0.0,0,0,0,12,0,99.68
2025-12-23,DOCS,Documentaries,4631,5198.5,5665,None,0,0,None,0.0,0,0,1,12,0,99.72
2025-12-24,DOCS,Documentaries,5245,6627.2,5790,None,0,1,None,0.0,0,0,2,12,0,99.75
2025-12-25,DOCS,Documentaries,4650,6703.9,4943,None,0,0,Christmas,1.2,1,0,3,12,0,99.79
2025-12-26,DOCS,Documentaries,4783,4591.6,6589,None,0,0,None,0.0,0,0,4,12,0,99.82
2025-12-27,DOCS,Documentaries,5146,5072.2,6135,None,0,0,None,0.0,0,1,5,12,0,99.85
2025-12-28,DOCS,Documentaries,5580,8701.3,6453,None,0,0,None,0.0,0,1,6,12,0,99.89
2025-12-29,DOCS,Documentaries,4444,7303.8,5528,None,0,0,None,0.0,0,0,0,12,0,99.92
2025-12-30,DOCS,Documentaries,4008,4180.8,4537,None,0,0,None,0.0,0,0,1,12,0,99.96
2025-12-31,DOCS,Documentaries,4362,7124.9,4662,None,0,0,New Year,1.1,1,0,2,12,0,99.99
2026-01-01,DOCS,Documentaries,5040,7985.4,6640,None,0,1,None,0.0,0,0,3,1,0,100.03
2026-01-02,DOCS,Documentaries,4486,4564.1,5104,None,0,0,None,0.0,0,0,4,1,0,100.07
2026-01-03,DOCS,Documentaries,5569,5664.2,5906,None,0,0,None,0.0,0,1,5,1,0,100.1
2026-01-04,DOCS,Documentaries,5178,6693.5,6965,None,0,0,None,0.0,0,1,6,1,0,100.14
2026-01-05,DOCS,Documentaries,5724,8755.6,8179,Blockbuster Release,1,0,None,0.0,0,0,0,1,0,100.17
2026-01-06,DOCS,Documentaries,4367,5646.7,4788,None,0,0,None,0.0,0,0,1,1,0,100.21
2026-01-07,DOCS,Documentaries,4617,7191.2,5707,None,0,0,None,0.0,0,0,2,1,0,100.24
2026-01-08,DOCS,Documentaries,4579,4607.4,5190,None,0,0,None,0.0,0,0,3,1,0,100.27
2026-01-09,DOCS,Documentaries,4692,5151.2,5006,None,0,0,None,0.0,0,0,4,1,0,100.31
2026-01-10,DOCS,Documentaries,4920,7295.6,5938,None,0,0,None,0.0,0,1,5,1,1,100.34
2026-01-11,DOCS,Documentaries,5790,7569.1,7936,None,0,0,None,0.0,0,1,6,1,0,100.38
2026-01-12,DOCS,Documentaries,4359,5351.9,5116,None,0,0,None,0.0,0,0,0,1,0,100.41
2026-01-13,DOCS,Documentaries,4274,6704.1,4651,None,0,0,None,0.0,0,0,1,1,0,100.44
2026-01-14,DOCS,Documentaries,5800,5869.2,7488,None,0,1,Makar Sankranti,1.0,1,0,2,1,1,100.48
2026-01-15,DOCS,Documentaries,4727,5797.8,6552,None,0,0,None,0.0,0,0,3,1,0,100.51
2026-01-16,DOCS,Documentaries,5612,9106.4,6667,Live Sports Final,1,0,None,0.0,0,0,4,1,0,100.54
2026-01-17,DOCS,Documentaries,6872,11189.2,8448,Live Sports Final,1,0,None,0.0,0,1,5,1,0,100.58
2026-01-18,DOCS,Documentaries,5008,5977.8,5597,None,0,0,None,0.0,0,1,6,1,0,100.61
2026-01-19,DOCS,Documentaries,4588,5695.1,6636,None,0,0,None,0.0,0,0,0,1,0,100.64
2026-01-20,DOCS,Documentaries,4534,4357.0,6512,None,0,0,None,0.0,0,0,1,1,0,100.67
2026-01-21,DOCS,Documentaries,5215,5586.5,7147,None,0,0,None,0.0,0,0,2,1,0,100.71
2026-01-22,DOCS,Documentaries,4876,4457.3,5261,None,0,0,None,0.0,0,0,3,1,0,100.74
2026-01-23,DOCS,Documentaries,4781,6343.1,5595,None,0,0,None,0.0,0,0,4,1,0,100.77
2026-01-24,DOCS,Documentaries,6288,10630.6,7097,None,0,1,None,0.0,0,1,5,1,0,100.8
2026-01-25,DOCS,Documentaries,4771,4852.9,5232,None,0,0,None,0.0,0,1,6,1,0,100.83
2026-01-26,DOCS,Documentaries,4649,7717.5,5664,None,0,0,Republic Day,0.8,1,0,0,1,0,100.86
2026-01-27,DOCS,Documentaries,4341,5320.8,5282,None,0,0,None,0.0,0,0,1,1,0,100.9
2026-01-28,DOCS,Documentaries,4456,4189.8,6388,None,0,0,None,0.0,0,0,2,1,0,100.93
2026-01-29,DOCS,Documentaries,4497,4624.1,6029,None,0,0,None,0.0,0,0,3,1,0,100.96
2026-01-30,DOCS,Documentaries,3968,5009.6,4291,None,0,0,None,0.0,0,0,4,1,0,100.99
2026-01-31,DOCS,Documentaries,5987,6369.2,6409,None,0,1,None,0.0,0,1,5,1,0,101.02
2026-02-01,DOCS,Documentaries,5182,7435.7,7409,None,0,0,None,0.0,0,1,6,2,0,101.05
2026-02-02,DOCS,Documentaries,4747,5170.6,6510,None,0,0,None,0.0,0,0,0,2,0,101.08
2026-02-03,DOCS,Documentaries,4245,6452.0,4524,None,0,0,None,0.0,0,0,1,2,0,101.1
2026-02-04,DOCS,Documentaries,4243,4529.7,5911,None,0,0,None,0.0,0,0,2,2,0,101.13
2026-02-05,DOCS,Documentaries,4225,5787.7,5265,None,0,0,None,0.0,0,0,3,2,0,101.16
2026-02-06,DOCS,Documentaries,4384,5778.3,5908,None,0,0,None,0.0,0,0,4,2,0,101.19
2026-02-07,DOCS,Documentaries,4818,7433.2,6183,None,0,0,None,0.0,0,1,5,2,0,101.22
2026-02-08,DOCS,Documentaries,5541,7682.4,7331,None,0,0,None,0.0,0,1,6,2,0,101.24
2026-02-09,DOCS,Documentaries,4707,6176.0,5556,None,0,0,None,0.0,0,0,0,2,0,101.27
2026-02-10,DOCS,Documentaries,5278,8573.4,6638,None,0,0,None,0.0,0,0,1,2,0,101.3
2026-02-11,DOCS,Documentaries,4324,6940.3,4881,None,0,0,None,0.0,0,0,2,2,0,101.32
2026-02-12,DOCS,Documentaries,4734,7602.1,5721,None,0,0,None,0.0,0,0,3,2,0,101.35
2026-02-13,DOCS,Documentaries,4125,4494.1,4485,None,0,0,None,0.0,0,0,4,2,1,101.37
2026-02-14,DOCS,Documentaries,5587,8239.6,7344,None,0,0,None,0.0,0,1,5,2,0,101.4
2026-02-15,DOCS,Documentaries,6021,8502.4,6465,None,0,1,None,0.0,0,1,6,2,0,101.42
2026-02-16,DOCS,Documentaries,5805,9167.4,6783,Blockbuster Release,1,0,None,0.0,0,0,0,2,0,101.45
2026-02-17,DOCS,Documentaries,4860,6830.8,5300,None,0,0,None,0.0,0,0,1,2,0,101.47
2026-02-18,DOCS,Documentaries,4843,5102.5,6374,None,0,0,None,0.0,0,0,2,2,0,101.49
2026-02-19,DOCS,Documentaries,4198,4742.7,5194,None,0,0,None,0.0,0,0,3,2,0,101.52
2026-02-20,DOCS,Documentaries,4456,5738.5,5328,None,0,0,None,0.0,0,0,4,2,0,101.54
2026-02-21,DOCS,Documentaries,5580,7493.1,6917,None,0,0,None,0.0,0,1,5,2,0,101.56
2026-02-22,DOCS,Documentaries,5053,6273.5,5631,None,0,0,None,0.0,0,1,6,2,1,101.58
2026-02-23,DOCS,Documentaries,4579,7278.0,6440,None,0,0,None,0.0,0,0,0,2,0,101.6
2026-02-24,DOCS,Documentaries,4648,7352.1,5524,None,0,0,None,0.0,0,0,1,2,0,101.62
2026-02-25,DOCS,Documentaries,6252,9373.8,8242,New Episode,1,0,None,0.0,0,0,2,2,0,101.64
2026-02-26,DOCS,Documentaries,6035,7581.8,8619,New Episode,1,0,None,0.0,0,0,3,2,0,101.66
2026-02-27,DOCS,Documentaries,5768,8708.8,6343,Blockbuster Release,1,0,None,0.0,0,0,4,2,0,101.68
2026-02-28,DOCS,Documentaries,4589,7283.0,6061,None,0,0,None,0.0,0,1,5,2,0,101.7
2026-03-01,DOCS,Documentaries,5374,7441.8,5659,None,0,0,None,0.0,0,1,6,3,0,101.72
2026-03-02,DOCS,Documentaries,4670,6466.3,6675,None,0,0,Holi,0.8,1,0,0,3,0,101.73
2026-03-03,DOCS,Documentaries,5182,5636.8,6143,None,0,0,Holi,1.05,1,0,1,3,0,101.75
2026-03-04,DOCS,Documentaries,6279,7434.8,7322,Blockbuster Release,1,0,Holi,1.3,1,0,2,3,0,101.77
2026-03-05,DOCS,Documentaries,6984,10113.8,8190,Blockbuster Release,1,1,Holi,1.05,1,0,3,3,0,101.78
2026-03-06,DOCS,Documentaries,4256,6901.7,6154,None,0,0,Holi,0.8,1,0,4,3,0,101.8
2026-03-07,DOCS,Documentaries,5121,7425.1,5983,None,0,0,None,0.0,0,1,5,3,0,101.81
2026-03-08,DOCS,Documentaries,5279,6195.7,7467,None,0,0,None,0.0,0,1,6,3,0,101.83
2026-03-09,DOCS,Documentaries,4529,6925.9,6383,None,0,0,None,0.0,0,0,0,3,0,101.84
2026-03-10,DOCS,Documentaries,4128,5303.3,5746,None,0,0,None,0.0,0,0,1,3,0,101.85
2026-03-11,DOCS,Documentaries,4491,5335.2,5000,None,0,1,None,0.0,0,0,2,3,0,101.87
2026-03-12,DOCS,Documentaries,5570,6581.3,7318,New Episode,1,0,None,0.0,0,0,3,3,0,101.88
2026-03-13,DOCS,Documentaries,5135,7906.9,6172,New Episode,1,0,None,0.0,0,0,4,3,0,101.89
2026-03-14,DOCS,Documentaries,4889,7747.0,6058,None,0,0,None,0.0,0,1,5,3,0,101.9
2026-03-15,DOCS,Documentaries,5249,6096.8,5835,None,0,0,None,0.0,0,1,6,3,0,101.91
2026-03-16,DOCS,Documentaries,4929,5245.9,7102,None,0,0,None,0.0,0,0,0,3,0,101.92
2026-03-17,DOCS,Documentaries,3785,5031.1,4376,None,0,0,None,0.0,0,0,1,3,0,101.93
2026-03-18,DOCS,Documentaries,4203,6619.4,5856,None,0,0,None,0.0,0,0,2,3,0,101.94
2026-03-19,DOCS,Documentaries,4622,4552.3,4964,None,0,0,None,0.0,0,0,3,3,0,101.95
2026-03-20,DOCS,Documentaries,4374,5643.0,5978,None,0,0,None,0.0,0,0,4,3,0,101.96
2026-03-21,DOCS,Documentaries,5231,4709.8,7159,None,0,0,None,0.0,0,1,5,3,0,101.96
2026-03-22,DOCS,Documentaries,5295,7274.4,6112,None,0,0,None,0.0,0,1,6,3,0,101.97
2026-03-23,DOCS,Documentaries,4387,4856.7,5602,None,0,0,None,0.0,0,0,0,3,0,101.97
2026-03-24,DOCS,Documentaries,4863,5825.2,5685,None,0,0,None,0.0,0,0,1,3,0,101.98
2026-03-25,DOCS,Documentaries,5224,6043.7,5925,None,0,0,None,0.0,0,0,2,3,0,101.98
2026-03-26,DOCS,Documentaries,4197,5428.2,5444,None,0,0,None,0.0,0,0,3,3,0,101.99
2026-03-27,DOCS,Documentaries,4784,6910.1,6411,None,0,0,None,0.0,0,0,4,3,0,101.99
2026-03-28,DOCS,Documentaries,5808,5690.7,7753,None,0,0,None,0.0,0,1,5,3,0,101.99
2026-03-29,DOCS,Documentaries,5615,7992.5,7778,None,0,0,None,0.0,0,1,6,3,1,102.0
2026-03-30,DOCS,Documentaries,4311,4840.7,5759,None,0,0,None,0.0,0,0,0,3,0,102.0
2026-03-31,DOCS,Documentaries,4417,6625.7,5313,None,0,0,None,0.0,0,0,1,3,0,102.0
2026-04-01,DOCS,Documentaries,4005,3946.2,5773,None,0,0,None,0.0,0,0,2,4,0,102.0
2026-04-02,DOCS,Documentaries,4348,6683.9,6227,None,0,0,None,0.0,0,0,3,4,0,102.0
2026-04-03,DOCS,Documentaries,4357,6329.8,5362,None,0,0,None,0.0,0,0,4,4,0,102.0
2026-04-04,DOCS,Documentaries,5329,5214.3,7665,None,0,0,None,0.0,0,1,5,4,0,102.0
2026-04-05,DOCS,Documentaries,4861,7825.8,7015,None,0,0,None,0.0,0,1,6,4,0,102.0
2026-04-06,DOCS,Documentaries,4539,4357.9,6115,None,0,0,None,0.0,0,0,0,4,0,101.99
2026-04-07,DOCS,Documentaries,4580,4623.7,6288,None,0,0,None,0.0,0,0,1,4,0,101.99
2026-04-08,DOCS,Documentaries,4382,4600.7,4801,None,0,0,None,0.0,0,0,2,4,0,101.99
2026-04-09,DOCS,Documentaries,4767,5018.7,5520,None,0,0,None,0.0,0,0,3,4,0,101.98
2026-04-10,DOCS,Documentaries,4388,7163.4,4822,None,0,0,None,0.0,0,0,4,4,0,101.98
2026-04-11,DOCS,Documentaries,5295,6500.3,5884,None,0,0,None,0.0,0,1,5,4,0,101.97
2026-04-12,DOCS,Documentaries,4819,4958.8,6558,None,0,0,None,0.0,0,1,6,4,0,101.97
2026-04-13,DOCS,Documentaries,4294,5747.2,4860,None,0,0,None,0.0,0,0,0,4,0,101.96
2026-04-14,DOCS,Documentaries,4806,7183.4,5772,None,0,0,None,0.0,0,0,1,4,0,101.95
2026-04-15,DOCS,Documentaries,4033,6786.6,4938,None,0,0,None,0.0,0,0,2,4,0,101.94
2026-04-16,DOCS,Documentaries,4746,6542.4,5113,None,0,0,None,0.0,0,0,3,4,0,101.94
2026-04-17,DOCS,Documentaries,4429,4405.7,6176,None,0,0,None,0.0,0,0,4,4,0,101.93
2026-04-18,DOCS,Documentaries,4608,4613.0,6397,None,0,0,None,0.0,0,1,5,4,0,101.92
2026-04-19,DOCS,Documentaries,6637,10890.0,7019,Season Premiere,1,0,None,0.0,0,1,6,4,0,101.91
2026-04-20,DOCS,Documentaries,6102,9231.4,7852,Season Premiere,1,0,None,0.0,0,0,0,4,0,101.9
2026-04-21,DOCS,Documentaries,5207,5302.2,6713,None,0,0,None,0.0,0,0,1,4,0,101.89
2026-04-22,DOCS,Documentaries,5078,7787.2,6601,None,0,0,None,0.0,0,0,2,4,0,101.87
2026-04-23,DOCS,Documentaries,4256,4162.0,4909,None,0,0,None,0.0,0,0,3,4,0,101.86
2026-04-24,DOCS,Documentaries,4765,5716.0,5325,None,0,0,None,0.0,0,0,4,4,0,101.85
2026-04-25,DOCS,Documentaries,5079,4656.7,5508,None,0,0,None,0.0,0,1,5,4,0,101.84
2026-04-26,DOCS,Documentaries,5032,8453.4,6735,None,0,0,None,0.0,0,1,6,4,0,101.82
2026-04-27,DOCS,Documentaries,4828,5658.1,6020,None,0,0,None,0.0,0,0,0,4,0,101.81
2026-04-28,DOCS,Documentaries,4600,4598.8,5957,None,0,0,None,0.0,0,0,1,4,0,101.79
2026-04-29,DOCS,Documentaries,4602,7129.1,5858,None,0,0,None,0.0,0,0,2,4,0,101.78
2026-04-30,DOCS,Documentaries,4041,4986.0,5306,None,0,0,None,0.0,0,0,3,4,0,101.76
2026-05-01,DOCS,Documentaries,5612,7837.1,7476,Season Premiere,1,0,None,0.0,0,0,4,5,0,101.74
2026-05-02,DOCS,Documentaries,6517,10359.4,7394,Season Premiere,1,0,None,0.0,0,1,5,5,1,101.73
2026-05-03,DOCS,Documentaries,5368,5950.6,7113,None,0,0,None,0.0,0,1,6,5,0,101.71
2026-05-04,DOCS,Documentaries,6114,8135.5,7094,Blockbuster Release,1,0,None,0.0,0,0,0,5,0,101.69
2026-05-05,DOCS,Documentaries,5048,5213.2,5356,None,0,0,None,0.0,0,0,1,5,0,101.67
2026-05-06,DOCS,Documentaries,4262,6737.1,5871,None,0,0,None,0.0,0,0,2,5,0,101.65
2026-05-07,DOCS,Documentaries,5057,5847.7,6830,None,0,0,None,0.0,0,0,3,5,0,101.63
2026-05-08,DOCS,Documentaries,4464,5757.0,6030,None,0,0,None,0.0,0,0,4,5,0,101.61
2026-05-09,DOCS,Documentaries,5245,7758.9,6295,None,0,0,None,0.0,0,1,5,5,1,101.59
2026-05-10,DOCS,Documentaries,5188,8419.9,7052,None,0,0,None,0.0,0,1,6,5,0,101.57
2026-05-11,DOCS,Documentaries,4617,5440.5,5383,None,0,0,None,0.0,0,0,0,5,0,101.55
2026-05-12,DOCS,Documentaries,4748,4595.8,5551,None,0,0,None,0.0,0,0,1,5,0,101.53
2026-05-13,DOCS,Documentaries,5666,7473.4,6778,None,0,1,None,0.0,0,0,2,5,0,101.51
2026-05-14,DOCS,Documentaries,4472,4072.0,5989,None,0,0,None,0.0,0,0,3,5,0,101.48
2026-05-15,DOCS,Documentaries,4571,5549.4,5253,None,0,0,None,0.0,0,0,4,5,0,101.46
2026-05-16,DOCS,Documentaries,4960,6083.7,5355,None,0,0,None,0.0,0,1,5,5,0,101.44
2026-05-17,DOCS,Documentaries,5428,6908.6,6262,None,0,0,None,0.0,0,1,6,5,0,101.41
2026-05-18,DOCS,Documentaries,4625,5673.4,5705,None,0,0,None,0.0,0,0,0,5,0,101.39
2026-05-19,DOCS,Documentaries,4319,6437.4,5085,None,0,0,None,0.0,0,0,1,5,0,101.36
2026-05-20,DOCS,Documentaries,4183,4557.6,5596,None,0,0,None,0.0,0,0,2,5,0,101.34
2026-05-21,DOCS,Documentaries,4596,6046.0,4968,None,0,0,None,0.0,0,0,3,5,0,101.31
2026-05-22,DOCS,Documentaries,4934,5723.3,6475,None,0,0,None,0.0,0,0,4,5,0,101.29
2026-05-23,DOCS,Documentaries,5699,7961.6,6699,None,0,0,None,0.0,0,1,5,5,0,101.26
2026-05-24,DOCS,Documentaries,4854,6007.2,5453,None,0,0,None,0.0,0,1,6,5,0,101.23
2026-05-25,DOCS,Documentaries,4827,5140.9,5518,None,0,0,None,0.0,0,0,0,5,0,101.21
2026-05-26,DOCS,Documentaries,4787,6582.3,5406,None,0,0,None,0.0,0,0,1,5,0,101.18
2026-05-27,DOCS,Documentaries,4960,5447.1,6916,None,0,0,None,0.0,0,0,2,5,0,101.15
2026-05-28,DOCS,Documentaries,4694,5713.4,5483,None,0,0,None,0.0,0,0,3,5,0,101.12
2026-05-29,DOCS,Documentaries,4456,5492.5,6127,None,0,0,None,0.0,0,0,4,5,0,101.09
2026-05-30,DOCS,Documentaries,7041,11397.3,8210,Season Premiere,1,0,None,0.0,0,1,5,5,0,101.06
2026-05-31,DOCS,Documentaries,4482,6684.8,4712,None,0,0,None,0.0,0,1,6,5,0,101.04
2026-06-01,DOCS,Documentaries,4265,5985.8,4489,None,0,0,None,0.0,0,0,0,6,0,101.01
2026-06-02,DOCS,Documentaries,4302,4258.6,5149,None,0,0,None,0.0,0,0,1,6,0,100.98
2026-06-03,DOCS,Documentaries,4360,5002.2,6067,None,0,0,None,0.0,0,0,2,6,0,100.95
2026-06-04,DOCS,Documentaries,4112,3864.5,5290,None,0,0,None,0.0,0,0,3,6,0,100.92
2026-06-05,DOCS,Documentaries,4394,5849.5,5807,None,0,0,None,0.0,0,0,4,6,0,100.88
2026-06-06,DOCS,Documentaries,5081,5051.8,6177,None,0,0,None,0.0,0,1,5,6,0,100.85
2026-06-07,DOCS,Documentaries,5168,4771.3,5995,None,0,0,None,0.0,0,1,6,6,0,100.82
2026-06-08,DOCS,Documentaries,4645,5506.2,6071,None,0,0,None,0.0,0,0,0,6,0,100.79
2026-06-09,DOCS,Documentaries,5563,8318.2,7130,Season Premiere,1,0,None,0.0,0,0,1,6,0,100.76
2026-06-10,DOCS,Documentaries,5799,7194.3,6169,Season Premiere,1,0,None,0.0,0,0,2,6,0,100.73
2026-06-11,DOCS,Documentaries,4537,4397.7,5767,None,0,0,None,0.0,0,0,3,6,0,100.69
2026-06-12,DOCS,Documentaries,4019,5353.3,5233,None,0,0,None,0.0,0,0,4,6,0,100.66
2026-06-13,DOCS,Documentaries,5228,6585.2,6259,None,0,0,None,0.0,0,1,5,6,0,100.63
2026-06-14,DOCS,Documentaries,5321,8879.5,6314,None,0,0,None,0.0,0,1,6,6,0,100.6
2026-06-15,DOCS,Documentaries,4789,4835.9,6536,None,0,0,None,0.0,0,0,0,6,0,100.56
2026-06-16,DOCS,Documentaries,4179,6043.8,5007,None,0,0,None,0.0,0,0,1,6,0,100.53
2026-06-17,DOCS,Documentaries,5894,8702.2,6864,Live Sports Final,1,0,None,0.0,0,0,2,6,0,100.5
2026-06-18,DOCS,Documentaries,4933,7788.2,6728,None,0,0,None,0.0,0,0,3,6,0,100.46
2026-06-19,DOCS,Documentaries,4059,6402.2,5860,None,0,0,None,0.0,0,0,4,6,0,100.43
2026-06-20,DOCS,Documentaries,5253,6426.5,5903,None,0,0,None,0.0,0,1,5,6,0,100.4
2026-06-21,DOCS,Documentaries,4809,7203.9,5777,None,0,0,None,0.0,0,1,6,6,0,100.36
2026-06-22,DOCS,Documentaries,4445,5393.2,4671,None,0,0,None,0.0,0,0,0,6,0,100.33
2026-06-23,DOCS,Documentaries,4335,7004.3,5394,None,0,0,None,0.0,0,0,1,6,0,100.3
2026-06-24,DOCS,Documentaries,4683,6855.7,5446,None,0,0,None,0.0,0,0,2,6,0,100.26
2026-06-25,DOCS,Documentaries,4487,4190.2,6193,None,0,0,None,0.0,0,0,3,6,0,100.23
2026-06-26,DOCS,Documentaries,5571,5853.9,7890,Season Premiere,1,0,None,0.0,0,0,4,6,0,100.19
2026-06-27,DOCS,Documentaries,7287,11829.1,7989,Season Premiere,1,0,None,0.0,0,1,5,6,0,100.16
2026-06-28,DOCS,Documentaries,5314,7177.5,7415,None,0,0,None,0.0,0,1,6,6,0,100.12
2026-06-29,DOCS,Documentaries,4866,7404.5,5527,None,0,0,None,0.0,0,0,0,6,0,100.09
2026-06-30,DOCS,Documentaries,4255,6726.2,4991,None,0,0,None,0.0,0,0,1,6,0,100.06
2026-07-01,DOCS,Documentaries,5286,4959.6,7423,None,0,1,None,0.0,0,0,2,7,0,100.02
2026-07-02,DOCS,Documentaries,4872,4810.2,5827,None,0,0,None,0.0,0,0,3,7,0,99.99
2026-07-03,DOCS,Documentaries,4358,7191.0,4605,None,0,0,None,0.0,0,0,4,7,0,99.95
2026-07-04,DOCS,Documentaries,5265,7302.2,5637,None,0,0,None,0.0,0,1,5,7,0,99.92
2026-07-05,DOCS,Documentaries,5248,7743.5,6219,None,0,0,None,0.0,0,1,6,7,0,99.88
2026-07-06,DOCS,Documentaries,3886,4724.2,5455,None,0,0,None,0.0,0,0,0,7,0,99.85
2026-07-07,DOCS,Documentaries,4561,4987.6,4950,None,0,0,None,0.0,0,0,1,7,0,99.82
2026-07-08,DOCS,Documentaries,4459,4369.4,5030,None,0,0,None,0.0,0,0,2,7,0,99.78
2026-07-09,DOCS,Documentaries,4534,4857.2,6515,None,0,0,None,0.0,0,0,3,7,0,99.75
2026-07-10,DOCS,Documentaries,5747,5644.4,6980,New Episode,1,0,None,0.0,0,0,4,7,0,99.71
2026-07-11,DOCS,Documentaries,4893,8034.7,6845,None,0,0,None,0.0,0,1,5,7,0,99.68
2026-07-12,DOCS,Documentaries,5034,8039.4,6057,None,0,0,None,0.0,0,1,6,7,0,99.64
2026-07-13,DOCS,Documentaries,4431,6663.1,5571,None,0,0,None,0.0,0,0,0,7,0,99.61
2026-07-14,DOCS,Documentaries,4765,4372.8,6808,None,0,0,None,0.0,0,0,1,7,0,99.58
2026-07-15,DOCS,Documentaries,4423,5826.1,6336,None,0,0,None,0.0,0,0,2,7,0,99.54
2026-07-16,DOCS,Documentaries,4620,5044.0,5156,None,0,0,None,0.0,0,0,3,7,0,99.51
2026-07-17,DOCS,Documentaries,4648,4463.6,6138,None,0,0,None,0.0,0,0,4,7,0,99.48
2026-07-18,DOCS,Documentaries,5119,4692.8,6243,None,0,0,None,0.0,0,1,5,7,0,99.44
2026-07-19,DOCS,Documentaries,5564,8198.1,6175,None,0,0,None,0.0,0,1,6,7,1,99.41
2026-07-20,DOCS,Documentaries,4480,5390.3,4750,None,0,0,None,0.0,0,0,0,7,0,99.38
2026-07-21,DOCS,Documentaries,4426,6068.1,5546,None,0,0,None,0.0,0,0,1,7,0,99.35
2026-07-22,DOCS,Documentaries,6294,9564.1,6844,Season Premiere,1,0,None,0.0,0,0,2,7,0,99.31
2026-07-23,DOCS,Documentaries,4633,5831.3,6603,None,0,0,None,0.0,0,0,3,7,0,99.28
2026-07-24,DOCS,Documentaries,3890,3903.1,4473,None,0,0,None,0.0,0,0,4,7,0,99.25
2026-07-25,DOCS,Documentaries,4501,7447.7,5517,None,0,0,None,0.0,0,1,5,7,0,99.22
2026-07-26,DOCS,Documentaries,5752,8153.2,7710,None,0,0,None,0.0,0,1,6,7,0,99.19
2026-07-27,DOCS,Documentaries,4620,4893.5,5789,None,0,0,None,0.0,0,0,0,7,1,99.15
2026-07-28,DOCS,Documentaries,4545,6573.0,5458,None,0,0,None,0.0,0,0,1,7,0,99.12
2026-07-29,DOCS,Documentaries,3945,4902.3,5135,None,0,0,None,0.0,0,0,2,7,0,99.09
2026-07-30,DOCS,Documentaries,4555,6987.3,5142,None,0,0,None,0.0,0,0,3,7,0,99.06
2026-07-31,DOCS,Documentaries,5668,8366.1,7064,Blockbuster Release,1,0,None,0.0,0,0,4,7,0,99.03
2026-08-01,DOCS,Documentaries,6783,7521.7,9735,Blockbuster Release,1,0,None,0.0,0,1,5,8,0,99.0
2026-08-02,DOCS,Documentaries,5075,7574.2,6921,None,0,0,None,0.0,0,1,6,8,0,98.97
2026-08-03,DOCS,Documentaries,4515,6051.8,5345,None,0,0,None,0.0,0,0,0,8,0,98.94
2026-08-04,DOCS,Documentaries,4658,6699.3,6591,None,0,0,None,0.0,0,0,1,8,0,98.91
2026-08-05,DOCS,Documentaries,4711,5729.5,6595,None,0,0,None,0.0,0,0,2,8,0,98.89
2026-08-06,DOCS,Documentaries,4583,4504.3,5309,None,0,0,None,0.0,0,0,3,8,0,98.86
2026-08-07,DOCS,Documentaries,4634,4303.9,6597,None,0,0,None,0.0,0,0,4,8,0,98.83
2026-08-08,DOCS,Documentaries,4770,7314.6,5934,None,0,0,None,0.0,0,1,5,8,0,98.8
2026-08-09,DOCS,Documentaries,5270,5927.9,7499,None,0,0,None,0.0,0,1,6,8,0,98.77
2026-08-10,DOCS,Documentaries,4666,6398.8,5925,None,0,0,None,0.0,0,0,0,8,0,98.75
2026-08-11,DOCS,Documentaries,4583,7208.2,4989,None,0,0,None,0.0,0,0,1,8,0,98.72
2026-08-12,DOCS,Documentaries,5043,8372.2,5575,None,0,0,None,0.0,0,0,2,8,0,98.69
2026-08-13,DOCS,Documentaries,4530,7591.9,5658,None,0,0,None,0.0,0,0,3,8,0,98.67
2026-08-14,DOCS,Documentaries,4219,6516.1,4471,None,0,0,None,0.0,0,0,4,8,0,98.64
2026-08-15,DOCS,Documentaries,5467,7203.3,7420,None,0,0,Independence Day,0.9,1,1,5,8,0,98.62
2026-08-16,DOCS,Documentaries,5132,5711.8,6020,None,0,0,None,0.0,0,1,6,8,0,98.59
2026-08-17,DOCS,Documentaries,4103,3749.9,4359,None,0,0,None,0.0,0,0,0,8,0,98.57
2026-08-18,DOCS,Documentaries,4521,4885.0,5920,None,0,0,None,0.0,0,0,1,8,0,98.54
2026-08-19,DOCS,Documentaries,5045,5495.0,6519,None,0,0,None,0.0,0,0,2,8,0,98.52
2026-08-20,DOCS,Documentaries,4504,5949.6,4957,None,0,0,None,0.0,0,0,3,8,0,98.5
2026-08-21,DOCS,Documentaries,4931,6913.0,5535,None,0,0,None,0.0,0,0,4,8,0,98.48
2026-08-22,DOCS,Documentaries,5516,9289.6,7432,None,0,0,None,0.0,0,1,5,8,0,98.45
2026-08-23,DOCS,Documentaries,6957,8435.7,7725,None,0,1,None,0.0,0,1,6,8,0,98.43
2026-08-24,DOCS,Documentaries,4748,7837.9,4997,None,0,0,None,0.0,0,0,0,8,0,98.41
2026-08-25,DOCS,Documentaries,4638,7169.4,6724,None,0,0,None,0.0,0,0,1,8,0,98.39
2026-08-26,DOCS,Documentaries,4642,6803.2,5412,None,0,0,None,0.0,0,0,2,8,0,98.37
2026-08-27,DOCS,Documentaries,4699,4886.9,6608,None,0,0,None,0.0,0,0,3,8,0,98.35
2026-08-28,DOCS,Documentaries,4703,6557.7,5717,None,0,0,Raksha Bandhan,1.0,1,0,4,8,0,98.33
2026-08-29,DOCS,Documentaries,6755,9283.3,9694,Blockbuster Release,1,0,None,0.0,0,1,5,8,0,98.31
2026-08-30,DOCS,Documentaries,5447,8346.7,6655,None,0,0,None,0.0,0,1,6,8,0,98.29
2026-08-31,DOCS,Documentaries,4434,6045.2,5984,None,0,0,None,0.0,0,0,0,8,0,98.28
2026-09-01,DOCS,Documentaries,4071,6801.7,5847,None,0,0,None,0.0,0,0,1,9,0,98.26
2026-09-02,DOCS,Documentaries,4236,4487.0,4926,None,0,0,None,0.0,0,0,2,9,0,98.24
2026-09-03,DOCS,Documentaries,5106,5271.4,5421,None,0,0,None,0.0,0,0,3,9,0,98.23
2026-09-04,DOCS,Documentaries,4529,6708.6,5568,None,0,0,None,0.0,0,0,4,9,0,98.21
2026-09-05,DOCS,Documentaries,5542,9402.6,7506,None,0,0,None,0.0,0,1,5,9,0,98.2
2026-09-06,DOCS,Documentaries,5112,5573.9,6520,None,0,0,None,0.0,0,1,6,9,0,98.18
2026-09-07,DOCS,Documentaries,4886,4607.9,6762,None,0,0,None,0.0,0,0,0,9,0,98.17
2026-09-08,DOCS,Documentaries,4743,6762.9,5486,None,0,0,None,0.0,0,0,1,9,0,98.15
2026-09-09,DOCS,Documentaries,5211,7805.2,5613,None,0,0,None,0.0,0,0,2,9,0,98.14
2026-09-10,DOCS,Documentaries,5014,6560.0,5707,None,0,0,None,0.0,0,0,3,9,0,98.13
2026-09-11,DOCS,Documentaries,4844,5242.7,5529,None,0,0,None,0.0,0,0,4,9,0,98.12
2026-09-12,DOCS,Documentaries,7991,10364.3,9462,Season Premiere,1,1,None,0.0,0,1,5,9,0,98.11
2026-09-13,DOCS,Documentaries,6574,7534.7,7722,Season Premiere,1,0,None,0.0,0,1,6,9,0,98.09
2026-09-14,DOCS,Documentaries,4588,4928.1,5247,None,0,0,None,0.0,0,0,0,9,0,98.08
2026-09-15,DOCS,Documentaries,4636,6031.1,5093,None,0,0,None,0.0,0,0,1,9,0,98.07
2026-09-16,DOCS,Documentaries,5344,5013.6,6726,None,0,1,None,0.0,0,0,2,9,0,98.07
2026-09-17,DOCS,Documentaries,4839,7130.1,6457,None,0,0,None,0.0,0,0,3,9,0,98.06
2026-09-18,DOCS,Documentaries,4655,7040.6,6579,None,0,0,None,0.0,0,0,4,9,0,98.05
2026-09-19,DOCS,Documentaries,5327,8993.1,6180,None,0,0,None,0.0,0,1,5,9,0,98.04
2026-09-20,DOCS,Documentaries,5777,9260.5,7592,None,0,0,None,0.0,0,1,6,9,0,98.04
2026-09-21,DOCS,Documentaries,4665,5298.3,5882,None,0,0,None,0.0,0,0,0,9,0,98.03
2026-09-22,DOCS,Documentaries,4236,4843.3,5945,None,0,0,None,0.0,0,0,1,9,0,98.02
2026-09-23,DOCS,Documentaries,4937,6196.3,6556,None,0,0,None,0.0,0,0,2,9,0,98.02
2026-09-24,DOCS,Documentaries,4698,6950.1,5276,None,0,0,None,0.0,0,0,3,9,0,98.01
2026-09-25,DOCS,Documentaries,4557,4250.7,5270,None,0,0,None,0.0,0,0,4,9,0,98.01
2026-09-26,DOCS,Documentaries,5052,8433.8,6566,None,0,0,None,0.0,0,1,5,9,0,98.01
2026-09-27,DOCS,Documentaries,5705,8341.4,7704,None,0,0,None,0.0,0,1,6,9,0,98.0
2026-09-28,DOCS,Documentaries,5136,8117.5,5554,None,0,0,None,0.0,0,0,0,9,0,98.0
2026-09-29,DOCS,Documentaries,4442,6450.1,5812,None,0,0,None,0.0,0,0,1,9,0,98.0
2026-09-30,DOCS,Documentaries,4728,7738.2,5286,None,0,0,None,0.0,0,0,2,9,0,98.0
2026-10-01,DOCS,Documentaries,4770,7410.8,6807,None,0,0,None,0.0,0,0,3,10,0,98.0
2026-10-02,DOCS,Documentaries,4243,5298.5,6090,None,0,0,Gandhi Jayanti,0.7,1,0,4,10,0,98.0
2026-10-03,DOCS,Documentaries,6928,10164.1,9655,Blockbuster Release,1,0,None,0.0,0,1,5,10,0,98.0
2026-10-04,DOCS,Documentaries,4828,7984.0,6731,None,0,0,None,0.0,0,1,6,10,0,98.0
2026-10-05,DOCS,Documentaries,6032,9989.1,8652,Blockbuster Release,1,0,None,0.0,0,0,0,10,0,98.0
2026-10-06,DOCS,Documentaries,5310,8603.1,6183,None,0,0,None,0.0,0,0,1,10,0,98.01
2026-10-07,DOCS,Documentaries,5055,7582.9,6364,None,0,1,None,0.0,0,0,2,10,0,98.01
2026-10-08,DOCS,Documentaries,5198,7317.6,5736,None,0,0,None,0.0,0,0,3,10,0,98.01
2026-10-09,DOCS,Documentaries,5169,6925.8,6370,None,0,0,None,0.0,0,0,4,10,0,98.02
2026-10-10,DOCS,Documentaries,5343,5621.3,5833,None,0,0,None,0.0,0,1,5,10,0,98.02
2026-10-11,DOCS,Documentaries,5497,6964.3,7292,None,0,0,None,0.0,0,1,6,10,0,98.03
2026-10-12,DOCS,Documentaries,5960,6006.5,6438,Blockbuster Release,1,0,None,0.0,0,0,0,10,0,98.04
2026-10-13,DOCS,Documentaries,4518,4621.3,6297,None,0,0,None,0.0,0,0,1,10,0,98.04
2026-10-14,DOCS,Documentaries,4710,4833.3,6549,None,0,0,None,0.0,0,0,2,10,0,98.05
2026-10-15,DOCS,Documentaries,4423,5653.6,6352,None,0,0,None,0.0,0,0,3,10,0,98.06
2026-10-16,DOCS,Documentaries,4791,4645.3,5082,None,0,0,None,0.0,0,0,4,10,0,98.07
2026-10-17,DOCS,Documentaries,5362,8511.2,7385,None,0,0,None,0.0,0,1,5,10,0,98.08
2026-10-18,DOCS,Documentaries,5037,8186.2,5878,None,0,0,None,0.0,0,1,6,10,1,98.09
2026-10-19,DOCS,Documentaries,4862,7005.0,5486,None,0,0,None,0.0,0,0,0,10,0,98.1
2026-10-20,DOCS,Documentaries,4871,6403.3,6576,None,0,0,None,0.0,0,0,1,10,0,98.11
2026-10-21,DOCS,Documentaries,4985,8290.2,5473,None,0,0,None,0.0,0,0,2,10,0,98.12
2026-10-22,DOCS,Documentaries,4515,5225.8,6322,None,0,0,None,0.0,0,0,3,10,0,98.13
2026-10-23,DOCS,Documentaries,6356,8792.0,8899,Live Sports Final,1,0,None,0.0,0,0,4,10,0,98.14
2026-10-24,DOCS,Documentaries,5993,9220.4,7625,None,0,0,None,0.0,0,1,5,10,0,98.16
2026-10-25,DOCS,Documentaries,5365,7988.8,6540,None,0,0,None,0.0,0,1,6,10,0,98.17
2026-10-26,DOCS,Documentaries,4693,7392.1,6597,None,0,0,None,0.0,0,0,0,10,0,98.18
2026-10-27,DOCS,Documentaries,6256,6796.6,8351,Live Sports Final,1,0,None,0.0,0,0,1,10,1,98.2
2026-10-28,DOCS,Documentaries,4023,6201.0,4275,None,0,0,None,0.0,0,0,2,10,0,98.21
2026-10-29,DOCS,Documentaries,4259,3953.8,5173,None,0,0,None,0.0,0,0,3,10,0,98.23
2026-10-30,DOCS,Documentaries,4499,6033.7,5497,None,0,0,None,0.0,0,0,4,10,0,98.24
2026-10-31,DOCS,Documentaries,5261,4775.5,7325,None,0,0,None,0.0,0,1,5,10,0,98.26
2026-11-01,DOCS,Documentaries,5395,6363.1,7569,None,0,0,None,0.0,0,1,6,11,0,98.28
2026-11-02,DOCS,Documentaries,4742,6465.5,6010,None,0,0,None,0.0,0,0,0,11,0,98.3
2026-11-03,DOCS,Documentaries,4260,6255.0,4664,None,0,0,None,0.0,0,0,1,11,0,98.31
2026-11-04,DOCS,Documentaries,5003,6496.2,6472,None,0,0,None,0.0,0,0,2,11,0,98.33
2026-11-05,DOCS,Documentaries,6163,10221.4,7606,Live Sports Final,1,0,None,0.0,0,0,3,11,0,98.35
2026-11-06,DOCS,Documentaries,4847,6345.3,5909,None,0,0,Diwali,1.0,1,0,4,11,0,98.37
2026-11-07,DOCS,Documentaries,5746,5501.0,8295,None,0,0,Diwali,1.25,1,1,5,11,0,98.39
2026-11-08,DOCS,Documentaries,5468,5715.5,7919,None,0,0,Diwali,1.5,1,1,6,11,0,98.41
2026-11-09,DOCS,Documentaries,4802,7569.2,5828,None,0,0,Diwali,1.25,1,0,0,11,0,98.43
2026-11-10,DOCS,Documentaries,4514,7475.9,6427,None,0,0,Diwali,1.0,1,0,1,11,1,98.46
2026-11-11,DOCS,Documentaries,4021,5771.1,4615,None,0,0,None,0.0,0,0,2,11,0,98.48
2026-11-12,DOCS,Documentaries,4601,6879.8,5187,None,0,0,None,0.0,0,0,3,11,0,98.5
2026-11-13,DOCS,Documentaries,6019,8397.4,7901,None,0,1,None,0.0,0,0,4,11,0,98.52
2026-11-14,DOCS,Documentaries,5205,7343.7,6507,None,0,0,None,0.0,0,1,5,11,0,98.55
2026-11-15,DOCS,Documentaries,4915,8019.8,6626,None,0,0,None,0.0,0,1,6,11,0,98.57
2026-11-16,DOCS,Documentaries,4839,6041.8,5293,None,0,0,None,0.0,0,0,0,11,0,98.6
2026-11-17,DOCS,Documentaries,4533,6498.6,5634,None,0,0,None,0.0,0,0,1,11,0,98.62
2026-11-18,DOCS,Documentaries,4803,6911.3,6352,None,0,0,None,0.0,0,0,2,11,0,98.65
2026-11-19,DOCS,Documentaries,4869,5925.4,6088,None,0,0,None,0.0,0,0,3,11,0,98.67
2026-11-20,DOCS,Documentaries,4527,5699.3,5271,None,0,0,None,0.0,0,0,4,11,0,98.7
2026-11-21,DOCS,Documentaries,6468,7478.5,8087,None,0,1,None,0.0,0,1,5,11,0,98.72
2026-11-22,DOCS,Documentaries,5368,8927.2,6893,None,0,0,None,0.0,0,1,6,11,0,98.75
2026-11-23,DOCS,Documentaries,4099,4120.9,5206,None,0,0,None,0.0,0,0,0,11,0,98.78
2026-11-24,DOCS,Documentaries,5928,6538.3,7566,Live Sports Final,1,0,None,0.0,0,0,1,11,0,98.8
2026-11-25,DOCS,Documentaries,4435,6732.8,5442,None,0,0,None,0.0,0,0,2,11,0,98.83
2026-11-26,DOCS,Documentaries,4236,4973.8,5008,None,0,0,None,0.0,0,0,3,11,0,98.86
2026-11-27,DOCS,Documentaries,4431,6444.2,4777,None,0,0,None,0.0,0,0,4,11,0,98.89
2026-11-28,DOCS,Documentaries,5581,8268.3,5963,None,0,0,None,0.0,0,1,5,11,0,98.92
2026-11-29,DOCS,Documentaries,5388,7232.2,6807,None,0,0,None,0.0,0,1,6,11,0,98.95
2026-11-30,DOCS,Documentaries,4137,5075.3,5764,None,0,0,None,0.0,0,0,0,11,0,98.98
2026-12-01,DOCS,Documentaries,4357,6365.3,5944,None,0,0,None,0.0,0,0,1,12,0,99.01
2026-12-02,DOCS,Documentaries,4688,4257.7,5927,None,0,0,None,0.0,0,0,2,12,0,99.04
2026-12-03,DOCS,Documentaries,4684,6870.3,6116,None,0,0,None,0.0,0,0,3,12,0,99.07
2026-12-04,DOCS,Documentaries,5434,7395.5,7828,None,0,1,None,0.0,0,0,4,12,0,99.1
2026-12-05,DOCS,Documentaries,5610,8834.9,8060,None,0,0,None,0.0,0,1,5,12,0,99.13
2026-12-06,DOCS,Documentaries,5498,8207.0,7960,None,0,0,None,0.0,0,1,6,12,0,99.16
2026-12-07,DOCS,Documentaries,4519,6098.5,4774,None,0,0,None,0.0,0,0,0,12,0,99.19
2026-12-08,DOCS,Documentaries,4490,6846.0,5857,None,0,0,None,0.0,0,0,1,12,0,99.22
2026-12-09,DOCS,Documentaries,4630,4796.2,6241,None,0,0,None,0.0,0,0,2,12,0,99.25
2026-12-10,DOCS,Documentaries,4077,4962.2,4448,None,0,0,None,0.0,0,0,3,12,0,99.29
2026-12-11,DOCS,Documentaries,4776,6329.8,5708,None,0,0,None,0.0,0,0,4,12,0,99.32
2026-12-12,DOCS,Documentaries,5025,7623.9,5608,None,0,0,None,0.0,0,1,5,12,0,99.35
2026-12-13,DOCS,Documentaries,5751,6085.4,6923,None,0,0,None,0.0,0,1,6,12,0,99.38
2026-12-14,DOCS,Documentaries,5597,8197.0,6864,New Episode,1,0,None,0.0,0,0,0,12,0,99.42
2026-12-15,DOCS,Documentaries,6209,6959.3,6962,New Episode,1,0,None,0.0,0,0,1,12,0,99.45
2026-12-16,DOCS,Documentaries,5516,5840.6,6886,New Episode,1,0,None,0.0,0,0,2,12,0,99.48
2026-12-17,DOCS,Documentaries,4505,5492.6,5068,None,0,0,None,0.0,0,0,3,12,0,99.51
2026-12-18,DOCS,Documentaries,4811,5087.2,6826,None,0,0,None,0.0,0,0,4,12,0,99.55
2026-12-19,DOCS,Documentaries,5670,7082.3,6337,None,0,0,None,0.0,0,1,5,12,0,99.58
2026-12-20,DOCS,Documentaries,5656,7544.1,7098,None,0,0,None,0.0,0,1,6,12,0,99.62
2026-12-21,DOCS,Documentaries,4899,5864.6,5818,None,0,0,None,0.0,0,0,0,12,1,99.65
2026-12-22,DOCS,Documentaries,4932,8149.6,6012,None,0,0,None,0.0,0,0,1,12,0,99.68
2026-12-23,DOCS,Documentaries,4958,7135.7,5978,None,0,0,None,0.0,0,0,2,12,0,99.72
2026-12-24,DOCS,Documentaries,5379,6578.3,7753,None,0,1,None,0.0,0,0,3,12,0,99.75
2026-12-25,DOCS,Documentaries,4783,7927.3,6291,None,0,0,Christmas,1.2,1,0,4,12,0,99.79
2026-12-26,DOCS,Documentaries,5602,6465.6,5991,None,0,0,None,0.0,0,1,5,12,0,99.82
2026-12-27,DOCS,Documentaries,5726,8082.1,7924,None,0,0,None,0.0,0,1,6,12,0,99.85
2026-12-28,DOCS,Documentaries,4652,5937.1,5899,None,0,0,None,0.0,0,0,0,12,0,99.89
2026-12-29,DOCS,Documentaries,4539,7253.8,4977,None,0,0,None,0.0,0,0,1,12,0,99.92
2026-12-30,DOCS,Documentaries,4530,5666.2,5611,None,0,0,None,0.0,0,0,2,12,0,99.96
2026-12-31,DOCS,Documentaries,4634,4317.2,5113,None,0,0,New Year,1.1,1,0,3,12,0,99.99
