date,product_id,product_name,category,units_sold,revenue,average_price,promotion_active,promotion_type,discount_pct,marketing_spend,temperature_c,rainfall_mm,footfall_index,festival,festival_intensity,holiday,competitor_promo,stock_available,stockout_flag,day_of_week,weekend,month,season
2025-01-01,IC-VAN,Vanilla Ice Cream,Ice Cream,113,113.89,1.0,0,None,0.0,0.0,24.2,0.1,91.0,None,0.0,0,0,228,0,2,0,1,Winter
2025-01-02,IC-VAN,Vanilla Ice Cream,Ice Cream,89,88.43,1.0,0,None,0.0,0.0,21.8,1.9,93.8,None,0.0,0,0,173,0,3,0,1,Winter
2025-01-03,IC-VAN,Vanilla Ice Cream,Ice Cream,125,126.16,1.0,0,None,0.0,0.0,25.0,0.0,90.4,None,0.0,0,0,273,0,4,0,1,Winter
2025-01-04,IC-VAN,Vanilla Ice Cream,Ice Cream,134,137.63,1.0,0,None,0.0,0.0,25.4,4.5,100.1,None,0.0,0,0,246,0,5,1,1,Winter
2025-01-05,IC-VAN,Vanilla Ice Cream,Ice Cream,129,126.69,1.0,0,None,0.0,0.0,20.2,0.5,108.7,None,0.0,0,0,178,0,6,1,1,Winter
2025-01-06,IC-VAN,Vanilla Ice Cream,Ice Cream,97,96.22,1.0,0,None,0.0,0.0,21.4,0.8,91.2,None,0.0,0,0,142,0,0,0,1,Winter
2025-01-07,IC-VAN,Vanilla Ice Cream,Ice Cream,92,91.96,1.0,0,None,0.0,0.0,24.0,0.0,98.5,None,0.0,0,0,266,0,1,0,1,Winter
2025-01-08,IC-VAN,Vanilla Ice Cream,Ice Cream,99,98.77,1.0,0,None,0.0,0.0,23.2,3.2,90.5,None,0.0,0,1,190,0,2,0,1,Winter
2025-01-09,IC-VAN,Vanilla Ice Cream,Ice Cream,115,114.89,1.0,0,None,0.0,0.0,23.8,0.3,98.7,None,0.0,0,0,244,0,3,0,1,Winter
2025-01-10,IC-VAN,Vanilla Ice Cream,Ice Cream,95,93.83,1.0,0,None,0.0,0.0,22.3,0.2,94.9,None,0.0,0,0,172,0,4,0,1,Winter
2025-01-11,IC-VAN,Vanilla Ice Cream,Ice Cream,159,162.29,1.0,0,None,0.0,0.0,25.5,0.3,114.5,None,0.0,0,0,193,0,5,1,1,Winter
2025-01-12,IC-VAN,Vanilla Ice Cream,Ice Cream,143,141.13,1.0,0,None,0.0,0.0,25.3,0.4,109.2,None,0.0,0,0,228,0,6,1,1,Winter
2025-01-13,IC-VAN,Vanilla Ice Cream,Ice Cream,105,105.21,1.0,0,None,0.0,0.0,24.1,0.2,103.9,None,0.0,0,0,235,0,0,0,1,Winter
2025-01-14,IC-VAN,Vanilla Ice Cream,Ice Cream,148,150.57,1.0,0,None,0.0,0.0,26.0,0.1,107.0,Makar Sankranti,1.0,1,0,221,0,1,0,1,Winter
2025-01-15,IC-VAN,Vanilla Ice Cream,Ice Cream,120,120.57,1.01,0,None,0.0,0.0,24.9,0.0,98.2,None,0.0,0,0,236,0,2,0,1,Winter
2025-01-16,IC-VAN,Vanilla Ice Cream,Ice Cream,94,93.4,1.01,0,None,0.0,0.0,22.5,0.3,93.2,None,0.0,0,0,184,0,3,0,1,Winter
2025-01-17,IC-VAN,Vanilla Ice Cream,Ice Cream,128,126.65,1.01,0,None,0.0,0.0,24.8,0.0,96.2,None,0.0,0,0,202,0,4,0,1,Winter
2025-01-18,IC-VAN,Vanilla Ice Cream,Ice Cream,133,120.1,1.01,1,Weekend Flash,10.0,1444.36,22.5,0.1,107.0,None,0.0,0,0,193,0,5,1,1,Winter
2025-01-19,IC-VAN,Vanilla Ice Cream,Ice Cream,155,154.58,1.01,0,None,0.0,0.0,25.8,0.4,104.9,None,0.0,0,0,216,0,6,1,1,Winter
2025-01-20,IC-VAN,Vanilla Ice Cream,Ice Cream,112,113.03,1.01,0,None,0.0,0.0,24.2,0.4,92.6,None,0.0,0,0,172,0,0,0,1,Winter
2025-01-21,IC-VAN,Vanilla Ice Cream,Ice Cream,98,97.03,1.01,0,None,0.0,0.0,24.0,1.3,91.7,None,0.0,0,0,233,0,1,0,1,Winter
2025-01-22,IC-VAN,Vanilla Ice Cream,Ice Cream,90,91.55,1.01,0,None,0.0,0.0,23.2,0.2,87.2,None,0.0,0,0,163,0,2,0,1,Winter
2025-01-23,IC-VAN,Vanilla Ice Cream,Ice Cream,134,135.22,1.01,0,None,0.0,0.0,26.6,1.6,93.8,None,0.0,0,1,272,0,3,0,1,Winter
2025-01-24,IC-VAN,Vanilla Ice Cream,Ice Cream,130,131.34,1.01,0,None,0.0,0.0,24.2,0.4,102.3,None,0.0,0,0,199,0,4,0,1,Winter
2025-01-25,IC-VAN,Vanilla Ice Cream,Ice Cream,133,136.43,1.01,0,None,0.0,0.0,23.8,0.0,101.3,None,0.0,0,0,205,0,5,1,1,Winter
2025-01-26,IC-VAN,Vanilla Ice Cream,Ice Cream,134,134.45,1.01,0,None,0.0,0.0,24.0,0.8,113.0,Republic Day,0.8,1,0,301,0,6,1,1,Winter
2025-01-27,IC-VAN,Vanilla Ice Cream,Ice Cream,109,109.02,1.01,0,None,0.0,0.0,25.6,0.8,108.5,None,0.0,0,0,269,0,0,0,1,Winter
2025-01-28,IC-VAN,Vanilla Ice Cream,Ice Cream,130,130.34,1.01,0,None,0.0,0.0,25.4,1.6,96.5,None,0.0,0,0,214,0,1,0,1,Winter
2025-01-29,IC-VAN,Vanilla Ice Cream,Ice Cream,127,127.92,1.01,0,None,0.0,0.0,25.5,0.0,101.5,None,0.0,0,0,190,0,2,0,1,Winter
2025-01-30,IC-VAN,Vanilla Ice Cream,Ice Cream,138,139.21,1.01,0,None,0.0,0.0,25.6,0.0,103.2,None,0.0,0,0,272,0,3,0,1,Winter
2025-01-31,IC-VAN,Vanilla Ice Cream,Ice Cream,153,153.01,1.01,0,None,0.0,0.0,28.7,0.1,103.5,None,0.0,0,0,184,0,4,0,1,Winter
2025-02-01,IC-VAN,Vanilla Ice Cream,Ice Cream,137,135.07,1.01,0,None,0.0,0.0,24.2,0.2,102.7,None,0.0,0,0,230,0,5,1,2,Winter
2025-02-02,IC-VAN,Vanilla Ice Cream,Ice Cream,142,142.56,1.01,0,None,0.0,0.0,24.1,0.3,109.3,None,0.0,0,0,257,0,6,1,2,Winter
2025-02-03,IC-VAN,Vanilla Ice Cream,Ice Cream,103,104.59,1.01,0,None,0.0,0.0,23.6,1.3,92.5,None,0.0,0,0,231,0,0,0,2,Winter
2025-02-04,IC-VAN,Vanilla Ice Cream,Ice Cream,137,138.78,1.01,0,None,0.0,0.0,26.3,0.3,112.9,None,0.0,0,0,174,0,1,0,2,Winter
2025-02-05,IC-VAN,Vanilla Ice Cream,Ice Cream,140,143.66,1.01,0,None,0.0,0.0,27.3,0.6,92.8,None,0.0,0,0,160,0,2,0,2,Winter
2025-02-06,IC-VAN,Vanilla Ice Cream,Ice Cream,125,129.45,1.01,0,None,0.0,0.0,25.1,0.1,95.7,None,0.0,0,0,189,0,3,0,2,Winter
2025-02-07,IC-VAN,Vanilla Ice Cream,Ice Cream,110,112.35,1.01,0,None,0.0,0.0,23.9,0.2,95.9,None,0.0,0,0,149,0,4,0,2,Winter
2025-02-08,IC-VAN,Vanilla Ice Cream,Ice Cream,139,143.06,1.01,0,None,0.0,0.0,24.0,0.3,103.8,None,0.0,0,0,240,0,5,1,2,Winter
2025-02-09,IC-VAN,Vanilla Ice Cream,Ice Cream,211,176.83,1.01,1,Festival Promo,18.0,3352.78,26.7,0.1,118.1,None,0.0,0,0,378,0,6,1,2,Winter
2025-02-10,IC-VAN,Vanilla Ice Cream,Ice Cream,176,149.19,1.01,1,Festival Promo,18.0,3352.78,26.9,0.2,113.6,None,0.0,0,0,241,0,0,0,2,Winter
2025-02-11,IC-VAN,Vanilla Ice Cream,Ice Cream,152,157.43,1.01,0,None,0.0,0.0,26.6,1.7,99.3,None,0.0,0,0,244,0,1,0,2,Winter
2025-02-12,IC-VAN,Vanilla Ice Cream,Ice Cream,111,113.78,1.01,0,None,0.0,0.0,24.5,0.0,95.2,None,0.0,0,0,165,0,2,0,2,Winter
2025-02-13,IC-VAN,Vanilla Ice Cream,Ice Cream,156,135.56,1.01,1,Mango Festival,15.0,3085.63,26.2,1.4,90.7,None,0.0,0,0,183,0,3,0,2,Winter
2025-02-14,IC-VAN,Vanilla Ice Cream,Ice Cream,164,141.0,1.01,1,Mango Festival,15.0,3085.63,26.1,0.0,100.8,None,0.0,0,0,296,0,4,0,2,Winter
2025-02-15,IC-VAN,Vanilla Ice Cream,Ice Cream,205,170.41,1.01,1,Festival Promo,18.0,2903.17,26.4,0.9,110.6,None,0.0,0,0,266,0,5,1,2,Winter
2025-02-16,IC-VAN,Vanilla Ice Cream,Ice Cream,219,181.44,1.01,1,Festival Promo,18.0,2903.17,27.6,0.4,109.0,None,0.0,0,0,326,0,6,1,2,Winter
2025-02-17,IC-VAN,Vanilla Ice Cream,Ice Cream,174,145.86,1.01,1,Festival Promo,18.0,2903.17,26.5,0.4,103.5,None,0.0,0,1,303,0,0,0,2,Winter
2025-02-18,IC-VAN,Vanilla Ice Cream,Ice Cream,147,147.91,1.01,0,None,0.0,0.0,27.4,0.0,104.5,None,0.0,0,0,301,0,1,0,2,Winter
2025-02-19,IC-VAN,Vanilla Ice Cream,Ice Cream,139,140.78,1.02,0,None,0.0,0.0,26.4,0.4,104.3,None,0.0,0,0,188,0,2,0,2,Winter
2025-02-20,IC-VAN,Vanilla Ice Cream,Ice Cream,123,121.36,1.02,0,None,0.0,0.0,26.9,1.1,101.2,None,0.0,0,0,235,0,3,0,2,Winter
2025-02-21,IC-VAN,Vanilla Ice Cream,Ice Cream,159,164.82,1.02,0,None,0.0,0.0,27.6,1.9,97.4,None,0.0,0,0,324,0,4,0,2,Winter
2025-02-22,IC-VAN,Vanilla Ice Cream,Ice Cream,160,149.13,1.02,1,Bundle Offer,8.0,1868.21,23.9,0.1,116.4,None,0.0,0,1,257,0,5,1,2,Winter
2025-02-23,IC-VAN,Vanilla Ice Cream,Ice Cream,192,180.45,1.02,1,Bundle Offer,8.0,1868.21,26.0,0.1,113.3,None,0.0,0,1,218,0,6,1,2,Winter
2025-02-24,IC-VAN,Vanilla Ice Cream,Ice Cream,146,138.89,1.02,1,Bundle Offer,8.0,1868.21,25.9,2.7,107.8,None,0.0,0,1,207,0,0,0,2,Winter
2025-02-25,IC-VAN,Vanilla Ice Cream,Ice Cream,150,140.77,1.02,1,Bundle Offer,8.0,1868.21,25.6,0.3,107.4,None,0.0,0,0,297,0,1,0,2,Winter
2025-02-26,IC-VAN,Vanilla Ice Cream,Ice Cream,160,140.66,1.02,1,Mango Festival,15.0,2275.03,26.4,0.0,96.5,None,0.0,0,1,306,0,2,0,2,Winter
2025-02-27,IC-VAN,Vanilla Ice Cream,Ice Cream,213,181.35,1.02,1,Mango Festival,15.0,2275.03,29.7,0.0,96.5,None,0.0,0,0,283,0,3,0,2,Winter
2025-02-28,IC-VAN,Vanilla Ice Cream,Ice Cream,152,135.18,1.02,1,Mango Festival,15.0,2275.03,25.5,0.0,100.0,None,0.0,0,1,203,0,4,0,2,Winter
2025-03-01,IC-VAN,Vanilla Ice Cream,Ice Cream,239,209.33,1.02,1,Mango Festival,15.0,2275.03,28.9,0.8,108.7,None,0.0,0,0,305,0,5,1,3,Summer
2025-03-02,IC-VAN,Vanilla Ice Cream,Ice Cream,136,138.71,1.02,0,None,0.0,0.0,24.2,0.7,117.8,None,0.0,0,0,194,0,6,1,3,Summer
2025-03-03,IC-VAN,Vanilla Ice Cream,Ice Cream,137,141.78,1.02,0,None,0.0,0.0,26.7,0.9,105.9,None,0.0,0,0,275,0,0,0,3,Summer
2025-03-04,IC-VAN,Vanilla Ice Cream,Ice Cream,150,150.51,1.02,0,None,0.0,0.0,27.7,0.7,109.8,None,0.0,0,0,304,0,1,0,3,Summer
2025-03-05,IC-VAN,Vanilla Ice Cream,Ice Cream,168,170.4,1.02,0,None,0.0,0.0,28.6,0.1,106.4,None,0.0,0,0,195,0,2,0,3,Summer
2025-03-06,IC-VAN,Vanilla Ice Cream,Ice Cream,147,152.24,1.02,0,None,0.0,0.0,28.9,3.6,105.6,None,0.0,0,0,285,0,3,0,3,Summer
2025-03-07,IC-VAN,Vanilla Ice Cream,Ice Cream,156,155.27,1.02,0,None,0.0,0.0,29.1,0.6,110.6,None,0.0,0,0,296,0,4,0,3,Summer
2025-03-08,IC-VAN,Vanilla Ice Cream,Ice Cream,160,164.02,1.02,0,None,0.0,0.0,27.2,0.9,117.1,None,0.0,0,0,278,0,5,1,3,Summer
2025-03-09,IC-VAN,Vanilla Ice Cream,Ice Cream,164,168.09,1.02,0,None,0.0,0.0,27.0,0.4,115.2,None,0.0,0,0,323,0,6,1,3,Summer
2025-03-10,IC-VAN,Vanilla Ice Cream,Ice Cream,165,172.03,1.02,0,None,0.0,0.0,29.5,0.4,112.4,None,0.0,0,0,191,0,0,0,3,Summer
2025-03-11,IC-VAN,Vanilla Ice Cream,Ice Cream,138,137.91,1.02,0,None,0.0,0.0,27.7,0.2,105.7,None,0.0,0,0,269,0,1,0,3,Summer
2025-03-12,IC-VAN,Vanilla Ice Cream,Ice Cream,141,146.42,1.02,0,None,0.0,0.0,25.9,0.4,114.1,Holi,0.8,1,0,181,0,2,0,3,Summer
2025-03-13,IC-VAN,Vanilla Ice Cream,Ice Cream,139,140.68,1.02,0,None,0.0,0.0,26.2,0.7,114.8,Holi,1.05,1,0,302,0,3,0,3,Summer
2025-03-14,IC-VAN,Vanilla Ice Cream,Ice Cream,161,163.18,1.02,0,None,0.0,0.0,26.7,1.0,125.8,Holi,1.3,1,0,260,0,4,0,3,Summer
2025-03-15,IC-VAN,Vanilla Ice Cream,Ice Cream,242,243.01,1.02,0,None,0.0,0.0,29.3,0.3,135.3,Holi,1.05,1,0,276,0,5,1,3,Summer
2025-03-16,IC-VAN,Vanilla Ice Cream,Ice Cream,217,218.28,1.02,0,None,0.0,0.0,28.8,0.0,125.7,Holi,0.8,1,0,356,0,6,1,3,Summer
2025-03-17,IC-VAN,Vanilla Ice Cream,Ice Cream,175,179.24,1.02,0,None,0.0,0.0,29.9,0.3,112.2,None,0.0,0,0,314,0,0,0,3,Summer
2025-03-18,IC-VAN,Vanilla Ice Cream,Ice Cream,139,139.8,1.02,0,None,0.0,0.0,27.9,0.4,95.9,None,0.0,0,0,233,0,1,0,3,Summer
2025-03-19,IC-VAN,Vanilla Ice Cream,Ice Cream,151,155.31,1.02,0,None,0.0,0.0,29.1,0.8,105.6,None,0.0,0,0,220,0,2,0,3,Summer
2025-03-20,IC-VAN,Vanilla Ice Cream,Ice Cream,163,164.87,1.02,0,None,0.0,0.0,30.0,0.4,105.8,None,0.0,0,0,185,0,3,0,3,Summer
2025-03-21,IC-VAN,Vanilla Ice Cream,Ice Cream,154,154.74,1.02,0,None,0.0,0.0,28.4,0.1,102.4,None,0.0,0,0,319,0,4,0,3,Summer
2025-03-22,IC-VAN,Vanilla Ice Cream,Ice Cream,219,221.9,1.02,0,None,0.0,0.0,29.9,1.6,128.1,None,0.0,0,0,268,0,5,1,3,Summer
2025-03-23,IC-VAN,Vanilla Ice Cream,Ice Cream,189,193.51,1.02,0,None,0.0,0.0,28.0,0.3,115.9,None,0.0,0,0,343,0,6,1,3,Summer
2025-03-24,IC-VAN,Vanilla Ice Cream,Ice Cream,162,164.66,1.02,0,None,0.0,0.0,28.6,0.0,104.3,None,0.0,0,0,276,0,0,0,3,Summer
2025-03-25,IC-VAN,Vanilla Ice Cream,Ice Cream,153,156.1,1.02,0,None,0.0,0.0,28.7,0.0,106.5,None,0.0,0,0,282,0,1,0,3,Summer
2025-03-26,IC-VAN,Vanilla Ice Cream,Ice Cream,141,145.0,1.02,0,None,0.0,0.0,27.3,3.1,96.5,None,0.0,0,0,272,0,2,0,3,Summer
2025-03-27,IC-VAN,Vanilla Ice Cream,Ice Cream,171,176.67,1.02,0,None,0.0,0.0,30.4,0.1,102.8,None,0.0,0,0,328,0,3,0,3,Summer
2025-03-28,IC-VAN,Vanilla Ice Cream,Ice Cream,161,163.6,1.02,0,None,0.0,0.0,28.8,0.1,111.6,None,0.0,0,0,186,0,4,0,3,Summer
2025-03-29,IC-VAN,Vanilla Ice Cream,Ice Cream,216,217.55,1.02,0,None,0.0,0.0,29.8,0.2,113.6,None,0.0,0,0,394,0,5,1,3,Summer
2025-03-30,IC-VAN,Vanilla Ice Cream,Ice Cream,197,201.12,1.02,0,None,0.0,0.0,30.7,1.1,112.7,None,0.0,0,0,223,0,6,1,3,Summer
2025-03-31,IC-VAN,Vanilla Ice Cream,Ice Cream,180,184.64,1.02,0,None,0.0,0.0,30.7,0.5,113.4,None,0.0,0,0,359,0,0,0,3,Summer
2025-04-01,IC-VAN,Vanilla Ice Cream,Ice Cream,196,196.42,1.02,0,None,0.0,0.0,31.2,2.5,113.6,None,0.0,0,0,257,0,1,0,4,Summer
2025-04-02,IC-VAN,Vanilla Ice Cream,Ice Cream,189,177.37,1.02,1,Loyalty Offer,7.0,1203.85,30.0,0.3,109.6,None,0.0,0,1,344,0,2,0,4,Summer
2025-04-03,IC-VAN,Vanilla Ice Cream,Ice Cream,186,174.92,1.02,1,Loyalty Offer,7.0,1203.85,29.5,0.1,104.8,None,0.0,0,1,219,0,3,0,4,Summer
2025-04-04,IC-VAN,Vanilla Ice Cream,Ice Cream,196,185.46,1.02,1,Loyalty Offer,7.0,1203.85,30.2,0.6,105.9,None,0.0,0,0,289,0,4,0,4,Summer
2025-04-05,IC-VAN,Vanilla Ice Cream,Ice Cream,171,172.82,1.02,0,None,0.0,0.0,27.4,1.3,113.2,None,0.0,0,0,277,0,5,1,4,Summer
2025-04-06,IC-VAN,Vanilla Ice Cream,Ice Cream,166,170.75,1.02,0,None,0.0,0.0,27.9,0.0,112.3,None,0.0,0,0,338,0,6,1,4,Summer
2025-04-07,IC-VAN,Vanilla Ice Cream,Ice Cream,155,155.04,1.02,0,None,0.0,0.0,28.2,2.8,102.1,None,0.0,0,0,194,0,0,0,4,Summer
2025-04-08,IC-VAN,Vanilla Ice Cream,Ice Cream,205,168.19,1.02,1,Festival Promo,18.0,3631.06,28.9,0.5,104.3,None,0.0,0,0,230,0,1,0,4,Summer
2025-04-09,IC-VAN,Vanilla Ice Cream,Ice Cream,233,194.07,1.02,1,Festival Promo,18.0,3631.06,31.5,0.2,102.2,None,0.0,0,0,356,0,2,0,4,Summer
2025-04-10,IC-VAN,Vanilla Ice Cream,Ice Cream,152,154.68,1.02,0,None,0.0,0.0,29.2,0.0,99.6,None,0.0,0,0,179,0,3,0,4,Summer
2025-04-11,IC-VAN,Vanilla Ice Cream,Ice Cream,174,174.33,1.02,0,None,0.0,0.0,30.3,1.3,108.6,None,0.0,0,1,318,0,4,0,4,Summer
2025-04-12,IC-VAN,Vanilla Ice Cream,Ice Cream,237,239.9,1.02,0,None,0.0,0.0,33.4,0.1,118.7,None,0.0,0,0,263,0,5,1,4,Summer
2025-04-13,IC-VAN,Vanilla Ice Cream,Ice Cream,213,216.13,1.02,0,None,0.0,0.0,30.5,0.1,126.1,None,0.0,0,0,388,0,6,1,4,Summer
2025-04-14,IC-VAN,Vanilla Ice Cream,Ice Cream,208,211.06,1.02,0,None,0.0,0.0,32.5,0.4,104.3,None,0.0,0,0,313,0,0,0,4,Summer
2025-04-15,IC-VAN,Vanilla Ice Cream,Ice Cream,203,182.45,1.02,1,Payday Campaign,12.0,2799.65,29.6,0.5,109.2,None,0.0,0,0,374,0,1,0,4,Summer
2025-04-16,IC-VAN,Vanilla Ice Cream,Ice Cream,209,185.99,1.02,1,Payday Campaign,12.0,2799.65,31.0,0.0,109.3,None,0.0,0,1,249,0,2,0,4,Summer
2025-04-17,IC-VAN,Vanilla Ice Cream,Ice Cream,203,185.31,1.02,1,Payday Campaign,12.0,2799.65,29.8,1.3,106.5,None,0.0,0,0,266,0,3,0,4,Summer
2025-04-18,IC-VAN,Vanilla Ice Cream,Ice Cream,171,175.3,1.02,0,None,0.0,0.0,30.9,0.5,111.5,None,0.0,0,0,263,0,4,0,4,Summer
2025-04-19,IC-VAN,Vanilla Ice Cream,Ice Cream,233,235.15,1.02,0,None,0.0,0.0,33.1,0.7,121.7,None,0.0,0,0,257,0,5,1,4,Summer
2025-04-20,IC-VAN,Vanilla Ice Cream,Ice Cream,181,184.64,1.02,0,None,0.0,0.0,28.6,3.6,119.5,None,0.0,0,0,217,0,6,1,4,Summer
2025-04-21,IC-VAN,Vanilla Ice Cream,Ice Cream,190,193.87,1.02,0,None,0.0,0.0,32.6,1.0,106.6,None,0.0,0,0,262,0,0,0,4,Summer
2025-04-22,IC-VAN,Vanilla Ice Cream,Ice Cream,197,203.62,1.02,0,None,0.0,0.0,32.3,0.0,106.1,None,0.0,0,0,334,0,1,0,4,Summer
2025-04-23,IC-VAN,Vanilla Ice Cream,Ice Cream,178,180.01,1.02,0,None,0.0,0.0,30.9,0.3,101.1,None,0.0,0,0,311,0,2,0,4,Summer
2025-04-24,IC-VAN,Vanilla Ice Cream,Ice Cream,166,170.63,1.02,0,None,0.0,0.0,29.4,0.1,103.9,None,0.0,0,0,199,0,3,0,4,Summer
2025-04-25,IC-VAN,Vanilla Ice Cream,Ice Cream,180,183.4,1.02,0,None,0.0,0.0,32.2,0.3,104.8,None,0.0,0,0,209,0,4,0,4,Summer
2025-04-26,IC-VAN,Vanilla Ice Cream,Ice Cream,209,216.62,1.02,0,None,0.0,0.0,31.2,0.1,112.3,None,0.0,0,0,333,0,5,1,4,Summer
2025-04-27,IC-VAN,Vanilla Ice Cream,Ice Cream,298,252.63,1.02,1,Festival Promo,18.0,3232.06,32.7,0.4,120.2,None,0.0,0,0,375,0,6,1,4,Summer
2025-04-28,IC-VAN,Vanilla Ice Cream,Ice Cream,191,194.88,1.02,0,None,0.0,0.0,32.4,0.5,114.0,None,0.0,0,0,337,0,0,0,4,Summer
2025-04-29,IC-VAN,Vanilla Ice Cream,Ice Cream,199,201.9,1.02,0,None,0.0,0.0,35.3,0.1,103.5,None,0.0,0,0,266,0,1,0,4,Summer
2025-04-30,IC-VAN,Vanilla Ice Cream,Ice Cream,192,196.57,1.02,0,None,0.0,0.0,32.1,0.0,109.4,None,0.0,0,1,270,0,2,0,4,Summer
2025-05-01,IC-VAN,Vanilla Ice Cream,Ice Cream,170,172.59,1.02,0,None,0.0,0.0,30.7,0.5,102.8,None,0.0,0,0,225,0,3,0,5,Summer
2025-05-02,IC-VAN,Vanilla Ice Cream,Ice Cream,197,204.44,1.02,0,None,0.0,0.0,33.0,0.8,106.5,None,0.0,0,0,259,0,4,0,5,Summer
2025-05-03,IC-VAN,Vanilla Ice Cream,Ice Cream,246,250.44,1.02,0,None,0.0,0.0,33.1,0.5,114.5,None,0.0,0,0,378,0,5,1,5,Summer
2025-05-04,IC-VAN,Vanilla Ice Cream,Ice Cream,245,247.93,1.02,0,None,0.0,0.0,35.2,0.0,121.0,None,0.0,0,0,340,0,6,1,5,Summer
2025-05-05,IC-VAN,Vanilla Ice Cream,Ice Cream,210,212.34,1.02,0,None,0.0,0.0,34.3,0.6,104.6,None,0.0,0,0,335,0,0,0,5,Summer
2025-05-06,IC-VAN,Vanilla Ice Cream,Ice Cream,209,209.37,1.02,0,None,0.0,0.0,33.6,0.4,113.0,None,0.0,0,0,241,0,1,0,5,Summer
2025-05-07,IC-VAN,Vanilla Ice Cream,Ice Cream,191,195.42,1.02,0,None,0.0,0.0,35.6,1.3,106.7,None,0.0,0,0,296,0,2,0,5,Summer
2025-05-08,IC-VAN,Vanilla Ice Cream,Ice Cream,166,167.02,1.02,0,None,0.0,0.0,30.9,0.5,104.7,None,0.0,0,1,259,0,3,0,5,Summer
2025-05-09,IC-VAN,Vanilla Ice Cream,Ice Cream,176,181.16,1.02,0,None,0.0,0.0,32.0,1.5,101.7,None,0.0,0,0,341,0,4,0,5,Summer
2025-05-10,IC-VAN,Vanilla Ice Cream,Ice Cream,213,212.99,1.02,0,None,0.0,0.0,31.5,1.3,119.2,None,0.0,0,1,300,0,5,1,5,Summer
2025-05-11,IC-VAN,Vanilla Ice Cream,Ice Cream,270,255.39,1.02,1,Loyalty Offer,7.0,1296.87,32.5,0.2,122.4,None,0.0,0,0,306,0,6,1,5,Summer
2025-05-12,IC-VAN,Vanilla Ice Cream,Ice Cream,181,186.31,1.02,0,None,0.0,0.0,30.8,0.0,109.2,None,0.0,0,0,312,0,0,0,5,Summer
2025-05-13,IC-VAN,Vanilla Ice Cream,Ice Cream,220,217.55,1.02,0,None,0.0,0.0,34.5,0.2,119.0,None,0.0,0,0,263,0,1,0,5,Summer
2025-05-14,IC-VAN,Vanilla Ice Cream,Ice Cream,202,209.96,1.01,0,None,0.0,0.0,33.0,1.9,115.0,None,0.0,0,0,367,0,2,0,5,Summer
2025-05-15,IC-VAN,Vanilla Ice Cream,Ice Cream,171,172.61,1.01,0,None,0.0,0.0,30.8,0.0,106.2,None,0.0,0,0,252,0,3,0,5,Summer
2025-05-16,IC-VAN,Vanilla Ice Cream,Ice Cream,166,168.67,1.01,0,None,0.0,0.0,31.7,2.3,106.2,None,0.0,0,0,311,0,4,0,5,Summer
2025-05-17,IC-VAN,Vanilla Ice Cream,Ice Cream,284,269.69,1.01,1,Loyalty Offer,7.0,1298.58,34.1,0.2,120.1,None,0.0,0,0,408,0,5,1,5,Summer
2025-05-18,IC-VAN,Vanilla Ice Cream,Ice Cream,278,264.41,1.01,1,Loyalty Offer,7.0,1298.58,35.1,0.6,113.5,None,0.0,0,1,372,0,6,1,5,Summer
2025-05-19,IC-VAN,Vanilla Ice Cream,Ice Cream,241,227.93,1.01,1,Loyalty Offer,7.0,1298.58,37.3,0.9,113.5,None,0.0,0,0,354,0,0,0,5,Summer
2025-05-20,IC-VAN,Vanilla Ice Cream,Ice Cream,218,223.56,1.01,0,None,0.0,0.0,39.0,0.0,109.4,None,0.0,0,0,267,0,1,0,5,Summer
2025-05-21,IC-VAN,Vanilla Ice Cream,Ice Cream,212,216.12,1.01,0,None,0.0,0.0,34.5,0.1,108.8,None,0.0,0,0,243,0,2,0,5,Summer
2025-05-22,IC-VAN,Vanilla Ice Cream,Ice Cream,193,199.61,1.01,0,None,0.0,0.0,32.0,0.1,110.9,None,0.0,0,0,335,0,3,0,5,Summer
2025-05-23,IC-VAN,Vanilla Ice Cream,Ice Cream,164,167.11,1.01,0,None,0.0,0.0,30.0,1.2,116.1,None,0.0,0,0,337,0,4,0,5,Summer
2025-05-24,IC-VAN,Vanilla Ice Cream,Ice Cream,238,246.62,1.01,0,None,0.0,0.0,34.4,1.0,118.3,None,0.0,0,0,395,0,5,1,5,Summer
2025-05-25,IC-VAN,Vanilla Ice Cream,Ice Cream,226,231.2,1.01,0,None,0.0,0.0,32.5,0.3,116.8,None,0.0,0,0,294,0,6,1,5,Summer
2025-05-26,IC-VAN,Vanilla Ice Cream,Ice Cream,195,193.02,1.01,0,None,0.0,0.0,33.2,1.6,114.8,None,0.0,0,0,272,0,0,0,5,Summer
2025-05-27,IC-VAN,Vanilla Ice Cream,Ice Cream,200,208.64,1.01,0,None,0.0,0.0,32.9,2.1,112.1,None,0.0,0,0,277,0,1,0,5,Summer
2025-05-28,IC-VAN,Vanilla Ice Cream,Ice Cream,202,202.86,1.01,0,None,0.0,0.0,33.8,2.7,105.6,None,0.0,0,0,334,0,2,0,5,Summer
2025-05-29,IC-VAN,Vanilla Ice Cream,Ice Cream,192,197.58,1.01,0,None,0.0,0.0,36.0,0.2,107.1,None,0.0,0,0,311,0,3,0,5,Summer
2025-05-30,IC-VAN,Vanilla Ice Cream,Ice Cream,210,212.3,1.01,0,None,0.0,0.0,34.4,0.1,108.0,None,0.0,0,0,357,0,4,0,5,Summer
2025-05-31,IC-VAN,Vanilla Ice Cream,Ice Cream,242,247.62,1.01,0,None,0.0,0.0,33.9,0.3,118.8,None,0.0,0,0,413,0,5,1,5,Summer
2025-06-01,IC-VAN,Vanilla Ice Cream,Ice Cream,206,206.35,1.01,0,None,0.0,0.0,32.3,2.3,110.1,None,0.0,0,0,288,0,6,1,6,Monsoon
2025-06-02,IC-VAN,Vanilla Ice Cream,Ice Cream,171,173.96,1.01,0,None,0.0,0.0,31.2,11.1,99.1,None,0.0,0,0,297,0,0,0,6,Monsoon
2025-06-03,IC-VAN,Vanilla Ice Cream,Ice Cream,232,210.13,1.01,1,Weekend Flash,10.0,1793.58,33.4,2.9,102.3,None,0.0,0,0,332,0,1,0,6,Monsoon
2025-06-04,IC-VAN,Vanilla Ice Cream,Ice Cream,241,223.03,1.01,1,Weekend Flash,10.0,1793.58,34.2,3.8,101.9,None,0.0,0,1,413,0,2,0,6,Monsoon
2025-06-05,IC-VAN,Vanilla Ice Cream,Ice Cream,232,211.76,1.01,1,Weekend Flash,10.0,1793.58,37.5,2.3,103.4,None,0.0,0,1,308,0,3,0,6,Monsoon
2025-06-06,IC-VAN,Vanilla Ice Cream,Ice Cream,208,212.13,1.01,0,None,0.0,0.0,34.6,1.6,109.7,None,0.0,0,1,258,0,4,0,6,Monsoon
2025-06-07,IC-VAN,Vanilla Ice Cream,Ice Cream,240,235.69,1.01,0,None,0.0,0.0,36.1,7.0,115.6,None,0.0,0,0,320,0,5,1,6,Monsoon
2025-06-08,IC-VAN,Vanilla Ice Cream,Ice Cream,227,228.56,1.01,0,None,0.0,0.0,33.5,1.3,117.4,None,0.0,0,0,346,0,6,1,6,Monsoon
2025-06-09,IC-VAN,Vanilla Ice Cream,Ice Cream,171,173.15,1.01,0,None,0.0,0.0,32.3,7.2,100.2,None,0.0,0,0,343,0,0,0,6,Monsoon
2025-06-10,IC-VAN,Vanilla Ice Cream,Ice Cream,196,197.95,1.01,0,None,0.0,0.0,32.7,7.0,103.9,None,0.0,0,0,348,0,1,0,6,Monsoon
2025-06-11,IC-VAN,Vanilla Ice Cream,Ice Cream,204,207.79,1.01,0,None,0.0,0.0,33.1,5.5,109.1,None,0.0,0,0,226,0,2,0,6,Monsoon
2025-06-12,IC-VAN,Vanilla Ice Cream,Ice Cream,203,203.45,1.01,0,None,0.0,0.0,38.3,4.1,109.0,None,0.0,0,0,304,0,3,0,6,Monsoon
2025-06-13,IC-VAN,Vanilla Ice Cream,Ice Cream,200,201.38,1.01,0,None,0.0,0.0,33.0,3.4,102.3,None,0.0,0,0,245,0,4,0,6,Monsoon
2025-06-14,IC-VAN,Vanilla Ice Cream,Ice Cream,246,250.98,1.01,0,None,0.0,0.0,36.0,2.0,116.7,None,0.0,0,0,323,0,5,1,6,Monsoon
2025-06-15,IC-VAN,Vanilla Ice Cream,Ice Cream,282,253.77,1.01,1,Bundle Offer,8.0,2121.93,32.9,18.4,126.7,None,0.0,0,0,453,0,6,1,6,Monsoon
2025-06-16,IC-VAN,Vanilla Ice Cream,Ice Cream,225,209.57,1.01,1,Bundle Offer,8.0,2121.93,36.2,5.3,105.6,None,0.0,0,1,402,0,0,0,6,Monsoon
2025-06-17,IC-VAN,Vanilla Ice Cream,Ice Cream,260,213.4,1.0,1,Festival Promo,18.0,3410.75,35.2,5.1,102.1,None,0.0,0,1,304,0,1,0,6,Monsoon
2025-06-18,IC-VAN,Vanilla Ice Cream,Ice Cream,253,206.14,1.0,1,Festival Promo,18.0,3410.75,34.2,2.5,104.6,None,0.0,0,0,295,0,2,0,6,Monsoon
2025-06-19,IC-VAN,Vanilla Ice Cream,Ice Cream,242,207.42,1.0,1,Mango Festival,15.0,2620.09,34.4,17.0,105.8,None,0.0,0,0,373,0,3,0,6,Monsoon
2025-06-20,IC-VAN,Vanilla Ice Cream,Ice Cream,188,191.53,1.0,0,None,0.0,0.0,33.3,3.6,104.5,None,0.0,0,0,273,0,4,0,6,Monsoon
2025-06-21,IC-VAN,Vanilla Ice Cream,Ice Cream,239,242.86,1.0,0,None,0.0,0.0,35.3,7.8,115.0,None,0.0,0,0,328,0,5,1,6,Monsoon
2025-06-22,IC-VAN,Vanilla Ice Cream,Ice Cream,218,218.36,1.0,0,None,0.0,0.0,33.7,9.1,107.8,None,0.0,0,0,377,0,6,1,6,Monsoon
2025-06-23,IC-VAN,Vanilla Ice Cream,Ice Cream,186,188.51,1.0,0,None,0.0,0.0,32.3,7.0,100.1,None,0.0,0,0,353,0,0,0,6,Monsoon
2025-06-24,IC-VAN,Vanilla Ice Cream,Ice Cream,175,177.29,1.0,0,None,0.0,0.0,32.2,1.3,104.1,None,0.0,0,0,339,0,1,0,6,Monsoon
2025-06-25,IC-VAN,Vanilla Ice Cream,Ice Cream,199,199.24,1.0,0,None,0.0,0.0,34.8,10.8,103.9,None,0.0,0,0,344,0,2,0,6,Monsoon
2025-06-26,IC-VAN,Vanilla Ice Cream,Ice Cream,242,197.17,1.0,1,Festival Promo,18.0,3082.36,37.3,3.5,101.8,None,0.0,0,1,418,0,3,0,6,Monsoon
2025-06-27,IC-VAN,Vanilla Ice Cream,Ice Cream,245,199.69,1.0,1,Festival Promo,18.0,3082.36,34.8,11.9,103.6,None,0.0,0,0,380,0,4,0,6,Monsoon
2025-06-28,IC-VAN,Vanilla Ice Cream,Ice Cream,292,242.15,1.0,1,Festival Promo,18.0,3082.36,34.2,6.0,114.7,None,0.0,0,0,453,0,5,1,6,Monsoon
2025-06-29,IC-VAN,Vanilla Ice Cream,Ice Cream,238,238.09,1.0,0,None,0.0,0.0,35.0,9.5,118.7,None,0.0,0,0,344,0,6,1,6,Monsoon
2025-06-30,IC-VAN,Vanilla Ice Cream,Ice Cream,210,207.48,1.0,0,None,0.0,0.0,36.8,16.2,103.6,None,0.0,0,0,238,0,0,0,6,Monsoon
2025-07-01,IC-VAN,Vanilla Ice Cream,Ice Cream,208,203.84,1.0,0,None,0.0,0.0,34.8,10.5,106.0,None,0.0,0,0,358,0,1,0,7,Monsoon
2025-07-02,IC-VAN,Vanilla Ice Cream,Ice Cream,236,209.73,1.0,1,Payday Campaign,12.0,2588.04,33.6,9.7,101.2,None,0.0,0,0,404,0,2,0,7,Monsoon
2025-07-03,IC-VAN,Vanilla Ice Cream,Ice Cream,239,208.84,1.0,1,Payday Campaign,12.0,2588.04,36.4,11.2,106.6,None,0.0,0,0,308,0,3,0,7,Monsoon
2025-07-04,IC-VAN,Vanilla Ice Cream,Ice Cream,244,215.4,1.0,1,Payday Campaign,12.0,2588.04,35.1,2.8,105.5,None,0.0,0,0,332,0,4,0,7,Monsoon
2025-07-05,IC-VAN,Vanilla Ice Cream,Ice Cream,288,268.59,1.0,1,Bundle Offer,8.0,2215.4,37.1,12.3,117.9,None,0.0,0,0,399,0,5,1,7,Monsoon
2025-07-06,IC-VAN,Vanilla Ice Cream,Ice Cream,272,245.94,1.0,1,Bundle Offer,8.0,2215.4,34.6,4.9,117.0,None,0.0,0,0,396,0,6,1,7,Monsoon
2025-07-07,IC-VAN,Vanilla Ice Cream,Ice Cream,213,195.49,1.0,1,Bundle Offer,8.0,2215.4,32.1,5.1,106.2,None,0.0,0,0,340,0,0,0,7,Monsoon
2025-07-08,IC-VAN,Vanilla Ice Cream,Ice Cream,164,163.31,1.0,0,None,0.0,0.0,31.8,6.8,102.7,None,0.0,0,0,247,0,1,0,7,Monsoon
2025-07-09,IC-VAN,Vanilla Ice Cream,Ice Cream,204,204.41,1.0,0,None,0.0,0.0,37.2,4.5,104.3,None,0.0,0,0,360,0,2,0,7,Monsoon
2025-07-10,IC-VAN,Vanilla Ice Cream,Ice Cream,214,216.56,1.0,0,None,0.0,0.0,37.3,2.2,108.2,None,0.0,0,0,364,0,3,0,7,Monsoon
2025-07-11,IC-VAN,Vanilla Ice Cream,Ice Cream,193,189.31,1.0,0,None,0.0,0.0,33.8,6.4,99.5,None,0.0,0,0,363,0,4,0,7,Monsoon
2025-07-12,IC-VAN,Vanilla Ice Cream,Ice Cream,212,212.69,1.0,0,None,0.0,0.0,33.4,5.1,109.5,None,0.0,0,0,324,0,5,1,7,Monsoon
2025-07-13,IC-VAN,Vanilla Ice Cream,Ice Cream,239,241.02,1.0,0,None,0.0,0.0,36.7,4.9,113.4,None,0.0,0,0,271,0,6,1,7,Monsoon
2025-07-14,IC-VAN,Vanilla Ice Cream,Ice Cream,174,172.88,1.0,0,None,0.0,0.0,32.1,5.8,104.5,None,0.0,0,0,329,0,0,0,7,Monsoon
2025-07-15,IC-VAN,Vanilla Ice Cream,Ice Cream,175,173.91,1.0,0,None,0.0,0.0,32.4,5.0,98.1,None,0.0,0,0,207,0,1,0,7,Monsoon
2025-07-16,IC-VAN,Vanilla Ice Cream,Ice Cream,199,199.02,1.0,0,None,0.0,0.0,35.1,17.7,101.8,None,0.0,0,0,250,0,2,0,7,Monsoon
2025-07-17,IC-VAN,Vanilla Ice Cream,Ice Cream,191,190.79,0.99,0,None,0.0,0.0,33.2,16.7,101.5,None,0.0,0,0,256,0,3,0,7,Monsoon
2025-07-18,IC-VAN,Vanilla Ice Cream,Ice Cream,183,183.25,0.99,0,None,0.0,0.0,33.9,6.5,90.8,None,0.0,0,0,232,0,4,0,7,Monsoon
2025-07-19,IC-VAN,Vanilla Ice Cream,Ice Cream,225,225.18,0.99,0,None,0.0,0.0,33.5,6.4,110.6,None,0.0,0,0,360,0,5,1,7,Monsoon
2025-07-20,IC-VAN,Vanilla Ice Cream,Ice Cream,233,228.82,0.99,0,None,0.0,0.0,34.4,0.2,110.8,None,0.0,0,0,323,0,6,1,7,Monsoon
2025-07-21,IC-VAN,Vanilla Ice Cream,Ice Cream,191,192.01,0.99,0,None,0.0,0.0,36.3,3.7,100.7,None,0.0,0,1,246,0,0,0,7,Monsoon
2025-07-22,IC-VAN,Vanilla Ice Cream,Ice Cream,191,192.34,0.99,0,None,0.0,0.0,33.9,11.1,108.4,None,0.0,0,0,211,0,1,0,7,Monsoon
2025-07-23,IC-VAN,Vanilla Ice Cream,Ice Cream,187,186.07,0.99,0,None,0.0,0.0,34.8,4.4,95.1,None,0.0,0,0,241,0,2,0,7,Monsoon
2025-07-24,IC-VAN,Vanilla Ice Cream,Ice Cream,160,155.95,0.99,0,None,0.0,0.0,29.9,14.1,96.9,None,0.0,0,0,290,0,3,0,7,Monsoon
2025-07-25,IC-VAN,Vanilla Ice Cream,Ice Cream,181,179.34,0.99,0,None,0.0,0.0,33.5,13.4,87.8,None,0.0,0,0,328,0,4,0,7,Monsoon
2025-07-26,IC-VAN,Vanilla Ice Cream,Ice Cream,201,199.83,0.99,0,None,0.0,0.0,32.0,3.7,108.4,None,0.0,0,0,268,0,5,1,7,Monsoon
2025-07-27,IC-VAN,Vanilla Ice Cream,Ice Cream,212,207.32,0.99,0,None,0.0,0.0,31.2,7.0,108.7,None,0.0,0,0,243,0,6,1,7,Monsoon
2025-07-28,IC-VAN,Vanilla Ice Cream,Ice Cream,154,151.99,0.99,0,None,0.0,0.0,31.8,18.8,97.9,None,0.0,0,0,263,0,0,0,7,Monsoon
2025-07-29,IC-VAN,Vanilla Ice Cream,Ice Cream,185,180.22,0.99,0,None,0.0,0.0,32.7,1.2,105.9,None,0.0,0,0,330,0,1,0,7,Monsoon
2025-07-30,IC-VAN,Vanilla Ice Cream,Ice Cream,229,205.65,0.99,1,Weekend Flash,10.0,1538.36,34.9,4.5,104.5,None,0.0,0,0,260,0,2,0,7,Monsoon
2025-07-31,IC-VAN,Vanilla Ice Cream,Ice Cream,196,180.87,0.99,1,Loyalty Offer,7.0,1362.72,30.8,1.1,100.5,None,0.0,0,0,343,0,3,0,7,Monsoon
2025-08-01,IC-VAN,Vanilla Ice Cream,Ice Cream,191,185.36,0.99,0,None,0.0,0.0,33.2,2.6,98.1,None,0.0,0,0,238,0,4,0,8,Monsoon
2025-08-02,IC-VAN,Vanilla Ice Cream,Ice Cream,228,226.61,0.99,0,None,0.0,0.0,32.2,22.8,114.9,None,0.0,0,0,289,0,5,1,8,Monsoon
2025-08-03,IC-VAN,Vanilla Ice Cream,Ice Cream,213,210.61,0.99,0,None,0.0,0.0,32.4,4.5,109.6,None,0.0,0,0,332,0,6,1,8,Monsoon
2025-08-04,IC-VAN,Vanilla Ice Cream,Ice Cream,195,194.08,0.99,0,None,0.0,0.0,34.8,0.5,95.4,None,0.0,0,0,223,0,0,0,8,Monsoon
2025-08-05,IC-VAN,Vanilla Ice Cream,Ice Cream,189,186.01,0.99,0,None,0.0,0.0,33.9,2.2,90.8,None,0.0,0,0,257,0,1,0,8,Monsoon
2025-08-06,IC-VAN,Vanilla Ice Cream,Ice Cream,179,175.25,0.99,0,None,0.0,0.0,35.2,0.9,97.1,None,0.0,0,0,221,0,2,0,8,Monsoon
2025-08-07,IC-VAN,Vanilla Ice Cream,Ice Cream,198,193.87,0.99,0,None,0.0,0.0,32.5,7.2,102.9,None,0.0,0,0,252,0,3,0,8,Monsoon
2025-08-08,IC-VAN,Vanilla Ice Cream,Ice Cream,169,165.9,0.99,0,None,0.0,0.0,31.4,9.0,110.4,None,0.0,0,0,312,0,4,0,8,Monsoon
2025-08-09,IC-VAN,Vanilla Ice Cream,Ice Cream,251,247.98,0.99,0,None,0.0,0.0,32.2,12.5,122.2,Raksha Bandhan,1.0,1,0,307,0,5,1,8,Monsoon
2025-08-10,IC-VAN,Vanilla Ice Cream,Ice Cream,223,220.6,0.99,0,None,0.0,0.0,33.0,10.6,104.9,None,0.0,0,0,249,0,6,1,8,Monsoon
2025-08-11,IC-VAN,Vanilla Ice Cream,Ice Cream,183,180.24,0.99,0,None,0.0,0.0,32.8,1.3,92.7,None,0.0,0,0,237,0,0,0,8,Monsoon
2025-08-12,IC-VAN,Vanilla Ice Cream,Ice Cream,188,171.68,0.99,1,Loyalty Offer,7.0,1560.62,30.4,8.6,101.2,None,0.0,0,0,221,0,1,0,8,Monsoon
2025-08-13,IC-VAN,Vanilla Ice Cream,Ice Cream,211,192.8,0.99,1,Loyalty Offer,7.0,1560.62,32.5,5.6,89.5,None,0.0,0,0,330,0,2,0,8,Monsoon
2025-08-14,IC-VAN,Vanilla Ice Cream,Ice Cream,173,175.79,0.99,0,None,0.0,0.0,32.7,13.9,100.9,None,0.0,0,0,348,0,3,0,8,Monsoon
2025-08-15,IC-VAN,Vanilla Ice Cream,Ice Cream,221,215.93,0.99,0,None,0.0,0.0,36.7,11.6,113.8,Independence Day,0.9,1,0,267,0,4,0,8,Monsoon
2025-08-16,IC-VAN,Vanilla Ice Cream,Ice Cream,229,224.27,0.99,0,None,0.0,0.0,35.5,25.0,110.1,None,0.0,0,0,365,0,5,1,8,Monsoon
2025-08-17,IC-VAN,Vanilla Ice Cream,Ice Cream,191,195.71,0.99,0,None,0.0,0.0,30.5,2.4,106.7,None,0.0,0,0,269,0,6,1,8,Monsoon
2025-08-18,IC-VAN,Vanilla Ice Cream,Ice Cream,177,175.31,0.99,0,None,0.0,0.0,31.4,2.0,100.5,None,0.0,0,0,208,0,0,0,8,Monsoon
2025-08-19,IC-VAN,Vanilla Ice Cream,Ice Cream,161,155.99,0.99,0,None,0.0,0.0,29.2,4.0,98.4,None,0.0,0,0,291,0,1,0,8,Monsoon
2025-08-20,IC-VAN,Vanilla Ice Cream,Ice Cream,161,160.19,0.98,0,None,0.0,0.0,30.7,5.8,93.5,None,0.0,0,0,214,0,2,0,8,Monsoon
2025-08-21,IC-VAN,Vanilla Ice Cream,Ice Cream,191,186.03,0.98,0,None,0.0,0.0,32.3,3.2,106.5,None,0.0,0,0,293,0,3,0,8,Monsoon
2025-08-22,IC-VAN,Vanilla Ice Cream,Ice Cream,192,191.09,0.98,0,None,0.0,0.0,33.8,2.6,95.4,None,0.0,0,0,293,0,4,0,8,Monsoon
2025-08-23,IC-VAN,Vanilla Ice Cream,Ice Cream,223,201.43,0.98,1,Bundle Offer,8.0,2002.59,30.2,8.2,110.9,None,0.0,0,0,338,0,5,1,8,Monsoon
2025-08-24,IC-VAN,Vanilla Ice Cream,Ice Cream,184,180.12,0.98,0,None,0.0,0.0,30.3,4.0,94.8,None,0.0,0,0,225,0,6,1,8,Monsoon
2025-08-25,IC-VAN,Vanilla Ice Cream,Ice Cream,161,150.16,0.98,1,Loyalty Offer,7.0,1457.49,27.5,3.1,103.1,None,0.0,0,0,221,0,0,0,8,Monsoon
2025-08-26,IC-VAN,Vanilla Ice Cream,Ice Cream,195,179.61,0.98,1,Loyalty Offer,7.0,1457.49,31.0,1.3,104.0,None,0.0,0,1,332,0,1,0,8,Monsoon
2025-08-27,IC-VAN,Vanilla Ice Cream,Ice Cream,156,155.22,0.98,0,None,0.0,0.0,29.3,0.2,96.6,None,0.0,0,1,325,0,2,0,8,Monsoon
2025-08-28,IC-VAN,Vanilla Ice Cream,Ice Cream,164,162.1,0.98,0,None,0.0,0.0,30.1,17.1,99.2,None,0.0,0,0,185,0,3,0,8,Monsoon
2025-08-29,IC-VAN,Vanilla Ice Cream,Ice Cream,144,140.82,0.98,0,None,0.0,0.0,29.4,16.7,99.0,None,0.0,0,0,230,0,4,0,8,Monsoon
2025-08-30,IC-VAN,Vanilla Ice Cream,Ice Cream,185,183.18,0.98,0,None,0.0,0.0,30.7,11.8,102.9,None,0.0,0,0,346,0,5,1,8,Monsoon
2025-08-31,IC-VAN,Vanilla Ice Cream,Ice Cream,171,170.49,0.98,0,None,0.0,0.0,27.7,9.8,108.7,None,0.0,0,0,236,0,6,1,8,Monsoon
2025-09-01,IC-VAN,Vanilla Ice Cream,Ice Cream,159,143.97,0.98,1,Bundle Offer,8.0,2345.12,28.1,3.6,91.8,None,0.0,0,0,250,0,0,0,9,Monsoon
2025-09-02,IC-VAN,Vanilla Ice Cream,Ice Cream,226,208.68,0.98,1,Bundle Offer,8.0,2345.12,34.5,10.1,92.7,None,0.0,0,0,390,0,1,0,9,Monsoon
2025-09-03,IC-VAN,Vanilla Ice Cream,Ice Cream,178,162.5,0.98,1,Bundle Offer,8.0,2345.12,28.2,1.9,101.3,None,0.0,0,0,353,0,2,0,9,Monsoon
2025-09-04,IC-VAN,Vanilla Ice Cream,Ice Cream,139,136.86,0.98,0,None,0.0,0.0,28.5,6.8,100.4,None,0.0,0,0,263,0,3,0,9,Monsoon
2025-09-05,IC-VAN,Vanilla Ice Cream,Ice Cream,179,176.3,0.98,0,None,0.0,0.0,33.7,2.8,91.9,None,0.0,0,0,310,0,4,0,9,Monsoon
2025-09-06,IC-VAN,Vanilla Ice Cream,Ice Cream,241,237.01,0.98,0,None,0.0,0.0,35.5,10.1,101.6,None,0.0,0,0,359,0,5,1,9,Monsoon
2025-09-07,IC-VAN,Vanilla Ice Cream,Ice Cream,172,166.31,0.98,0,None,0.0,0.0,28.1,19.7,102.0,None,0.0,0,0,237,0,6,1,9,Monsoon
2025-09-08,IC-VAN,Vanilla Ice Cream,Ice Cream,195,156.78,0.98,1,Festival Promo,18.0,2991.56,29.4,2.2,98.8,None,0.0,0,0,356,0,0,0,9,Monsoon
2025-09-09,IC-VAN,Vanilla Ice Cream,Ice Cream,198,159.76,0.98,1,Festival Promo,18.0,2991.56,30.6,3.8,90.0,None,0.0,0,0,223,0,1,0,9,Monsoon
2025-09-10,IC-VAN,Vanilla Ice Cream,Ice Cream,233,186.55,0.98,1,Festival Promo,18.0,2991.56,33.0,6.7,96.7,None,0.0,0,1,262,0,2,0,9,Monsoon
2025-09-11,IC-VAN,Vanilla Ice Cream,Ice Cream,173,139.75,0.98,1,Festival Promo,18.0,2991.56,28.0,0.6,98.5,None,0.0,0,0,289,0,3,0,9,Monsoon
2025-09-12,IC-VAN,Vanilla Ice Cream,Ice Cream,160,157.01,0.98,0,None,0.0,0.0,29.3,1.0,94.2,None,0.0,0,0,314,0,4,0,9,Monsoon
2025-09-13,IC-VAN,Vanilla Ice Cream,Ice Cream,201,199.0,0.98,0,None,0.0,0.0,31.0,19.3,109.6,None,0.0,0,0,351,0,5,1,9,Monsoon
2025-09-14,IC-VAN,Vanilla Ice Cream,Ice Cream,203,200.7,0.98,0,None,0.0,0.0,30.3,8.2,102.9,None,0.0,0,0,331,0,6,1,9,Monsoon
2025-09-15,IC-VAN,Vanilla Ice Cream,Ice Cream,146,143.48,0.98,0,None,0.0,0.0,28.8,3.4,93.3,None,0.0,0,0,226,0,0,0,9,Monsoon
2025-09-16,IC-VAN,Vanilla Ice Cream,Ice Cream,142,136.97,0.98,0,None,0.0,0.0,29.1,6.1,89.4,None,0.0,0,0,219,0,1,0,9,Monsoon
2025-09-17,IC-VAN,Vanilla Ice Cream,Ice Cream,131,131.22,0.98,0,None,0.0,0.0,26.8,4.0,99.3,None,0.0,0,0,219,0,2,0,9,Monsoon
2025-09-18,IC-VAN,Vanilla Ice Cream,Ice Cream,127,124.31,0.98,0,None,0.0,0.0,28.7,6.9,90.3,None,0.0,0,0,188,0,3,0,9,Monsoon
2025-09-19,IC-VAN,Vanilla Ice Cream,Ice Cream,148,144.96,0.98,0,None,0.0,0.0,28.6,4.1,95.7,None,0.0,0,0,235,0,4,0,9,Monsoon
2025-09-20,IC-VAN,Vanilla Ice Cream,Ice Cream,185,180.62,0.98,0,None,0.0,0.0,29.4,5.7,103.5,None,0.0,0,1,221,0,5,1,9,Monsoon
2025-09-21,IC-VAN,Vanilla Ice Cream,Ice Cream,173,168.6,0.98,0,None,0.0,0.0,27.9,10.8,98.6,None,0.0,0,0,244,0,6,1,9,Monsoon
2025-09-22,IC-VAN,Vanilla Ice Cream,Ice Cream,141,140.77,0.98,0,None,0.0,0.0,29.6,10.3,90.7,None,0.0,0,0,311,0,0,0,9,Monsoon
2025-09-23,IC-VAN,Vanilla Ice Cream,Ice Cream,178,177.38,0.98,0,None,0.0,0.0,30.5,18.5,100.6,None,0.0,0,0,311,0,1,0,9,Monsoon
2025-09-24,IC-VAN,Vanilla Ice Cream,Ice Cream,182,166.78,0.98,1,Loyalty Offer,7.0,1520.15,28.9,8.7,94.6,None,0.0,0,0,224,0,2,0,9,Monsoon
2025-09-25,IC-VAN,Vanilla Ice Cream,Ice Cream,184,167.5,0.98,1,Loyalty Offer,7.0,1520.15,29.1,6.5,88.4,None,0.0,0,0,249,0,3,0,9,Monsoon
2025-09-26,IC-VAN,Vanilla Ice Cream,Ice Cream,172,157.94,0.98,1,Loyalty Offer,7.0,1520.15,28.5,20.5,94.9,None,0.0,0,0,233,0,4,0,9,Monsoon
2025-09-27,IC-VAN,Vanilla Ice Cream,Ice Cream,182,178.53,0.98,0,None,0.0,0.0,28.3,5.2,102.6,None,0.0,0,0,247,0,5,1,9,Monsoon
2025-09-28,IC-VAN,Vanilla Ice Cream,Ice Cream,159,155.47,0.98,0,None,0.0,0.0,26.9,0.3,120.5,None,0.0,0,0,289,0,6,1,9,Monsoon
2025-09-29,IC-VAN,Vanilla Ice Cream,Ice Cream,184,162.95,0.98,1,Weekend Flash,10.0,1539.29,28.7,12.0,94.6,None,0.0,0,0,347,0,0,0,9,Monsoon
2025-09-30,IC-VAN,Vanilla Ice Cream,Ice Cream,162,142.13,0.98,1,Weekend Flash,10.0,1539.29,27.8,7.8,91.2,None,0.0,0,0,295,0,1,0,9,Monsoon
2025-10-01,IC-VAN,Vanilla Ice Cream,Ice Cream,169,166.12,0.98,0,None,0.0,0.0,31.7,0.0,100.1,None,0.0,0,0,267,0,2,0,10,Transition
2025-10-02,IC-VAN,Vanilla Ice Cream,Ice Cream,171,167.99,0.98,0,None,0.0,0.0,30.7,0.0,92.9,Gandhi Jayanti,0.7,1,0,216,0,3,0,10,Transition
2025-10-03,IC-VAN,Vanilla Ice Cream,Ice Cream,148,146.09,0.98,0,None,0.0,0.0,28.4,0.0,93.4,None,0.0,0,0,190,0,4,0,10,Transition
2025-10-04,IC-VAN,Vanilla Ice Cream,Ice Cream,153,148.83,0.98,0,None,0.0,0.0,26.3,0.6,112.8,None,0.0,0,0,303,0,5,1,10,Transition
2025-10-05,IC-VAN,Vanilla Ice Cream,Ice Cream,149,147.27,0.98,0,None,0.0,0.0,25.6,0.2,102.2,None,0.0,0,0,277,0,6,1,10,Transition
2025-10-06,IC-VAN,Vanilla Ice Cream,Ice Cream,140,135.72,0.98,0,None,0.0,0.0,29.6,0.4,84.1,None,0.0,0,0,241,0,0,0,10,Transition
2025-10-07,IC-VAN,Vanilla Ice Cream,Ice Cream,126,122.65,0.98,0,None,0.0,0.0,27.9,0.6,90.7,None,0.0,0,0,238,0,1,0,10,Transition
2025-10-08,IC-VAN,Vanilla Ice Cream,Ice Cream,159,154.85,0.98,0,None,0.0,0.0,28.2,1.2,99.9,None,0.0,0,1,314,0,2,0,10,Transition
2025-10-09,IC-VAN,Vanilla Ice Cream,Ice Cream,116,112.24,0.98,0,None,0.0,0.0,24.1,0.1,94.4,None,0.0,0,0,266,0,3,0,10,Transition
2025-10-10,IC-VAN,Vanilla Ice Cream,Ice Cream,141,139.9,0.98,0,None,0.0,0.0,28.8,3.6,88.3,None,0.0,0,0,174,0,4,0,10,Transition
2025-10-11,IC-VAN,Vanilla Ice Cream,Ice Cream,199,177.39,0.98,1,Bundle Offer,8.0,2501.53,27.8,0.0,99.0,None,0.0,0,0,282,0,5,1,10,Transition
2025-10-12,IC-VAN,Vanilla Ice Cream,Ice Cream,146,141.93,0.98,0,None,0.0,0.0,24.9,0.0,99.6,None,0.0,0,0,172,0,6,1,10,Transition
2025-10-13,IC-VAN,Vanilla Ice Cream,Ice Cream,154,137.93,0.98,1,Weekend Flash,10.0,1473.17,26.0,0.3,94.2,None,0.0,0,0,235,0,0,0,10,Transition
2025-10-14,IC-VAN,Vanilla Ice Cream,Ice Cream,169,148.11,0.98,1,Weekend Flash,10.0,1473.17,27.2,0.1,99.0,None,0.0,0,0,290,0,1,0,10,Transition
2025-10-15,IC-VAN,Vanilla Ice Cream,Ice Cream,172,148.09,0.98,1,Payday Campaign,12.0,2292.0,26.8,1.1,97.6,None,0.0,0,1,225,0,2,0,10,Transition
2025-10-16,IC-VAN,Vanilla Ice Cream,Ice Cream,149,127.02,0.98,1,Payday Campaign,12.0,2292.0,26.1,0.0,94.5,None,0.0,0,1,193,0,3,0,10,Transition
2025-10-17,IC-VAN,Vanilla Ice Cream,Ice Cream,153,133.37,0.98,1,Payday Campaign,12.0,2292.0,26.3,0.1,85.6,None,0.0,0,0,251,0,4,0,10,Transition
2025-10-18,IC-VAN,Vanilla Ice Cream,Ice Cream,171,169.43,0.98,0,None,0.0,0.0,26.0,0.1,108.6,Diwali,1.0,1,0,274,0,5,1,10,Transition
2025-10-19,IC-VAN,Vanilla Ice Cream,Ice Cream,189,187.05,0.98,0,None,0.0,0.0,26.6,0.4,121.1,Diwali,1.25,1,0,323,0,6,1,10,Transition
2025-10-20,IC-VAN,Vanilla Ice Cream,Ice Cream,181,178.72,0.98,0,None,0.0,0.0,28.9,0.3,104.9,Diwali,1.5,1,0,203,0,0,0,10,Transition
2025-10-21,IC-VAN,Vanilla Ice Cream,Ice Cream,117,114.9,0.98,0,None,0.0,0.0,21.6,0.0,110.5,Diwali,1.5,1,0,176,0,1,0,10,Transition
2025-10-22,IC-VAN,Vanilla Ice Cream,Ice Cream,93,90.69,0.98,0,None,0.0,0.0,25.7,0.3,106.6,Diwali,1.0,1,1,237,1,2,0,10,Transition
2025-10-23,IC-VAN,Vanilla Ice Cream,Ice Cream,120,116.62,0.98,0,None,0.0,0.0,26.3,0.6,86.4,None,0.0,0,0,249,0,3,0,10,Transition
2025-10-24,IC-VAN,Vanilla Ice Cream,Ice Cream,135,134.56,0.98,0,None,0.0,0.0,26.5,0.7,86.9,None,0.0,0,0,298,0,4,0,10,Transition
2025-10-25,IC-VAN,Vanilla Ice Cream,Ice Cream,137,135.73,0.98,0,None,0.0,0.0,25.2,0.5,101.6,None,0.0,0,0,287,0,5,1,10,Transition
2025-10-26,IC-VAN,Vanilla Ice Cream,Ice Cream,116,112.94,0.98,0,None,0.0,0.0,22.6,0.0,104.5,None,0.0,0,0,270,0,6,1,10,Transition
2025-10-27,IC-VAN,Vanilla Ice Cream,Ice Cream,131,128.7,0.98,0,None,0.0,0.0,26.3,0.0,97.3,None,0.0,0,0,232,0,0,0,10,Transition
2025-10-28,IC-VAN,Vanilla Ice Cream,Ice Cream,157,153.64,0.98,0,None,0.0,0.0,28.7,0.0,95.0,None,0.0,0,0,330,0,1,0,10,Transition
2025-10-29,IC-VAN,Vanilla Ice Cream,Ice Cream,83,80.43,0.98,0,None,0.0,0.0,22.8,0.0,92.4,None,0.0,0,0,169,0,2,0,10,Transition
2025-10-30,IC-VAN,Vanilla Ice Cream,Ice Cream,142,139.8,0.98,0,None,0.0,0.0,27.0,1.1,88.3,None,0.0,0,0,306,0,3,0,10,Transition
2025-10-31,IC-VAN,Vanilla Ice Cream,Ice Cream,110,107.55,0.98,0,None,0.0,0.0,24.8,0.1,86.6,None,0.0,0,0,192,0,4,0,10,Transition
2025-11-01,IC-VAN,Vanilla Ice Cream,Ice Cream,177,159.93,0.98,1,Loyalty Offer,7.0,1284.29,25.2,0.4,99.4,None,0.0,0,0,268,0,5,1,11,Winter
2025-11-02,IC-VAN,Vanilla Ice Cream,Ice Cream,143,128.4,0.98,1,Loyalty Offer,7.0,1284.29,23.4,0.6,104.1,None,0.0,0,0,272,0,6,1,11,Winter
2025-11-03,IC-VAN,Vanilla Ice Cream,Ice Cream,135,121.12,0.98,1,Loyalty Offer,7.0,1284.29,24.6,1.3,93.7,None,0.0,0,1,218,0,0,0,11,Winter
2025-11-04,IC-VAN,Vanilla Ice Cream,Ice Cream,173,157.5,0.98,1,Loyalty Offer,7.0,1284.29,27.5,0.1,81.5,None,0.0,0,1,216,0,1,0,11,Winter
2025-11-05,IC-VAN,Vanilla Ice Cream,Ice Cream,126,123.8,0.98,0,None,0.0,0.0,26.1,0.0,88.1,None,0.0,0,0,289,0,2,0,11,Winter
2025-11-06,IC-VAN,Vanilla Ice Cream,Ice Cream,160,155.74,0.98,0,None,0.0,0.0,28.1,0.4,98.1,None,0.0,0,0,252,0,3,0,11,Winter
2025-11-07,IC-VAN,Vanilla Ice Cream,Ice Cream,139,137.83,0.98,0,None,0.0,0.0,27.1,0.0,92.5,None,0.0,0,0,307,0,4,0,11,Winter
2025-11-08,IC-VAN,Vanilla Ice Cream,Ice Cream,150,147.5,0.98,0,None,0.0,0.0,25.7,0.1,95.0,None,0.0,0,0,233,0,5,1,11,Winter
2025-11-09,IC-VAN,Vanilla Ice Cream,Ice Cream,184,182.37,0.98,0,None,0.0,0.0,27.9,0.9,113.9,None,0.0,0,0,359,0,6,1,11,Winter
2025-11-10,IC-VAN,Vanilla Ice Cream,Ice Cream,131,128.69,0.98,0,None,0.0,0.0,25.5,0.1,92.0,None,0.0,0,0,247,0,0,0,11,Winter
2025-11-11,IC-VAN,Vanilla Ice Cream,Ice Cream,127,123.89,0.98,0,None,0.0,0.0,26.2,0.1,94.1,None,0.0,0,0,269,0,1,0,11,Winter
2025-11-12,IC-VAN,Vanilla Ice Cream,Ice Cream,105,103.57,0.99,0,None,0.0,0.0,24.1,0.2,94.2,None,0.0,0,0,245,0,2,0,11,Winter
2025-11-13,IC-VAN,Vanilla Ice Cream,Ice Cream,112,108.68,0.99,0,None,0.0,0.0,24.7,0.3,90.4,None,0.0,0,0,164,0,3,0,11,Winter
2025-11-14,IC-VAN,Vanilla Ice Cream,Ice Cream,104,103.15,0.99,0,None,0.0,0.0,23.3,0.1,88.6,None,0.0,0,0,254,0,4,0,11,Winter
2025-11-15,IC-VAN,Vanilla Ice Cream,Ice Cream,163,158.86,0.99,0,None,0.0,0.0,26.2,0.1,112.9,None,0.0,0,0,334,0,5,1,11,Winter
2025-11-16,IC-VAN,Vanilla Ice Cream,Ice Cream,124,123.61,0.99,0,None,0.0,0.0,22.3,0.5,107.3,None,0.0,0,0,249,0,6,1,11,Winter
2025-11-17,IC-VAN,Vanilla Ice Cream,Ice Cream,139,136.53,0.99,0,None,0.0,0.0,25.8,1.0,96.5,None,0.0,0,0,310,0,0,0,11,Winter
2025-11-18,IC-VAN,Vanilla Ice Cream,Ice Cream,105,104.9,0.99,0,None,0.0,0.0,24.0,0.1,95.3,None,0.0,0,0,260,0,1,0,11,Winter
2025-11-19,IC-VAN,Vanilla Ice Cream,Ice Cream,126,122.65,0.99,0,None,0.0,0.0,26.4,0.0,87.4,None,0.0,0,0,252,0,2,0,11,Winter
2025-11-20,IC-VAN,Vanilla Ice Cream,Ice Cream,118,115.52,0.99,0,None,0.0,0.0,25.6,0.2,98.9,None,0.0,0,0,214,0,3,0,11,Winter
2025-11-21,IC-VAN,Vanilla Ice Cream,Ice Cream,157,155.7,0.99,0,None,0.0,0.0,27.4,0.9,88.3,None,0.0,0,0,314,0,4,0,11,Winter
2025-11-22,IC-VAN,Vanilla Ice Cream,Ice Cream,153,153.21,0.99,0,None,0.0,0.0,25.4,0.9,104.0,None,0.0,0,0,202,0,5,1,11,Winter
2025-11-23,IC-VAN,Vanilla Ice Cream,Ice Cream,118,118.89,0.99,0,None,0.0,0.0,21.3,0.3,94.4,None,0.0,0,0,227,0,6,1,11,Winter
2025-11-24,IC-VAN,Vanilla Ice Cream,Ice Cream,97,95.89,0.99,0,None,0.0,0.0,23.9,2.4,82.5,None,0.0,0,0,247,0,0,0,11,Winter
2025-11-25,IC-VAN,Vanilla Ice Cream,Ice Cream,99,100.0,0.99,0,None,0.0,0.0,21.9,1.9,94.3,None,0.0,0,0,270,0,1,0,11,Winter
2025-11-26,IC-VAN,Vanilla Ice Cream,Ice Cream,122,111.78,0.99,1,Loyalty Offer,7.0,1490.84,23.0,0.5,88.7,None,0.0,0,0,184,0,2,0,11,Winter
2025-11-27,IC-VAN,Vanilla Ice Cream,Ice Cream,152,141.63,0.99,1,Loyalty Offer,7.0,1490.84,26.6,0.5,82.9,None,0.0,0,0,187,0,3,0,11,Winter
2025-11-28,IC-VAN,Vanilla Ice Cream,Ice Cream,151,137.34,0.99,1,Loyalty Offer,7.0,1490.84,25.0,0.5,95.6,None,0.0,0,1,224,0,4,0,11,Winter
2025-11-29,IC-VAN,Vanilla Ice Cream,Ice Cream,161,148.9,0.99,1,Loyalty Offer,7.0,1490.84,22.6,0.1,113.6,None,0.0,0,0,319,0,5,1,11,Winter
2025-11-30,IC-VAN,Vanilla Ice Cream,Ice Cream,114,109.66,0.99,0,None,0.0,0.0,22.0,0.4,110.0,None,0.0,0,0,217,0,6,1,11,Winter
2025-12-01,IC-VAN,Vanilla Ice Cream,Ice Cream,103,100.6,0.99,0,None,0.0,0.0,23.8,0.1,91.8,None,0.0,0,0,131,0,0,0,12,Winter
2025-12-02,IC-VAN,Vanilla Ice Cream,Ice Cream,92,91.62,0.99,0,None,0.0,0.0,21.6,0.2,93.2,None,0.0,0,0,131,0,1,0,12,Winter
2025-12-03,IC-VAN,Vanilla Ice Cream,Ice Cream,113,110.18,0.99,0,None,0.0,0.0,22.5,0.2,97.7,None,0.0,0,0,187,0,2,0,12,Winter
2025-12-04,IC-VAN,Vanilla Ice Cream,Ice Cream,126,125.5,0.99,0,None,0.0,0.0,24.3,0.8,98.9,None,0.0,0,0,200,0,3,0,12,Winter
2025-12-05,IC-VAN,Vanilla Ice Cream,Ice Cream,128,128.26,0.99,0,None,0.0,0.0,25.8,0.0,91.7,None,0.0,0,1,169,0,4,0,12,Winter
2025-12-06,IC-VAN,Vanilla Ice Cream,Ice Cream,145,142.91,0.99,0,None,0.0,0.0,24.8,1.2,103.7,None,0.0,0,0,244,0,5,1,12,Winter
2025-12-07,IC-VAN,Vanilla Ice Cream,Ice Cream,114,111.76,0.99,0,None,0.0,0.0,19.5,1.6,105.1,None,0.0,0,0,210,0,6,1,12,Winter
2025-12-08,IC-VAN,Vanilla Ice Cream,Ice Cream,123,121.35,0.99,0,None,0.0,0.0,24.2,0.1,96.4,None,0.0,0,0,174,0,0,0,12,Winter
2025-12-09,IC-VAN,Vanilla Ice Cream,Ice Cream,129,113.9,0.99,1,Weekend Flash,10.0,1773.39,23.7,0.5,93.1,None,0.0,0,0,186,0,1,0,12,Winter
2025-12-10,IC-VAN,Vanilla Ice Cream,Ice Cream,115,114.04,0.99,0,None,0.0,0.0,24.3,0.1,93.2,None,0.0,0,0,241,0,2,0,12,Winter
2025-12-11,IC-VAN,Vanilla Ice Cream,Ice Cream,145,144.19,0.99,0,None,0.0,0.0,26.5,0.6,100.8,None,0.0,0,0,317,0,3,0,12,Winter
2025-12-12,IC-VAN,Vanilla Ice Cream,Ice Cream,100,98.98,0.99,0,None,0.0,0.0,19.8,0.9,100.1,None,0.0,0,0,279,0,4,0,12,Winter
2025-12-13,IC-VAN,Vanilla Ice Cream,Ice Cream,119,120.64,0.99,0,None,0.0,0.0,22.5,0.1,106.5,None,0.0,0,0,228,0,5,1,12,Winter
2025-12-14,IC-VAN,Vanilla Ice Cream,Ice Cream,148,145.86,0.99,0,None,0.0,0.0,24.6,0.4,112.8,None,0.0,0,0,174,0,6,1,12,Winter
2025-12-15,IC-VAN,Vanilla Ice Cream,Ice Cream,105,106.16,0.99,0,None,0.0,0.0,20.7,1.7,92.4,None,0.0,0,1,268,0,0,0,12,Winter
2025-12-16,IC-VAN,Vanilla Ice Cream,Ice Cream,151,148.34,0.99,0,None,0.0,0.0,26.2,1.5,102.5,None,0.0,0,0,323,0,1,0,12,Winter
2025-12-17,IC-VAN,Vanilla Ice Cream,Ice Cream,122,121.51,1.0,0,None,0.0,0.0,24.2,0.0,97.2,None,0.0,0,0,186,0,2,0,12,Winter
2025-12-18,IC-VAN,Vanilla Ice Cream,Ice Cream,138,139.33,1.0,0,None,0.0,0.0,25.0,0.1,110.9,None,0.0,0,0,222,0,3,0,12,Winter
2025-12-19,IC-VAN,Vanilla Ice Cream,Ice Cream,97,97.91,1.0,0,None,0.0,0.0,22.5,0.5,88.7,None,0.0,0,0,121,0,4,0,12,Winter
2025-12-20,IC-VAN,Vanilla Ice Cream,Ice Cream,142,140.74,1.0,0,None,0.0,0.0,25.0,0.1,101.3,None,0.0,0,0,290,0,5,1,12,Winter
2025-12-21,IC-VAN,Vanilla Ice Cream,Ice Cream,160,160.5,1.0,0,None,0.0,0.0,25.4,0.0,107.0,None,0.0,0,0,304,0,6,1,12,Winter
2025-12-22,IC-VAN,Vanilla Ice Cream,Ice Cream,116,116.22,1.0,0,None,0.0,0.0,23.9,0.1,97.0,None,0.0,0,0,139,0,0,0,12,Winter
2025-12-23,IC-VAN,Vanilla Ice Cream,Ice Cream,108,107.0,1.0,0,None,0.0,0.0,23.9,0.7,104.9,None,0.0,0,0,240,0,1,0,12,Winter
2025-12-24,IC-VAN,Vanilla Ice Cream,Ice Cream,111,111.54,1.0,0,None,0.0,0.0,24.0,0.2,91.9,None,0.0,0,0,196,0,2,0,12,Winter
2025-12-25,IC-VAN,Vanilla Ice Cream,Ice Cream,120,122.42,1.0,0,None,0.0,0.0,22.0,0.0,115.5,Christmas,1.2,1,0,227,0,3,0,12,Winter
2025-12-26,IC-VAN,Vanilla Ice Cream,Ice Cream,107,107.41,1.0,0,None,0.0,0.0,23.3,0.1,101.3,None,0.0,0,0,161,0,4,0,12,Winter
2025-12-27,IC-VAN,Vanilla Ice Cream,Ice Cream,143,143.76,1.0,0,None,0.0,0.0,23.3,0.0,109.1,None,0.0,0,0,293,0,5,1,12,Winter
2025-12-28,IC-VAN,Vanilla Ice Cream,Ice Cream,143,143.99,1.0,0,None,0.0,0.0,24.2,0.1,100.9,None,0.0,0,0,227,0,6,1,12,Winter
2025-12-29,IC-VAN,Vanilla Ice Cream,Ice Cream,142,139.4,1.0,0,None,0.0,0.0,25.4,0.0,102.8,None,0.0,0,0,296,0,0,0,12,Winter
2025-12-30,IC-VAN,Vanilla Ice Cream,Ice Cream,105,105.53,1.0,0,None,0.0,0.0,21.7,0.4,102.1,None,0.0,0,0,148,0,1,0,12,Winter
2025-12-31,IC-VAN,Vanilla Ice Cream,Ice Cream,130,128.4,1.0,0,None,0.0,0.0,23.4,0.7,113.3,New Year,1.1,1,0,244,0,2,0,12,Winter
2026-01-01,IC-VAN,Vanilla Ice Cream,Ice Cream,132,131.11,1.0,0,None,0.0,0.0,26.3,0.2,97.2,None,0.0,0,0,201,0,3,0,1,Winter
2026-01-02,IC-VAN,Vanilla Ice Cream,Ice Cream,102,104.72,1.0,0,None,0.0,0.0,22.3,0.0,97.4,None,0.0,0,0,276,0,4,0,1,Winter
2026-01-03,IC-VAN,Vanilla Ice Cream,Ice Cream,122,121.75,1.0,0,None,0.0,0.0,22.2,0.8,106.0,None,0.0,0,0,231,0,5,1,1,Winter
2026-01-04,IC-VAN,Vanilla Ice Cream,Ice Cream,132,131.01,1.0,0,None,0.0,0.0,24.1,1.4,109.7,None,0.0,0,0,267,0,6,1,1,Winter
2026-01-05,IC-VAN,Vanilla Ice Cream,Ice Cream,124,125.93,1.0,0,None,0.0,0.0,25.2,1.0,96.8,None,0.0,0,0,157,0,0,0,1,Winter
2026-01-06,IC-VAN,Vanilla Ice Cream,Ice Cream,129,117.57,1.0,1,Bundle Offer,8.0,2468.92,23.8,0.1,92.5,None,0.0,0,0,257,0,1,0,1,Winter
2026-01-07,IC-VAN,Vanilla Ice Cream,Ice Cream,161,147.68,1.0,1,Bundle Offer,8.0,2468.92,26.2,1.3,91.7,None,0.0,0,0,197,0,2,0,1,Winter
2026-01-08,IC-VAN,Vanilla Ice Cream,Ice Cream,153,143.26,1.0,1,Bundle Offer,8.0,2468.92,25.3,0.8,93.3,None,0.0,0,0,230,0,3,0,1,Winter
2026-01-09,IC-VAN,Vanilla Ice Cream,Ice Cream,148,136.65,1.0,1,Bundle Offer,8.0,2468.92,25.3,1.5,98.3,None,0.0,0,0,203,0,4,0,1,Winter
2026-01-10,IC-VAN,Vanilla Ice Cream,Ice Cream,154,151.63,1.0,0,None,0.0,0.0,24.9,0.0,107.2,None,0.0,0,0,174,0,5,1,1,Winter
2026-01-11,IC-VAN,Vanilla Ice Cream,Ice Cream,188,189.94,1.0,0,None,0.0,0.0,28.1,0.0,108.5,None,0.0,0,0,301,0,6,1,1,Winter
2026-01-12,IC-VAN,Vanilla Ice Cream,Ice Cream,92,91.94,1.0,0,None,0.0,0.0,23.6,0.0,100.1,None,0.0,0,0,150,0,0,0,1,Winter
2026-01-13,IC-VAN,Vanilla Ice Cream,Ice Cream,98,100.25,1.0,0,None,0.0,0.0,20.4,0.0,94.6,None,0.0,0,0,200,0,1,0,1,Winter
2026-01-14,IC-VAN,Vanilla Ice Cream,Ice Cream,180,179.54,1.0,0,None,0.0,0.0,26.9,0.5,118.2,Makar Sankranti,1.0,1,0,322,0,2,0,1,Winter
2026-01-15,IC-VAN,Vanilla Ice Cream,Ice Cream,97,98.72,1.01,0,None,0.0,0.0,23.2,0.0,96.6,None,0.0,0,0,145,0,3,0,1,Winter
2026-01-16,IC-VAN,Vanilla Ice Cream,Ice Cream,120,123.22,1.01,0,None,0.0,0.0,24.3,0.0,95.9,None,0.0,0,0,253,0,4,0,1,Winter
2026-01-17,IC-VAN,Vanilla Ice Cream,Ice Cream,183,182.18,1.01,0,None,0.0,0.0,26.5,6.4,110.6,None,0.0,0,0,250,0,5,1,1,Winter
2026-01-18,IC-VAN,Vanilla Ice Cream,Ice Cream,114,114.43,1.01,0,None,0.0,0.0,21.3,0.7,99.2,None,0.0,0,0,186,0,6,1,1,Winter
2026-01-19,IC-VAN,Vanilla Ice Cream,Ice Cream,101,102.12,1.01,0,None,0.0,0.0,22.0,1.6,94.5,None,0.0,0,1,213,0,0,0,1,Winter
2026-01-20,IC-VAN,Vanilla Ice Cream,Ice Cream,95,94.66,1.01,0,None,0.0,0.0,21.4,0.0,103.5,None,0.0,0,0,215,0,1,0,1,Winter
2026-01-21,IC-VAN,Vanilla Ice Cream,Ice Cream,42,42.43,1.01,0,None,0.0,0.0,22.9,2.8,90.1,None,0.0,0,0,166,1,2,0,1,Winter
2026-01-22,IC-VAN,Vanilla Ice Cream,Ice Cream,131,131.61,1.01,0,None,0.0,0.0,25.2,0.3,104.5,None,0.0,0,0,182,0,3,0,1,Winter
2026-01-23,IC-VAN,Vanilla Ice Cream,Ice Cream,135,135.64,1.01,0,None,0.0,0.0,25.4,0.0,106.6,None,0.0,0,0,247,0,4,0,1,Winter
2026-01-24,IC-VAN,Vanilla Ice Cream,Ice Cream,162,163.4,1.01,0,None,0.0,0.0,25.0,0.8,107.3,None,0.0,0,0,224,0,5,1,1,Winter
2026-01-25,IC-VAN,Vanilla Ice Cream,Ice Cream,130,131.2,1.01,0,None,0.0,0.0,22.0,0.0,110.8,None,0.0,0,0,194,0,6,1,1,Winter
2026-01-26,IC-VAN,Vanilla Ice Cream,Ice Cream,111,112.18,1.01,0,None,0.0,0.0,20.4,0.0,115.4,Republic Day,0.8,1,1,282,0,0,0,1,Winter
2026-01-27,IC-VAN,Vanilla Ice Cream,Ice Cream,120,120.21,1.01,0,None,0.0,0.0,24.7,0.4,97.3,None,0.0,0,0,156,0,1,0,1,Winter
2026-01-28,IC-VAN,Vanilla Ice Cream,Ice Cream,122,122.31,1.01,0,None,0.0,0.0,23.9,0.5,104.1,None,0.0,0,0,208,0,2,0,1,Winter
2026-01-29,IC-VAN,Vanilla Ice Cream,Ice Cream,128,129.04,1.01,0,None,0.0,0.0,25.6,0.4,96.5,None,0.0,0,0,218,0,3,0,1,Winter
2026-01-30,IC-VAN,Vanilla Ice Cream,Ice Cream,122,123.14,1.01,0,None,0.0,0.0,26.1,0.0,97.6,None,0.0,0,0,181,0,4,0,1,Winter
2026-01-31,IC-VAN,Vanilla Ice Cream,Ice Cream,153,153.74,1.01,0,None,0.0,0.0,25.1,0.9,106.1,None,0.0,0,0,298,0,5,1,1,Winter
2026-02-01,IC-VAN,Vanilla Ice Cream,Ice Cream,160,162.3,1.01,0,None,0.0,0.0,26.3,2.3,112.0,None,0.0,0,0,257,0,6,1,2,Winter
2026-02-02,IC-VAN,Vanilla Ice Cream,Ice Cream,147,145.35,1.01,0,None,0.0,0.0,25.4,2.6,106.2,None,0.0,0,0,282,0,0,0,2,Winter
2026-02-03,IC-VAN,Vanilla Ice Cream,Ice Cream,140,140.31,1.01,0,None,0.0,0.0,26.0,0.0,99.6,None,0.0,0,1,221,0,1,0,2,Winter
2026-02-04,IC-VAN,Vanilla Ice Cream,Ice Cream,108,108.86,1.01,0,None,0.0,0.0,23.9,0.0,94.3,None,0.0,0,0,271,0,2,0,2,Winter
2026-02-05,IC-VAN,Vanilla Ice Cream,Ice Cream,146,128.64,1.01,1,Payday Campaign,12.0,2339.38,24.9,0.1,95.4,None,0.0,0,0,282,0,3,0,2,Winter
2026-02-06,IC-VAN,Vanilla Ice Cream,Ice Cream,150,136.18,1.01,1,Payday Campaign,12.0,2339.38,25.6,1.0,102.9,None,0.0,0,1,223,0,4,0,2,Winter
2026-02-07,IC-VAN,Vanilla Ice Cream,Ice Cream,174,176.16,1.01,0,None,0.0,0.0,26.8,0.0,120.3,None,0.0,0,0,347,0,5,1,2,Winter
2026-02-08,IC-VAN,Vanilla Ice Cream,Ice Cream,160,162.33,1.01,0,None,0.0,0.0,24.7,0.1,113.2,None,0.0,0,0,318,0,6,1,2,Winter
2026-02-09,IC-VAN,Vanilla Ice Cream,Ice Cream,159,160.09,1.01,0,None,0.0,0.0,26.4,0.1,99.4,None,0.0,0,0,273,0,0,0,2,Winter
2026-02-10,IC-VAN,Vanilla Ice Cream,Ice Cream,137,138.75,1.01,0,None,0.0,0.0,25.1,0.9,105.3,None,0.0,0,0,159,0,1,0,2,Winter
2026-02-11,IC-VAN,Vanilla Ice Cream,Ice Cream,132,131.8,1.01,0,None,0.0,0.0,25.4,0.0,100.4,None,0.0,0,0,246,0,2,0,2,Winter
2026-02-12,IC-VAN,Vanilla Ice Cream,Ice Cream,147,148.68,1.01,0,None,0.0,0.0,27.2,0.5,99.9,None,0.0,0,0,277,0,3,0,2,Winter
2026-02-13,IC-VAN,Vanilla Ice Cream,Ice Cream,95,95.22,1.01,0,None,0.0,0.0,22.2,0.2,97.1,None,0.0,0,1,173,0,4,0,2,Winter
2026-02-14,IC-VAN,Vanilla Ice Cream,Ice Cream,156,157.65,1.01,0,None,0.0,0.0,23.6,0.0,119.1,None,0.0,0,0,199,0,5,1,2,Winter
2026-02-15,IC-VAN,Vanilla Ice Cream,Ice Cream,128,125.83,1.01,0,None,0.0,0.0,23.3,3.4,99.5,None,0.0,0,0,238,0,6,1,2,Winter
2026-02-16,IC-VAN,Vanilla Ice Cream,Ice Cream,122,122.09,1.01,0,None,0.0,0.0,21.8,0.2,106.3,None,0.0,0,0,270,0,0,0,2,Winter
2026-02-17,IC-VAN,Vanilla Ice Cream,Ice Cream,138,142.49,1.01,0,None,0.0,0.0,24.9,2.0,100.1,None,0.0,0,0,209,0,1,0,2,Winter
2026-02-18,IC-VAN,Vanilla Ice Cream,Ice Cream,141,144.53,1.01,0,None,0.0,0.0,27.6,2.4,100.5,None,0.0,0,0,234,0,2,0,2,Winter
2026-02-19,IC-VAN,Vanilla Ice Cream,Ice Cream,71,73.22,1.02,0,None,0.0,0.0,25.8,0.0,111.2,None,0.0,0,0,91,1,3,0,2,Winter
2026-02-20,IC-VAN,Vanilla Ice Cream,Ice Cream,140,144.52,1.02,0,None,0.0,0.0,26.7,0.1,99.3,None,0.0,0,0,272,0,4,0,2,Winter
2026-02-21,IC-VAN,Vanilla Ice Cream,Ice Cream,193,197.59,1.02,0,None,0.0,0.0,28.4,1.8,109.6,None,0.0,0,0,351,0,5,1,2,Winter
2026-02-22,IC-VAN,Vanilla Ice Cream,Ice Cream,201,203.07,1.02,0,None,0.0,0.0,28.9,0.1,112.4,None,0.0,0,0,345,0,6,1,2,Winter
2026-02-23,IC-VAN,Vanilla Ice Cream,Ice Cream,168,168.57,1.02,0,None,0.0,0.0,26.5,0.0,105.3,None,0.0,0,0,256,0,0,0,2,Winter
2026-02-24,IC-VAN,Vanilla Ice Cream,Ice Cream,206,174.02,1.02,1,Festival Promo,18.0,3556.8,29.1,0.0,101.1,None,0.0,0,0,233,0,1,0,2,Winter
2026-02-25,IC-VAN,Vanilla Ice Cream,Ice Cream,181,156.5,1.02,1,Mango Festival,15.0,2927.37,27.0,0.0,95.6,None,0.0,0,1,279,0,2,0,2,Winter
2026-02-26,IC-VAN,Vanilla Ice Cream,Ice Cream,136,142.4,1.02,0,None,0.0,0.0,25.4,0.0,99.3,None,0.0,0,0,306,0,3,0,2,Winter
2026-02-27,IC-VAN,Vanilla Ice Cream,Ice Cream,142,143.75,1.02,0,None,0.0,0.0,25.9,0.1,110.1,None,0.0,0,0,175,0,4,0,2,Winter
2026-02-28,IC-VAN,Vanilla Ice Cream,Ice Cream,175,167.61,1.02,1,Bundle Offer,8.0,2149.42,24.4,0.0,114.2,None,0.0,0,0,229,0,5,1,2,Winter
2026-03-01,IC-VAN,Vanilla Ice Cream,Ice Cream,156,158.38,1.02,0,None,0.0,0.0,25.5,0.5,116.2,None,0.0,0,0,309,0,6,1,3,Summer
2026-03-02,IC-VAN,Vanilla Ice Cream,Ice Cream,163,168.49,1.02,0,None,0.0,0.0,26.6,0.7,113.2,Holi,0.8,1,0,273,0,0,0,3,Summer
2026-03-03,IC-VAN,Vanilla Ice Cream,Ice Cream,195,202.45,1.02,0,None,0.0,0.0,28.8,0.3,114.5,Holi,1.05,1,0,242,0,1,0,3,Summer
2026-03-04,IC-VAN,Vanilla Ice Cream,Ice Cream,229,230.19,1.02,0,None,0.0,0.0,30.5,0.0,129.6,Holi,1.3,1,0,252,0,2,0,3,Summer
2026-03-05,IC-VAN,Vanilla Ice Cream,Ice Cream,154,155.83,1.02,0,None,0.0,0.0,25.0,0.0,117.1,Holi,1.05,1,0,239,0,3,0,3,Summer
2026-03-06,IC-VAN,Vanilla Ice Cream,Ice Cream,191,192.03,1.02,0,None,0.0,0.0,28.3,0.5,112.7,Holi,0.8,1,0,306,0,4,0,3,Summer
2026-03-07,IC-VAN,Vanilla Ice Cream,Ice Cream,175,175.54,1.02,0,None,0.0,0.0,25.8,0.2,120.1,None,0.0,0,0,329,0,5,1,3,Summer
2026-03-08,IC-VAN,Vanilla Ice Cream,Ice Cream,197,202.21,1.02,0,None,0.0,0.0,28.6,0.3,111.1,None,0.0,0,0,358,0,6,1,3,Summer
2026-03-09,IC-VAN,Vanilla Ice Cream,Ice Cream,146,148.34,1.02,0,None,0.0,0.0,27.6,4.1,101.9,None,0.0,0,1,239,0,0,0,3,Summer
2026-03-10,IC-VAN,Vanilla Ice Cream,Ice Cream,122,124.34,1.02,0,None,0.0,0.0,24.7,0.3,105.0,None,0.0,0,0,209,0,1,0,3,Summer
2026-03-11,IC-VAN,Vanilla Ice Cream,Ice Cream,175,179.46,1.02,0,None,0.0,0.0,29.7,0.0,105.1,None,0.0,0,0,343,0,2,0,3,Summer
2026-03-12,IC-VAN,Vanilla Ice Cream,Ice Cream,153,152.4,1.02,0,None,0.0,0.0,27.1,0.1,106.5,None,0.0,0,0,297,0,3,0,3,Summer
2026-03-13,IC-VAN,Vanilla Ice Cream,Ice Cream,155,160.37,1.02,0,None,0.0,0.0,27.3,0.0,115.7,None,0.0,0,0,208,0,4,0,3,Summer
2026-03-14,IC-VAN,Vanilla Ice Cream,Ice Cream,167,169.46,1.02,0,None,0.0,0.0,26.4,0.0,117.1,None,0.0,0,0,296,0,5,1,3,Summer
2026-03-15,IC-VAN,Vanilla Ice Cream,Ice Cream,167,171.28,1.02,0,None,0.0,0.0,27.3,0.0,103.6,None,0.0,0,0,301,0,6,1,3,Summer
2026-03-16,IC-VAN,Vanilla Ice Cream,Ice Cream,161,165.32,1.02,0,None,0.0,0.0,29.3,2.8,107.2,None,0.0,0,1,218,0,0,0,3,Summer
2026-03-17,IC-VAN,Vanilla Ice Cream,Ice Cream,161,166.81,1.02,0,None,0.0,0.0,28.3,0.5,105.9,None,0.0,0,0,337,0,1,0,3,Summer
2026-03-18,IC-VAN,Vanilla Ice Cream,Ice Cream,162,164.93,1.02,0,None,0.0,0.0,29.3,0.0,106.0,None,0.0,0,0,229,0,2,0,3,Summer
2026-03-19,IC-VAN,Vanilla Ice Cream,Ice Cream,168,166.91,1.02,0,None,0.0,0.0,29.5,0.0,107.1,None,0.0,0,0,275,0,3,0,3,Summer
2026-03-20,IC-VAN,Vanilla Ice Cream,Ice Cream,189,192.83,1.02,0,None,0.0,0.0,31.3,0.2,105.8,None,0.0,0,0,287,0,4,0,3,Summer
2026-03-21,IC-VAN,Vanilla Ice Cream,Ice Cream,186,190.11,1.02,0,None,0.0,0.0,28.4,1.1,115.8,None,0.0,0,0,316,0,5,1,3,Summer
2026-03-22,IC-VAN,Vanilla Ice Cream,Ice Cream,177,178.24,1.02,0,None,0.0,0.0,26.4,1.4,119.2,None,0.0,0,0,341,0,6,1,3,Summer
2026-03-23,IC-VAN,Vanilla Ice Cream,Ice Cream,194,198.18,1.02,0,None,0.0,0.0,31.1,1.4,103.5,None,0.0,0,1,276,0,0,0,3,Summer
2026-03-24,IC-VAN,Vanilla Ice Cream,Ice Cream,160,162.46,1.02,0,None,0.0,0.0,28.7,0.1,101.6,None,0.0,0,0,241,0,1,0,3,Summer
2026-03-25,IC-VAN,Vanilla Ice Cream,Ice Cream,200,200.68,1.02,0,None,0.0,0.0,31.4,0.1,121.5,None,0.0,0,0,340,0,2,0,3,Summer
2026-03-26,IC-VAN,Vanilla Ice Cream,Ice Cream,225,196.62,1.02,1,Mango Festival,15.0,2310.78,30.2,0.1,102.9,None,0.0,0,1,397,0,3,0,3,Summer
2026-03-27,IC-VAN,Vanilla Ice Cream,Ice Cream,208,179.1,1.02,1,Mango Festival,15.0,2310.78,29.3,1.8,107.1,None,0.0,0,0,373,0,4,0,3,Summer
2026-03-28,IC-VAN,Vanilla Ice Cream,Ice Cream,258,222.58,1.02,1,Mango Festival,15.0,2310.78,30.3,0.3,109.2,None,0.0,0,0,398,0,5,1,3,Summer
2026-03-29,IC-VAN,Vanilla Ice Cream,Ice Cream,264,267.78,1.02,0,None,0.0,0.0,33.3,1.2,117.3,None,0.0,0,0,396,0,6,1,3,Summer
2026-03-30,IC-VAN,Vanilla Ice Cream,Ice Cream,218,225.65,1.02,0,None,0.0,0.0,33.6,0.0,102.1,None,0.0,0,0,360,0,0,0,3,Summer
2026-03-31,IC-VAN,Vanilla Ice Cream,Ice Cream,183,186.57,1.02,0,None,0.0,0.0,30.1,0.6,104.7,None,0.0,0,0,352,0,1,0,3,Summer
2026-04-01,IC-VAN,Vanilla Ice Cream,Ice Cream,193,197.05,1.02,0,None,0.0,0.0,30.3,0.4,112.2,None,0.0,0,0,214,0,2,0,4,Summer
2026-04-02,IC-VAN,Vanilla Ice Cream,Ice Cream,187,189.73,1.02,0,None,0.0,0.0,32.1,0.0,109.4,None,0.0,0,0,301,0,3,0,4,Summer
2026-04-03,IC-VAN,Vanilla Ice Cream,Ice Cream,210,193.85,1.02,1,Weekend Flash,10.0,1610.19,28.7,0.1,109.9,None,0.0,0,0,235,0,4,0,4,Summer
2026-04-04,IC-VAN,Vanilla Ice Cream,Ice Cream,264,246.27,1.02,1,Weekend Flash,10.0,1610.19,30.9,0.2,108.3,None,0.0,0,0,376,0,5,1,4,Summer
2026-04-05,IC-VAN,Vanilla Ice Cream,Ice Cream,276,255.33,1.02,1,Weekend Flash,10.0,1610.19,30.4,0.3,126.4,None,0.0,0,0,359,0,6,1,4,Summer
2026-04-06,IC-VAN,Vanilla Ice Cream,Ice Cream,224,207.31,1.02,1,Weekend Flash,10.0,1610.19,31.1,0.6,101.3,None,0.0,0,1,292,0,0,0,4,Summer
2026-04-07,IC-VAN,Vanilla Ice Cream,Ice Cream,175,179.78,1.02,0,None,0.0,0.0,29.1,0.1,115.0,None,0.0,0,0,337,0,1,0,4,Summer
2026-04-08,IC-VAN,Vanilla Ice Cream,Ice Cream,158,158.47,1.02,0,None,0.0,0.0,27.8,0.4,112.5,None,0.0,0,0,291,0,2,0,4,Summer
2026-04-09,IC-VAN,Vanilla Ice Cream,Ice Cream,154,155.4,1.02,0,None,0.0,0.0,27.0,0.1,110.3,None,0.0,0,0,264,0,3,0,4,Summer
2026-04-10,IC-VAN,Vanilla Ice Cream,Ice Cream,163,165.81,1.02,0,None,0.0,0.0,28.8,0.5,103.2,None,0.0,0,0,324,0,4,0,4,Summer
2026-04-11,IC-VAN,Vanilla Ice Cream,Ice Cream,223,225.42,1.02,0,None,0.0,0.0,30.1,0.2,118.3,None,0.0,0,0,258,0,5,1,4,Summer
2026-04-12,IC-VAN,Vanilla Ice Cream,Ice Cream,207,208.37,1.02,0,None,0.0,0.0,30.5,1.5,115.2,None,0.0,0,0,330,0,6,1,4,Summer
2026-04-13,IC-VAN,Vanilla Ice Cream,Ice Cream,212,211.3,1.02,0,None,0.0,0.0,34.6,0.3,107.8,None,0.0,0,0,256,0,0,0,4,Summer
2026-04-14,IC-VAN,Vanilla Ice Cream,Ice Cream,225,225.69,1.02,0,None,0.0,0.0,33.2,0.0,106.4,None,0.0,0,0,282,0,1,0,4,Summer
2026-04-15,IC-VAN,Vanilla Ice Cream,Ice Cream,163,165.66,1.02,0,None,0.0,0.0,29.6,0.2,97.5,None,0.0,0,0,212,0,2,0,4,Summer
2026-04-16,IC-VAN,Vanilla Ice Cream,Ice Cream,200,203.7,1.02,0,None,0.0,0.0,32.0,0.1,113.3,None,0.0,0,0,307,0,3,0,4,Summer
2026-04-17,IC-VAN,Vanilla Ice Cream,Ice Cream,179,180.71,1.02,0,None,0.0,0.0,30.7,2.5,107.4,None,0.0,0,1,299,0,4,0,4,Summer
2026-04-18,IC-VAN,Vanilla Ice Cream,Ice Cream,227,231.57,1.02,0,None,0.0,0.0,31.0,0.0,115.4,None,0.0,0,0,367,0,5,1,4,Summer
2026-04-19,IC-VAN,Vanilla Ice Cream,Ice Cream,229,232.15,1.02,0,None,0.0,0.0,32.0,0.4,115.0,None,0.0,0,0,319,0,6,1,4,Summer
2026-04-20,IC-VAN,Vanilla Ice Cream,Ice Cream,206,212.66,1.02,0,None,0.0,0.0,32.8,0.2,109.6,None,0.0,0,0,376,0,0,0,4,Summer
2026-04-21,IC-VAN,Vanilla Ice Cream,Ice Cream,193,196.26,1.02,0,None,0.0,0.0,31.2,0.0,103.4,None,0.0,0,0,272,0,1,0,4,Summer
2026-04-22,IC-VAN,Vanilla Ice Cream,Ice Cream,202,207.51,1.02,0,None,0.0,0.0,33.8,0.8,96.6,None,0.0,0,0,247,0,2,0,4,Summer
2026-04-23,IC-VAN,Vanilla Ice Cream,Ice Cream,184,187.88,1.02,0,None,0.0,0.0,29.9,0.0,110.0,None,0.0,0,1,209,0,3,0,4,Summer
2026-04-24,IC-VAN,Vanilla Ice Cream,Ice Cream,206,206.28,1.02,0,None,0.0,0.0,32.0,0.7,110.5,None,0.0,0,0,246,0,4,0,4,Summer
2026-04-25,IC-VAN,Vanilla Ice Cream,Ice Cream,264,268.56,1.02,0,None,0.0,0.0,36.8,0.0,117.0,None,0.0,0,0,355,0,5,1,4,Summer
2026-04-26,IC-VAN,Vanilla Ice Cream,Ice Cream,240,240.75,1.02,0,None,0.0,0.0,32.6,0.3,112.2,None,0.0,0,0,326,0,6,1,4,Summer
2026-04-27,IC-VAN,Vanilla Ice Cream,Ice Cream,239,243.01,1.02,0,None,0.0,0.0,34.8,1.7,108.4,None,0.0,0,0,395,0,0,0,4,Summer
2026-04-28,IC-VAN,Vanilla Ice Cream,Ice Cream,205,206.81,1.02,0,None,0.0,0.0,32.5,0.3,100.7,None,0.0,0,0,245,0,1,0,4,Summer
2026-04-29,IC-VAN,Vanilla Ice Cream,Ice Cream,210,214.71,1.02,0,None,0.0,0.0,33.5,0.6,102.9,None,0.0,0,0,271,0,2,0,4,Summer
2026-04-30,IC-VAN,Vanilla Ice Cream,Ice Cream,233,205.29,1.02,1,Payday Campaign,12.0,2238.92,32.4,0.1,104.2,None,0.0,0,0,409,0,3,0,4,Summer
2026-05-01,IC-VAN,Vanilla Ice Cream,Ice Cream,243,217.61,1.02,1,Payday Campaign,12.0,2238.92,32.3,0.5,112.2,None,0.0,0,0,267,0,4,0,5,Summer
2026-05-02,IC-VAN,Vanilla Ice Cream,Ice Cream,236,241.73,1.02,0,None,0.0,0.0,31.2,0.0,116.2,None,0.0,0,0,323,0,5,1,5,Summer
2026-05-03,IC-VAN,Vanilla Ice Cream,Ice Cream,264,271.44,1.02,0,None,0.0,0.0,33.5,1.6,115.8,None,0.0,0,0,315,0,6,1,5,Summer
2026-05-04,IC-VAN,Vanilla Ice Cream,Ice Cream,206,207.56,1.02,0,None,0.0,0.0,31.2,0.6,117.8,None,0.0,0,0,311,0,0,0,5,Summer
2026-05-05,IC-VAN,Vanilla Ice Cream,Ice Cream,277,230.99,1.02,1,Festival Promo,18.0,4030.5,34.0,0.0,109.7,None,0.0,0,0,452,0,1,0,5,Summer
2026-05-06,IC-VAN,Vanilla Ice Cream,Ice Cream,205,208.85,1.02,0,None,0.0,0.0,34.9,0.0,109.7,None,0.0,0,0,261,0,2,0,5,Summer
2026-05-07,IC-VAN,Vanilla Ice Cream,Ice Cream,214,221.54,1.02,0,None,0.0,0.0,33.6,2.5,106.1,None,0.0,0,0,293,0,3,0,5,Summer
2026-05-08,IC-VAN,Vanilla Ice Cream,Ice Cream,120,119.77,1.02,0,None,0.0,0.0,32.5,0.4,105.0,None,0.0,0,0,211,1,4,0,5,Summer
2026-05-09,IC-VAN,Vanilla Ice Cream,Ice Cream,235,236.14,1.02,0,None,0.0,0.0,33.9,0.0,107.0,None,0.0,0,0,382,0,5,1,5,Summer
2026-05-10,IC-VAN,Vanilla Ice Cream,Ice Cream,248,260.38,1.02,0,None,0.0,0.0,32.6,0.1,122.8,None,0.0,0,0,425,0,6,1,5,Summer
2026-05-11,IC-VAN,Vanilla Ice Cream,Ice Cream,218,220.66,1.02,0,None,0.0,0.0,34.9,0.0,110.1,None,0.0,0,1,253,0,0,0,5,Summer
2026-05-12,IC-VAN,Vanilla Ice Cream,Ice Cream,182,180.59,1.02,0,None,0.0,0.0,30.0,0.1,107.0,None,0.0,0,0,280,0,1,0,5,Summer
2026-05-13,IC-VAN,Vanilla Ice Cream,Ice Cream,206,207.64,1.02,0,None,0.0,0.0,32.7,0.0,107.2,None,0.0,0,0,346,0,2,0,5,Summer
2026-05-14,IC-VAN,Vanilla Ice Cream,Ice Cream,180,176.6,1.01,0,None,0.0,0.0,29.8,1.8,111.5,None,0.0,0,0,201,0,3,0,5,Summer
2026-05-15,IC-VAN,Vanilla Ice Cream,Ice Cream,171,174.0,1.01,0,None,0.0,0.0,30.8,0.6,100.0,None,0.0,0,1,319,0,4,0,5,Summer
2026-05-16,IC-VAN,Vanilla Ice Cream,Ice Cream,112,114.71,1.01,0,None,0.0,0.0,36.0,0.1,114.8,None,0.0,0,1,170,1,5,1,5,Summer
2026-05-17,IC-VAN,Vanilla Ice Cream,Ice Cream,238,238.72,1.01,0,None,0.0,0.0,35.2,0.7,112.0,None,0.0,0,0,340,0,6,1,5,Summer
2026-05-18,IC-VAN,Vanilla Ice Cream,Ice Cream,189,190.54,1.01,0,None,0.0,0.0,32.3,0.0,116.5,None,0.0,0,0,365,0,0,0,5,Summer
2026-05-19,IC-VAN,Vanilla Ice Cream,Ice Cream,193,197.8,1.01,0,None,0.0,0.0,31.0,2.8,112.0,None,0.0,0,0,314,0,1,0,5,Summer
2026-05-20,IC-VAN,Vanilla Ice Cream,Ice Cream,148,146.83,1.01,0,None,0.0,0.0,28.4,0.0,96.6,None,0.0,0,0,326,0,2,0,5,Summer
2026-05-21,IC-VAN,Vanilla Ice Cream,Ice Cream,203,202.4,1.01,0,None,0.0,0.0,32.8,0.2,100.0,None,0.0,0,0,319,0,3,0,5,Summer
2026-05-22,IC-VAN,Vanilla Ice Cream,Ice Cream,219,221.21,1.01,0,None,0.0,0.0,38.2,0.0,106.8,None,0.0,0,0,272,0,4,0,5,Summer
2026-05-23,IC-VAN,Vanilla Ice Cream,Ice Cream,294,265.52,1.01,1,Weekend Flash,10.0,1635.44,34.6,0.9,115.1,None,0.0,0,0,424,0,5,1,5,Summer
2026-05-24,IC-VAN,Vanilla Ice Cream,Ice Cream,287,260.56,1.01,1,Weekend Flash,10.0,1635.44,32.9,0.5,110.8,None,0.0,0,0,405,0,6,1,5,Summer
2026-05-25,IC-VAN,Vanilla Ice Cream,Ice Cream,213,212.3,1.01,0,None,0.0,0.0,34.8,0.1,117.1,None,0.0,0,0,282,0,0,0,5,Summer
2026-05-26,IC-VAN,Vanilla Ice Cream,Ice Cream,173,175.49,1.01,0,None,0.0,0.0,31.2,0.2,108.9,None,0.0,0,0,205,0,1,0,5,Summer
2026-05-27,IC-VAN,Vanilla Ice Cream,Ice Cream,211,213.05,1.01,0,None,0.0,0.0,33.5,0.4,109.6,None,0.0,0,0,334,0,2,0,5,Summer
2026-05-28,IC-VAN,Vanilla Ice Cream,Ice Cream,204,207.65,1.01,0,None,0.0,0.0,34.2,0.4,103.7,None,0.0,0,0,316,0,3,0,5,Summer
2026-05-29,IC-VAN,Vanilla Ice Cream,Ice Cream,210,212.81,1.01,0,None,0.0,0.0,33.9,1.3,110.7,None,0.0,0,0,353,0,4,0,5,Summer
2026-05-30,IC-VAN,Vanilla Ice Cream,Ice Cream,265,268.49,1.01,0,None,0.0,0.0,35.6,2.7,115.1,None,0.0,0,1,305,0,5,1,5,Summer
2026-05-31,IC-VAN,Vanilla Ice Cream,Ice Cream,239,237.28,1.01,0,None,0.0,0.0,34.8,0.2,115.6,None,0.0,0,1,345,0,6,1,5,Summer
2026-06-01,IC-VAN,Vanilla Ice Cream,Ice Cream,215,218.45,1.01,0,None,0.0,0.0,35.4,0.9,110.0,None,0.0,0,0,365,0,0,0,6,Monsoon
2026-06-02,IC-VAN,Vanilla Ice Cream,Ice Cream,189,190.09,1.01,0,None,0.0,0.0,33.0,13.9,98.7,None,0.0,0,0,351,0,1,0,6,Monsoon
2026-06-03,IC-VAN,Vanilla Ice Cream,Ice Cream,222,223.65,1.01,0,None,0.0,0.0,35.9,6.3,114.8,None,0.0,0,0,392,0,2,0,6,Monsoon
2026-06-04,IC-VAN,Vanilla Ice Cream,Ice Cream,212,216.63,1.01,0,None,0.0,0.0,37.2,4.8,107.6,None,0.0,0,0,265,0,3,0,6,Monsoon
2026-06-05,IC-VAN,Vanilla Ice Cream,Ice Cream,205,205.03,1.01,0,None,0.0,0.0,32.6,4.7,113.0,None,0.0,0,0,252,0,4,0,6,Monsoon
2026-06-06,IC-VAN,Vanilla Ice Cream,Ice Cream,228,233.67,1.01,0,None,0.0,0.0,32.7,5.5,111.2,None,0.0,0,1,340,0,5,1,6,Monsoon
2026-06-07,IC-VAN,Vanilla Ice Cream,Ice Cream,241,247.19,1.01,0,None,0.0,0.0,36.8,4.2,111.8,None,0.0,0,1,335,0,6,1,6,Monsoon
2026-06-08,IC-VAN,Vanilla Ice Cream,Ice Cream,211,214.59,1.01,0,None,0.0,0.0,34.0,9.2,100.6,None,0.0,0,0,268,0,0,0,6,Monsoon
2026-06-09,IC-VAN,Vanilla Ice Cream,Ice Cream,223,222.05,1.01,0,None,0.0,0.0,36.9,4.3,107.5,None,0.0,0,1,259,0,1,0,6,Monsoon
2026-06-10,IC-VAN,Vanilla Ice Cream,Ice Cream,211,206.96,1.01,0,None,0.0,0.0,33.6,6.3,106.5,None,0.0,0,0,253,0,2,0,6,Monsoon
2026-06-11,IC-VAN,Vanilla Ice Cream,Ice Cream,249,215.88,1.01,1,Mango Festival,15.0,2170.22,37.0,0.5,103.8,None,0.0,0,1,323,0,3,0,6,Monsoon
2026-06-12,IC-VAN,Vanilla Ice Cream,Ice Cream,255,218.48,1.01,1,Mango Festival,15.0,2170.22,34.7,6.3,101.0,None,0.0,0,0,393,0,4,0,6,Monsoon
2026-06-13,IC-VAN,Vanilla Ice Cream,Ice Cream,320,271.27,1.01,1,Mango Festival,15.0,2170.22,34.9,4.1,109.6,None,0.0,0,0,350,0,5,1,6,Monsoon
2026-06-14,IC-VAN,Vanilla Ice Cream,Ice Cream,297,272.68,1.01,1,Weekend Flash,10.0,1931.25,37.3,13.2,115.6,None,0.0,0,0,333,0,6,1,6,Monsoon
2026-06-15,IC-VAN,Vanilla Ice Cream,Ice Cream,256,229.3,1.01,1,Weekend Flash,10.0,1931.25,33.8,5.0,103.4,None,0.0,0,0,318,0,0,0,6,Monsoon
2026-06-16,IC-VAN,Vanilla Ice Cream,Ice Cream,121,108.92,1.01,1,Weekend Flash,10.0,1931.25,32.8,11.7,102.2,None,0.0,0,0,280,1,1,0,6,Monsoon
2026-06-17,IC-VAN,Vanilla Ice Cream,Ice Cream,252,229.36,1.0,1,Weekend Flash,10.0,1931.25,33.7,10.7,113.3,None,0.0,0,0,430,0,2,0,6,Monsoon
2026-06-18,IC-VAN,Vanilla Ice Cream,Ice Cream,212,210.14,1.0,0,None,0.0,0.0,35.3,10.9,105.0,None,0.0,0,0,302,0,3,0,6,Monsoon
2026-06-19,IC-VAN,Vanilla Ice Cream,Ice Cream,195,195.58,1.0,0,None,0.0,0.0,31.7,5.1,111.7,None,0.0,0,0,222,0,4,0,6,Monsoon
2026-06-20,IC-VAN,Vanilla Ice Cream,Ice Cream,283,264.81,1.0,1,Bundle Offer,8.0,2136.66,35.6,6.7,112.6,None,0.0,0,1,304,0,5,1,6,Monsoon
2026-06-21,IC-VAN,Vanilla Ice Cream,Ice Cream,283,261.97,1.0,1,Bundle Offer,8.0,2136.66,33.5,9.0,116.4,None,0.0,0,0,440,0,6,1,6,Monsoon
2026-06-22,IC-VAN,Vanilla Ice Cream,Ice Cream,268,223.78,1.0,1,Festival Promo,18.0,2832.56,36.6,6.8,104.8,None,0.0,0,0,359,0,0,0,6,Monsoon
2026-06-23,IC-VAN,Vanilla Ice Cream,Ice Cream,221,184.23,1.0,1,Festival Promo,18.0,2832.56,30.2,5.0,96.4,None,0.0,0,0,253,0,1,0,6,Monsoon
2026-06-24,IC-VAN,Vanilla Ice Cream,Ice Cream,270,222.0,1.0,1,Festival Promo,18.0,2832.56,33.1,2.5,112.0,None,0.0,0,0,423,0,2,0,6,Monsoon
2026-06-25,IC-VAN,Vanilla Ice Cream,Ice Cream,246,196.51,1.0,1,Festival Promo,18.0,2832.56,31.4,6.4,104.0,None,0.0,0,0,350,0,3,0,6,Monsoon
2026-06-26,IC-VAN,Vanilla Ice Cream,Ice Cream,203,200.69,1.0,0,None,0.0,0.0,33.0,1.1,108.3,None,0.0,0,0,278,0,4,0,6,Monsoon
2026-06-27,IC-VAN,Vanilla Ice Cream,Ice Cream,242,244.6,1.0,0,None,0.0,0.0,34.9,0.4,110.7,None,0.0,0,0,334,0,5,1,6,Monsoon
2026-06-28,IC-VAN,Vanilla Ice Cream,Ice Cream,257,252.53,1.0,0,None,0.0,0.0,34.1,1.9,113.5,None,0.0,0,0,313,0,6,1,6,Monsoon
2026-06-29,IC-VAN,Vanilla Ice Cream,Ice Cream,208,207.37,1.0,0,None,0.0,0.0,34.0,10.8,99.9,None,0.0,0,0,377,0,0,0,6,Monsoon
2026-06-30,IC-VAN,Vanilla Ice Cream,Ice Cream,203,203.94,1.0,0,None,0.0,0.0,34.1,7.7,110.3,None,0.0,0,0,349,0,1,0,6,Monsoon
2026-07-01,IC-VAN,Vanilla Ice Cream,Ice Cream,199,202.55,1.0,0,None,0.0,0.0,34.8,10.9,105.6,None,0.0,0,0,250,0,2,0,7,Monsoon
2026-07-02,IC-VAN,Vanilla Ice Cream,Ice Cream,199,197.6,1.0,0,None,0.0,0.0,32.6,3.2,105.7,None,0.0,0,1,336,0,3,0,7,Monsoon
2026-07-03,IC-VAN,Vanilla Ice Cream,Ice Cream,209,207.29,1.0,0,None,0.0,0.0,35.6,14.2,110.6,None,0.0,0,0,257,0,4,0,7,Monsoon
2026-07-04,IC-VAN,Vanilla Ice Cream,Ice Cream,251,250.64,1.0,0,None,0.0,0.0,35.5,1.3,119.4,None,0.0,0,0,343,0,5,1,7,Monsoon
2026-07-05,IC-VAN,Vanilla Ice Cream,Ice Cream,257,257.78,1.0,0,None,0.0,0.0,35.0,2.0,117.4,None,0.0,0,0,396,0,6,1,7,Monsoon
2026-07-06,IC-VAN,Vanilla Ice Cream,Ice Cream,206,205.31,1.0,0,None,0.0,0.0,35.3,14.0,96.3,None,0.0,0,0,231,0,0,0,7,Monsoon
2026-07-07,IC-VAN,Vanilla Ice Cream,Ice Cream,212,214.27,1.0,0,None,0.0,0.0,34.8,7.3,99.8,None,0.0,0,0,348,0,1,0,7,Monsoon
2026-07-08,IC-VAN,Vanilla Ice Cream,Ice Cream,187,184.8,1.0,0,None,0.0,0.0,37.9,11.0,98.1,None,0.0,0,0,243,0,2,0,7,Monsoon
2026-07-09,IC-VAN,Vanilla Ice Cream,Ice Cream,264,216.24,1.0,1,Festival Promo,18.0,3402.85,34.1,7.8,106.7,None,0.0,0,0,395,0,3,0,7,Monsoon
2026-07-10,IC-VAN,Vanilla Ice Cream,Ice Cream,263,216.19,1.0,1,Festival Promo,18.0,3402.85,33.6,3.7,103.8,None,0.0,0,0,362,0,4,0,7,Monsoon
2026-07-11,IC-VAN,Vanilla Ice Cream,Ice Cream,218,216.26,1.0,0,None,0.0,0.0,32.8,1.7,105.8,None,0.0,0,0,242,0,5,1,7,Monsoon
2026-07-12,IC-VAN,Vanilla Ice Cream,Ice Cream,223,224.45,1.0,0,None,0.0,0.0,32.3,0.6,111.7,None,0.0,0,0,364,0,6,1,7,Monsoon
2026-07-13,IC-VAN,Vanilla Ice Cream,Ice Cream,175,174.63,1.0,0,None,0.0,0.0,31.8,22.9,95.0,None,0.0,0,0,236,0,0,0,7,Monsoon
2026-07-14,IC-VAN,Vanilla Ice Cream,Ice Cream,192,193.0,1.0,0,None,0.0,0.0,32.4,0.9,102.1,None,0.0,0,0,364,0,1,0,7,Monsoon
2026-07-15,IC-VAN,Vanilla Ice Cream,Ice Cream,210,209.53,1.0,0,None,0.0,0.0,33.9,18.2,94.0,None,0.0,0,0,364,0,2,0,7,Monsoon
2026-07-16,IC-VAN,Vanilla Ice Cream,Ice Cream,221,220.91,1.0,0,None,0.0,0.0,34.6,6.9,104.8,None,0.0,0,0,271,0,3,0,7,Monsoon
2026-07-17,IC-VAN,Vanilla Ice Cream,Ice Cream,235,213.44,0.99,1,Bundle Offer,8.0,2001.94,34.0,8.0,103.9,None,0.0,0,0,351,0,4,0,7,Monsoon
2026-07-18,IC-VAN,Vanilla Ice Cream,Ice Cream,242,238.83,0.99,0,None,0.0,0.0,32.5,7.5,121.4,None,0.0,0,0,319,0,5,1,7,Monsoon
2026-07-19,IC-VAN,Vanilla Ice Cream,Ice Cream,252,254.2,0.99,0,None,0.0,0.0,35.5,9.9,116.0,None,0.0,0,0,368,0,6,1,7,Monsoon
2026-07-20,IC-VAN,Vanilla Ice Cream,Ice Cream,205,205.28,0.99,0,None,0.0,0.0,35.1,2.9,99.5,None,0.0,0,0,314,0,0,0,7,Monsoon
2026-07-21,IC-VAN,Vanilla Ice Cream,Ice Cream,207,203.12,0.99,0,None,0.0,0.0,33.5,0.3,105.5,None,0.0,0,0,274,0,1,0,7,Monsoon
2026-07-22,IC-VAN,Vanilla Ice Cream,Ice Cream,190,189.1,0.99,0,None,0.0,0.0,32.5,3.6,94.3,None,0.0,0,0,314,0,2,0,7,Monsoon
2026-07-23,IC-VAN,Vanilla Ice Cream,Ice Cream,213,205.44,0.99,0,None,0.0,0.0,34.6,9.2,96.4,None,0.0,0,0,274,0,3,0,7,Monsoon
2026-07-24,IC-VAN,Vanilla Ice Cream,Ice Cream,213,209.94,0.99,0,None,0.0,0.0,33.9,2.0,102.7,None,0.0,0,0,378,0,4,0,7,Monsoon
2026-07-25,IC-VAN,Vanilla Ice Cream,Ice Cream,197,197.71,0.99,0,None,0.0,0.0,30.9,14.5,100.1,None,0.0,0,0,368,0,5,1,7,Monsoon
2026-07-26,IC-VAN,Vanilla Ice Cream,Ice Cream,245,242.64,0.99,0,None,0.0,0.0,33.4,5.6,110.6,None,0.0,0,0,291,0,6,1,7,Monsoon
2026-07-27,IC-VAN,Vanilla Ice Cream,Ice Cream,206,204.55,0.99,0,None,0.0,0.0,33.9,1.8,95.5,None,0.0,0,0,342,0,0,0,7,Monsoon
2026-07-28,IC-VAN,Vanilla Ice Cream,Ice Cream,187,178.65,0.99,0,None,0.0,0.0,31.8,7.2,101.0,None,0.0,0,0,355,0,1,0,7,Monsoon
2026-07-29,IC-VAN,Vanilla Ice Cream,Ice Cream,207,204.16,0.99,0,None,0.0,0.0,33.7,9.1,95.0,None,0.0,0,0,247,0,2,0,7,Monsoon
2026-07-30,IC-VAN,Vanilla Ice Cream,Ice Cream,177,176.05,0.99,0,None,0.0,0.0,30.6,9.7,102.3,None,0.0,0,0,315,0,3,0,7,Monsoon
2026-07-31,IC-VAN,Vanilla Ice Cream,Ice Cream,204,203.15,0.99,0,None,0.0,0.0,35.6,14.0,100.2,None,0.0,0,1,374,0,4,0,7,Monsoon
2026-08-01,IC-VAN,Vanilla Ice Cream,Ice Cream,250,250.36,0.99,0,None,0.0,0.0,35.4,1.1,117.0,None,0.0,0,0,306,0,5,1,8,Monsoon
2026-08-02,IC-VAN,Vanilla Ice Cream,Ice Cream,216,213.24,0.99,0,None,0.0,0.0,32.6,14.0,109.8,None,0.0,0,0,329,0,6,1,8,Monsoon
2026-08-03,IC-VAN,Vanilla Ice Cream,Ice Cream,199,196.5,0.99,0,None,0.0,0.0,33.7,15.0,95.8,None,0.0,0,0,346,0,0,0,8,Monsoon
2026-08-04,IC-VAN,Vanilla Ice Cream,Ice Cream,149,145.03,0.99,0,None,0.0,0.0,28.6,1.7,98.3,None,0.0,0,0,222,0,1,0,8,Monsoon
2026-08-05,IC-VAN,Vanilla Ice Cream,Ice Cream,162,159.8,0.99,0,None,0.0,0.0,30.8,2.2,92.7,None,0.0,0,0,220,0,2,0,8,Monsoon
2026-08-06,IC-VAN,Vanilla Ice Cream,Ice Cream,201,195.69,0.99,0,None,0.0,0.0,32.3,11.4,101.3,None,0.0,0,0,284,0,3,0,8,Monsoon
2026-08-07,IC-VAN,Vanilla Ice Cream,Ice Cream,181,174.91,0.99,0,None,0.0,0.0,30.8,4.3,102.1,None,0.0,0,0,254,0,4,0,8,Monsoon
2026-08-08,IC-VAN,Vanilla Ice Cream,Ice Cream,253,246.71,0.99,0,None,0.0,0.0,34.0,16.8,121.3,None,0.0,0,0,389,0,5,1,8,Monsoon
2026-08-09,IC-VAN,Vanilla Ice Cream,Ice Cream,236,237.33,0.99,0,None,0.0,0.0,36.2,20.3,105.7,None,0.0,0,0,315,0,6,1,8,Monsoon
2026-08-10,IC-VAN,Vanilla Ice Cream,Ice Cream,173,170.28,0.99,0,None,0.0,0.0,30.4,1.8,97.4,None,0.0,0,0,253,0,0,0,8,Monsoon
2026-08-11,IC-VAN,Vanilla Ice Cream,Ice Cream,182,180.14,0.99,0,None,0.0,0.0,31.0,2.8,95.7,None,0.0,0,0,353,0,1,0,8,Monsoon
2026-08-12,IC-VAN,Vanilla Ice Cream,Ice Cream,188,184.4,0.99,0,None,0.0,0.0,32.8,6.9,99.5,None,0.0,0,0,300,0,2,0,8,Monsoon
2026-08-13,IC-VAN,Vanilla Ice Cream,Ice Cream,204,196.96,0.99,0,None,0.0,0.0,35.2,0.3,100.2,None,0.0,0,0,372,0,3,0,8,Monsoon
2026-08-14,IC-VAN,Vanilla Ice Cream,Ice Cream,174,173.57,0.99,0,None,0.0,0.0,30.0,0.6,97.9,None,0.0,0,0,307,0,4,0,8,Monsoon
2026-08-15,IC-VAN,Vanilla Ice Cream,Ice Cream,251,241.08,0.99,0,None,0.0,0.0,32.6,2.5,125.2,Independence Day,0.9,1,0,412,0,5,1,8,Monsoon
2026-08-16,IC-VAN,Vanilla Ice Cream,Ice Cream,240,235.05,0.99,0,None,0.0,0.0,35.4,25.6,104.8,None,0.0,0,0,291,0,6,1,8,Monsoon
2026-08-17,IC-VAN,Vanilla Ice Cream,Ice Cream,158,155.64,0.99,0,None,0.0,0.0,29.0,7.8,102.7,None,0.0,0,0,328,0,0,0,8,Monsoon
2026-08-18,IC-VAN,Vanilla Ice Cream,Ice Cream,164,162.06,0.99,0,None,0.0,0.0,29.6,3.3,100.3,None,0.0,0,0,335,0,1,0,8,Monsoon
2026-08-19,IC-VAN,Vanilla Ice Cream,Ice Cream,174,169.93,0.99,0,None,0.0,0.0,31.1,2.1,97.5,None,0.0,0,0,200,0,2,0,8,Monsoon
2026-08-20,IC-VAN,Vanilla Ice Cream,Ice Cream,175,168.57,0.98,0,None,0.0,0.0,30.8,1.7,95.8,None,0.0,0,0,251,0,3,0,8,Monsoon
2026-08-21,IC-VAN,Vanilla Ice Cream,Ice Cream,219,213.59,0.98,0,None,0.0,0.0,33.1,3.6,109.4,None,0.0,0,0,305,0,4,0,8,Monsoon
2026-08-22,IC-VAN,Vanilla Ice Cream,Ice Cream,218,212.7,0.98,0,None,0.0,0.0,32.0,3.4,103.0,None,0.0,0,0,305,0,5,1,8,Monsoon
2026-08-23,IC-VAN,Vanilla Ice Cream,Ice Cream,185,180.41,0.98,0,None,0.0,0.0,28.3,5.1,108.5,None,0.0,0,0,329,0,6,1,8,Monsoon
2026-08-24,IC-VAN,Vanilla Ice Cream,Ice Cream,201,200.11,0.98,0,None,0.0,0.0,32.4,9.5,93.1,None,0.0,0,0,332,0,0,0,8,Monsoon
2026-08-25,IC-VAN,Vanilla Ice Cream,Ice Cream,171,165.8,0.98,0,None,0.0,0.0,30.3,5.8,105.7,None,0.0,0,0,225,0,1,0,8,Monsoon
2026-08-26,IC-VAN,Vanilla Ice Cream,Ice Cream,217,214.23,0.98,0,None,0.0,0.0,33.6,12.0,101.1,None,0.0,0,0,334,0,2,0,8,Monsoon
2026-08-27,IC-VAN,Vanilla Ice Cream,Ice Cream,166,163.57,0.98,0,None,0.0,0.0,30.0,4.8,93.1,None,0.0,0,0,341,0,3,0,8,Monsoon
2026-08-28,IC-VAN,Vanilla Ice Cream,Ice Cream,207,205.89,0.98,0,None,0.0,0.0,29.9,21.5,111.9,Raksha Bandhan,1.0,1,0,297,0,4,0,8,Monsoon
2026-08-29,IC-VAN,Vanilla Ice Cream,Ice Cream,230,225.76,0.98,0,None,0.0,0.0,32.0,11.7,107.5,None,0.0,0,0,398,0,5,1,8,Monsoon
2026-08-30,IC-VAN,Vanilla Ice Cream,Ice Cream,227,225.25,0.98,0,None,0.0,0.0,32.3,7.6,103.5,None,0.0,0,0,350,0,6,1,8,Monsoon
2026-08-31,IC-VAN,Vanilla Ice Cream,Ice Cream,184,180.46,0.98,0,None,0.0,0.0,31.6,9.5,99.8,None,0.0,0,0,351,0,0,0,8,Monsoon
2026-09-01,IC-VAN,Vanilla Ice Cream,Ice Cream,142,140.26,0.98,0,None,0.0,0.0,27.7,3.7,97.8,None,0.0,0,0,306,0,1,0,9,Monsoon
2026-09-02,IC-VAN,Vanilla Ice Cream,Ice Cream,184,177.51,0.98,0,None,0.0,0.0,31.6,5.0,96.8,None,0.0,0,0,206,0,2,0,9,Monsoon
2026-09-03,IC-VAN,Vanilla Ice Cream,Ice Cream,162,154.09,0.98,0,None,0.0,0.0,28.7,4.8,95.4,None,0.0,0,0,310,0,3,0,9,Monsoon
2026-09-04,IC-VAN,Vanilla Ice Cream,Ice Cream,177,174.62,0.98,0,None,0.0,0.0,30.9,2.9,97.7,None,0.0,0,0,227,0,4,0,9,Monsoon
2026-09-05,IC-VAN,Vanilla Ice Cream,Ice Cream,175,172.73,0.98,0,None,0.0,0.0,27.8,1.3,106.6,None,0.0,0,0,326,0,5,1,9,Monsoon
2026-09-06,IC-VAN,Vanilla Ice Cream,Ice Cream,212,209.33,0.98,0,None,0.0,0.0,31.1,9.9,105.6,None,0.0,0,1,361,0,6,1,9,Monsoon
2026-09-07,IC-VAN,Vanilla Ice Cream,Ice Cream,161,157.05,0.98,0,None,0.0,0.0,28.7,13.5,92.0,None,0.0,0,0,222,0,0,0,9,Monsoon
2026-09-08,IC-VAN,Vanilla Ice Cream,Ice Cream,160,159.85,0.98,0,None,0.0,0.0,27.8,8.8,103.6,None,0.0,0,0,190,0,1,0,9,Monsoon
2026-09-09,IC-VAN,Vanilla Ice Cream,Ice Cream,171,166.89,0.98,0,None,0.0,0.0,31.3,5.8,89.7,None,0.0,0,0,258,0,2,0,9,Monsoon
2026-09-10,IC-VAN,Vanilla Ice Cream,Ice Cream,167,164.7,0.98,0,None,0.0,0.0,30.3,28.7,97.0,None,0.0,0,0,235,0,3,0,9,Monsoon
2026-09-11,IC-VAN,Vanilla Ice Cream,Ice Cream,158,156.13,0.98,0,None,0.0,0.0,28.7,3.3,93.2,None,0.0,0,0,266,0,4,0,9,Monsoon
2026-09-12,IC-VAN,Vanilla Ice Cream,Ice Cream,246,246.32,0.98,0,None,0.0,0.0,32.3,7.9,113.5,None,0.0,0,0,279,0,5,1,9,Monsoon
2026-09-13,IC-VAN,Vanilla Ice Cream,Ice Cream,194,189.58,0.98,0,None,0.0,0.0,28.8,15.0,100.1,None,0.0,0,0,221,0,6,1,9,Monsoon
2026-09-14,IC-VAN,Vanilla Ice Cream,Ice Cream,153,148.89,0.98,0,None,0.0,0.0,29.6,1.9,90.8,None,0.0,0,0,242,0,0,0,9,Monsoon
2026-09-15,IC-VAN,Vanilla Ice Cream,Ice Cream,205,161.9,0.98,1,Festival Promo,18.0,3183.92,29.9,10.5,89.5,None,0.0,0,0,348,0,1,0,9,Monsoon
2026-09-16,IC-VAN,Vanilla Ice Cream,Ice Cream,185,151.54,0.98,1,Festival Promo,18.0,3183.92,28.2,22.5,95.9,None,0.0,0,0,255,0,2,0,9,Monsoon
2026-09-17,IC-VAN,Vanilla Ice Cream,Ice Cream,206,166.48,0.98,1,Festival Promo,18.0,3183.92,30.1,6.3,87.3,None,0.0,0,0,277,0,3,0,9,Monsoon
2026-09-18,IC-VAN,Vanilla Ice Cream,Ice Cream,162,159.7,0.98,0,None,0.0,0.0,28.2,7.3,91.7,None,0.0,0,0,208,0,4,0,9,Monsoon
2026-09-19,IC-VAN,Vanilla Ice Cream,Ice Cream,166,168.84,0.98,0,None,0.0,0.0,28.3,3.3,93.2,None,0.0,0,0,231,0,5,1,9,Monsoon
2026-09-20,IC-VAN,Vanilla Ice Cream,Ice Cream,207,203.72,0.98,0,None,0.0,0.0,31.4,9.4,105.1,None,0.0,0,0,274,0,6,1,9,Monsoon
2026-09-21,IC-VAN,Vanilla Ice Cream,Ice Cream,133,128.34,0.98,0,None,0.0,0.0,27.0,2.8,91.3,None,0.0,0,0,194,0,0,0,9,Monsoon
2026-09-22,IC-VAN,Vanilla Ice Cream,Ice Cream,115,112.46,0.98,0,None,0.0,0.0,24.4,5.9,86.3,None,0.0,0,0,189,0,1,0,9,Monsoon
2026-09-23,IC-VAN,Vanilla Ice Cream,Ice Cream,191,185.03,0.98,0,None,0.0,0.0,31.6,1.1,99.1,None,0.0,0,0,256,0,2,0,9,Monsoon
2026-09-24,IC-VAN,Vanilla Ice Cream,Ice Cream,197,192.17,0.98,0,None,0.0,0.0,33.2,4.0,87.0,None,0.0,0,0,325,0,3,0,9,Monsoon
2026-09-25,IC-VAN,Vanilla Ice Cream,Ice Cream,158,154.11,0.98,0,None,0.0,0.0,27.8,3.9,97.5,None,0.0,0,0,232,0,4,0,9,Monsoon
2026-09-26,IC-VAN,Vanilla Ice Cream,Ice Cream,130,126.51,0.98,0,None,0.0,0.0,24.9,4.4,99.9,None,0.0,0,0,270,0,5,1,9,Monsoon
2026-09-27,IC-VAN,Vanilla Ice Cream,Ice Cream,191,184.06,0.98,0,None,0.0,0.0,27.7,11.5,111.3,None,0.0,0,0,307,0,6,1,9,Monsoon
2026-09-28,IC-VAN,Vanilla Ice Cream,Ice Cream,147,146.82,0.98,0,None,0.0,0.0,27.7,13.8,97.0,None,0.0,0,0,269,0,0,0,9,Monsoon
2026-09-29,IC-VAN,Vanilla Ice Cream,Ice Cream,151,148.51,0.98,0,None,0.0,0.0,27.8,8.1,88.1,None,0.0,0,0,264,0,1,0,9,Monsoon
2026-09-30,IC-VAN,Vanilla Ice Cream,Ice Cream,120,117.28,0.98,0,None,0.0,0.0,26.0,10.8,88.5,None,0.0,0,1,287,0,2,0,9,Monsoon
2026-10-01,IC-VAN,Vanilla Ice Cream,Ice Cream,161,159.21,0.98,0,None,0.0,0.0,29.0,0.2,96.1,None,0.0,0,0,221,0,3,0,10,Transition
2026-10-02,IC-VAN,Vanilla Ice Cream,Ice Cream,216,180.95,0.98,1,Mango Festival,15.0,2266.08,28.8,0.3,100.8,Gandhi Jayanti,0.7,1,1,393,0,4,0,10,Transition
2026-10-03,IC-VAN,Vanilla Ice Cream,Ice Cream,190,158.8,0.98,1,Mango Festival,15.0,2266.08,25.1,0.1,102.1,None,0.0,0,0,243,0,5,1,10,Transition
2026-10-04,IC-VAN,Vanilla Ice Cream,Ice Cream,229,192.33,0.98,1,Mango Festival,15.0,2266.08,28.9,2.6,109.2,None,0.0,0,0,271,0,6,1,10,Transition
2026-10-05,IC-VAN,Vanilla Ice Cream,Ice Cream,221,184.4,0.98,1,Mango Festival,15.0,2608.02,31.3,0.0,89.0,None,0.0,0,1,373,0,0,0,10,Transition
2026-10-06,IC-VAN,Vanilla Ice Cream,Ice Cream,141,139.3,0.98,0,None,0.0,0.0,27.8,0.0,93.2,None,0.0,0,0,304,0,1,0,10,Transition
2026-10-07,IC-VAN,Vanilla Ice Cream,Ice Cream,145,143.4,0.98,0,None,0.0,0.0,26.8,0.3,97.4,None,0.0,0,0,179,0,2,0,10,Transition
2026-10-08,IC-VAN,Vanilla Ice Cream,Ice Cream,150,147.31,0.98,0,None,0.0,0.0,27.0,0.6,96.7,None,0.0,0,0,265,0,3,0,10,Transition
2026-10-09,IC-VAN,Vanilla Ice Cream,Ice Cream,163,159.35,0.98,0,None,0.0,0.0,28.3,2.9,91.8,None,0.0,0,0,265,0,4,0,10,Transition
2026-10-10,IC-VAN,Vanilla Ice Cream,Ice Cream,131,130.77,0.98,0,None,0.0,0.0,24.0,0.6,101.1,None,0.0,0,0,186,0,5,1,10,Transition
2026-10-11,IC-VAN,Vanilla Ice Cream,Ice Cream,175,170.57,0.98,0,None,0.0,0.0,27.3,1.1,93.8,None,0.0,0,0,278,0,6,1,10,Transition
2026-10-12,IC-VAN,Vanilla Ice Cream,Ice Cream,142,139.86,0.98,0,None,0.0,0.0,26.2,0.7,87.1,None,0.0,0,0,271,0,0,0,10,Transition
2026-10-13,IC-VAN,Vanilla Ice Cream,Ice Cream,161,158.63,0.98,0,None,0.0,0.0,30.2,0.9,94.0,None,0.0,0,0,272,0,1,0,10,Transition
2026-10-14,IC-VAN,Vanilla Ice Cream,Ice Cream,141,137.24,0.98,0,None,0.0,0.0,26.4,0.0,91.6,None,0.0,0,0,244,0,2,0,10,Transition
2026-10-15,IC-VAN,Vanilla Ice Cream,Ice Cream,175,169.94,0.98,0,None,0.0,0.0,29.7,2.7,92.7,None,0.0,0,0,336,0,3,0,10,Transition
2026-10-16,IC-VAN,Vanilla Ice Cream,Ice Cream,120,117.18,0.98,0,None,0.0,0.0,24.6,0.3,97.5,None,0.0,0,0,176,0,4,0,10,Transition
2026-10-17,IC-VAN,Vanilla Ice Cream,Ice Cream,165,160.87,0.98,0,None,0.0,0.0,27.6,0.1,96.3,None,0.0,0,0,284,0,5,1,10,Transition
2026-10-18,IC-VAN,Vanilla Ice Cream,Ice Cream,177,170.57,0.98,0,None,0.0,0.0,27.0,0.1,101.0,None,0.0,0,0,247,0,6,1,10,Transition
2026-10-19,IC-VAN,Vanilla Ice Cream,Ice Cream,113,109.98,0.98,0,None,0.0,0.0,24.8,0.0,93.1,None,0.0,0,0,288,0,0,0,10,Transition
2026-10-20,IC-VAN,Vanilla Ice Cream,Ice Cream,135,132.87,0.98,0,None,0.0,0.0,26.6,0.4,88.6,None,0.0,0,0,195,0,1,0,10,Transition
2026-10-21,IC-VAN,Vanilla Ice Cream,Ice Cream,192,168.3,0.98,1,Payday Campaign,12.0,2405.18,28.4,0.5,99.3,None,0.0,0,1,351,0,2,0,10,Transition
2026-10-22,IC-VAN,Vanilla Ice Cream,Ice Cream,163,141.69,0.98,1,Payday Campaign,12.0,2405.18,25.5,0.2,96.6,None,0.0,0,1,284,0,3,0,10,Transition
2026-10-23,IC-VAN,Vanilla Ice Cream,Ice Cream,122,102.08,0.98,1,Payday Campaign,12.0,2405.18,23.0,0.0,93.5,None,0.0,0,0,176,0,4,0,10,Transition
2026-10-24,IC-VAN,Vanilla Ice Cream,Ice Cream,159,157.27,0.98,0,None,0.0,0.0,25.9,0.0,111.0,None,0.0,0,0,300,0,5,1,10,Transition
2026-10-25,IC-VAN,Vanilla Ice Cream,Ice Cream,137,133.59,0.98,0,None,0.0,0.0,24.2,0.6,94.5,None,0.0,0,0,195,0,6,1,10,Transition
2026-10-26,IC-VAN,Vanilla Ice Cream,Ice Cream,133,131.29,0.98,0,None,0.0,0.0,25.2,2.8,92.0,None,0.0,0,0,194,0,0,0,10,Transition
2026-10-27,IC-VAN,Vanilla Ice Cream,Ice Cream,147,144.33,0.98,0,None,0.0,0.0,25.6,0.4,93.9,None,0.0,0,0,222,0,1,0,10,Transition
2026-10-28,IC-VAN,Vanilla Ice Cream,Ice Cream,88,86.23,0.98,0,None,0.0,0.0,22.6,0.4,87.4,None,0.0,0,0,217,0,2,0,10,Transition
2026-10-29,IC-VAN,Vanilla Ice Cream,Ice Cream,105,103.01,0.98,0,None,0.0,0.0,22.6,0.2,93.5,None,0.0,0,0,187,0,3,0,10,Transition
2026-10-30,IC-VAN,Vanilla Ice Cream,Ice Cream,127,124.74,0.98,0,None,0.0,0.0,26.3,0.2,86.5,None,0.0,0,0,238,0,4,0,10,Transition
2026-10-31,IC-VAN,Vanilla Ice Cream,Ice Cream,153,152.77,0.98,0,None,0.0,0.0,24.5,0.6,105.5,None,0.0,0,0,261,0,5,1,10,Transition
2026-11-01,IC-VAN,Vanilla Ice Cream,Ice Cream,116,113.98,0.98,0,None,0.0,0.0,20.7,0.9,107.3,None,0.0,0,0,167,0,6,1,11,Winter
2026-11-02,IC-VAN,Vanilla Ice Cream,Ice Cream,137,136.42,0.98,0,None,0.0,0.0,26.7,0.8,93.4,None,0.0,0,0,194,0,0,0,11,Winter
2026-11-03,IC-VAN,Vanilla Ice Cream,Ice Cream,123,122.29,0.98,0,None,0.0,0.0,25.7,0.1,82.7,None,0.0,0,1,192,0,1,0,11,Winter
2026-11-04,IC-VAN,Vanilla Ice Cream,Ice Cream,111,110.02,0.98,0,None,0.0,0.0,23.8,2.8,87.2,None,0.0,0,0,166,0,2,0,11,Winter
2026-11-05,IC-VAN,Vanilla Ice Cream,Ice Cream,106,102.02,0.98,0,None,0.0,0.0,22.7,0.3,94.9,None,0.0,0,0,272,0,3,0,11,Winter
2026-11-06,IC-VAN,Vanilla Ice Cream,Ice Cream,164,163.49,0.98,0,None,0.0,0.0,26.5,0.2,105.1,Diwali,1.0,1,0,245,0,4,0,11,Winter
2026-11-07,IC-VAN,Vanilla Ice Cream,Ice Cream,178,174.18,0.98,0,None,0.0,0.0,25.6,0.1,104.8,Diwali,1.25,1,0,262,0,5,1,11,Winter
2026-11-08,IC-VAN,Vanilla Ice Cream,Ice Cream,239,237.23,0.98,0,None,0.0,0.0,29.2,1.1,127.8,Diwali,1.5,1,0,366,0,6,1,11,Winter
2026-11-09,IC-VAN,Vanilla Ice Cream,Ice Cream,162,157.6,0.98,0,None,0.0,0.0,25.6,0.6,109.0,Diwali,1.25,1,0,308,0,0,0,11,Winter
2026-11-10,IC-VAN,Vanilla Ice Cream,Ice Cream,147,142.67,0.98,0,None,0.0,0.0,25.4,0.6,101.0,Diwali,1.0,1,0,277,0,1,0,11,Winter
2026-11-11,IC-VAN,Vanilla Ice Cream,Ice Cream,131,132.07,0.98,0,None,0.0,0.0,24.4,3.7,97.1,None,0.0,0,1,239,0,2,0,11,Winter
2026-11-12,IC-VAN,Vanilla Ice Cream,Ice Cream,130,126.58,0.99,0,None,0.0,0.0,26.1,0.8,88.8,None,0.0,0,0,306,0,3,0,11,Winter
2026-11-13,IC-VAN,Vanilla Ice Cream,Ice Cream,119,118.86,0.99,0,None,0.0,0.0,25.7,0.1,88.8,None,0.0,0,1,282,0,4,0,11,Winter
2026-11-14,IC-VAN,Vanilla Ice Cream,Ice Cream,173,170.73,0.99,0,None,0.0,0.0,26.8,0.2,104.0,None,0.0,0,0,225,0,5,1,11,Winter
2026-11-15,IC-VAN,Vanilla Ice Cream,Ice Cream,148,145.15,0.99,0,None,0.0,0.0,23.5,0.2,111.2,None,0.0,0,0,193,0,6,1,11,Winter
2026-11-16,IC-VAN,Vanilla Ice Cream,Ice Cream,117,115.29,0.99,0,None,0.0,0.0,23.6,0.5,100.4,None,0.0,0,0,199,0,0,0,11,Winter
2026-11-17,IC-VAN,Vanilla Ice Cream,Ice Cream,111,107.76,0.99,0,None,0.0,0.0,23.5,1.1,94.1,None,0.0,0,0,264,0,1,0,11,Winter
2026-11-18,IC-VAN,Vanilla Ice Cream,Ice Cream,128,126.25,0.99,0,None,0.0,0.0,25.7,0.7,94.7,None,0.0,0,0,302,0,2,0,11,Winter
2026-11-19,IC-VAN,Vanilla Ice Cream,Ice Cream,161,156.8,0.99,0,None,0.0,0.0,27.0,0.6,96.4,None,0.0,0,0,293,0,3,0,11,Winter
2026-11-20,IC-VAN,Vanilla Ice Cream,Ice Cream,101,99.21,0.99,0,None,0.0,0.0,23.4,3.2,86.2,None,0.0,0,0,231,0,4,0,11,Winter
2026-11-21,IC-VAN,Vanilla Ice Cream,Ice Cream,130,129.77,0.99,0,None,0.0,0.0,23.4,0.5,105.7,None,0.0,0,0,187,0,5,1,11,Winter
2026-11-22,IC-VAN,Vanilla Ice Cream,Ice Cream,151,149.57,0.99,0,None,0.0,0.0,24.7,0.2,98.9,None,0.0,0,1,265,0,6,1,11,Winter
2026-11-23,IC-VAN,Vanilla Ice Cream,Ice Cream,101,97.99,0.99,0,None,0.0,0.0,23.6,0.0,94.2,None,0.0,0,0,150,0,0,0,11,Winter
2026-11-24,IC-VAN,Vanilla Ice Cream,Ice Cream,143,142.73,0.99,0,None,0.0,0.0,25.8,0.0,91.5,None,0.0,0,0,249,0,1,0,11,Winter
2026-11-25,IC-VAN,Vanilla Ice Cream,Ice Cream,108,106.73,0.99,0,None,0.0,0.0,19.9,0.0,95.2,None,0.0,0,1,159,0,2,0,11,Winter
2026-11-26,IC-VAN,Vanilla Ice Cream,Ice Cream,110,108.04,0.99,0,None,0.0,0.0,22.5,0.7,93.4,None,0.0,0,0,142,0,3,0,11,Winter
2026-11-27,IC-VAN,Vanilla Ice Cream,Ice Cream,102,101.77,0.99,0,None,0.0,0.0,22.5,0.7,77.5,None,0.0,0,0,276,0,4,0,11,Winter
2026-11-28,IC-VAN,Vanilla Ice Cream,Ice Cream,123,121.42,0.99,0,None,0.0,0.0,19.7,2.6,103.8,None,0.0,0,1,285,0,5,1,11,Winter
2026-11-29,IC-VAN,Vanilla Ice Cream,Ice Cream,118,115.12,0.99,0,None,0.0,0.0,22.1,0.0,106.2,None,0.0,0,0,247,0,6,1,11,Winter
2026-11-30,IC-VAN,Vanilla Ice Cream,Ice Cream,103,104.21,0.99,0,None,0.0,0.0,22.2,0.3,95.3,None,0.0,0,0,223,0,0,0,11,Winter
2026-12-01,IC-VAN,Vanilla Ice Cream,Ice Cream,105,103.93,0.99,0,None,0.0,0.0,23.4,2.5,92.6,None,0.0,0,0,163,0,1,0,12,Winter
2026-12-02,IC-VAN,Vanilla Ice Cream,Ice Cream,143,141.48,0.99,0,None,0.0,0.0,25.8,0.1,101.4,None,0.0,0,0,254,0,2,0,12,Winter
2026-12-03,IC-VAN,Vanilla Ice Cream,Ice Cream,118,116.33,0.99,0,None,0.0,0.0,23.3,0.0,94.8,None,0.0,0,0,257,0,3,0,12,Winter
2026-12-04,IC-VAN,Vanilla Ice Cream,Ice Cream,115,115.57,0.99,0,None,0.0,0.0,21.8,0.0,95.5,None,0.0,0,0,221,0,4,0,12,Winter
2026-12-05,IC-VAN,Vanilla Ice Cream,Ice Cream,143,140.86,0.99,0,None,0.0,0.0,23.6,0.7,108.6,None,0.0,0,0,208,0,5,1,12,Winter
2026-12-06,IC-VAN,Vanilla Ice Cream,Ice Cream,169,164.47,0.99,0,None,0.0,0.0,25.5,0.2,105.3,None,0.0,0,0,251,0,6,1,12,Winter
2026-12-07,IC-VAN,Vanilla Ice Cream,Ice Cream,100,98.38,0.99,0,None,0.0,0.0,21.9,1.2,89.1,None,0.0,0,0,254,0,0,0,12,Winter
2026-12-08,IC-VAN,Vanilla Ice Cream,Ice Cream,96,96.77,0.99,0,None,0.0,0.0,22.0,0.4,81.5,None,0.0,0,0,156,0,1,0,12,Winter
2026-12-09,IC-VAN,Vanilla Ice Cream,Ice Cream,127,127.31,0.99,0,None,0.0,0.0,24.6,0.3,91.4,None,0.0,0,0,300,0,2,0,12,Winter
2026-12-10,IC-VAN,Vanilla Ice Cream,Ice Cream,110,108.88,0.99,0,None,0.0,0.0,23.2,1.6,97.6,None,0.0,0,0,250,0,3,0,12,Winter
2026-12-11,IC-VAN,Vanilla Ice Cream,Ice Cream,128,129.22,0.99,0,None,0.0,0.0,24.7,0.2,92.1,None,0.0,0,0,290,0,4,0,12,Winter
2026-12-12,IC-VAN,Vanilla Ice Cream,Ice Cream,132,132.32,0.99,0,None,0.0,0.0,23.5,0.3,108.0,None,0.0,0,0,233,0,5,1,12,Winter
2026-12-13,IC-VAN,Vanilla Ice Cream,Ice Cream,147,145.62,0.99,0,None,0.0,0.0,24.8,0.6,104.8,None,0.0,0,0,202,0,6,1,12,Winter
2026-12-14,IC-VAN,Vanilla Ice Cream,Ice Cream,112,111.12,0.99,0,None,0.0,0.0,21.7,0.1,100.6,None,0.0,0,0,137,0,0,0,12,Winter
2026-12-15,IC-VAN,Vanilla Ice Cream,Ice Cream,121,120.81,0.99,0,None,0.0,0.0,23.5,0.1,92.8,None,0.0,0,0,226,0,1,0,12,Winter
2026-12-16,IC-VAN,Vanilla Ice Cream,Ice Cream,105,103.41,0.99,0,None,0.0,0.0,23.1,0.1,96.7,None,0.0,0,0,188,0,2,0,12,Winter
2026-12-17,IC-VAN,Vanilla Ice Cream,Ice Cream,111,110.47,1.0,0,None,0.0,0.0,21.3,0.3,97.0,None,0.0,0,0,149,0,3,0,12,Winter
2026-12-18,IC-VAN,Vanilla Ice Cream,Ice Cream,104,103.91,1.0,0,None,0.0,0.0,20.7,0.0,102.1,None,0.0,0,0,272,0,4,0,12,Winter
2026-12-19,IC-VAN,Vanilla Ice Cream,Ice Cream,149,145.37,1.0,0,None,0.0,0.0,24.7,0.3,96.2,None,0.0,0,0,324,0,5,1,12,Winter
2026-12-20,IC-VAN,Vanilla Ice Cream,Ice Cream,140,139.14,1.0,0,None,0.0,0.0,22.9,0.3,102.5,None,0.0,0,0,219,0,6,1,12,Winter
2026-12-21,IC-VAN,Vanilla Ice Cream,Ice Cream,113,112.19,1.0,0,None,0.0,0.0,21.7,0.1,99.1,None,0.0,0,0,239,0,0,0,12,Winter
2026-12-22,IC-VAN,Vanilla Ice Cream,Ice Cream,123,124.12,1.0,0,None,0.0,0.0,23.3,0.0,102.7,None,0.0,0,0,209,0,1,0,12,Winter
2026-12-23,IC-VAN,Vanilla Ice Cream,Ice Cream,151,147.24,1.0,0,None,0.0,0.0,25.5,0.0,96.3,None,0.0,0,0,250,0,2,0,12,Winter
2026-12-24,IC-VAN,Vanilla Ice Cream,Ice Cream,100,99.29,1.0,0,None,0.0,0.0,19.4,0.0,93.8,None,0.0,0,0,219,0,3,0,12,Winter
2026-12-25,IC-VAN,Vanilla Ice Cream,Ice Cream,119,118.06,1.0,0,None,0.0,0.0,20.8,0.1,114.7,Christmas,1.2,1,0,205,0,4,0,12,Winter
2026-12-26,IC-VAN,Vanilla Ice Cream,Ice Cream,124,125.2,1.0,0,None,0.0,0.0,21.9,1.7,109.8,None,0.0,0,0,272,0,5,1,12,Winter
2026-12-27,IC-VAN,Vanilla Ice Cream,Ice Cream,169,168.66,1.0,0,None,0.0,0.0,26.2,0.2,103.8,None,0.0,0,0,219,0,6,1,12,Winter
2026-12-28,IC-VAN,Vanilla Ice Cream,Ice Cream,105,107.14,1.0,0,None,0.0,0.0,24.1,3.1,97.3,None,0.0,0,0,231,0,0,0,12,Winter
2026-12-29,IC-VAN,Vanilla Ice Cream,Ice Cream,132,132.95,1.0,0,None,0.0,0.0,24.9,0.0,101.7,None,0.0,0,0,309,0,1,0,12,Winter
2026-12-30,IC-VAN,Vanilla Ice Cream,Ice Cream,106,105.43,1.0,0,None,0.0,0.0,21.5,0.0,105.4,None,0.0,0,0,262,0,2,0,12,Winter
2026-12-31,IC-VAN,Vanilla Ice Cream,Ice Cream,131,131.37,1.0,0,None,0.0,0.0,21.6,0.1,114.0,New Year,1.1,1,1,158,0,3,0,12,Winter
2025-01-01,IC-CHO,Chocolate Ice Cream,Ice Cream,97,96.49,1.03,0,None,0.0,0.0,24.2,0.1,91.0,None,0.0,0,0,135,0,2,0,1,Winter
2025-01-02,IC-CHO,Chocolate Ice Cream,Ice Cream,97,100.78,1.03,0,None,0.0,0.0,21.8,1.9,93.8,None,0.0,0,0,152,0,3,0,1,Winter
2025-01-03,IC-CHO,Chocolate Ice Cream,Ice Cream,105,105.83,1.03,0,None,0.0,0.0,25.0,0.0,90.4,None,0.0,0,0,222,0,4,0,1,Winter
2025-01-04,IC-CHO,Chocolate Ice Cream,Ice Cream,144,147.59,1.03,0,None,0.0,0.0,25.4,4.5,100.1,None,0.0,0,0,250,0,5,1,1,Winter
2025-01-05,IC-CHO,Chocolate Ice Cream,Ice Cream,118,119.83,1.03,0,None,0.0,0.0,20.2,0.5,108.7,None,0.0,0,0,248,0,6,1,1,Winter
2025-01-06,IC-CHO,Chocolate Ice Cream,Ice Cream,88,90.59,1.03,0,None,0.0,0.0,21.4,0.8,91.2,None,0.0,0,0,172,0,0,0,1,Winter
2025-01-07,IC-CHO,Chocolate Ice Cream,Ice Cream,93,96.99,1.03,0,None,0.0,0.0,24.0,0.0,98.5,None,0.0,0,0,113,0,1,0,1,Winter
2025-01-08,IC-CHO,Chocolate Ice Cream,Ice Cream,110,111.08,1.03,0,None,0.0,0.0,23.2,3.2,90.5,None,0.0,0,0,228,0,2,0,1,Winter
2025-01-09,IC-CHO,Chocolate Ice Cream,Ice Cream,104,106.99,1.03,0,None,0.0,0.0,23.8,0.3,98.7,None,0.0,0,0,205,0,3,0,1,Winter
2025-01-10,IC-CHO,Chocolate Ice Cream,Ice Cream,87,89.36,1.03,0,None,0.0,0.0,22.3,0.2,94.9,None,0.0,0,0,188,0,4,0,1,Winter
2025-01-11,IC-CHO,Chocolate Ice Cream,Ice Cream,149,156.97,1.03,0,None,0.0,0.0,25.5,0.3,114.5,None,0.0,0,0,229,0,5,1,1,Winter
2025-01-12,IC-CHO,Chocolate Ice Cream,Ice Cream,143,148.66,1.03,0,None,0.0,0.0,25.3,0.4,109.2,None,0.0,0,0,305,0,6,1,1,Winter
2025-01-13,IC-CHO,Chocolate Ice Cream,Ice Cream,115,117.29,1.03,0,None,0.0,0.0,24.1,0.2,103.9,None,0.0,0,0,261,0,0,0,1,Winter
2025-01-14,IC-CHO,Chocolate Ice Cream,Ice Cream,133,136.87,1.03,0,None,0.0,0.0,26.0,0.1,107.0,Makar Sankranti,1.0,1,0,181,0,1,0,1,Winter
2025-01-15,IC-CHO,Chocolate Ice Cream,Ice Cream,113,119.17,1.04,0,None,0.0,0.0,24.9,0.0,98.2,None,0.0,0,0,139,0,2,0,1,Winter
2025-01-16,IC-CHO,Chocolate Ice Cream,Ice Cream,81,84.6,1.04,0,None,0.0,0.0,22.5,0.3,93.2,None,0.0,0,0,130,0,3,0,1,Winter
2025-01-17,IC-CHO,Chocolate Ice Cream,Ice Cream,114,116.8,1.04,0,None,0.0,0.0,24.8,0.0,96.2,None,0.0,0,0,141,0,4,0,1,Winter
2025-01-18,IC-CHO,Chocolate Ice Cream,Ice Cream,129,119.93,1.04,1,Weekend Flash,10.0,1444.36,22.5,0.1,107.0,None,0.0,0,1,262,0,5,1,1,Winter
2025-01-19,IC-CHO,Chocolate Ice Cream,Ice Cream,143,147.82,1.04,0,None,0.0,0.0,25.8,0.4,104.9,None,0.0,0,1,262,0,6,1,1,Winter
2025-01-20,IC-CHO,Chocolate Ice Cream,Ice Cream,65,66.97,1.04,0,None,0.0,0.0,24.2,0.4,92.6,None,0.0,0,0,159,1,0,0,1,Winter
2025-01-21,IC-CHO,Chocolate Ice Cream,Ice Cream,99,100.58,1.04,0,None,0.0,0.0,24.0,1.3,91.7,None,0.0,0,0,213,0,1,0,1,Winter
2025-01-22,IC-CHO,Chocolate Ice Cream,Ice Cream,87,89.54,1.04,0,None,0.0,0.0,23.2,0.2,87.2,None,0.0,0,1,236,0,2,0,1,Winter
2025-01-23,IC-CHO,Chocolate Ice Cream,Ice Cream,130,137.18,1.04,0,None,0.0,0.0,26.6,1.6,93.8,None,0.0,0,0,282,0,3,0,1,Winter
2025-01-24,IC-CHO,Chocolate Ice Cream,Ice Cream,117,120.92,1.04,0,None,0.0,0.0,24.2,0.4,102.3,None,0.0,0,0,206,0,4,0,1,Winter
2025-01-25,IC-CHO,Chocolate Ice Cream,Ice Cream,115,119.29,1.04,0,None,0.0,0.0,23.8,0.0,101.3,None,0.0,0,0,229,0,5,1,1,Winter
2025-01-26,IC-CHO,Chocolate Ice Cream,Ice Cream,140,145.69,1.04,0,None,0.0,0.0,24.0,0.8,113.0,Republic Day,0.8,1,0,252,0,6,1,1,Winter
2025-01-27,IC-CHO,Chocolate Ice Cream,Ice Cream,125,133.36,1.04,0,None,0.0,0.0,25.6,0.8,108.5,None,0.0,0,0,296,0,0,0,1,Winter
2025-01-28,IC-CHO,Chocolate Ice Cream,Ice Cream,115,119.56,1.04,0,None,0.0,0.0,25.4,1.6,96.5,None,0.0,0,0,256,0,1,0,1,Winter
2025-01-29,IC-CHO,Chocolate Ice Cream,Ice Cream,108,113.78,1.04,0,None,0.0,0.0,25.5,0.0,101.5,None,0.0,0,0,178,0,2,0,1,Winter
2025-01-30,IC-CHO,Chocolate Ice Cream,Ice Cream,111,114.63,1.04,0,None,0.0,0.0,25.6,0.0,103.2,None,0.0,0,0,272,0,3,0,1,Winter
2025-01-31,IC-CHO,Chocolate Ice Cream,Ice Cream,142,147.29,1.04,0,None,0.0,0.0,28.7,0.1,103.5,None,0.0,0,0,225,0,4,0,1,Winter
2025-02-01,IC-CHO,Chocolate Ice Cream,Ice Cream,110,114.5,1.04,0,None,0.0,0.0,24.2,0.2,102.7,None,0.0,0,0,251,0,5,1,2,Winter
2025-02-02,IC-CHO,Chocolate Ice Cream,Ice Cream,136,140.27,1.04,0,None,0.0,0.0,24.1,0.3,109.3,None,0.0,0,1,312,0,6,1,2,Winter
2025-02-03,IC-CHO,Chocolate Ice Cream,Ice Cream,101,104.92,1.04,0,None,0.0,0.0,23.6,1.3,92.5,None,0.0,0,0,250,0,0,0,2,Winter
2025-02-04,IC-CHO,Chocolate Ice Cream,Ice Cream,130,136.86,1.04,0,None,0.0,0.0,26.3,0.3,112.9,None,0.0,0,0,167,0,1,0,2,Winter
2025-02-05,IC-CHO,Chocolate Ice Cream,Ice Cream,114,117.64,1.04,0,None,0.0,0.0,27.3,0.6,92.8,None,0.0,0,0,166,0,2,0,2,Winter
2025-02-06,IC-CHO,Chocolate Ice Cream,Ice Cream,100,104.22,1.04,0,None,0.0,0.0,25.1,0.1,95.7,None,0.0,0,0,247,0,3,0,2,Winter
2025-02-07,IC-CHO,Chocolate Ice Cream,Ice Cream,102,107.24,1.04,0,None,0.0,0.0,23.9,0.2,95.9,None,0.0,0,0,141,0,4,0,2,Winter
2025-02-08,IC-CHO,Chocolate Ice Cream,Ice Cream,136,140.42,1.04,0,None,0.0,0.0,24.0,0.3,103.8,None,0.0,0,0,157,0,5,1,2,Winter
2025-02-09,IC-CHO,Chocolate Ice Cream,Ice Cream,194,168.11,1.04,1,Festival Promo,18.0,3352.78,26.7,0.1,118.1,None,0.0,0,0,255,0,6,1,2,Winter
2025-02-10,IC-CHO,Chocolate Ice Cream,Ice Cream,178,152.42,1.04,1,Festival Promo,18.0,3352.78,26.9,0.2,113.6,None,0.0,0,0,275,0,0,0,2,Winter
2025-02-11,IC-CHO,Chocolate Ice Cream,Ice Cream,124,129.15,1.04,0,None,0.0,0.0,26.6,1.7,99.3,None,0.0,0,0,164,0,1,0,2,Winter
2025-02-12,IC-CHO,Chocolate Ice Cream,Ice Cream,108,110.02,1.04,0,None,0.0,0.0,24.5,0.0,95.2,None,0.0,0,0,152,0,2,0,2,Winter
2025-02-13,IC-CHO,Chocolate Ice Cream,Ice Cream,156,137.83,1.04,1,Mango Festival,15.0,3085.63,26.2,1.4,90.7,None,0.0,0,0,230,0,3,0,2,Winter
2025-02-14,IC-CHO,Chocolate Ice Cream,Ice Cream,149,132.86,1.04,1,Mango Festival,15.0,3085.63,26.1,0.0,100.8,None,0.0,0,1,264,0,4,0,2,Winter
2025-02-15,IC-CHO,Chocolate Ice Cream,Ice Cream,185,161.79,1.04,1,Festival Promo,18.0,2903.17,26.4,0.9,110.6,None,0.0,0,0,292,0,5,1,2,Winter
2025-02-16,IC-CHO,Chocolate Ice Cream,Ice Cream,215,185.47,1.04,1,Festival Promo,18.0,2903.17,27.6,0.4,109.0,None,0.0,0,0,362,0,6,1,2,Winter
2025-02-17,IC-CHO,Chocolate Ice Cream,Ice Cream,162,140.71,1.05,1,Festival Promo,18.0,2903.17,26.5,0.4,103.5,None,0.0,0,0,338,0,0,0,2,Winter
2025-02-18,IC-CHO,Chocolate Ice Cream,Ice Cream,73,75.21,1.05,0,None,0.0,0.0,27.4,0.0,104.5,None,0.0,0,0,98,1,1,0,2,Winter
2025-02-19,IC-CHO,Chocolate Ice Cream,Ice Cream,122,127.37,1.05,0,None,0.0,0.0,26.4,0.4,104.3,None,0.0,0,0,252,0,2,0,2,Winter
2025-02-20,IC-CHO,Chocolate Ice Cream,Ice Cream,140,148.56,1.05,0,None,0.0,0.0,26.9,1.1,101.2,None,0.0,0,0,186,0,3,0,2,Winter
2025-02-21,IC-CHO,Chocolate Ice Cream,Ice Cream,136,140.75,1.05,0,None,0.0,0.0,27.6,1.9,97.4,None,0.0,0,0,213,0,4,0,2,Winter
2025-02-22,IC-CHO,Chocolate Ice Cream,Ice Cream,152,148.01,1.05,1,Bundle Offer,8.0,1868.21,23.9,0.1,116.4,None,0.0,0,0,226,0,5,1,2,Winter
2025-02-23,IC-CHO,Chocolate Ice Cream,Ice Cream,75,72.84,1.05,1,Bundle Offer,8.0,1868.21,26.0,0.1,113.3,None,0.0,0,0,207,1,6,1,2,Winter
2025-02-24,IC-CHO,Chocolate Ice Cream,Ice Cream,141,136.23,1.05,1,Bundle Offer,8.0,1868.21,25.9,2.7,107.8,None,0.0,0,0,201,0,0,0,2,Winter
2025-02-25,IC-CHO,Chocolate Ice Cream,Ice Cream,142,136.23,1.05,1,Bundle Offer,8.0,1868.21,25.6,0.3,107.4,None,0.0,0,0,305,0,1,0,2,Winter
2025-02-26,IC-CHO,Chocolate Ice Cream,Ice Cream,149,131.05,1.05,1,Mango Festival,15.0,2275.03,26.4,0.0,96.5,None,0.0,0,0,230,0,2,0,2,Winter
2025-02-27,IC-CHO,Chocolate Ice Cream,Ice Cream,194,176.38,1.05,1,Mango Festival,15.0,2275.03,29.7,0.0,96.5,None,0.0,0,0,344,0,3,0,2,Winter
2025-02-28,IC-CHO,Chocolate Ice Cream,Ice Cream,143,128.29,1.05,1,Mango Festival,15.0,2275.03,25.5,0.0,100.0,None,0.0,0,0,315,0,4,0,2,Winter
2025-03-01,IC-CHO,Chocolate Ice Cream,Ice Cream,206,184.2,1.05,1,Mango Festival,15.0,2275.03,28.9,0.8,108.7,None,0.0,0,0,307,0,5,1,3,Summer
2025-03-02,IC-CHO,Chocolate Ice Cream,Ice Cream,119,124.08,1.05,0,None,0.0,0.0,24.2,0.7,117.8,None,0.0,0,0,155,0,6,1,3,Summer
2025-03-03,IC-CHO,Chocolate Ice Cream,Ice Cream,118,123.72,1.05,0,None,0.0,0.0,26.7,0.9,105.9,None,0.0,0,1,250,0,0,0,3,Summer
2025-03-04,IC-CHO,Chocolate Ice Cream,Ice Cream,145,152.29,1.05,0,None,0.0,0.0,27.7,0.7,109.8,None,0.0,0,0,232,0,1,0,3,Summer
2025-03-05,IC-CHO,Chocolate Ice Cream,Ice Cream,139,146.42,1.05,0,None,0.0,0.0,28.6,0.1,106.4,None,0.0,0,0,213,0,2,0,3,Summer
2025-03-06,IC-CHO,Chocolate Ice Cream,Ice Cream,151,159.72,1.05,0,None,0.0,0.0,28.9,3.6,105.6,None,0.0,0,0,244,0,3,0,3,Summer
2025-03-07,IC-CHO,Chocolate Ice Cream,Ice Cream,155,161.02,1.05,0,None,0.0,0.0,29.1,0.6,110.6,None,0.0,0,0,222,0,4,0,3,Summer
2025-03-08,IC-CHO,Chocolate Ice Cream,Ice Cream,161,165.89,1.05,0,None,0.0,0.0,27.2,0.9,117.1,None,0.0,0,0,225,0,5,1,3,Summer
2025-03-09,IC-CHO,Chocolate Ice Cream,Ice Cream,162,170.1,1.05,0,None,0.0,0.0,27.0,0.4,115.2,None,0.0,0,0,340,0,6,1,3,Summer
2025-03-10,IC-CHO,Chocolate Ice Cream,Ice Cream,159,163.31,1.05,0,None,0.0,0.0,29.5,0.4,112.4,None,0.0,0,0,223,0,0,0,3,Summer
2025-03-11,IC-CHO,Chocolate Ice Cream,Ice Cream,120,125.42,1.05,0,None,0.0,0.0,27.7,0.2,105.7,None,0.0,0,0,213,0,1,0,3,Summer
2025-03-12,IC-CHO,Chocolate Ice Cream,Ice Cream,134,139.75,1.05,0,None,0.0,0.0,25.9,0.4,114.1,Holi,0.8,1,0,268,0,2,0,3,Summer
2025-03-13,IC-CHO,Chocolate Ice Cream,Ice Cream,146,154.13,1.05,0,None,0.0,0.0,26.2,0.7,114.8,Holi,1.05,1,0,201,0,3,0,3,Summer
2025-03-14,IC-CHO,Chocolate Ice Cream,Ice Cream,168,180.53,1.05,0,None,0.0,0.0,26.7,1.0,125.8,Holi,1.3,1,0,286,0,4,0,3,Summer
2025-03-15,IC-CHO,Chocolate Ice Cream,Ice Cream,227,232.72,1.05,0,None,0.0,0.0,29.3,0.3,135.3,Holi,1.05,1,0,390,0,5,1,3,Summer
2025-03-16,IC-CHO,Chocolate Ice Cream,Ice Cream,189,203.83,1.05,0,None,0.0,0.0,28.8,0.0,125.7,Holi,0.8,1,0,339,0,6,1,3,Summer
2025-03-17,IC-CHO,Chocolate Ice Cream,Ice Cream,158,165.42,1.05,0,None,0.0,0.0,29.9,0.3,112.2,None,0.0,0,0,182,0,0,0,3,Summer
2025-03-18,IC-CHO,Chocolate Ice Cream,Ice Cream,125,131.8,1.05,0,None,0.0,0.0,27.9,0.4,95.9,None,0.0,0,0,209,0,1,0,3,Summer
2025-03-19,IC-CHO,Chocolate Ice Cream,Ice Cream,161,166.19,1.05,0,None,0.0,0.0,29.1,0.8,105.6,None,0.0,0,0,181,0,2,0,3,Summer
2025-03-20,IC-CHO,Chocolate Ice Cream,Ice Cream,166,176.41,1.05,0,None,0.0,0.0,30.0,0.4,105.8,None,0.0,0,0,283,0,3,0,3,Summer
2025-03-21,IC-CHO,Chocolate Ice Cream,Ice Cream,145,152.36,1.05,0,None,0.0,0.0,28.4,0.1,102.4,None,0.0,0,0,217,0,4,0,3,Summer
2025-03-22,IC-CHO,Chocolate Ice Cream,Ice Cream,198,207.8,1.05,0,None,0.0,0.0,29.9,1.6,128.1,None,0.0,0,0,360,0,5,1,3,Summer
2025-03-23,IC-CHO,Chocolate Ice Cream,Ice Cream,178,182.61,1.05,0,None,0.0,0.0,28.0,0.3,115.9,None,0.0,0,0,226,0,6,1,3,Summer
2025-03-24,IC-CHO,Chocolate Ice Cream,Ice Cream,154,161.9,1.05,0,None,0.0,0.0,28.6,0.0,104.3,None,0.0,0,0,310,0,0,0,3,Summer
2025-03-25,IC-CHO,Chocolate Ice Cream,Ice Cream,155,164.47,1.05,0,None,0.0,0.0,28.7,0.0,106.5,None,0.0,0,0,229,0,1,0,3,Summer
2025-03-26,IC-CHO,Chocolate Ice Cream,Ice Cream,133,139.32,1.05,0,None,0.0,0.0,27.3,3.1,96.5,None,0.0,0,0,300,0,2,0,3,Summer
2025-03-27,IC-CHO,Chocolate Ice Cream,Ice Cream,158,168.32,1.05,0,None,0.0,0.0,30.4,0.1,102.8,None,0.0,0,0,209,0,3,0,3,Summer
2025-03-28,IC-CHO,Chocolate Ice Cream,Ice Cream,156,166.11,1.05,0,None,0.0,0.0,28.8,0.1,111.6,None,0.0,0,0,219,0,4,0,3,Summer
2025-03-29,IC-CHO,Chocolate Ice Cream,Ice Cream,191,199.11,1.05,0,None,0.0,0.0,29.8,0.2,113.6,None,0.0,0,0,267,0,5,1,3,Summer
2025-03-30,IC-CHO,Chocolate Ice Cream,Ice Cream,193,206.64,1.05,0,None,0.0,0.0,30.7,1.1,112.7,None,0.0,0,0,370,0,6,1,3,Summer
2025-03-31,IC-CHO,Chocolate Ice Cream,Ice Cream,166,174.49,1.05,0,None,0.0,0.0,30.7,0.5,113.4,None,0.0,0,0,303,0,0,0,3,Summer
2025-04-01,IC-CHO,Chocolate Ice Cream,Ice Cream,181,190.27,1.05,0,None,0.0,0.0,31.2,2.5,113.6,None,0.0,0,0,331,0,1,0,4,Summer
2025-04-02,IC-CHO,Chocolate Ice Cream,Ice Cream,196,191.73,1.05,1,Loyalty Offer,7.0,1203.85,30.0,0.3,109.6,None,0.0,0,1,304,0,2,0,4,Summer
2025-04-03,IC-CHO,Chocolate Ice Cream,Ice Cream,172,168.19,1.05,1,Loyalty Offer,7.0,1203.85,29.5,0.1,104.8,None,0.0,0,0,319,0,3,0,4,Summer
2025-04-04,IC-CHO,Chocolate Ice Cream,Ice Cream,183,173.15,1.05,1,Loyalty Offer,7.0,1203.85,30.2,0.6,105.9,None,0.0,0,0,303,0,4,0,4,Summer
2025-04-05,IC-CHO,Chocolate Ice Cream,Ice Cream,162,169.81,1.05,0,None,0.0,0.0,27.4,1.3,113.2,None,0.0,0,0,288,0,5,1,4,Summer
2025-04-06,IC-CHO,Chocolate Ice Cream,Ice Cream,168,173.6,1.05,0,None,0.0,0.0,27.9,0.0,112.3,None,0.0,0,0,321,0,6,1,4,Summer
2025-04-07,IC-CHO,Chocolate Ice Cream,Ice Cream,136,145.66,1.05,0,None,0.0,0.0,28.2,2.8,102.1,None,0.0,0,0,313,0,0,0,4,Summer
2025-04-08,IC-CHO,Chocolate Ice Cream,Ice Cream,198,173.8,1.05,1,Festival Promo,18.0,3631.06,28.9,0.5,104.3,None,0.0,0,0,310,0,1,0,4,Summer
2025-04-09,IC-CHO,Chocolate Ice Cream,Ice Cream,215,187.08,1.05,1,Festival Promo,18.0,3631.06,31.5,0.2,102.2,None,0.0,0,1,305,0,2,0,4,Summer
2025-04-10,IC-CHO,Chocolate Ice Cream,Ice Cream,151,158.15,1.05,0,None,0.0,0.0,29.2,0.0,99.6,None,0.0,0,0,275,0,3,0,4,Summer
2025-04-11,IC-CHO,Chocolate Ice Cream,Ice Cream,173,179.51,1.05,0,None,0.0,0.0,30.3,1.3,108.6,None,0.0,0,0,311,0,4,0,4,Summer
2025-04-12,IC-CHO,Chocolate Ice Cream,Ice Cream,222,231.32,1.05,0,None,0.0,0.0,33.4,0.1,118.7,None,0.0,0,0,399,0,5,1,4,Summer
2025-04-13,IC-CHO,Chocolate Ice Cream,Ice Cream,199,213.86,1.05,0,None,0.0,0.0,30.5,0.1,126.1,None,0.0,0,0,330,0,6,1,4,Summer
2025-04-14,IC-CHO,Chocolate Ice Cream,Ice Cream,169,175.99,1.05,0,None,0.0,0.0,32.5,0.4,104.3,None,0.0,0,0,341,0,0,0,4,Summer
2025-04-15,IC-CHO,Chocolate Ice Cream,Ice Cream,186,167.01,1.05,1,Payday Campaign,12.0,2799.65,29.6,0.5,109.2,None,0.0,0,0,323,0,1,0,4,Summer
2025-04-16,IC-CHO,Chocolate Ice Cream,Ice Cream,192,179.59,1.05,1,Payday Campaign,12.0,2799.65,31.0,0.0,109.3,None,0.0,0,0,364,0,2,0,4,Summer
2025-04-17,IC-CHO,Chocolate Ice Cream,Ice Cream,192,180.58,1.05,1,Payday Campaign,12.0,2799.65,29.8,1.3,106.5,None,0.0,0,1,332,0,3,0,4,Summer
2025-04-18,IC-CHO,Chocolate Ice Cream,Ice Cream,170,182.01,1.05,0,None,0.0,0.0,30.9,0.5,111.5,None,0.0,0,0,331,0,4,0,4,Summer
2025-04-19,IC-CHO,Chocolate Ice Cream,Ice Cream,222,235.93,1.05,0,None,0.0,0.0,33.1,0.7,121.7,None,0.0,0,0,272,0,5,1,4,Summer
2025-04-20,IC-CHO,Chocolate Ice Cream,Ice Cream,174,185.25,1.05,0,None,0.0,0.0,28.6,3.6,119.5,None,0.0,0,0,352,0,6,1,4,Summer
2025-04-21,IC-CHO,Chocolate Ice Cream,Ice Cream,184,193.22,1.05,0,None,0.0,0.0,32.6,1.0,106.6,None,0.0,0,0,259,0,0,0,4,Summer
2025-04-22,IC-CHO,Chocolate Ice Cream,Ice Cream,168,171.89,1.05,0,None,0.0,0.0,32.3,0.0,106.1,None,0.0,0,0,315,0,1,0,4,Summer
2025-04-23,IC-CHO,Chocolate Ice Cream,Ice Cream,162,170.02,1.05,0,None,0.0,0.0,30.9,0.3,101.1,None,0.0,0,0,244,0,2,0,4,Summer
2025-04-24,IC-CHO,Chocolate Ice Cream,Ice Cream,155,163.82,1.05,0,None,0.0,0.0,29.4,0.1,103.9,None,0.0,0,0,248,0,3,0,4,Summer
2025-04-25,IC-CHO,Chocolate Ice Cream,Ice Cream,162,169.65,1.05,0,None,0.0,0.0,32.2,0.3,104.8,None,0.0,0,0,301,0,4,0,4,Summer
2025-04-26,IC-CHO,Chocolate Ice Cream,Ice Cream,202,211.39,1.05,0,None,0.0,0.0,31.2,0.1,112.3,None,0.0,0,0,308,0,5,1,4,Summer
2025-04-27,IC-CHO,Chocolate Ice Cream,Ice Cream,263,223.53,1.05,1,Festival Promo,18.0,3232.06,32.7,0.4,120.2,None,0.0,0,0,397,0,6,1,4,Summer
2025-04-28,IC-CHO,Chocolate Ice Cream,Ice Cream,180,186.46,1.05,0,None,0.0,0.0,32.4,0.5,114.0,None,0.0,0,0,212,0,0,0,4,Summer
2025-04-29,IC-CHO,Chocolate Ice Cream,Ice Cream,178,190.71,1.05,0,None,0.0,0.0,35.3,0.1,103.5,None,0.0,0,0,331,0,1,0,4,Summer
2025-04-30,IC-CHO,Chocolate Ice Cream,Ice Cream,185,198.27,1.05,0,None,0.0,0.0,32.1,0.0,109.4,None,0.0,0,0,270,0,2,0,4,Summer
2025-05-01,IC-CHO,Chocolate Ice Cream,Ice Cream,152,159.29,1.05,0,None,0.0,0.0,30.7,0.5,102.8,None,0.0,0,0,298,0,3,0,5,Summer
2025-05-02,IC-CHO,Chocolate Ice Cream,Ice Cream,170,178.73,1.05,0,None,0.0,0.0,33.0,0.8,106.5,None,0.0,0,0,235,0,4,0,5,Summer
2025-05-03,IC-CHO,Chocolate Ice Cream,Ice Cream,218,225.69,1.05,0,None,0.0,0.0,33.1,0.5,114.5,None,0.0,0,0,333,0,5,1,5,Summer
2025-05-04,IC-CHO,Chocolate Ice Cream,Ice Cream,226,238.54,1.05,0,None,0.0,0.0,35.2,0.0,121.0,None,0.0,0,0,340,0,6,1,5,Summer
2025-05-05,IC-CHO,Chocolate Ice Cream,Ice Cream,176,188.21,1.05,0,None,0.0,0.0,34.3,0.6,104.6,None,0.0,0,1,218,0,0,0,5,Summer
2025-05-06,IC-CHO,Chocolate Ice Cream,Ice Cream,193,198.37,1.05,0,None,0.0,0.0,33.6,0.4,113.0,None,0.0,0,0,288,0,1,0,5,Summer
2025-05-07,IC-CHO,Chocolate Ice Cream,Ice Cream,174,183.16,1.05,0,None,0.0,0.0,35.6,1.3,106.7,None,0.0,0,0,295,0,2,0,5,Summer
2025-05-08,IC-CHO,Chocolate Ice Cream,Ice Cream,155,163.28,1.05,0,None,0.0,0.0,30.9,0.5,104.7,None,0.0,0,0,308,0,3,0,5,Summer
2025-05-09,IC-CHO,Chocolate Ice Cream,Ice Cream,165,173.75,1.05,0,None,0.0,0.0,32.0,1.5,101.7,None,0.0,0,0,326,0,4,0,5,Summer
2025-05-10,IC-CHO,Chocolate Ice Cream,Ice Cream,208,221.9,1.05,0,None,0.0,0.0,31.5,1.3,119.2,None,0.0,0,0,289,0,5,1,5,Summer
2025-05-11,IC-CHO,Chocolate Ice Cream,Ice Cream,260,259.1,1.05,1,Loyalty Offer,7.0,1296.87,32.5,0.2,122.4,None,0.0,0,0,382,0,6,1,5,Summer
2025-05-12,IC-CHO,Chocolate Ice Cream,Ice Cream,171,178.32,1.05,0,None,0.0,0.0,30.8,0.0,109.2,None,0.0,0,0,218,0,0,0,5,Summer
2025-05-13,IC-CHO,Chocolate Ice Cream,Ice Cream,194,204.47,1.05,0,None,0.0,0.0,34.5,0.2,119.0,None,0.0,0,0,357,0,1,0,5,Summer
2025-05-14,IC-CHO,Chocolate Ice Cream,Ice Cream,169,176.83,1.05,0,None,0.0,0.0,33.0,1.9,115.0,None,0.0,0,0,327,0,2,0,5,Summer
2025-05-15,IC-CHO,Chocolate Ice Cream,Ice Cream,164,170.09,1.05,0,None,0.0,0.0,30.8,0.0,106.2,None,0.0,0,0,343,0,3,0,5,Summer
2025-05-16,IC-CHO,Chocolate Ice Cream,Ice Cream,179,187.63,1.04,0,None,0.0,0.0,31.7,2.3,106.2,None,0.0,0,0,276,0,4,0,5,Summer
2025-05-17,IC-CHO,Chocolate Ice Cream,Ice Cream,271,265.38,1.04,1,Loyalty Offer,7.0,1298.58,34.1,0.2,120.1,None,0.0,0,1,348,0,5,1,5,Summer
2025-05-18,IC-CHO,Chocolate Ice Cream,Ice Cream,260,253.17,1.04,1,Loyalty Offer,7.0,1298.58,35.1,0.6,113.5,None,0.0,0,1,401,0,6,1,5,Summer
2025-05-19,IC-CHO,Chocolate Ice Cream,Ice Cream,213,204.63,1.04,1,Loyalty Offer,7.0,1298.58,37.3,0.9,113.5,None,0.0,0,1,348,0,0,0,5,Summer
2025-05-20,IC-CHO,Chocolate Ice Cream,Ice Cream,184,190.99,1.04,0,None,0.0,0.0,39.0,0.0,109.4,None,0.0,0,0,237,0,1,0,5,Summer
2025-05-21,IC-CHO,Chocolate Ice Cream,Ice Cream,201,208.6,1.04,0,None,0.0,0.0,34.5,0.1,108.8,None,0.0,0,1,307,0,2,0,5,Summer
2025-05-22,IC-CHO,Chocolate Ice Cream,Ice Cream,164,169.36,1.04,0,None,0.0,0.0,32.0,0.1,110.9,None,0.0,0,0,287,0,3,0,5,Summer
2025-05-23,IC-CHO,Chocolate Ice Cream,Ice Cream,151,158.08,1.04,0,None,0.0,0.0,30.0,1.2,116.1,None,0.0,0,0,243,0,4,0,5,Summer
2025-05-24,IC-CHO,Chocolate Ice Cream,Ice Cream,230,241.02,1.04,0,None,0.0,0.0,34.4,1.0,118.3,None,0.0,0,0,309,0,5,1,5,Summer
2025-05-25,IC-CHO,Chocolate Ice Cream,Ice Cream,207,218.32,1.04,0,None,0.0,0.0,32.5,0.3,116.8,None,0.0,0,0,265,0,6,1,5,Summer
2025-05-26,IC-CHO,Chocolate Ice Cream,Ice Cream,178,183.59,1.04,0,None,0.0,0.0,33.2,1.6,114.8,None,0.0,0,0,263,0,0,0,5,Summer
2025-05-27,IC-CHO,Chocolate Ice Cream,Ice Cream,192,198.65,1.04,0,None,0.0,0.0,32.9,2.1,112.1,None,0.0,0,0,251,0,1,0,5,Summer
2025-05-28,IC-CHO,Chocolate Ice Cream,Ice Cream,188,199.47,1.04,0,None,0.0,0.0,33.8,2.7,105.6,None,0.0,0,0,256,0,2,0,5,Summer
2025-05-29,IC-CHO,Chocolate Ice Cream,Ice Cream,183,190.17,1.04,0,None,0.0,0.0,36.0,0.2,107.1,None,0.0,0,0,232,0,3,0,5,Summer
2025-05-30,IC-CHO,Chocolate Ice Cream,Ice Cream,178,185.36,1.04,0,None,0.0,0.0,34.4,0.1,108.0,None,0.0,0,0,258,0,4,0,5,Summer
2025-05-31,IC-CHO,Chocolate Ice Cream,Ice Cream,238,247.16,1.04,0,None,0.0,0.0,33.9,0.3,118.8,None,0.0,0,0,359,0,5,1,5,Summer
2025-06-01,IC-CHO,Chocolate Ice Cream,Ice Cream,95,100.18,1.04,0,None,0.0,0.0,32.3,2.3,110.1,None,0.0,0,0,175,1,6,1,6,Monsoon
2025-06-02,IC-CHO,Chocolate Ice Cream,Ice Cream,169,178.24,1.04,0,None,0.0,0.0,31.2,11.1,99.1,None,0.0,0,0,211,0,0,0,6,Monsoon
2025-06-03,IC-CHO,Chocolate Ice Cream,Ice Cream,219,207.67,1.04,1,Weekend Flash,10.0,1793.58,33.4,2.9,102.3,None,0.0,0,0,367,0,1,0,6,Monsoon
2025-06-04,IC-CHO,Chocolate Ice Cream,Ice Cream,213,199.32,1.04,1,Weekend Flash,10.0,1793.58,34.2,3.8,101.9,None,0.0,0,0,302,0,2,0,6,Monsoon
2025-06-05,IC-CHO,Chocolate Ice Cream,Ice Cream,214,198.04,1.04,1,Weekend Flash,10.0,1793.58,37.5,2.3,103.4,None,0.0,0,0,327,0,3,0,6,Monsoon
2025-06-06,IC-CHO,Chocolate Ice Cream,Ice Cream,196,208.31,1.04,0,None,0.0,0.0,34.6,1.6,109.7,None,0.0,0,0,299,0,4,0,6,Monsoon
2025-06-07,IC-CHO,Chocolate Ice Cream,Ice Cream,231,242.35,1.04,0,None,0.0,0.0,36.1,7.0,115.6,None,0.0,0,1,332,0,5,1,6,Monsoon
2025-06-08,IC-CHO,Chocolate Ice Cream,Ice Cream,206,212.69,1.04,0,None,0.0,0.0,33.5,1.3,117.4,None,0.0,0,1,296,0,6,1,6,Monsoon
2025-06-09,IC-CHO,Chocolate Ice Cream,Ice Cream,172,181.55,1.04,0,None,0.0,0.0,32.3,7.2,100.2,None,0.0,0,0,312,0,0,0,6,Monsoon
2025-06-10,IC-CHO,Chocolate Ice Cream,Ice Cream,173,178.33,1.04,0,None,0.0,0.0,32.7,7.0,103.9,None,0.0,0,0,329,0,1,0,6,Monsoon
2025-06-11,IC-CHO,Chocolate Ice Cream,Ice Cream,173,182.47,1.04,0,None,0.0,0.0,33.1,5.5,109.1,None,0.0,0,0,337,0,2,0,6,Monsoon
2025-06-12,IC-CHO,Chocolate Ice Cream,Ice Cream,187,197.33,1.04,0,None,0.0,0.0,38.3,4.1,109.0,None,0.0,0,0,277,0,3,0,6,Monsoon
2025-06-13,IC-CHO,Chocolate Ice Cream,Ice Cream,166,170.15,1.04,0,None,0.0,0.0,33.0,3.4,102.3,None,0.0,0,0,240,0,4,0,6,Monsoon
2025-06-14,IC-CHO,Chocolate Ice Cream,Ice Cream,218,227.46,1.04,0,None,0.0,0.0,36.0,2.0,116.7,None,0.0,0,0,251,0,5,1,6,Monsoon
2025-06-15,IC-CHO,Chocolate Ice Cream,Ice Cream,251,241.43,1.04,1,Bundle Offer,8.0,2121.93,32.9,18.4,126.7,None,0.0,0,0,341,0,6,1,6,Monsoon
2025-06-16,IC-CHO,Chocolate Ice Cream,Ice Cream,211,207.31,1.04,1,Bundle Offer,8.0,2121.93,36.2,5.3,105.6,None,0.0,0,0,389,0,0,0,6,Monsoon
2025-06-17,IC-CHO,Chocolate Ice Cream,Ice Cream,228,191.8,1.04,1,Festival Promo,18.0,3410.75,35.2,5.1,102.1,None,0.0,0,0,289,0,1,0,6,Monsoon
2025-06-18,IC-CHO,Chocolate Ice Cream,Ice Cream,223,192.47,1.03,1,Festival Promo,18.0,3410.75,34.2,2.5,104.6,None,0.0,0,0,378,0,2,0,6,Monsoon
2025-06-19,IC-CHO,Chocolate Ice Cream,Ice Cream,113,99.38,1.03,1,Mango Festival,15.0,2620.09,34.4,17.0,105.8,None,0.0,0,0,254,1,3,0,6,Monsoon
2025-06-20,IC-CHO,Chocolate Ice Cream,Ice Cream,182,185.4,1.03,0,None,0.0,0.0,33.3,3.6,104.5,None,0.0,0,0,307,0,4,0,6,Monsoon
2025-06-21,IC-CHO,Chocolate Ice Cream,Ice Cream,231,238.45,1.03,0,None,0.0,0.0,35.3,7.8,115.0,None,0.0,0,0,341,0,5,1,6,Monsoon
2025-06-22,IC-CHO,Chocolate Ice Cream,Ice Cream,212,219.09,1.03,0,None,0.0,0.0,33.7,9.1,107.8,None,0.0,0,0,353,0,6,1,6,Monsoon
2025-06-23,IC-CHO,Chocolate Ice Cream,Ice Cream,164,167.27,1.03,0,None,0.0,0.0,32.3,7.0,100.1,None,0.0,0,0,199,0,0,0,6,Monsoon
2025-06-24,IC-CHO,Chocolate Ice Cream,Ice Cream,181,187.62,1.03,0,None,0.0,0.0,32.2,1.3,104.1,None,0.0,0,0,221,0,1,0,6,Monsoon
2025-06-25,IC-CHO,Chocolate Ice Cream,Ice Cream,178,185.87,1.03,0,None,0.0,0.0,34.8,10.8,103.9,None,0.0,0,0,229,0,2,0,6,Monsoon
2025-06-26,IC-CHO,Chocolate Ice Cream,Ice Cream,226,191.8,1.03,1,Festival Promo,18.0,3082.36,37.3,3.5,101.8,None,0.0,0,0,368,0,3,0,6,Monsoon
2025-06-27,IC-CHO,Chocolate Ice Cream,Ice Cream,234,196.66,1.03,1,Festival Promo,18.0,3082.36,34.8,11.9,103.6,None,0.0,0,0,323,0,4,0,6,Monsoon
2025-06-28,IC-CHO,Chocolate Ice Cream,Ice Cream,267,225.39,1.03,1,Festival Promo,18.0,3082.36,34.2,6.0,114.7,None,0.0,0,0,320,0,5,1,6,Monsoon
2025-06-29,IC-CHO,Chocolate Ice Cream,Ice Cream,226,232.98,1.03,0,None,0.0,0.0,35.0,9.5,118.7,None,0.0,0,0,253,0,6,1,6,Monsoon
2025-06-30,IC-CHO,Chocolate Ice Cream,Ice Cream,185,191.15,1.03,0,None,0.0,0.0,36.8,16.2,103.6,None,0.0,0,0,283,0,0,0,6,Monsoon
2025-07-01,IC-CHO,Chocolate Ice Cream,Ice Cream,192,200.44,1.03,0,None,0.0,0.0,34.8,10.5,106.0,None,0.0,0,1,275,0,1,0,7,Monsoon
2025-07-02,IC-CHO,Chocolate Ice Cream,Ice Cream,222,201.85,1.03,1,Payday Campaign,12.0,2588.04,33.6,9.7,101.2,None,0.0,0,0,270,0,2,0,7,Monsoon
2025-07-03,IC-CHO,Chocolate Ice Cream,Ice Cream,230,204.87,1.03,1,Payday Campaign,12.0,2588.04,36.4,11.2,106.6,None,0.0,0,1,253,0,3,0,7,Monsoon
2025-07-04,IC-CHO,Chocolate Ice Cream,Ice Cream,220,197.9,1.03,1,Payday Campaign,12.0,2588.04,35.1,2.8,105.5,None,0.0,0,0,360,0,4,0,7,Monsoon
2025-07-05,IC-CHO,Chocolate Ice Cream,Ice Cream,253,239.94,1.03,1,Bundle Offer,8.0,2215.4,37.1,12.3,117.9,None,0.0,0,0,397,0,5,1,7,Monsoon
2025-07-06,IC-CHO,Chocolate Ice Cream,Ice Cream,272,260.83,1.03,1,Bundle Offer,8.0,2215.4,34.6,4.9,117.0,None,0.0,0,0,331,0,6,1,7,Monsoon
2025-07-07,IC-CHO,Chocolate Ice Cream,Ice Cream,187,179.63,1.03,1,Bundle Offer,8.0,2215.4,32.1,5.1,106.2,None,0.0,0,1,285,0,0,0,7,Monsoon
2025-07-08,IC-CHO,Chocolate Ice Cream,Ice Cream,154,161.64,1.03,0,None,0.0,0.0,31.8,6.8,102.7,None,0.0,0,0,214,0,1,0,7,Monsoon
2025-07-09,IC-CHO,Chocolate Ice Cream,Ice Cream,185,190.37,1.03,0,None,0.0,0.0,37.2,4.5,104.3,None,0.0,0,1,270,0,2,0,7,Monsoon
2025-07-10,IC-CHO,Chocolate Ice Cream,Ice Cream,195,202.11,1.03,0,None,0.0,0.0,37.3,2.2,108.2,None,0.0,0,0,232,0,3,0,7,Monsoon
2025-07-11,IC-CHO,Chocolate Ice Cream,Ice Cream,180,181.58,1.03,0,None,0.0,0.0,33.8,6.4,99.5,None,0.0,0,0,351,0,4,0,7,Monsoon
2025-07-12,IC-CHO,Chocolate Ice Cream,Ice Cream,218,224.9,1.03,0,None,0.0,0.0,33.4,5.1,109.5,None,0.0,0,0,353,0,5,1,7,Monsoon
2025-07-13,IC-CHO,Chocolate Ice Cream,Ice Cream,203,205.59,1.03,0,None,0.0,0.0,36.7,4.9,113.4,None,0.0,0,0,367,0,6,1,7,Monsoon
2025-07-14,IC-CHO,Chocolate Ice Cream,Ice Cream,164,168.08,1.03,0,None,0.0,0.0,32.1,5.8,104.5,None,0.0,0,0,231,0,0,0,7,Monsoon
2025-07-15,IC-CHO,Chocolate Ice Cream,Ice Cream,154,163.64,1.03,0,None,0.0,0.0,32.4,5.0,98.1,None,0.0,0,0,313,0,1,0,7,Monsoon
2025-07-16,IC-CHO,Chocolate Ice Cream,Ice Cream,185,190.31,1.02,0,None,0.0,0.0,35.1,17.7,101.8,None,0.0,0,0,287,0,2,0,7,Monsoon
2025-07-17,IC-CHO,Chocolate Ice Cream,Ice Cream,165,167.31,1.02,0,None,0.0,0.0,33.2,16.7,101.5,None,0.0,0,0,216,0,3,0,7,Monsoon
2025-07-18,IC-CHO,Chocolate Ice Cream,Ice Cream,164,168.8,1.02,0,None,0.0,0.0,33.9,6.5,90.8,None,0.0,0,0,237,0,4,0,7,Monsoon
2025-07-19,IC-CHO,Chocolate Ice Cream,Ice Cream,217,220.82,1.02,0,None,0.0,0.0,33.5,6.4,110.6,None,0.0,0,0,366,0,5,1,7,Monsoon
2025-07-20,IC-CHO,Chocolate Ice Cream,Ice Cream,93,94.1,1.02,0,None,0.0,0.0,34.4,0.2,110.8,None,0.0,0,0,236,1,6,1,7,Monsoon
2025-07-21,IC-CHO,Chocolate Ice Cream,Ice Cream,178,186.74,1.02,0,None,0.0,0.0,36.3,3.7,100.7,None,0.0,0,1,313,0,0,0,7,Monsoon
2025-07-22,IC-CHO,Chocolate Ice Cream,Ice Cream,188,194.77,1.02,0,None,0.0,0.0,33.9,11.1,108.4,None,0.0,0,0,244,0,1,0,7,Monsoon
2025-07-23,IC-CHO,Chocolate Ice Cream,Ice Cream,179,183.8,1.02,0,None,0.0,0.0,34.8,4.4,95.1,None,0.0,0,0,302,0,2,0,7,Monsoon
2025-07-24,IC-CHO,Chocolate Ice Cream,Ice Cream,144,146.51,1.02,0,None,0.0,0.0,29.9,14.1,96.9,None,0.0,0,0,314,0,3,0,7,Monsoon
2025-07-25,IC-CHO,Chocolate Ice Cream,Ice Cream,161,163.92,1.02,0,None,0.0,0.0,33.5,13.4,87.8,None,0.0,0,0,188,0,4,0,7,Monsoon
2025-07-26,IC-CHO,Chocolate Ice Cream,Ice Cream,200,208.1,1.02,0,None,0.0,0.0,32.0,3.7,108.4,None,0.0,0,0,271,0,5,1,7,Monsoon
2025-07-27,IC-CHO,Chocolate Ice Cream,Ice Cream,193,197.83,1.02,0,None,0.0,0.0,31.2,7.0,108.7,None,0.0,0,0,225,0,6,1,7,Monsoon
2025-07-28,IC-CHO,Chocolate Ice Cream,Ice Cream,168,165.18,1.02,0,None,0.0,0.0,31.8,18.8,97.9,None,0.0,0,0,204,0,0,0,7,Monsoon
2025-07-29,IC-CHO,Chocolate Ice Cream,Ice Cream,176,184.85,1.02,0,None,0.0,0.0,32.7,1.2,105.9,None,0.0,0,0,355,0,1,0,7,Monsoon
2025-07-30,IC-CHO,Chocolate Ice Cream,Ice Cream,208,191.43,1.02,1,Weekend Flash,10.0,1538.36,34.9,4.5,104.5,None,0.0,0,0,266,0,2,0,7,Monsoon
2025-07-31,IC-CHO,Chocolate Ice Cream,Ice Cream,185,176.22,1.02,1,Loyalty Offer,7.0,1362.72,30.8,1.1,100.5,None,0.0,0,0,233,0,3,0,7,Monsoon
2025-08-01,IC-CHO,Chocolate Ice Cream,Ice Cream,173,178.71,1.02,0,None,0.0,0.0,33.2,2.6,98.1,None,0.0,0,0,204,0,4,0,8,Monsoon
2025-08-02,IC-CHO,Chocolate Ice Cream,Ice Cream,200,205.02,1.02,0,None,0.0,0.0,32.2,22.8,114.9,None,0.0,0,0,376,0,5,1,8,Monsoon
2025-08-03,IC-CHO,Chocolate Ice Cream,Ice Cream,200,205.65,1.02,0,None,0.0,0.0,32.4,4.5,109.6,None,0.0,0,0,294,0,6,1,8,Monsoon
2025-08-04,IC-CHO,Chocolate Ice Cream,Ice Cream,172,174.34,1.02,0,None,0.0,0.0,34.8,0.5,95.4,None,0.0,0,0,318,0,0,0,8,Monsoon
2025-08-05,IC-CHO,Chocolate Ice Cream,Ice Cream,180,180.63,1.02,0,None,0.0,0.0,33.9,2.2,90.8,None,0.0,0,0,240,0,1,0,8,Monsoon
2025-08-06,IC-CHO,Chocolate Ice Cream,Ice Cream,168,171.64,1.02,0,None,0.0,0.0,35.2,0.9,97.1,None,0.0,0,0,290,0,2,0,8,Monsoon
2025-08-07,IC-CHO,Chocolate Ice Cream,Ice Cream,164,169.81,1.02,0,None,0.0,0.0,32.5,7.2,102.9,None,0.0,0,0,325,0,3,0,8,Monsoon
2025-08-08,IC-CHO,Chocolate Ice Cream,Ice Cream,164,165.6,1.02,0,None,0.0,0.0,31.4,9.0,110.4,None,0.0,0,0,291,0,4,0,8,Monsoon
2025-08-09,IC-CHO,Chocolate Ice Cream,Ice Cream,240,242.04,1.02,0,None,0.0,0.0,32.2,12.5,122.2,Raksha Bandhan,1.0,1,0,342,0,5,1,8,Monsoon
2025-08-10,IC-CHO,Chocolate Ice Cream,Ice Cream,211,217.75,1.02,0,None,0.0,0.0,33.0,10.6,104.9,None,0.0,0,0,264,0,6,1,8,Monsoon
2025-08-11,IC-CHO,Chocolate Ice Cream,Ice Cream,156,157.75,1.02,0,None,0.0,0.0,32.8,1.3,92.7,None,0.0,0,0,213,0,0,0,8,Monsoon
2025-08-12,IC-CHO,Chocolate Ice Cream,Ice Cream,187,175.92,1.02,1,Loyalty Offer,7.0,1560.62,30.4,8.6,101.2,None,0.0,0,1,302,0,1,0,8,Monsoon
2025-08-13,IC-CHO,Chocolate Ice Cream,Ice Cream,199,187.24,1.02,1,Loyalty Offer,7.0,1560.62,32.5,5.6,89.5,None,0.0,0,0,291,0,2,0,8,Monsoon
2025-08-14,IC-CHO,Chocolate Ice Cream,Ice Cream,163,165.48,1.02,0,None,0.0,0.0,32.7,13.9,100.9,None,0.0,0,0,190,0,3,0,8,Monsoon
2025-08-15,IC-CHO,Chocolate Ice Cream,Ice Cream,116,115.6,1.02,0,None,0.0,0.0,36.7,11.6,113.8,Independence Day,0.9,1,0,167,1,4,0,8,Monsoon
2025-08-16,IC-CHO,Chocolate Ice Cream,Ice Cream,216,217.93,1.02,0,None,0.0,0.0,35.5,25.0,110.1,None,0.0,0,1,305,0,5,1,8,Monsoon
2025-08-17,IC-CHO,Chocolate Ice Cream,Ice Cream,189,192.41,1.02,0,None,0.0,0.0,30.5,2.4,106.7,None,0.0,0,0,237,0,6,1,8,Monsoon
2025-08-18,IC-CHO,Chocolate Ice Cream,Ice Cream,172,175.05,1.02,0,None,0.0,0.0,31.4,2.0,100.5,None,0.0,0,0,280,0,0,0,8,Monsoon
2025-08-19,IC-CHO,Chocolate Ice Cream,Ice Cream,136,139.93,1.01,0,None,0.0,0.0,29.2,4.0,98.4,None,0.0,0,0,204,0,1,0,8,Monsoon
2025-08-20,IC-CHO,Chocolate Ice Cream,Ice Cream,163,169.02,1.01,0,None,0.0,0.0,30.7,5.8,93.5,None,0.0,0,0,229,0,2,0,8,Monsoon
2025-08-21,IC-CHO,Chocolate Ice Cream,Ice Cream,156,161.1,1.01,0,None,0.0,0.0,32.3,3.2,106.5,None,0.0,0,0,193,0,3,0,8,Monsoon
2025-08-22,IC-CHO,Chocolate Ice Cream,Ice Cream,175,179.41,1.01,0,None,0.0,0.0,33.8,2.6,95.4,None,0.0,0,0,275,0,4,0,8,Monsoon
2025-08-23,IC-CHO,Chocolate Ice Cream,Ice Cream,210,195.53,1.01,1,Bundle Offer,8.0,2002.59,30.2,8.2,110.9,None,0.0,0,0,260,0,5,1,8,Monsoon
2025-08-24,IC-CHO,Chocolate Ice Cream,Ice Cream,180,181.09,1.01,0,None,0.0,0.0,30.3,4.0,94.8,None,0.0,0,0,300,0,6,1,8,Monsoon
2025-08-25,IC-CHO,Chocolate Ice Cream,Ice Cream,160,150.83,1.01,1,Loyalty Offer,7.0,1457.49,27.5,3.1,103.1,None,0.0,0,0,330,0,0,0,8,Monsoon
2025-08-26,IC-CHO,Chocolate Ice Cream,Ice Cream,192,182.19,1.01,1,Loyalty Offer,7.0,1457.49,31.0,1.3,104.0,None,0.0,0,1,357,0,1,0,8,Monsoon
2025-08-27,IC-CHO,Chocolate Ice Cream,Ice Cream,132,135.04,1.01,0,None,0.0,0.0,29.3,0.2,96.6,None,0.0,0,0,258,0,2,0,8,Monsoon
2025-08-28,IC-CHO,Chocolate Ice Cream,Ice Cream,156,159.18,1.01,0,None,0.0,0.0,30.1,17.1,99.2,None,0.0,0,0,305,0,3,0,8,Monsoon
2025-08-29,IC-CHO,Chocolate Ice Cream,Ice Cream,148,149.65,1.01,0,None,0.0,0.0,29.4,16.7,99.0,None,0.0,0,0,315,0,4,0,8,Monsoon
2025-08-30,IC-CHO,Chocolate Ice Cream,Ice Cream,171,174.76,1.01,0,None,0.0,0.0,30.7,11.8,102.9,None,0.0,0,0,300,0,5,1,8,Monsoon
2025-08-31,IC-CHO,Chocolate Ice Cream,Ice Cream,142,145.91,1.01,0,None,0.0,0.0,27.7,9.8,108.7,None,0.0,0,0,203,0,6,1,8,Monsoon
2025-09-01,IC-CHO,Chocolate Ice Cream,Ice Cream,160,150.55,1.01,1,Bundle Offer,8.0,2345.12,28.1,3.6,91.8,None,0.0,0,0,260,0,0,0,9,Monsoon
2025-09-02,IC-CHO,Chocolate Ice Cream,Ice Cream,206,191.7,1.01,1,Bundle Offer,8.0,2345.12,34.5,10.1,92.7,None,0.0,0,0,363,0,1,0,9,Monsoon
2025-09-03,IC-CHO,Chocolate Ice Cream,Ice Cream,151,139.14,1.01,1,Bundle Offer,8.0,2345.12,28.2,1.9,101.3,None,0.0,0,0,277,0,2,0,9,Monsoon
2025-09-04,IC-CHO,Chocolate Ice Cream,Ice Cream,136,136.16,1.01,0,None,0.0,0.0,28.5,6.8,100.4,None,0.0,0,0,213,0,3,0,9,Monsoon
2025-09-05,IC-CHO,Chocolate Ice Cream,Ice Cream,178,178.56,1.01,0,None,0.0,0.0,33.7,2.8,91.9,None,0.0,0,0,224,0,4,0,9,Monsoon
2025-09-06,IC-CHO,Chocolate Ice Cream,Ice Cream,211,214.04,1.01,0,None,0.0,0.0,35.5,10.1,101.6,None,0.0,0,0,254,0,5,1,9,Monsoon
2025-09-07,IC-CHO,Chocolate Ice Cream,Ice Cream,146,148.54,1.01,0,None,0.0,0.0,28.1,19.7,102.0,None,0.0,0,0,226,0,6,1,9,Monsoon
2025-09-08,IC-CHO,Chocolate Ice Cream,Ice Cream,196,159.73,1.01,1,Festival Promo,18.0,2991.56,29.4,2.2,98.8,None,0.0,0,1,344,0,0,0,9,Monsoon
2025-09-09,IC-CHO,Chocolate Ice Cream,Ice Cream,197,162.31,1.01,1,Festival Promo,18.0,2991.56,30.6,3.8,90.0,None,0.0,0,0,305,0,1,0,9,Monsoon
2025-09-10,IC-CHO,Chocolate Ice Cream,Ice Cream,217,180.37,1.01,1,Festival Promo,18.0,2991.56,33.0,6.7,96.7,None,0.0,0,0,246,0,2,0,9,Monsoon
2025-09-11,IC-CHO,Chocolate Ice Cream,Ice Cream,167,136.9,1.01,1,Festival Promo,18.0,2991.56,28.0,0.6,98.5,None,0.0,0,0,333,0,3,0,9,Monsoon
2025-09-12,IC-CHO,Chocolate Ice Cream,Ice Cream,144,146.27,1.01,0,None,0.0,0.0,29.3,1.0,94.2,None,0.0,0,1,228,0,4,0,9,Monsoon
2025-09-13,IC-CHO,Chocolate Ice Cream,Ice Cream,184,185.22,1.01,0,None,0.0,0.0,31.0,19.3,109.6,None,0.0,0,0,266,0,5,1,9,Monsoon
2025-09-14,IC-CHO,Chocolate Ice Cream,Ice Cream,182,182.27,1.01,0,None,0.0,0.0,30.3,8.2,102.9,None,0.0,0,0,333,0,6,1,9,Monsoon
2025-09-15,IC-CHO,Chocolate Ice Cream,Ice Cream,128,129.38,1.01,0,None,0.0,0.0,28.8,3.4,93.3,None,0.0,0,0,208,0,0,0,9,Monsoon
2025-09-16,IC-CHO,Chocolate Ice Cream,Ice Cream,138,140.05,1.01,0,None,0.0,0.0,29.1,6.1,89.4,None,0.0,0,0,256,0,1,0,9,Monsoon
2025-09-17,IC-CHO,Chocolate Ice Cream,Ice Cream,116,115.97,1.01,0,None,0.0,0.0,26.8,4.0,99.3,None,0.0,0,0,283,0,2,0,9,Monsoon
2025-09-18,IC-CHO,Chocolate Ice Cream,Ice Cream,128,128.89,1.01,0,None,0.0,0.0,28.7,6.9,90.3,None,0.0,0,0,230,0,3,0,9,Monsoon
2025-09-19,IC-CHO,Chocolate Ice Cream,Ice Cream,149,151.31,1.01,0,None,0.0,0.0,28.6,4.1,95.7,None,0.0,0,0,267,0,4,0,9,Monsoon
2025-09-20,IC-CHO,Chocolate Ice Cream,Ice Cream,173,173.09,1.01,0,None,0.0,0.0,29.4,5.7,103.5,None,0.0,0,0,249,0,5,1,9,Monsoon
2025-09-21,IC-CHO,Chocolate Ice Cream,Ice Cream,156,154.38,1.01,0,None,0.0,0.0,27.9,10.8,98.6,None,0.0,0,0,318,0,6,1,9,Monsoon
2025-09-22,IC-CHO,Chocolate Ice Cream,Ice Cream,130,128.83,1.01,0,None,0.0,0.0,29.6,10.3,90.7,None,0.0,0,0,162,0,0,0,9,Monsoon
2025-09-23,IC-CHO,Chocolate Ice Cream,Ice Cream,153,153.69,1.01,0,None,0.0,0.0,30.5,18.5,100.6,None,0.0,0,0,217,0,1,0,9,Monsoon
2025-09-24,IC-CHO,Chocolate Ice Cream,Ice Cream,166,153.39,1.01,1,Loyalty Offer,7.0,1520.15,28.9,8.7,94.6,None,0.0,0,0,344,0,2,0,9,Monsoon
2025-09-25,IC-CHO,Chocolate Ice Cream,Ice Cream,163,152.39,1.01,1,Loyalty Offer,7.0,1520.15,29.1,6.5,88.4,None,0.0,0,0,260,0,3,0,9,Monsoon
2025-09-26,IC-CHO,Chocolate Ice Cream,Ice Cream,145,138.85,1.01,1,Loyalty Offer,7.0,1520.15,28.5,20.5,94.9,None,0.0,0,0,192,0,4,0,9,Monsoon
2025-09-27,IC-CHO,Chocolate Ice Cream,Ice Cream,163,161.82,1.01,0,None,0.0,0.0,28.3,5.2,102.6,None,0.0,0,1,249,0,5,1,9,Monsoon
2025-09-28,IC-CHO,Chocolate Ice Cream,Ice Cream,160,160.96,1.01,0,None,0.0,0.0,26.9,0.3,120.5,None,0.0,0,0,220,0,6,1,9,Monsoon
2025-09-29,IC-CHO,Chocolate Ice Cream,Ice Cream,174,162.12,1.01,1,Weekend Flash,10.0,1539.29,28.7,12.0,94.6,None,0.0,0,0,278,0,0,0,9,Monsoon
2025-09-30,IC-CHO,Chocolate Ice Cream,Ice Cream,151,137.85,1.01,1,Weekend Flash,10.0,1539.29,27.8,7.8,91.2,None,0.0,0,0,208,0,1,0,9,Monsoon
2025-10-01,IC-CHO,Chocolate Ice Cream,Ice Cream,152,152.75,1.01,0,None,0.0,0.0,31.7,0.0,100.1,None,0.0,0,0,235,0,2,0,10,Transition
2025-10-02,IC-CHO,Chocolate Ice Cream,Ice Cream,159,160.19,1.01,0,None,0.0,0.0,30.7,0.0,92.9,Gandhi Jayanti,0.7,1,1,324,0,3,0,10,Transition
2025-10-03,IC-CHO,Chocolate Ice Cream,Ice Cream,129,130.89,1.01,0,None,0.0,0.0,28.4,0.0,93.4,None,0.0,0,0,162,0,4,0,10,Transition
2025-10-04,IC-CHO,Chocolate Ice Cream,Ice Cream,153,157.59,1.01,0,None,0.0,0.0,26.3,0.6,112.8,None,0.0,0,0,295,0,5,1,10,Transition
2025-10-05,IC-CHO,Chocolate Ice Cream,Ice Cream,116,116.35,1.01,0,None,0.0,0.0,25.6,0.2,102.2,None,0.0,0,0,148,0,6,1,10,Transition
2025-10-06,IC-CHO,Chocolate Ice Cream,Ice Cream,139,139.04,1.01,0,None,0.0,0.0,29.6,0.4,84.1,None,0.0,0,0,232,0,0,0,10,Transition
2025-10-07,IC-CHO,Chocolate Ice Cream,Ice Cream,141,139.99,1.01,0,None,0.0,0.0,27.9,0.6,90.7,None,0.0,0,0,267,0,1,0,10,Transition
2025-10-08,IC-CHO,Chocolate Ice Cream,Ice Cream,138,139.49,1.01,0,None,0.0,0.0,28.2,1.2,99.9,None,0.0,0,0,310,0,2,0,10,Transition
2025-10-09,IC-CHO,Chocolate Ice Cream,Ice Cream,107,106.2,1.01,0,None,0.0,0.0,24.1,0.1,94.4,None,0.0,0,0,167,0,3,0,10,Transition
2025-10-10,IC-CHO,Chocolate Ice Cream,Ice Cream,126,126.51,1.01,0,None,0.0,0.0,28.8,3.6,88.3,None,0.0,0,0,154,0,4,0,10,Transition
2025-10-11,IC-CHO,Chocolate Ice Cream,Ice Cream,173,158.95,1.01,1,Bundle Offer,8.0,2501.53,27.8,0.0,99.0,None,0.0,0,0,313,0,5,1,10,Transition
2025-10-12,IC-CHO,Chocolate Ice Cream,Ice Cream,68,69.55,1.01,0,None,0.0,0.0,24.9,0.0,99.6,None,0.0,0,0,230,1,6,1,10,Transition
2025-10-13,IC-CHO,Chocolate Ice Cream,Ice Cream,141,127.37,1.01,1,Weekend Flash,10.0,1473.17,26.0,0.3,94.2,None,0.0,0,0,251,0,0,0,10,Transition
2025-10-14,IC-CHO,Chocolate Ice Cream,Ice Cream,156,142.47,1.01,1,Weekend Flash,10.0,1473.17,27.2,0.1,99.0,None,0.0,0,0,185,0,1,0,10,Transition
2025-10-15,IC-CHO,Chocolate Ice Cream,Ice Cream,144,125.52,1.01,1,Payday Campaign,12.0,2292.0,26.8,1.1,97.6,None,0.0,0,0,244,0,2,0,10,Transition
2025-10-16,IC-CHO,Chocolate Ice Cream,Ice Cream,144,128.2,1.01,1,Payday Campaign,12.0,2292.0,26.1,0.0,94.5,None,0.0,0,0,226,0,3,0,10,Transition
2025-10-17,IC-CHO,Chocolate Ice Cream,Ice Cream,134,117.4,1.01,1,Payday Campaign,12.0,2292.0,26.3,0.1,85.6,None,0.0,0,1,226,0,4,0,10,Transition
2025-10-18,IC-CHO,Chocolate Ice Cream,Ice Cream,166,166.85,1.01,0,None,0.0,0.0,26.0,0.1,108.6,Diwali,1.0,1,0,194,0,5,1,10,Transition
2025-10-19,IC-CHO,Chocolate Ice Cream,Ice Cream,195,202.25,1.01,0,None,0.0,0.0,26.6,0.4,121.1,Diwali,1.25,1,1,265,0,6,1,10,Transition
2025-10-20,IC-CHO,Chocolate Ice Cream,Ice Cream,174,177.79,1.01,0,None,0.0,0.0,28.9,0.3,104.9,Diwali,1.5,1,0,353,0,0,0,10,Transition
2025-10-21,IC-CHO,Chocolate Ice Cream,Ice Cream,104,104.94,1.01,0,None,0.0,0.0,21.6,0.0,110.5,Diwali,1.5,1,0,131,0,1,0,10,Transition
2025-10-22,IC-CHO,Chocolate Ice Cream,Ice Cream,116,121.75,1.01,0,None,0.0,0.0,25.7,0.3,106.6,Diwali,1.0,1,0,282,0,2,0,10,Transition
2025-10-23,IC-CHO,Chocolate Ice Cream,Ice Cream,106,105.98,1.01,0,None,0.0,0.0,26.3,0.6,86.4,None,0.0,0,0,208,0,3,0,10,Transition
2025-10-24,IC-CHO,Chocolate Ice Cream,Ice Cream,130,133.27,1.01,0,None,0.0,0.0,26.5,0.7,86.9,None,0.0,0,0,243,0,4,0,10,Transition
2025-10-25,IC-CHO,Chocolate Ice Cream,Ice Cream,126,125.06,1.01,0,None,0.0,0.0,25.2,0.5,101.6,None,0.0,0,0,295,0,5,1,10,Transition
2025-10-26,IC-CHO,Chocolate Ice Cream,Ice Cream,106,106.88,1.01,0,None,0.0,0.0,22.6,0.0,104.5,None,0.0,0,0,160,0,6,1,10,Transition
2025-10-27,IC-CHO,Chocolate Ice Cream,Ice Cream,48,47.76,1.01,0,None,0.0,0.0,26.3,0.0,97.3,None,0.0,0,0,225,1,0,0,10,Transition
2025-10-28,IC-CHO,Chocolate Ice Cream,Ice Cream,153,155.25,1.01,0,None,0.0,0.0,28.7,0.0,95.0,None,0.0,0,0,217,0,1,0,10,Transition
2025-10-29,IC-CHO,Chocolate Ice Cream,Ice Cream,90,91.12,1.01,0,None,0.0,0.0,22.8,0.0,92.4,None,0.0,0,0,165,0,2,0,10,Transition
2025-10-30,IC-CHO,Chocolate Ice Cream,Ice Cream,123,124.01,1.01,0,None,0.0,0.0,27.0,1.1,88.3,None,0.0,0,0,214,0,3,0,10,Transition
2025-10-31,IC-CHO,Chocolate Ice Cream,Ice Cream,107,109.71,1.01,0,None,0.0,0.0,24.8,0.1,86.6,None,0.0,0,0,223,0,4,0,10,Transition
2025-11-01,IC-CHO,Chocolate Ice Cream,Ice Cream,151,141.19,1.01,1,Loyalty Offer,7.0,1284.29,25.2,0.4,99.4,None,0.0,0,0,222,0,5,1,11,Winter
2025-11-02,IC-CHO,Chocolate Ice Cream,Ice Cream,132,124.78,1.01,1,Loyalty Offer,7.0,1284.29,23.4,0.6,104.1,None,0.0,0,0,278,0,6,1,11,Winter
2025-11-03,IC-CHO,Chocolate Ice Cream,Ice Cream,128,121.73,1.01,1,Loyalty Offer,7.0,1284.29,24.6,1.3,93.7,None,0.0,0,1,151,0,0,0,11,Winter
2025-11-04,IC-CHO,Chocolate Ice Cream,Ice Cream,148,136.93,1.01,1,Loyalty Offer,7.0,1284.29,27.5,0.1,81.5,None,0.0,0,0,274,0,1,0,11,Winter
2025-11-05,IC-CHO,Chocolate Ice Cream,Ice Cream,133,133.52,1.01,0,None,0.0,0.0,26.1,0.0,88.1,None,0.0,0,0,258,0,2,0,11,Winter
2025-11-06,IC-CHO,Chocolate Ice Cream,Ice Cream,143,144.99,1.01,0,None,0.0,0.0,28.1,0.4,98.1,None,0.0,0,0,248,0,3,0,11,Winter
2025-11-07,IC-CHO,Chocolate Ice Cream,Ice Cream,136,138.87,1.01,0,None,0.0,0.0,27.1,0.0,92.5,None,0.0,0,0,254,0,4,0,11,Winter
2025-11-08,IC-CHO,Chocolate Ice Cream,Ice Cream,129,132.99,1.01,0,None,0.0,0.0,25.7,0.1,95.0,None,0.0,0,0,268,0,5,1,11,Winter
2025-11-09,IC-CHO,Chocolate Ice Cream,Ice Cream,174,175.96,1.01,0,None,0.0,0.0,27.9,0.9,113.9,None,0.0,0,0,338,0,6,1,11,Winter
2025-11-10,IC-CHO,Chocolate Ice Cream,Ice Cream,111,112.14,1.01,0,None,0.0,0.0,25.5,0.1,92.0,None,0.0,0,0,165,0,0,0,11,Winter
2025-11-11,IC-CHO,Chocolate Ice Cream,Ice Cream,125,125.46,1.01,0,None,0.0,0.0,26.2,0.1,94.1,None,0.0,0,0,221,0,1,0,11,Winter
2025-11-12,IC-CHO,Chocolate Ice Cream,Ice Cream,52,52.97,1.01,0,None,0.0,0.0,24.1,0.2,94.2,None,0.0,0,0,161,1,2,0,11,Winter
2025-11-13,IC-CHO,Chocolate Ice Cream,Ice Cream,108,109.21,1.01,0,None,0.0,0.0,24.7,0.3,90.4,None,0.0,0,0,183,0,3,0,11,Winter
2025-11-14,IC-CHO,Chocolate Ice Cream,Ice Cream,112,113.31,1.02,0,None,0.0,0.0,23.3,0.1,88.6,None,0.0,0,0,287,0,4,0,11,Winter
2025-11-15,IC-CHO,Chocolate Ice Cream,Ice Cream,162,164.29,1.02,0,None,0.0,0.0,26.2,0.1,112.9,None,0.0,0,0,263,0,5,1,11,Winter
2025-11-16,IC-CHO,Chocolate Ice Cream,Ice Cream,118,120.63,1.02,0,None,0.0,0.0,22.3,0.5,107.3,None,0.0,0,0,232,0,6,1,11,Winter
2025-11-17,IC-CHO,Chocolate Ice Cream,Ice Cream,125,126.11,1.02,0,None,0.0,0.0,25.8,1.0,96.5,None,0.0,0,0,176,0,0,0,11,Winter
2025-11-18,IC-CHO,Chocolate Ice Cream,Ice Cream,116,116.77,1.02,0,None,0.0,0.0,24.0,0.1,95.3,None,0.0,0,0,202,0,1,0,11,Winter
2025-11-19,IC-CHO,Chocolate Ice Cream,Ice Cream,112,114.42,1.02,0,None,0.0,0.0,26.4,0.0,87.4,None,0.0,0,0,232,0,2,0,11,Winter
2025-11-20,IC-CHO,Chocolate Ice Cream,Ice Cream,129,126.38,1.02,0,None,0.0,0.0,25.6,0.2,98.9,None,0.0,0,0,217,0,3,0,11,Winter
2025-11-21,IC-CHO,Chocolate Ice Cream,Ice Cream,124,125.18,1.02,0,None,0.0,0.0,27.4,0.9,88.3,None,0.0,0,0,267,0,4,0,11,Winter
2025-11-22,IC-CHO,Chocolate Ice Cream,Ice Cream,136,136.42,1.02,0,None,0.0,0.0,25.4,0.9,104.0,None,0.0,0,0,177,0,5,1,11,Winter
2025-11-23,IC-CHO,Chocolate Ice Cream,Ice Cream,110,113.53,1.02,0,None,0.0,0.0,21.3,0.3,94.4,None,0.0,0,0,154,0,6,1,11,Winter
2025-11-24,IC-CHO,Chocolate Ice Cream,Ice Cream,108,109.33,1.02,0,None,0.0,0.0,23.9,2.4,82.5,None,0.0,0,0,182,0,0,0,11,Winter
2025-11-25,IC-CHO,Chocolate Ice Cream,Ice Cream,83,83.92,1.02,0,None,0.0,0.0,21.9,1.9,94.3,None,0.0,0,0,153,0,1,0,11,Winter
2025-11-26,IC-CHO,Chocolate Ice Cream,Ice Cream,106,100.32,1.02,1,Loyalty Offer,7.0,1490.84,23.0,0.5,88.7,None,0.0,0,1,256,0,2,0,11,Winter
2025-11-27,IC-CHO,Chocolate Ice Cream,Ice Cream,143,134.49,1.02,1,Loyalty Offer,7.0,1490.84,26.6,0.5,82.9,None,0.0,0,0,301,0,3,0,11,Winter
2025-11-28,IC-CHO,Chocolate Ice Cream,Ice Cream,132,124.47,1.02,1,Loyalty Offer,7.0,1490.84,25.0,0.5,95.6,None,0.0,0,0,227,0,4,0,11,Winter
2025-11-29,IC-CHO,Chocolate Ice Cream,Ice Cream,139,131.9,1.02,1,Loyalty Offer,7.0,1490.84,22.6,0.1,113.6,None,0.0,0,0,239,0,5,1,11,Winter
2025-11-30,IC-CHO,Chocolate Ice Cream,Ice Cream,136,137.94,1.02,0,None,0.0,0.0,22.0,0.4,110.0,None,0.0,0,0,203,0,6,1,11,Winter
2025-12-01,IC-CHO,Chocolate Ice Cream,Ice Cream,106,107.54,1.02,0,None,0.0,0.0,23.8,0.1,91.8,None,0.0,0,0,211,0,0,0,12,Winter
2025-12-02,IC-CHO,Chocolate Ice Cream,Ice Cream,86,86.66,1.02,0,None,0.0,0.0,21.6,0.2,93.2,None,0.0,0,0,219,0,1,0,12,Winter
2025-12-03,IC-CHO,Chocolate Ice Cream,Ice Cream,84,84.53,1.02,0,None,0.0,0.0,22.5,0.2,97.7,None,0.0,0,0,219,0,2,0,12,Winter
2025-12-04,IC-CHO,Chocolate Ice Cream,Ice Cream,107,109.29,1.02,0,None,0.0,0.0,24.3,0.8,98.9,None,0.0,0,0,282,0,3,0,12,Winter
2025-12-05,IC-CHO,Chocolate Ice Cream,Ice Cream,113,115.8,1.02,0,None,0.0,0.0,25.8,0.0,91.7,None,0.0,0,0,225,0,4,0,12,Winter
2025-12-06,IC-CHO,Chocolate Ice Cream,Ice Cream,137,137.52,1.02,0,None,0.0,0.0,24.8,1.2,103.7,None,0.0,0,0,211,0,5,1,12,Winter
2025-12-07,IC-CHO,Chocolate Ice Cream,Ice Cream,114,117.53,1.02,0,None,0.0,0.0,19.5,1.6,105.1,None,0.0,0,0,145,0,6,1,12,Winter
2025-12-08,IC-CHO,Chocolate Ice Cream,Ice Cream,104,107.26,1.02,0,None,0.0,0.0,24.2,0.1,96.4,None,0.0,0,0,234,0,0,0,12,Winter
2025-12-09,IC-CHO,Chocolate Ice Cream,Ice Cream,136,126.59,1.02,1,Weekend Flash,10.0,1773.39,23.7,0.5,93.1,None,0.0,0,0,284,0,1,0,12,Winter
2025-12-10,IC-CHO,Chocolate Ice Cream,Ice Cream,103,105.71,1.02,0,None,0.0,0.0,24.3,0.1,93.2,None,0.0,0,0,211,0,2,0,12,Winter
2025-12-11,IC-CHO,Chocolate Ice Cream,Ice Cream,129,132.97,1.02,0,None,0.0,0.0,26.5,0.6,100.8,None,0.0,0,0,296,0,3,0,12,Winter
2025-12-12,IC-CHO,Chocolate Ice Cream,Ice Cream,99,103.96,1.02,0,None,0.0,0.0,19.8,0.9,100.1,None,0.0,0,0,169,0,4,0,12,Winter
2025-12-13,IC-CHO,Chocolate Ice Cream,Ice Cream,118,120.35,1.02,0,None,0.0,0.0,22.5,0.1,106.5,None,0.0,0,0,146,0,5,1,12,Winter
2025-12-14,IC-CHO,Chocolate Ice Cream,Ice Cream,146,147.62,1.02,0,None,0.0,0.0,24.6,0.4,112.8,None,0.0,0,0,267,0,6,1,12,Winter
2025-12-15,IC-CHO,Chocolate Ice Cream,Ice Cream,95,95.52,1.02,0,None,0.0,0.0,20.7,1.7,92.4,None,0.0,0,0,134,0,0,0,12,Winter
2025-12-16,IC-CHO,Chocolate Ice Cream,Ice Cream,136,142.29,1.02,0,None,0.0,0.0,26.2,1.5,102.5,None,0.0,0,0,169,0,1,0,12,Winter
2025-12-17,IC-CHO,Chocolate Ice Cream,Ice Cream,104,108.86,1.03,0,None,0.0,0.0,24.2,0.0,97.2,None,0.0,0,1,236,0,2,0,12,Winter
2025-12-18,IC-CHO,Chocolate Ice Cream,Ice Cream,128,129.79,1.03,0,None,0.0,0.0,25.0,0.1,110.9,None,0.0,0,0,217,0,3,0,12,Winter
2025-12-19,IC-CHO,Chocolate Ice Cream,Ice Cream,97,98.62,1.03,0,None,0.0,0.0,22.5,0.5,88.7,None,0.0,0,0,213,0,4,0,12,Winter
2025-12-20,IC-CHO,Chocolate Ice Cream,Ice Cream,147,150.24,1.03,0,None,0.0,0.0,25.0,0.1,101.3,None,0.0,0,0,286,0,5,1,12,Winter
2025-12-21,IC-CHO,Chocolate Ice Cream,Ice Cream,132,137.47,1.03,0,None,0.0,0.0,25.4,0.0,107.0,None,0.0,0,0,213,0,6,1,12,Winter
2025-12-22,IC-CHO,Chocolate Ice Cream,Ice Cream,100,101.09,1.03,0,None,0.0,0.0,23.9,0.1,97.0,None,0.0,0,0,217,0,0,0,12,Winter
2025-12-23,IC-CHO,Chocolate Ice Cream,Ice Cream,115,115.33,1.03,0,None,0.0,0.0,23.9,0.7,104.9,None,0.0,0,0,221,0,1,0,12,Winter
2025-12-24,IC-CHO,Chocolate Ice Cream,Ice Cream,87,91.71,1.03,0,None,0.0,0.0,24.0,0.2,91.9,None,0.0,0,0,199,0,2,0,12,Winter
2025-12-25,IC-CHO,Chocolate Ice Cream,Ice Cream,115,118.64,1.03,0,None,0.0,0.0,22.0,0.0,115.5,Christmas,1.2,1,0,247,0,3,0,12,Winter
2025-12-26,IC-CHO,Chocolate Ice Cream,Ice Cream,110,113.71,1.03,0,None,0.0,0.0,23.3,0.1,101.3,None,0.0,0,0,190,0,4,0,12,Winter
2025-12-27,IC-CHO,Chocolate Ice Cream,Ice Cream,118,121.06,1.03,0,None,0.0,0.0,23.3,0.0,109.1,None,0.0,0,0,218,0,5,1,12,Winter
2025-12-28,IC-CHO,Chocolate Ice Cream,Ice Cream,126,130.36,1.03,0,None,0.0,0.0,24.2,0.1,100.9,None,0.0,0,0,240,0,6,1,12,Winter
2025-12-29,IC-CHO,Chocolate Ice Cream,Ice Cream,115,116.21,1.03,0,None,0.0,0.0,25.4,0.0,102.8,None,0.0,0,0,157,0,0,0,12,Winter
2025-12-30,IC-CHO,Chocolate Ice Cream,Ice Cream,92,93.76,1.03,0,None,0.0,0.0,21.7,0.4,102.1,None,0.0,0,0,145,0,1,0,12,Winter
2025-12-31,IC-CHO,Chocolate Ice Cream,Ice Cream,116,119.62,1.03,0,None,0.0,0.0,23.4,0.7,113.3,New Year,1.1,1,0,150,0,2,0,12,Winter
2026-01-01,IC-CHO,Chocolate Ice Cream,Ice Cream,124,124.28,1.03,0,None,0.0,0.0,26.3,0.2,97.2,None,0.0,0,0,175,0,3,0,1,Winter
2026-01-02,IC-CHO,Chocolate Ice Cream,Ice Cream,89,91.4,1.03,0,None,0.0,0.0,22.3,0.0,97.4,None,0.0,0,0,179,0,4,0,1,Winter
2026-01-03,IC-CHO,Chocolate Ice Cream,Ice Cream,111,113.95,1.03,0,None,0.0,0.0,22.2,0.8,106.0,None,0.0,0,0,281,0,5,1,1,Winter
2026-01-04,IC-CHO,Chocolate Ice Cream,Ice Cream,129,132.57,1.03,0,None,0.0,0.0,24.1,1.4,109.7,None,0.0,0,0,296,0,6,1,1,Winter
2026-01-05,IC-CHO,Chocolate Ice Cream,Ice Cream,132,135.29,1.03,0,None,0.0,0.0,25.2,1.0,96.8,None,0.0,0,0,274,0,0,0,1,Winter
2026-01-06,IC-CHO,Chocolate Ice Cream,Ice Cream,119,111.65,1.03,1,Bundle Offer,8.0,2468.92,23.8,0.1,92.5,None,0.0,0,0,228,0,1,0,1,Winter
2026-01-07,IC-CHO,Chocolate Ice Cream,Ice Cream,149,138.44,1.03,1,Bundle Offer,8.0,2468.92,26.2,1.3,91.7,None,0.0,0,0,201,0,2,0,1,Winter
2026-01-08,IC-CHO,Chocolate Ice Cream,Ice Cream,135,128.5,1.03,1,Bundle Offer,8.0,2468.92,25.3,0.8,93.3,None,0.0,0,0,212,0,3,0,1,Winter
2026-01-09,IC-CHO,Chocolate Ice Cream,Ice Cream,137,129.75,1.03,1,Bundle Offer,8.0,2468.92,25.3,1.5,98.3,None,0.0,0,0,279,0,4,0,1,Winter
2026-01-10,IC-CHO,Chocolate Ice Cream,Ice Cream,127,129.09,1.03,0,None,0.0,0.0,24.9,0.0,107.2,None,0.0,0,0,292,0,5,1,1,Winter
2026-01-11,IC-CHO,Chocolate Ice Cream,Ice Cream,164,169.68,1.03,0,None,0.0,0.0,28.1,0.0,108.5,None,0.0,0,0,338,0,6,1,1,Winter
2026-01-12,IC-CHO,Chocolate Ice Cream,Ice Cream,97,99.96,1.03,0,None,0.0,0.0,23.6,0.0,100.1,None,0.0,0,0,179,0,0,0,1,Winter
2026-01-13,IC-CHO,Chocolate Ice Cream,Ice Cream,95,97.74,1.03,0,None,0.0,0.0,20.4,0.0,94.6,None,0.0,0,0,192,0,1,0,1,Winter
2026-01-14,IC-CHO,Chocolate Ice Cream,Ice Cream,166,167.35,1.03,0,None,0.0,0.0,26.9,0.5,118.2,Makar Sankranti,1.0,1,0,267,0,2,0,1,Winter
2026-01-15,IC-CHO,Chocolate Ice Cream,Ice Cream,89,92.89,1.04,0,None,0.0,0.0,23.2,0.0,96.6,None,0.0,0,0,117,0,3,0,1,Winter
2026-01-16,IC-CHO,Chocolate Ice Cream,Ice Cream,107,109.17,1.04,0,None,0.0,0.0,24.3,0.0,95.9,None,0.0,0,0,145,0,4,0,1,Winter
2026-01-17,IC-CHO,Chocolate Ice Cream,Ice Cream,150,155.51,1.04,0,None,0.0,0.0,26.5,6.4,110.6,None,0.0,0,0,177,0,5,1,1,Winter
2026-01-18,IC-CHO,Chocolate Ice Cream,Ice Cream,109,111.86,1.04,0,None,0.0,0.0,21.3,0.7,99.2,None,0.0,0,0,246,0,6,1,1,Winter
2026-01-19,IC-CHO,Chocolate Ice Cream,Ice Cream,101,104.21,1.04,0,None,0.0,0.0,22.0,1.6,94.5,None,0.0,0,0,156,0,0,0,1,Winter
2026-01-20,IC-CHO,Chocolate Ice Cream,Ice Cream,46,48.36,1.04,0,None,0.0,0.0,21.4,0.0,103.5,None,0.0,0,0,178,1,1,0,1,Winter
2026-01-21,IC-CHO,Chocolate Ice Cream,Ice Cream,96,100.21,1.04,0,None,0.0,0.0,22.9,2.8,90.1,None,0.0,0,0,176,0,2,0,1,Winter
2026-01-22,IC-CHO,Chocolate Ice Cream,Ice Cream,132,138.82,1.04,0,None,0.0,0.0,25.2,0.3,104.5,None,0.0,0,0,279,0,3,0,1,Winter
2026-01-23,IC-CHO,Chocolate Ice Cream,Ice Cream,128,133.38,1.04,0,None,0.0,0.0,25.4,0.0,106.6,None,0.0,0,0,166,0,4,0,1,Winter
2026-01-24,IC-CHO,Chocolate Ice Cream,Ice Cream,136,141.88,1.04,0,None,0.0,0.0,25.0,0.8,107.3,None,0.0,0,0,208,0,5,1,1,Winter
2026-01-25,IC-CHO,Chocolate Ice Cream,Ice Cream,116,117.9,1.04,0,None,0.0,0.0,22.0,0.0,110.8,None,0.0,0,0,168,0,6,1,1,Winter
2026-01-26,IC-CHO,Chocolate Ice Cream,Ice Cream,103,106.6,1.04,0,None,0.0,0.0,20.4,0.0,115.4,Republic Day,0.8,1,0,192,0,0,0,1,Winter
2026-01-27,IC-CHO,Chocolate Ice Cream,Ice Cream,118,122.3,1.04,0,None,0.0,0.0,24.7,0.4,97.3,None,0.0,0,0,227,0,1,0,1,Winter
2026-01-28,IC-CHO,Chocolate Ice Cream,Ice Cream,113,119.19,1.04,0,None,0.0,0.0,23.9,0.5,104.1,None,0.0,0,0,159,0,2,0,1,Winter
2026-01-29,IC-CHO,Chocolate Ice Cream,Ice Cream,113,116.79,1.04,0,None,0.0,0.0,25.6,0.4,96.5,None,0.0,0,0,239,0,3,0,1,Winter
2026-01-30,IC-CHO,Chocolate Ice Cream,Ice Cream,129,134.61,1.04,0,None,0.0,0.0,26.1,0.0,97.6,None,0.0,0,0,303,0,4,0,1,Winter
2026-01-31,IC-CHO,Chocolate Ice Cream,Ice Cream,141,147.1,1.04,0,None,0.0,0.0,25.1,0.9,106.1,None,0.0,0,0,167,0,5,1,1,Winter
2026-02-01,IC-CHO,Chocolate Ice Cream,Ice Cream,162,170.95,1.04,0,None,0.0,0.0,26.3,2.3,112.0,None,0.0,0,0,195,0,6,1,2,Winter
2026-02-02,IC-CHO,Chocolate Ice Cream,Ice Cream,131,136.16,1.04,0,None,0.0,0.0,25.4,2.6,106.2,None,0.0,0,0,303,0,0,0,2,Winter
2026-02-03,IC-CHO,Chocolate Ice Cream,Ice Cream,131,137.78,1.04,0,None,0.0,0.0,26.0,0.0,99.6,None,0.0,0,0,254,0,1,0,2,Winter
2026-02-04,IC-CHO,Chocolate Ice Cream,Ice Cream,104,106.12,1.04,0,None,0.0,0.0,23.9,0.0,94.3,None,0.0,0,0,271,0,2,0,2,Winter
2026-02-05,IC-CHO,Chocolate Ice Cream,Ice Cream,147,132.18,1.04,1,Payday Campaign,12.0,2339.38,24.9,0.1,95.4,None,0.0,0,1,279,0,3,0,2,Winter
2026-02-06,IC-CHO,Chocolate Ice Cream,Ice Cream,146,130.24,1.04,1,Payday Campaign,12.0,2339.38,25.6,1.0,102.9,None,0.0,0,0,280,0,4,0,2,Winter
2026-02-07,IC-CHO,Chocolate Ice Cream,Ice Cream,159,167.33,1.04,0,None,0.0,0.0,26.8,0.0,120.3,None,0.0,0,0,204,0,5,1,2,Winter
2026-02-08,IC-CHO,Chocolate Ice Cream,Ice Cream,119,125.1,1.04,0,None,0.0,0.0,24.7,0.1,113.2,None,0.0,0,0,220,0,6,1,2,Winter
2026-02-09,IC-CHO,Chocolate Ice Cream,Ice Cream,131,138.11,1.04,0,None,0.0,0.0,26.4,0.1,99.4,None,0.0,0,0,209,0,0,0,2,Winter
2026-02-10,IC-CHO,Chocolate Ice Cream,Ice Cream,116,120.05,1.04,0,None,0.0,0.0,25.1,0.9,105.3,None,0.0,0,0,269,0,1,0,2,Winter
2026-02-11,IC-CHO,Chocolate Ice Cream,Ice Cream,126,130.61,1.04,0,None,0.0,0.0,25.4,0.0,100.4,None,0.0,0,0,152,0,2,0,2,Winter
2026-02-12,IC-CHO,Chocolate Ice Cream,Ice Cream,125,130.3,1.04,0,None,0.0,0.0,27.2,0.5,99.9,None,0.0,0,0,147,0,3,0,2,Winter
2026-02-13,IC-CHO,Chocolate Ice Cream,Ice Cream,90,95.6,1.04,0,None,0.0,0.0,22.2,0.2,97.1,None,0.0,0,0,199,0,4,0,2,Winter
2026-02-14,IC-CHO,Chocolate Ice Cream,Ice Cream,134,142.79,1.04,0,None,0.0,0.0,23.6,0.0,119.1,None,0.0,0,0,309,0,5,1,2,Winter
2026-02-15,IC-CHO,Chocolate Ice Cream,Ice Cream,112,118.12,1.04,0,None,0.0,0.0,23.3,3.4,99.5,None,0.0,0,0,291,0,6,1,2,Winter
2026-02-16,IC-CHO,Chocolate Ice Cream,Ice Cream,101,105.95,1.04,0,None,0.0,0.0,21.8,0.2,106.3,None,0.0,0,0,215,0,0,0,2,Winter
2026-02-17,IC-CHO,Chocolate Ice Cream,Ice Cream,114,121.06,1.05,0,None,0.0,0.0,24.9,2.0,100.1,None,0.0,0,0,202,0,1,0,2,Winter
2026-02-18,IC-CHO,Chocolate Ice Cream,Ice Cream,142,147.99,1.05,0,None,0.0,0.0,27.6,2.4,100.5,None,0.0,0,0,205,0,2,0,2,Winter
2026-02-19,IC-CHO,Chocolate Ice Cream,Ice Cream,135,140.5,1.05,0,None,0.0,0.0,25.8,0.0,111.2,None,0.0,0,0,313,0,3,0,2,Winter
2026-02-20,IC-CHO,Chocolate Ice Cream,Ice Cream,141,147.24,1.05,0,None,0.0,0.0,26.7,0.1,99.3,None,0.0,0,0,190,0,4,0,2,Winter
2026-02-21,IC-CHO,Chocolate Ice Cream,Ice Cream,180,186.08,1.05,0,None,0.0,0.0,28.4,1.8,109.6,None,0.0,0,0,220,0,5,1,2,Winter
2026-02-22,IC-CHO,Chocolate Ice Cream,Ice Cream,181,188.98,1.05,0,None,0.0,0.0,28.9,0.1,112.4,None,0.0,0,0,282,0,6,1,2,Winter
2026-02-23,IC-CHO,Chocolate Ice Cream,Ice Cream,132,136.29,1.05,0,None,0.0,0.0,26.5,0.0,105.3,None,0.0,0,0,214,0,0,0,2,Winter
2026-02-24,IC-CHO,Chocolate Ice Cream,Ice Cream,202,175.51,1.05,1,Festival Promo,18.0,3556.8,29.1,0.0,101.1,None,0.0,0,0,301,0,1,0,2,Winter
2026-02-25,IC-CHO,Chocolate Ice Cream,Ice Cream,159,142.41,1.05,1,Mango Festival,15.0,2927.37,27.0,0.0,95.6,None,0.0,0,1,323,0,2,0,2,Winter
2026-02-26,IC-CHO,Chocolate Ice Cream,Ice Cream,120,127.81,1.05,0,None,0.0,0.0,25.4,0.0,99.3,None,0.0,0,0,183,0,3,0,2,Winter
2026-02-27,IC-CHO,Chocolate Ice Cream,Ice Cream,128,131.43,1.05,0,None,0.0,0.0,25.9,0.1,110.1,None,0.0,0,0,288,0,4,0,2,Winter
2026-02-28,IC-CHO,Chocolate Ice Cream,Ice Cream,160,157.71,1.05,1,Bundle Offer,8.0,2149.42,24.4,0.0,114.2,None,0.0,0,0,213,0,5,1,2,Winter
2026-03-01,IC-CHO,Chocolate Ice Cream,Ice Cream,144,148.02,1.05,0,None,0.0,0.0,25.5,0.5,116.2,None,0.0,0,0,215,0,6,1,3,Summer
2026-03-02,IC-CHO,Chocolate Ice Cream,Ice Cream,137,141.49,1.05,0,None,0.0,0.0,26.6,0.7,113.2,Holi,0.8,1,0,157,0,0,0,3,Summer
2026-03-03,IC-CHO,Chocolate Ice Cream,Ice Cream,181,188.28,1.05,0,None,0.0,0.0,28.8,0.3,114.5,Holi,1.05,1,0,309,0,1,0,3,Summer
2026-03-04,IC-CHO,Chocolate Ice Cream,Ice Cream,217,231.03,1.05,0,None,0.0,0.0,30.5,0.0,129.6,Holi,1.3,1,0,374,0,2,0,3,Summer
2026-03-05,IC-CHO,Chocolate Ice Cream,Ice Cream,126,132.45,1.05,0,None,0.0,0.0,25.0,0.0,117.1,Holi,1.05,1,0,287,0,3,0,3,Summer
2026-03-06,IC-CHO,Chocolate Ice Cream,Ice Cream,170,177.73,1.05,0,None,0.0,0.0,28.3,0.5,112.7,Holi,0.8,1,0,216,0,4,0,3,Summer
2026-03-07,IC-CHO,Chocolate Ice Cream,Ice Cream,163,169.31,1.05,0,None,0.0,0.0,25.8,0.2,120.1,None,0.0,0,1,305,0,5,1,3,Summer
2026-03-08,IC-CHO,Chocolate Ice Cream,Ice Cream,186,191.86,1.05,0,None,0.0,0.0,28.6,0.3,111.1,None,0.0,0,0,228,0,6,1,3,Summer
2026-03-09,IC-CHO,Chocolate Ice Cream,Ice Cream,140,148.85,1.05,0,None,0.0,0.0,27.6,4.1,101.9,None,0.0,0,0,260,0,0,0,3,Summer
2026-03-10,IC-CHO,Chocolate Ice Cream,Ice Cream,111,117.57,1.05,0,None,0.0,0.0,24.7,0.3,105.0,None,0.0,0,0,243,0,1,0,3,Summer
2026-03-11,IC-CHO,Chocolate Ice Cream,Ice Cream,164,174.87,1.05,0,None,0.0,0.0,29.7,0.0,105.1,None,0.0,0,0,208,0,2,0,3,Summer
2026-03-12,IC-CHO,Chocolate Ice Cream,Ice Cream,142,149.72,1.05,0,None,0.0,0.0,27.1,0.1,106.5,None,0.0,0,0,179,0,3,0,3,Summer
2026-03-13,IC-CHO,Chocolate Ice Cream,Ice Cream,147,149.38,1.05,0,None,0.0,0.0,27.3,0.0,115.7,None,0.0,0,0,178,0,4,0,3,Summer
2026-03-14,IC-CHO,Chocolate Ice Cream,Ice Cream,160,165.43,1.05,0,None,0.0,0.0,26.4,0.0,117.1,None,0.0,0,0,293,0,5,1,3,Summer
2026-03-15,IC-CHO,Chocolate Ice Cream,Ice Cream,155,163.61,1.05,0,None,0.0,0.0,27.3,0.0,103.6,None,0.0,0,0,273,0,6,1,3,Summer
2026-03-16,IC-CHO,Chocolate Ice Cream,Ice Cream,164,171.4,1.05,0,None,0.0,0.0,29.3,2.8,107.2,None,0.0,0,0,203,0,0,0,3,Summer
2026-03-17,IC-CHO,Chocolate Ice Cream,Ice Cream,154,160.6,1.05,0,None,0.0,0.0,28.3,0.5,105.9,None,0.0,0,0,254,0,1,0,3,Summer
2026-03-18,IC-CHO,Chocolate Ice Cream,Ice Cream,161,166.81,1.05,0,None,0.0,0.0,29.3,0.0,106.0,None,0.0,0,0,308,0,2,0,3,Summer
2026-03-19,IC-CHO,Chocolate Ice Cream,Ice Cream,163,173.11,1.05,0,None,0.0,0.0,29.5,0.0,107.1,None,0.0,0,0,221,0,3,0,3,Summer
2026-03-20,IC-CHO,Chocolate Ice Cream,Ice Cream,190,200.62,1.05,0,None,0.0,0.0,31.3,0.2,105.8,None,0.0,0,0,306,0,4,0,3,Summer
2026-03-21,IC-CHO,Chocolate Ice Cream,Ice Cream,177,187.01,1.05,0,None,0.0,0.0,28.4,1.1,115.8,None,0.0,0,0,243,0,5,1,3,Summer
2026-03-22,IC-CHO,Chocolate Ice Cream,Ice Cream,170,177.19,1.05,0,None,0.0,0.0,26.4,1.4,119.2,None,0.0,0,0,231,0,6,1,3,Summer
2026-03-23,IC-CHO,Chocolate Ice Cream,Ice Cream,170,178.93,1.05,0,None,0.0,0.0,31.1,1.4,103.5,None,0.0,0,1,252,0,0,0,3,Summer
2026-03-24,IC-CHO,Chocolate Ice Cream,Ice Cream,159,164.33,1.05,0,None,0.0,0.0,28.7,0.1,101.6,None,0.0,0,0,235,0,1,0,3,Summer
2026-03-25,IC-CHO,Chocolate Ice Cream,Ice Cream,81,84.95,1.05,0,None,0.0,0.0,31.4,0.1,121.5,None,0.0,0,0,180,1,2,0,3,Summer
2026-03-26,IC-CHO,Chocolate Ice Cream,Ice Cream,203,175.76,1.05,1,Mango Festival,15.0,2310.78,30.2,0.1,102.9,None,0.0,0,0,255,0,3,0,3,Summer
2026-03-27,IC-CHO,Chocolate Ice Cream,Ice Cream,209,183.11,1.05,1,Mango Festival,15.0,2310.78,29.3,1.8,107.1,None,0.0,0,0,291,0,4,0,3,Summer
2026-03-28,IC-CHO,Chocolate Ice Cream,Ice Cream,247,219.71,1.05,1,Mango Festival,15.0,2310.78,30.3,0.3,109.2,None,0.0,0,0,366,0,5,1,3,Summer
2026-03-29,IC-CHO,Chocolate Ice Cream,Ice Cream,230,248.52,1.05,0,None,0.0,0.0,33.3,1.2,117.3,None,0.0,0,0,311,0,6,1,3,Summer
2026-03-30,IC-CHO,Chocolate Ice Cream,Ice Cream,193,198.38,1.05,0,None,0.0,0.0,33.6,0.0,102.1,None,0.0,0,0,318,0,0,0,3,Summer
2026-03-31,IC-CHO,Chocolate Ice Cream,Ice Cream,173,179.04,1.05,0,None,0.0,0.0,30.1,0.6,104.7,None,0.0,0,0,211,0,1,0,3,Summer
2026-04-01,IC-CHO,Chocolate Ice Cream,Ice Cream,178,187.49,1.05,0,None,0.0,0.0,30.3,0.4,112.2,None,0.0,0,0,220,0,2,0,4,Summer
2026-04-02,IC-CHO,Chocolate Ice Cream,Ice Cream,179,192.05,1.05,0,None,0.0,0.0,32.1,0.0,109.4,None,0.0,0,0,337,0,3,0,4,Summer
2026-04-03,IC-CHO,Chocolate Ice Cream,Ice Cream,184,174.4,1.05,1,Weekend Flash,10.0,1610.19,28.7,0.1,109.9,None,0.0,0,0,277,0,4,0,4,Summer
2026-04-04,IC-CHO,Chocolate Ice Cream,Ice Cream,243,231.7,1.05,1,Weekend Flash,10.0,1610.19,30.9,0.2,108.3,None,0.0,0,0,360,0,5,1,4,Summer
2026-04-05,IC-CHO,Chocolate Ice Cream,Ice Cream,245,230.71,1.05,1,Weekend Flash,10.0,1610.19,30.4,0.3,126.4,None,0.0,0,0,383,0,6,1,4,Summer
2026-04-06,IC-CHO,Chocolate Ice Cream,Ice Cream,119,111.82,1.05,1,Weekend Flash,10.0,1610.19,31.1,0.6,101.3,None,0.0,0,0,162,1,0,0,4,Summer
2026-04-07,IC-CHO,Chocolate Ice Cream,Ice Cream,163,171.4,1.05,0,None,0.0,0.0,29.1,0.1,115.0,None,0.0,0,0,338,0,1,0,4,Summer
2026-04-08,IC-CHO,Chocolate Ice Cream,Ice Cream,148,154.24,1.05,0,None,0.0,0.0,27.8,0.4,112.5,None,0.0,0,0,235,0,2,0,4,Summer
2026-04-09,IC-CHO,Chocolate Ice Cream,Ice Cream,148,156.81,1.05,0,None,0.0,0.0,27.0,0.1,110.3,None,0.0,0,0,310,0,3,0,4,Summer
2026-04-10,IC-CHO,Chocolate Ice Cream,Ice Cream,150,154.52,1.05,0,None,0.0,0.0,28.8,0.5,103.2,None,0.0,0,0,236,0,4,0,4,Summer
2026-04-11,IC-CHO,Chocolate Ice Cream,Ice Cream,207,219.74,1.05,0,None,0.0,0.0,30.1,0.2,118.3,None,0.0,0,0,291,0,5,1,4,Summer
2026-04-12,IC-CHO,Chocolate Ice Cream,Ice Cream,191,200.69,1.05,0,None,0.0,0.0,30.5,1.5,115.2,None,0.0,0,0,307,0,6,1,4,Summer
2026-04-13,IC-CHO,Chocolate Ice Cream,Ice Cream,197,206.35,1.05,0,None,0.0,0.0,34.6,0.3,107.8,None,0.0,0,0,247,0,0,0,4,Summer
2026-04-14,IC-CHO,Chocolate Ice Cream,Ice Cream,201,206.91,1.05,0,None,0.0,0.0,33.2,0.0,106.4,None,0.0,0,0,318,0,1,0,4,Summer
2026-04-15,IC-CHO,Chocolate Ice Cream,Ice Cream,166,172.26,1.05,0,None,0.0,0.0,29.6,0.2,97.5,None,0.0,0,0,343,0,2,0,4,Summer
2026-04-16,IC-CHO,Chocolate Ice Cream,Ice Cream,182,193.84,1.05,0,None,0.0,0.0,32.0,0.1,113.3,None,0.0,0,0,305,0,3,0,4,Summer
2026-04-17,IC-CHO,Chocolate Ice Cream,Ice Cream,165,172.79,1.05,0,None,0.0,0.0,30.7,2.5,107.4,None,0.0,0,0,196,0,4,0,4,Summer
2026-04-18,IC-CHO,Chocolate Ice Cream,Ice Cream,212,223.29,1.05,0,None,0.0,0.0,31.0,0.0,115.4,None,0.0,0,0,343,0,5,1,4,Summer
2026-04-19,IC-CHO,Chocolate Ice Cream,Ice Cream,213,221.22,1.05,0,None,0.0,0.0,32.0,0.4,115.0,None,0.0,0,0,238,0,6,1,4,Summer
2026-04-20,IC-CHO,Chocolate Ice Cream,Ice Cream,92,96.52,1.05,0,None,0.0,0.0,32.8,0.2,109.6,None,0.0,0,0,128,1,0,0,4,Summer
2026-04-21,IC-CHO,Chocolate Ice Cream,Ice Cream,179,184.75,1.05,0,None,0.0,0.0,31.2,0.0,103.4,None,0.0,0,0,244,0,1,0,4,Summer
2026-04-22,IC-CHO,Chocolate Ice Cream,Ice Cream,188,197.51,1.05,0,None,0.0,0.0,33.8,0.8,96.6,None,0.0,0,0,256,0,2,0,4,Summer
2026-04-23,IC-CHO,Chocolate Ice Cream,Ice Cream,151,159.13,1.05,0,None,0.0,0.0,29.9,0.0,110.0,None,0.0,0,0,171,0,3,0,4,Summer
2026-04-24,IC-CHO,Chocolate Ice Cream,Ice Cream,176,185.34,1.05,0,None,0.0,0.0,32.0,0.7,110.5,None,0.0,0,0,198,0,4,0,4,Summer
2026-04-25,IC-CHO,Chocolate Ice Cream,Ice Cream,238,246.93,1.05,0,None,0.0,0.0,36.8,0.0,117.0,None,0.0,0,0,384,0,5,1,4,Summer
2026-04-26,IC-CHO,Chocolate Ice Cream,Ice Cream,87,90.87,1.05,0,None,0.0,0.0,32.6,0.3,112.2,None,0.0,0,0,179,1,6,1,4,Summer
2026-04-27,IC-CHO,Chocolate Ice Cream,Ice Cream,197,207.91,1.05,0,None,0.0,0.0,34.8,1.7,108.4,None,0.0,0,0,248,0,0,0,4,Summer
2026-04-28,IC-CHO,Chocolate Ice Cream,Ice Cream,173,180.92,1.05,0,None,0.0,0.0,32.5,0.3,100.7,None,0.0,0,0,261,0,1,0,4,Summer
2026-04-29,IC-CHO,Chocolate Ice Cream,Ice Cream,204,213.12,1.05,0,None,0.0,0.0,33.5,0.6,102.9,None,0.0,0,0,334,0,2,0,4,Summer
2026-04-30,IC-CHO,Chocolate Ice Cream,Ice Cream,237,223.59,1.05,1,Payday Campaign,12.0,2238.92,32.4,0.1,104.2,None,0.0,0,0,374,0,3,0,4,Summer
2026-05-01,IC-CHO,Chocolate Ice Cream,Ice Cream,219,199.66,1.05,1,Payday Campaign,12.0,2238.92,32.3,0.5,112.2,None,0.0,0,1,285,0,4,0,5,Summer
2026-05-02,IC-CHO,Chocolate Ice Cream,Ice Cream,211,223.95,1.05,0,None,0.0,0.0,31.2,0.0,116.2,None,0.0,0,1,257,0,5,1,5,Summer
2026-05-03,IC-CHO,Chocolate Ice Cream,Ice Cream,226,233.48,1.05,0,None,0.0,0.0,33.5,1.6,115.8,None,0.0,0,0,399,0,6,1,5,Summer
2026-05-04,IC-CHO,Chocolate Ice Cream,Ice Cream,179,188.96,1.05,0,None,0.0,0.0,31.2,0.6,117.8,None,0.0,0,0,300,0,0,0,5,Summer
2026-05-05,IC-CHO,Chocolate Ice Cream,Ice Cream,263,227.77,1.05,1,Festival Promo,18.0,4030.5,34.0,0.0,109.7,None,0.0,0,1,440,0,1,0,5,Summer
2026-05-06,IC-CHO,Chocolate Ice Cream,Ice Cream,195,202.92,1.05,0,None,0.0,0.0,34.9,0.0,109.7,None,0.0,0,0,264,0,2,0,5,Summer
2026-05-07,IC-CHO,Chocolate Ice Cream,Ice Cream,193,199.09,1.05,0,None,0.0,0.0,33.6,2.5,106.1,None,0.0,0,0,230,0,3,0,5,Summer
2026-05-08,IC-CHO,Chocolate Ice Cream,Ice Cream,178,181.9,1.05,0,None,0.0,0.0,32.5,0.4,105.0,None,0.0,0,0,259,0,4,0,5,Summer
2026-05-09,IC-CHO,Chocolate Ice Cream,Ice Cream,236,245.13,1.05,0,None,0.0,0.0,33.9,0.0,107.0,None,0.0,0,0,308,0,5,1,5,Summer
2026-05-10,IC-CHO,Chocolate Ice Cream,Ice Cream,205,215.83,1.05,0,None,0.0,0.0,32.6,0.1,122.8,None,0.0,0,0,340,0,6,1,5,Summer
2026-05-11,IC-CHO,Chocolate Ice Cream,Ice Cream,195,201.33,1.05,0,None,0.0,0.0,34.9,0.0,110.1,None,0.0,0,0,329,0,0,0,5,Summer
2026-05-12,IC-CHO,Chocolate Ice Cream,Ice Cream,162,169.61,1.05,0,None,0.0,0.0,30.0,0.1,107.0,None,0.0,0,0,193,0,1,0,5,Summer
2026-05-13,IC-CHO,Chocolate Ice Cream,Ice Cream,183,187.94,1.05,0,None,0.0,0.0,32.7,0.0,107.2,None,0.0,0,0,297,0,2,0,5,Summer
2026-05-14,IC-CHO,Chocolate Ice Cream,Ice Cream,169,176.16,1.05,0,None,0.0,0.0,29.8,1.8,111.5,None,0.0,0,0,243,0,3,0,5,Summer
2026-05-15,IC-CHO,Chocolate Ice Cream,Ice Cream,173,178.31,1.05,0,None,0.0,0.0,30.8,0.6,100.0,None,0.0,0,0,291,0,4,0,5,Summer
2026-05-16,IC-CHO,Chocolate Ice Cream,Ice Cream,224,233.82,1.04,0,None,0.0,0.0,36.0,0.1,114.8,None,0.0,0,0,306,0,5,1,5,Summer
2026-05-17,IC-CHO,Chocolate Ice Cream,Ice Cream,245,254.38,1.04,0,None,0.0,0.0,35.2,0.7,112.0,None,0.0,0,0,350,0,6,1,5,Summer
2026-05-18,IC-CHO,Chocolate Ice Cream,Ice Cream,179,184.26,1.04,0,None,0.0,0.0,32.3,0.0,116.5,None,0.0,0,0,313,0,0,0,5,Summer
2026-05-19,IC-CHO,Chocolate Ice Cream,Ice Cream,182,188.51,1.04,0,None,0.0,0.0,31.0,2.8,112.0,None,0.0,0,0,248,0,1,0,5,Summer
2026-05-20,IC-CHO,Chocolate Ice Cream,Ice Cream,143,147.59,1.04,0,None,0.0,0.0,28.4,0.0,96.6,None,0.0,0,0,194,0,2,0,5,Summer
2026-05-21,IC-CHO,Chocolate Ice Cream,Ice Cream,179,183.85,1.04,0,None,0.0,0.0,32.8,0.2,100.0,None,0.0,0,0,311,0,3,0,5,Summer
2026-05-22,IC-CHO,Chocolate Ice Cream,Ice Cream,192,202.91,1.04,0,None,0.0,0.0,38.2,0.0,106.8,None,0.0,0,0,363,0,4,0,5,Summer
2026-05-23,IC-CHO,Chocolate Ice Cream,Ice Cream,277,258.89,1.04,1,Weekend Flash,10.0,1635.44,34.6,0.9,115.1,None,0.0,0,0,368,0,5,1,5,Summer
2026-05-24,IC-CHO,Chocolate Ice Cream,Ice Cream,263,240.29,1.04,1,Weekend Flash,10.0,1635.44,32.9,0.5,110.8,None,0.0,0,0,442,0,6,1,5,Summer
2026-05-25,IC-CHO,Chocolate Ice Cream,Ice Cream,195,201.75,1.04,0,None,0.0,0.0,34.8,0.1,117.1,None,0.0,0,1,244,0,0,0,5,Summer
2026-05-26,IC-CHO,Chocolate Ice Cream,Ice Cream,171,180.16,1.04,0,None,0.0,0.0,31.2,0.2,108.9,None,0.0,0,0,322,0,1,0,5,Summer
2026-05-27,IC-CHO,Chocolate Ice Cream,Ice Cream,189,195.11,1.04,0,None,0.0,0.0,33.5,0.4,109.6,None,0.0,0,0,367,0,2,0,5,Summer
2026-05-28,IC-CHO,Chocolate Ice Cream,Ice Cream,184,195.09,1.04,0,None,0.0,0.0,34.2,0.4,103.7,None,0.0,0,0,251,0,3,0,5,Summer
2026-05-29,IC-CHO,Chocolate Ice Cream,Ice Cream,191,196.84,1.04,0,None,0.0,0.0,33.9,1.3,110.7,None,0.0,0,0,234,0,4,0,5,Summer
2026-05-30,IC-CHO,Chocolate Ice Cream,Ice Cream,224,234.58,1.04,0,None,0.0,0.0,35.6,2.7,115.1,None,0.0,0,0,350,0,5,1,5,Summer
2026-05-31,IC-CHO,Chocolate Ice Cream,Ice Cream,229,241.28,1.04,0,None,0.0,0.0,34.8,0.2,115.6,None,0.0,0,0,388,0,6,1,5,Summer
2026-06-01,IC-CHO,Chocolate Ice Cream,Ice Cream,199,208.15,1.04,0,None,0.0,0.0,35.4,0.9,110.0,None,0.0,0,0,232,0,0,0,6,Monsoon
2026-06-02,IC-CHO,Chocolate Ice Cream,Ice Cream,183,187.19,1.04,0,None,0.0,0.0,33.0,13.9,98.7,None,0.0,0,0,305,0,1,0,6,Monsoon
2026-06-03,IC-CHO,Chocolate Ice Cream,Ice Cream,213,218.96,1.04,0,None,0.0,0.0,35.9,6.3,114.8,None,0.0,0,0,372,0,2,0,6,Monsoon
2026-06-04,IC-CHO,Chocolate Ice Cream,Ice Cream,179,188.67,1.04,0,None,0.0,0.0,37.2,4.8,107.6,None,0.0,0,0,204,0,3,0,6,Monsoon
2026-06-05,IC-CHO,Chocolate Ice Cream,Ice Cream,190,195.52,1.04,0,None,0.0,0.0,32.6,4.7,113.0,None,0.0,0,0,292,0,4,0,6,Monsoon
2026-06-06,IC-CHO,Chocolate Ice Cream,Ice Cream,217,228.06,1.04,0,None,0.0,0.0,32.7,5.5,111.2,None,0.0,0,0,249,0,5,1,6,Monsoon
2026-06-07,IC-CHO,Chocolate Ice Cream,Ice Cream,234,241.75,1.04,0,None,0.0,0.0,36.8,4.2,111.8,None,0.0,0,0,282,0,6,1,6,Monsoon
2026-06-08,IC-CHO,Chocolate Ice Cream,Ice Cream,194,201.74,1.04,0,None,0.0,0.0,34.0,9.2,100.6,None,0.0,0,0,291,0,0,0,6,Monsoon
2026-06-09,IC-CHO,Chocolate Ice Cream,Ice Cream,193,196.97,1.04,0,None,0.0,0.0,36.9,4.3,107.5,None,0.0,0,0,265,0,1,0,6,Monsoon
2026-06-10,IC-CHO,Chocolate Ice Cream,Ice Cream,193,198.77,1.04,0,None,0.0,0.0,33.6,6.3,106.5,None,0.0,0,0,226,0,2,0,6,Monsoon
2026-06-11,IC-CHO,Chocolate Ice Cream,Ice Cream,231,201.51,1.04,1,Mango Festival,15.0,2170.22,37.0,0.5,103.8,None,0.0,0,0,379,0,3,0,6,Monsoon
2026-06-12,IC-CHO,Chocolate Ice Cream,Ice Cream,238,210.32,1.04,1,Mango Festival,15.0,2170.22,34.7,6.3,101.0,None,0.0,0,0,290,0,4,0,6,Monsoon
2026-06-13,IC-CHO,Chocolate Ice Cream,Ice Cream,117,103.19,1.04,1,Mango Festival,15.0,2170.22,34.9,4.1,109.6,None,0.0,0,0,276,1,5,1,6,Monsoon
2026-06-14,IC-CHO,Chocolate Ice Cream,Ice Cream,280,262.56,1.04,1,Weekend Flash,10.0,1931.25,37.3,13.2,115.6,None,0.0,0,1,328,0,6,1,6,Monsoon
2026-06-15,IC-CHO,Chocolate Ice Cream,Ice Cream,227,210.37,1.04,1,Weekend Flash,10.0,1931.25,33.8,5.0,103.4,None,0.0,0,1,330,0,0,0,6,Monsoon
2026-06-16,IC-CHO,Chocolate Ice Cream,Ice Cream,213,196.28,1.04,1,Weekend Flash,10.0,1931.25,32.8,11.7,102.2,None,0.0,0,0,349,0,1,0,6,Monsoon
2026-06-17,IC-CHO,Chocolate Ice Cream,Ice Cream,232,216.61,1.04,1,Weekend Flash,10.0,1931.25,33.7,10.7,113.3,None,0.0,0,0,328,0,2,0,6,Monsoon
2026-06-18,IC-CHO,Chocolate Ice Cream,Ice Cream,191,195.2,1.03,0,None,0.0,0.0,35.3,10.9,105.0,None,0.0,0,0,277,0,3,0,6,Monsoon
2026-06-19,IC-CHO,Chocolate Ice Cream,Ice Cream,186,194.9,1.03,0,None,0.0,0.0,31.7,5.1,111.7,None,0.0,0,0,326,0,4,0,6,Monsoon
2026-06-20,IC-CHO,Chocolate Ice Cream,Ice Cream,289,274.57,1.03,1,Bundle Offer,8.0,2136.66,35.6,6.7,112.6,None,0.0,0,0,310,0,5,1,6,Monsoon
2026-06-21,IC-CHO,Chocolate Ice Cream,Ice Cream,276,261.46,1.03,1,Bundle Offer,8.0,2136.66,33.5,9.0,116.4,None,0.0,0,0,428,0,6,1,6,Monsoon
2026-06-22,IC-CHO,Chocolate Ice Cream,Ice Cream,238,202.8,1.03,1,Festival Promo,18.0,2832.56,36.6,6.8,104.8,None,0.0,0,1,368,0,0,0,6,Monsoon
2026-06-23,IC-CHO,Chocolate Ice Cream,Ice Cream,200,169.26,1.03,1,Festival Promo,18.0,2832.56,30.2,5.0,96.4,None,0.0,0,0,342,0,1,0,6,Monsoon
2026-06-24,IC-CHO,Chocolate Ice Cream,Ice Cream,244,202.51,1.03,1,Festival Promo,18.0,2832.56,33.1,2.5,112.0,None,0.0,0,1,331,0,2,0,6,Monsoon
2026-06-25,IC-CHO,Chocolate Ice Cream,Ice Cream,209,174.67,1.03,1,Festival Promo,18.0,2832.56,31.4,6.4,104.0,None,0.0,0,0,290,0,3,0,6,Monsoon
2026-06-26,IC-CHO,Chocolate Ice Cream,Ice Cream,178,186.03,1.03,0,None,0.0,0.0,33.0,1.1,108.3,None,0.0,0,1,289,0,4,0,6,Monsoon
2026-06-27,IC-CHO,Chocolate Ice Cream,Ice Cream,226,233.38,1.03,0,None,0.0,0.0,34.9,0.4,110.7,None,0.0,0,0,348,0,5,1,6,Monsoon
2026-06-28,IC-CHO,Chocolate Ice Cream,Ice Cream,234,236.45,1.03,0,None,0.0,0.0,34.1,1.9,113.5,None,0.0,0,0,402,0,6,1,6,Monsoon
2026-06-29,IC-CHO,Chocolate Ice Cream,Ice Cream,96,99.39,1.03,0,None,0.0,0.0,34.0,10.8,99.9,None,0.0,0,0,253,1,0,0,6,Monsoon
2026-06-30,IC-CHO,Chocolate Ice Cream,Ice Cream,190,194.5,1.03,0,None,0.0,0.0,34.1,7.7,110.3,None,0.0,0,0,218,0,1,0,6,Monsoon
2026-07-01,IC-CHO,Chocolate Ice Cream,Ice Cream,96,97.86,1.03,0,None,0.0,0.0,34.8,10.9,105.6,None,0.0,0,0,140,1,2,0,7,Monsoon
2026-07-02,IC-CHO,Chocolate Ice Cream,Ice Cream,181,183.85,1.03,0,None,0.0,0.0,32.6,3.2,105.7,None,0.0,0,0,352,0,3,0,7,Monsoon
2026-07-03,IC-CHO,Chocolate Ice Cream,Ice Cream,204,212.54,1.03,0,None,0.0,0.0,35.6,14.2,110.6,None,0.0,0,0,286,0,4,0,7,Monsoon
2026-07-04,IC-CHO,Chocolate Ice Cream,Ice Cream,223,224.09,1.03,0,None,0.0,0.0,35.5,1.3,119.4,None,0.0,0,0,335,0,5,1,7,Monsoon
2026-07-05,IC-CHO,Chocolate Ice Cream,Ice Cream,247,251.56,1.03,0,None,0.0,0.0,35.0,2.0,117.4,None,0.0,0,0,276,0,6,1,7,Monsoon
2026-07-06,IC-CHO,Chocolate Ice Cream,Ice Cream,104,107.11,1.03,0,None,0.0,0.0,35.3,14.0,96.3,None,0.0,0,0,140,1,0,0,7,Monsoon
2026-07-07,IC-CHO,Chocolate Ice Cream,Ice Cream,174,182.28,1.03,0,None,0.0,0.0,34.8,7.3,99.8,None,0.0,0,0,259,0,1,0,7,Monsoon
2026-07-08,IC-CHO,Chocolate Ice Cream,Ice Cream,186,192.43,1.03,0,None,0.0,0.0,37.9,11.0,98.1,None,0.0,0,0,320,0,2,0,7,Monsoon
2026-07-09,IC-CHO,Chocolate Ice Cream,Ice Cream,234,195.13,1.03,1,Festival Promo,18.0,3402.85,34.1,7.8,106.7,None,0.0,0,0,377,0,3,0,7,Monsoon
2026-07-10,IC-CHO,Chocolate Ice Cream,Ice Cream,238,204.12,1.03,1,Festival Promo,18.0,3402.85,33.6,3.7,103.8,None,0.0,0,1,401,0,4,0,7,Monsoon
2026-07-11,IC-CHO,Chocolate Ice Cream,Ice Cream,212,214.12,1.03,0,None,0.0,0.0,32.8,1.7,105.8,None,0.0,0,0,263,0,5,1,7,Monsoon
2026-07-12,IC-CHO,Chocolate Ice Cream,Ice Cream,210,216.22,1.03,0,None,0.0,0.0,32.3,0.6,111.7,None,0.0,0,1,262,0,6,1,7,Monsoon
2026-07-13,IC-CHO,Chocolate Ice Cream,Ice Cream,162,167.18,1.03,0,None,0.0,0.0,31.8,22.9,95.0,None,0.0,0,0,268,0,0,0,7,Monsoon
2026-07-14,IC-CHO,Chocolate Ice Cream,Ice Cream,181,183.68,1.03,0,None,0.0,0.0,32.4,0.9,102.1,None,0.0,0,0,288,0,1,0,7,Monsoon
2026-07-15,IC-CHO,Chocolate Ice Cream,Ice Cream,181,187.13,1.03,0,None,0.0,0.0,33.9,18.2,94.0,None,0.0,0,0,206,0,2,0,7,Monsoon
2026-07-16,IC-CHO,Chocolate Ice Cream,Ice Cream,198,201.69,1.02,0,None,0.0,0.0,34.6,6.9,104.8,None,0.0,0,1,289,0,3,0,7,Monsoon
2026-07-17,IC-CHO,Chocolate Ice Cream,Ice Cream,222,211.01,1.02,1,Bundle Offer,8.0,2001.94,34.0,8.0,103.9,None,0.0,0,0,385,0,4,0,7,Monsoon
2026-07-18,IC-CHO,Chocolate Ice Cream,Ice Cream,214,214.36,1.02,0,None,0.0,0.0,32.5,7.5,121.4,None,0.0,0,0,260,0,5,1,7,Monsoon
2026-07-19,IC-CHO,Chocolate Ice Cream,Ice Cream,218,224.11,1.02,0,None,0.0,0.0,35.5,9.9,116.0,None,0.0,0,0,369,0,6,1,7,Monsoon
2026-07-20,IC-CHO,Chocolate Ice Cream,Ice Cream,186,189.45,1.02,0,None,0.0,0.0,35.1,2.9,99.5,None,0.0,0,0,277,0,0,0,7,Monsoon
2026-07-21,IC-CHO,Chocolate Ice Cream,Ice Cream,180,186.73,1.02,0,None,0.0,0.0,33.5,0.3,105.5,None,0.0,0,0,283,0,1,0,7,Monsoon
2026-07-22,IC-CHO,Chocolate Ice Cream,Ice Cream,164,167.67,1.02,0,None,0.0,0.0,32.5,3.6,94.3,None,0.0,0,0,286,0,2,0,7,Monsoon
2026-07-23,IC-CHO,Chocolate Ice Cream,Ice Cream,189,196.17,1.02,0,None,0.0,0.0,34.6,9.2,96.4,None,0.0,0,0,321,0,3,0,7,Monsoon
2026-07-24,IC-CHO,Chocolate Ice Cream,Ice Cream,177,182.04,1.02,0,None,0.0,0.0,33.9,2.0,102.7,None,0.0,0,0,298,0,4,0,7,Monsoon
2026-07-25,IC-CHO,Chocolate Ice Cream,Ice Cream,199,203.05,1.02,0,None,0.0,0.0,30.9,14.5,100.1,None,0.0,0,0,235,0,5,1,7,Monsoon
2026-07-26,IC-CHO,Chocolate Ice Cream,Ice Cream,223,229.97,1.02,0,None,0.0,0.0,33.4,5.6,110.6,None,0.0,0,0,290,0,6,1,7,Monsoon
2026-07-27,IC-CHO,Chocolate Ice Cream,Ice Cream,184,189.71,1.02,0,None,0.0,0.0,33.9,1.8,95.5,None,0.0,0,0,339,0,0,0,7,Monsoon
2026-07-28,IC-CHO,Chocolate Ice Cream,Ice Cream,164,168.39,1.02,0,None,0.0,0.0,31.8,7.2,101.0,None,0.0,0,0,190,0,1,0,7,Monsoon
2026-07-29,IC-CHO,Chocolate Ice Cream,Ice Cream,189,187.6,1.02,0,None,0.0,0.0,33.7,9.1,95.0,None,0.0,0,0,323,0,2,0,7,Monsoon
2026-07-30,IC-CHO,Chocolate Ice Cream,Ice Cream,99,99.82,1.02,0,None,0.0,0.0,30.6,9.7,102.3,None,0.0,0,0,202,1,3,0,7,Monsoon
2026-07-31,IC-CHO,Chocolate Ice Cream,Ice Cream,183,189.77,1.02,0,None,0.0,0.0,35.6,14.0,100.2,None,0.0,0,1,222,0,4,0,7,Monsoon
2026-08-01,IC-CHO,Chocolate Ice Cream,Ice Cream,232,233.01,1.02,0,None,0.0,0.0,35.4,1.1,117.0,None,0.0,0,0,271,0,5,1,8,Monsoon
2026-08-02,IC-CHO,Chocolate Ice Cream,Ice Cream,202,208.1,1.02,0,None,0.0,0.0,32.6,14.0,109.8,None,0.0,0,0,378,0,6,1,8,Monsoon
2026-08-03,IC-CHO,Chocolate Ice Cream,Ice Cream,173,177.8,1.02,0,None,0.0,0.0,33.7,15.0,95.8,None,0.0,0,0,197,0,0,0,8,Monsoon
2026-08-04,IC-CHO,Chocolate Ice Cream,Ice Cream,135,136.34,1.02,0,None,0.0,0.0,28.6,1.7,98.3,None,0.0,0,0,158,0,1,0,8,Monsoon
2026-08-05,IC-CHO,Chocolate Ice Cream,Ice Cream,161,160.05,1.02,0,None,0.0,0.0,30.8,2.2,92.7,None,0.0,0,0,183,0,2,0,8,Monsoon
2026-08-06,IC-CHO,Chocolate Ice Cream,Ice Cream,176,177.98,1.02,0,None,0.0,0.0,32.3,11.4,101.3,None,0.0,0,0,296,0,3,0,8,Monsoon
2026-08-07,IC-CHO,Chocolate Ice Cream,Ice Cream,171,178.41,1.02,0,None,0.0,0.0,30.8,4.3,102.1,None,0.0,0,0,339,0,4,0,8,Monsoon
2026-08-08,IC-CHO,Chocolate Ice Cream,Ice Cream,228,229.62,1.02,0,None,0.0,0.0,34.0,16.8,121.3,None,0.0,0,0,275,0,5,1,8,Monsoon
2026-08-09,IC-CHO,Chocolate Ice Cream,Ice Cream,227,228.74,1.02,0,None,0.0,0.0,36.2,20.3,105.7,None,0.0,0,0,374,0,6,1,8,Monsoon
2026-08-10,IC-CHO,Chocolate Ice Cream,Ice Cream,157,157.77,1.02,0,None,0.0,0.0,30.4,1.8,97.4,None,0.0,0,1,292,0,0,0,8,Monsoon
2026-08-11,IC-CHO,Chocolate Ice Cream,Ice Cream,155,159.9,1.02,0,None,0.0,0.0,31.0,2.8,95.7,None,0.0,0,0,211,0,1,0,8,Monsoon
2026-08-12,IC-CHO,Chocolate Ice Cream,Ice Cream,183,185.49,1.02,0,None,0.0,0.0,32.8,6.9,99.5,None,0.0,0,0,214,0,2,0,8,Monsoon
2026-08-13,IC-CHO,Chocolate Ice Cream,Ice Cream,188,189.63,1.02,0,None,0.0,0.0,35.2,0.3,100.2,None,0.0,0,0,286,0,3,0,8,Monsoon
2026-08-14,IC-CHO,Chocolate Ice Cream,Ice Cream,151,156.02,1.02,0,None,0.0,0.0,30.0,0.6,97.9,None,0.0,0,0,183,0,4,0,8,Monsoon
2026-08-15,IC-CHO,Chocolate Ice Cream,Ice Cream,246,251.61,1.02,0,None,0.0,0.0,32.6,2.5,125.2,Independence Day,0.9,1,0,284,0,5,1,8,Monsoon
2026-08-16,IC-CHO,Chocolate Ice Cream,Ice Cream,222,222.95,1.02,0,None,0.0,0.0,35.4,25.6,104.8,None,0.0,0,0,316,0,6,1,8,Monsoon
2026-08-17,IC-CHO,Chocolate Ice Cream,Ice Cream,148,148.05,1.02,0,None,0.0,0.0,29.0,7.8,102.7,None,0.0,0,0,298,0,0,0,8,Monsoon
2026-08-18,IC-CHO,Chocolate Ice Cream,Ice Cream,150,154.37,1.02,0,None,0.0,0.0,29.6,3.3,100.3,None,0.0,0,0,329,0,1,0,8,Monsoon
2026-08-19,IC-CHO,Chocolate Ice Cream,Ice Cream,155,157.32,1.01,0,None,0.0,0.0,31.1,2.1,97.5,None,0.0,0,0,275,0,2,0,8,Monsoon
2026-08-20,IC-CHO,Chocolate Ice Cream,Ice Cream,162,161.3,1.01,0,None,0.0,0.0,30.8,1.7,95.8,None,0.0,0,1,226,0,3,0,8,Monsoon
2026-08-21,IC-CHO,Chocolate Ice Cream,Ice Cream,184,182.64,1.01,0,None,0.0,0.0,33.1,3.6,109.4,None,0.0,0,0,256,0,4,0,8,Monsoon
2026-08-22,IC-CHO,Chocolate Ice Cream,Ice Cream,197,197.1,1.01,0,None,0.0,0.0,32.0,3.4,103.0,None,0.0,0,0,315,0,5,1,8,Monsoon
2026-08-23,IC-CHO,Chocolate Ice Cream,Ice Cream,168,167.79,1.01,0,None,0.0,0.0,28.3,5.1,108.5,None,0.0,0,0,215,0,6,1,8,Monsoon
2026-08-24,IC-CHO,Chocolate Ice Cream,Ice Cream,178,176.0,1.01,0,None,0.0,0.0,32.4,9.5,93.1,None,0.0,0,0,280,0,0,0,8,Monsoon
2026-08-25,IC-CHO,Chocolate Ice Cream,Ice Cream,164,164.01,1.01,0,None,0.0,0.0,30.3,5.8,105.7,None,0.0,0,0,307,0,1,0,8,Monsoon
2026-08-26,IC-CHO,Chocolate Ice Cream,Ice Cream,185,185.38,1.01,0,None,0.0,0.0,33.6,12.0,101.1,None,0.0,0,0,339,0,2,0,8,Monsoon
2026-08-27,IC-CHO,Chocolate Ice Cream,Ice Cream,149,150.1,1.01,0,None,0.0,0.0,30.0,4.8,93.1,None,0.0,0,0,178,0,3,0,8,Monsoon
2026-08-28,IC-CHO,Chocolate Ice Cream,Ice Cream,184,190.14,1.01,0,None,0.0,0.0,29.9,21.5,111.9,Raksha Bandhan,1.0,1,0,250,0,4,0,8,Monsoon
2026-08-29,IC-CHO,Chocolate Ice Cream,Ice Cream,191,192.79,1.01,0,None,0.0,0.0,32.0,11.7,107.5,None,0.0,0,0,251,0,5,1,8,Monsoon
2026-08-30,IC-CHO,Chocolate Ice Cream,Ice Cream,213,215.21,1.01,0,None,0.0,0.0,32.3,7.6,103.5,None,0.0,0,0,321,0,6,1,8,Monsoon
2026-08-31,IC-CHO,Chocolate Ice Cream,Ice Cream,158,160.91,1.01,0,None,0.0,0.0,31.6,9.5,99.8,None,0.0,0,0,207,0,0,0,8,Monsoon
2026-09-01,IC-CHO,Chocolate Ice Cream,Ice Cream,126,127.16,1.01,0,None,0.0,0.0,27.7,3.7,97.8,None,0.0,0,0,298,0,1,0,9,Monsoon
2026-09-02,IC-CHO,Chocolate Ice Cream,Ice Cream,166,168.78,1.01,0,None,0.0,0.0,31.6,5.0,96.8,None,0.0,0,0,332,0,2,0,9,Monsoon
2026-09-03,IC-CHO,Chocolate Ice Cream,Ice Cream,159,161.41,1.01,0,None,0.0,0.0,28.7,4.8,95.4,None,0.0,0,0,232,0,3,0,9,Monsoon
2026-09-04,IC-CHO,Chocolate Ice Cream,Ice Cream,175,177.29,1.01,0,None,0.0,0.0,30.9,2.9,97.7,None,0.0,0,0,260,0,4,0,9,Monsoon
2026-09-05,IC-CHO,Chocolate Ice Cream,Ice Cream,169,176.6,1.01,0,None,0.0,0.0,27.8,1.3,106.6,None,0.0,0,1,259,0,5,1,9,Monsoon
2026-09-06,IC-CHO,Chocolate Ice Cream,Ice Cream,200,204.46,1.01,0,None,0.0,0.0,31.1,9.9,105.6,None,0.0,0,0,226,0,6,1,9,Monsoon
2026-09-07,IC-CHO,Chocolate Ice Cream,Ice Cream,130,129.74,1.01,0,None,0.0,0.0,28.7,13.5,92.0,None,0.0,0,0,292,0,0,0,9,Monsoon
2026-09-08,IC-CHO,Chocolate Ice Cream,Ice Cream,141,143.18,1.01,0,None,0.0,0.0,27.8,8.8,103.6,None,0.0,0,0,285,0,1,0,9,Monsoon
2026-09-09,IC-CHO,Chocolate Ice Cream,Ice Cream,159,159.2,1.01,0,None,0.0,0.0,31.3,5.8,89.7,None,0.0,0,0,232,0,2,0,9,Monsoon
2026-09-10,IC-CHO,Chocolate Ice Cream,Ice Cream,154,156.48,1.01,0,None,0.0,0.0,30.3,28.7,97.0,None,0.0,0,0,261,0,3,0,9,Monsoon
2026-09-11,IC-CHO,Chocolate Ice Cream,Ice Cream,144,143.12,1.01,0,None,0.0,0.0,28.7,3.3,93.2,None,0.0,0,0,224,0,4,0,9,Monsoon
2026-09-12,IC-CHO,Chocolate Ice Cream,Ice Cream,214,213.37,1.01,0,None,0.0,0.0,32.3,7.9,113.5,None,0.0,0,0,270,0,5,1,9,Monsoon
2026-09-13,IC-CHO,Chocolate Ice Cream,Ice Cream,178,180.59,1.01,0,None,0.0,0.0,28.8,15.0,100.1,None,0.0,0,1,246,0,6,1,9,Monsoon
2026-09-14,IC-CHO,Chocolate Ice Cream,Ice Cream,137,140.06,1.01,0,None,0.0,0.0,29.6,1.9,90.8,None,0.0,0,1,174,0,0,0,9,Monsoon
2026-09-15,IC-CHO,Chocolate Ice Cream,Ice Cream,192,160.0,1.01,1,Festival Promo,18.0,3183.92,29.9,10.5,89.5,None,0.0,0,0,341,0,1,0,9,Monsoon
2026-09-16,IC-CHO,Chocolate Ice Cream,Ice Cream,172,143.92,1.01,1,Festival Promo,18.0,3183.92,28.2,22.5,95.9,None,0.0,0,0,296,0,2,0,9,Monsoon
2026-09-17,IC-CHO,Chocolate Ice Cream,Ice Cream,190,158.06,1.01,1,Festival Promo,18.0,3183.92,30.1,6.3,87.3,None,0.0,0,0,358,0,3,0,9,Monsoon
2026-09-18,IC-CHO,Chocolate Ice Cream,Ice Cream,141,142.69,1.01,0,None,0.0,0.0,28.2,7.3,91.7,None,0.0,0,0,162,0,4,0,9,Monsoon
2026-09-19,IC-CHO,Chocolate Ice Cream,Ice Cream,156,156.58,1.01,0,None,0.0,0.0,28.3,3.3,93.2,None,0.0,0,0,276,0,5,1,9,Monsoon
2026-09-20,IC-CHO,Chocolate Ice Cream,Ice Cream,204,208.0,1.01,0,None,0.0,0.0,31.4,9.4,105.1,None,0.0,0,0,313,0,6,1,9,Monsoon
2026-09-21,IC-CHO,Chocolate Ice Cream,Ice Cream,127,129.81,1.01,0,None,0.0,0.0,27.0,2.8,91.3,None,0.0,0,0,246,0,0,0,9,Monsoon
2026-09-22,IC-CHO,Chocolate Ice Cream,Ice Cream,100,100.89,1.01,0,None,0.0,0.0,24.4,5.9,86.3,None,0.0,0,0,278,0,1,0,9,Monsoon
2026-09-23,IC-CHO,Chocolate Ice Cream,Ice Cream,170,171.39,1.01,0,None,0.0,0.0,31.6,1.1,99.1,None,0.0,0,0,252,0,2,0,9,Monsoon
2026-09-24,IC-CHO,Chocolate Ice Cream,Ice Cream,178,183.13,1.01,0,None,0.0,0.0,33.2,4.0,87.0,None,0.0,0,0,220,0,3,0,9,Monsoon
2026-09-25,IC-CHO,Chocolate Ice Cream,Ice Cream,133,134.23,1.01,0,None,0.0,0.0,27.8,3.9,97.5,None,0.0,0,0,154,0,4,0,9,Monsoon
2026-09-26,IC-CHO,Chocolate Ice Cream,Ice Cream,133,134.38,1.01,0,None,0.0,0.0,24.9,4.4,99.9,None,0.0,0,0,231,0,5,1,9,Monsoon
2026-09-27,IC-CHO,Chocolate Ice Cream,Ice Cream,167,169.56,1.01,0,None,0.0,0.0,27.7,11.5,111.3,None,0.0,0,0,214,0,6,1,9,Monsoon
2026-09-28,IC-CHO,Chocolate Ice Cream,Ice Cream,134,135.1,1.01,0,None,0.0,0.0,27.7,13.8,97.0,None,0.0,0,0,176,0,0,0,9,Monsoon
2026-09-29,IC-CHO,Chocolate Ice Cream,Ice Cream,145,144.92,1.01,0,None,0.0,0.0,27.8,8.1,88.1,None,0.0,0,1,188,0,1,0,9,Monsoon
2026-09-30,IC-CHO,Chocolate Ice Cream,Ice Cream,123,124.72,1.01,0,None,0.0,0.0,26.0,10.8,88.5,None,0.0,0,0,187,0,2,0,9,Monsoon
2026-10-01,IC-CHO,Chocolate Ice Cream,Ice Cream,147,148.31,1.01,0,None,0.0,0.0,29.0,0.2,96.1,None,0.0,0,0,185,0,3,0,10,Transition
2026-10-02,IC-CHO,Chocolate Ice Cream,Ice Cream,199,174.52,1.01,1,Mango Festival,15.0,2266.08,28.8,0.3,100.8,Gandhi Jayanti,0.7,1,0,296,0,4,0,10,Transition
2026-10-03,IC-CHO,Chocolate Ice Cream,Ice Cream,161,139.45,1.01,1,Mango Festival,15.0,2266.08,25.1,0.1,102.1,None,0.0,0,0,285,0,5,1,10,Transition
2026-10-04,IC-CHO,Chocolate Ice Cream,Ice Cream,220,187.41,1.01,1,Mango Festival,15.0,2266.08,28.9,2.6,109.2,None,0.0,0,1,286,0,6,1,10,Transition
2026-10-05,IC-CHO,Chocolate Ice Cream,Ice Cream,202,174.84,1.01,1,Mango Festival,15.0,2608.02,31.3,0.0,89.0,None,0.0,0,0,243,0,0,0,10,Transition
2026-10-06,IC-CHO,Chocolate Ice Cream,Ice Cream,129,130.7,1.01,0,None,0.0,0.0,27.8,0.0,93.2,None,0.0,0,0,240,0,1,0,10,Transition
2026-10-07,IC-CHO,Chocolate Ice Cream,Ice Cream,134,137.4,1.01,0,None,0.0,0.0,26.8,0.3,97.4,None,0.0,0,0,167,0,2,0,10,Transition
2026-10-08,IC-CHO,Chocolate Ice Cream,Ice Cream,130,130.42,1.01,0,None,0.0,0.0,27.0,0.6,96.7,None,0.0,0,0,268,0,3,0,10,Transition
2026-10-09,IC-CHO,Chocolate Ice Cream,Ice Cream,140,141.66,1.01,0,None,0.0,0.0,28.3,2.9,91.8,None,0.0,0,0,221,0,4,0,10,Transition
2026-10-10,IC-CHO,Chocolate Ice Cream,Ice Cream,121,122.02,1.01,0,None,0.0,0.0,24.0,0.6,101.1,None,0.0,0,0,206,0,5,1,10,Transition
2026-10-11,IC-CHO,Chocolate Ice Cream,Ice Cream,176,177.83,1.01,0,None,0.0,0.0,27.3,1.1,93.8,None,0.0,0,0,235,0,6,1,10,Transition
2026-10-12,IC-CHO,Chocolate Ice Cream,Ice Cream,118,117.89,1.01,0,None,0.0,0.0,26.2,0.7,87.1,None,0.0,0,0,183,0,0,0,10,Transition
2026-10-13,IC-CHO,Chocolate Ice Cream,Ice Cream,146,148.46,1.01,0,None,0.0,0.0,30.2,0.9,94.0,None,0.0,0,0,189,0,1,0,10,Transition
2026-10-14,IC-CHO,Chocolate Ice Cream,Ice Cream,115,116.72,1.01,0,None,0.0,0.0,26.4,0.0,91.6,None,0.0,0,0,224,0,2,0,10,Transition
2026-10-15,IC-CHO,Chocolate Ice Cream,Ice Cream,160,164.09,1.01,0,None,0.0,0.0,29.7,2.7,92.7,None,0.0,0,0,203,0,3,0,10,Transition
2026-10-16,IC-CHO,Chocolate Ice Cream,Ice Cream,122,123.22,1.01,0,None,0.0,0.0,24.6,0.3,97.5,None,0.0,0,0,250,0,4,0,10,Transition
2026-10-17,IC-CHO,Chocolate Ice Cream,Ice Cream,156,156.81,1.01,0,None,0.0,0.0,27.6,0.1,96.3,None,0.0,0,0,216,0,5,1,10,Transition
2026-10-18,IC-CHO,Chocolate Ice Cream,Ice Cream,166,169.3,1.01,0,None,0.0,0.0,27.0,0.1,101.0,None,0.0,0,0,276,0,6,1,10,Transition
2026-10-19,IC-CHO,Chocolate Ice Cream,Ice Cream,118,118.09,1.01,0,None,0.0,0.0,24.8,0.0,93.1,None,0.0,0,0,223,0,0,0,10,Transition
2026-10-20,IC-CHO,Chocolate Ice Cream,Ice Cream,125,127.96,1.01,0,None,0.0,0.0,26.6,0.4,88.6,None,0.0,0,0,246,0,1,0,10,Transition
2026-10-21,IC-CHO,Chocolate Ice Cream,Ice Cream,177,159.46,1.01,1,Payday Campaign,12.0,2405.18,28.4,0.5,99.3,None,0.0,0,0,318,0,2,0,10,Transition
2026-10-22,IC-CHO,Chocolate Ice Cream,Ice Cream,84,75.84,1.01,1,Payday Campaign,12.0,2405.18,25.5,0.2,96.6,None,0.0,0,0,193,1,3,0,10,Transition
2026-10-23,IC-CHO,Chocolate Ice Cream,Ice Cream,123,109.91,1.01,1,Payday Campaign,12.0,2405.18,23.0,0.0,93.5,None,0.0,0,0,279,0,4,0,10,Transition
2026-10-24,IC-CHO,Chocolate Ice Cream,Ice Cream,155,155.79,1.01,0,None,0.0,0.0,25.9,0.0,111.0,None,0.0,0,0,216,0,5,1,10,Transition
2026-10-25,IC-CHO,Chocolate Ice Cream,Ice Cream,122,123.52,1.01,0,None,0.0,0.0,24.2,0.6,94.5,None,0.0,0,0,262,0,6,1,10,Transition
2026-10-26,IC-CHO,Chocolate Ice Cream,Ice Cream,115,116.83,1.01,0,None,0.0,0.0,25.2,2.8,92.0,None,0.0,0,0,189,0,0,0,10,Transition
2026-10-27,IC-CHO,Chocolate Ice Cream,Ice Cream,134,134.62,1.01,0,None,0.0,0.0,25.6,0.4,93.9,None,0.0,0,0,254,0,1,0,10,Transition
2026-10-28,IC-CHO,Chocolate Ice Cream,Ice Cream,94,96.61,1.01,0,None,0.0,0.0,22.6,0.4,87.4,None,0.0,0,0,192,0,2,0,10,Transition
2026-10-29,IC-CHO,Chocolate Ice Cream,Ice Cream,101,102.9,1.01,0,None,0.0,0.0,22.6,0.2,93.5,None,0.0,0,0,266,0,3,0,10,Transition
2026-10-30,IC-CHO,Chocolate Ice Cream,Ice Cream,55,55.06,1.01,0,None,0.0,0.0,26.3,0.2,86.5,None,0.0,0,0,118,1,4,0,10,Transition
2026-10-31,IC-CHO,Chocolate Ice Cream,Ice Cream,136,140.75,1.01,0,None,0.0,0.0,24.5,0.6,105.5,None,0.0,0,0,239,0,5,1,10,Transition
2026-11-01,IC-CHO,Chocolate Ice Cream,Ice Cream,115,116.55,1.01,0,None,0.0,0.0,20.7,0.9,107.3,None,0.0,0,0,161,0,6,1,11,Winter
2026-11-02,IC-CHO,Chocolate Ice Cream,Ice Cream,137,136.89,1.01,0,None,0.0,0.0,26.7,0.8,93.4,None,0.0,0,0,258,0,0,0,11,Winter
2026-11-03,IC-CHO,Chocolate Ice Cream,Ice Cream,123,123.31,1.01,0,None,0.0,0.0,25.7,0.1,82.7,None,0.0,0,0,148,0,1,0,11,Winter
2026-11-04,IC-CHO,Chocolate Ice Cream,Ice Cream,105,108.25,1.01,0,None,0.0,0.0,23.8,2.8,87.2,None,0.0,0,0,190,0,2,0,11,Winter
2026-11-05,IC-CHO,Chocolate Ice Cream,Ice Cream,91,94.21,1.01,0,None,0.0,0.0,22.7,0.3,94.9,None,0.0,0,1,112,0,3,0,11,Winter
2026-11-06,IC-CHO,Chocolate Ice Cream,Ice Cream,152,155.88,1.01,0,None,0.0,0.0,26.5,0.2,105.1,Diwali,1.0,1,0,224,0,4,0,11,Winter
2026-11-07,IC-CHO,Chocolate Ice Cream,Ice Cream,165,169.87,1.01,0,None,0.0,0.0,25.6,0.1,104.8,Diwali,1.25,1,0,262,0,5,1,11,Winter
2026-11-08,IC-CHO,Chocolate Ice Cream,Ice Cream,229,235.52,1.01,0,None,0.0,0.0,29.2,1.1,127.8,Diwali,1.5,1,0,302,0,6,1,11,Winter
2026-11-09,IC-CHO,Chocolate Ice Cream,Ice Cream,163,166.37,1.01,0,None,0.0,0.0,25.6,0.6,109.0,Diwali,1.25,1,0,244,0,0,0,11,Winter
2026-11-10,IC-CHO,Chocolate Ice Cream,Ice Cream,126,128.28,1.01,0,None,0.0,0.0,25.4,0.6,101.0,Diwali,1.0,1,0,169,0,1,0,11,Winter
2026-11-11,IC-CHO,Chocolate Ice Cream,Ice Cream,119,121.49,1.01,0,None,0.0,0.0,24.4,3.7,97.1,None,0.0,0,0,253,0,2,0,11,Winter
2026-11-12,IC-CHO,Chocolate Ice Cream,Ice Cream,119,121.8,1.01,0,None,0.0,0.0,26.1,0.8,88.8,None,0.0,0,0,266,0,3,0,11,Winter
2026-11-13,IC-CHO,Chocolate Ice Cream,Ice Cream,122,122.7,1.01,0,None,0.0,0.0,25.7,0.1,88.8,None,0.0,0,0,214,0,4,0,11,Winter
2026-11-14,IC-CHO,Chocolate Ice Cream,Ice Cream,178,182.26,1.02,0,None,0.0,0.0,26.8,0.2,104.0,None,0.0,0,0,206,0,5,1,11,Winter
2026-11-15,IC-CHO,Chocolate Ice Cream,Ice Cream,122,126.03,1.02,0,None,0.0,0.0,23.5,0.2,111.2,None,0.0,0,0,151,0,6,1,11,Winter
2026-11-16,IC-CHO,Chocolate Ice Cream,Ice Cream,103,104.34,1.02,0,None,0.0,0.0,23.6,0.5,100.4,None,0.0,0,0,230,0,0,0,11,Winter
2026-11-17,IC-CHO,Chocolate Ice Cream,Ice Cream,104,105.25,1.02,0,None,0.0,0.0,23.5,1.1,94.1,None,0.0,0,0,272,0,1,0,11,Winter
2026-11-18,IC-CHO,Chocolate Ice Cream,Ice Cream,119,121.6,1.02,0,None,0.0,0.0,25.7,0.7,94.7,None,0.0,0,0,277,0,2,0,11,Winter
2026-11-19,IC-CHO,Chocolate Ice Cream,Ice Cream,143,144.2,1.02,0,None,0.0,0.0,27.0,0.6,96.4,None,0.0,0,0,227,0,3,0,11,Winter
2026-11-20,IC-CHO,Chocolate Ice Cream,Ice Cream,97,97.05,1.02,0,None,0.0,0.0,23.4,3.2,86.2,None,0.0,0,0,196,0,4,0,11,Winter
2026-11-21,IC-CHO,Chocolate Ice Cream,Ice Cream,130,134.01,1.02,0,None,0.0,0.0,23.4,0.5,105.7,None,0.0,0,0,176,0,5,1,11,Winter
2026-11-22,IC-CHO,Chocolate Ice Cream,Ice Cream,127,128.48,1.02,0,None,0.0,0.0,24.7,0.2,98.9,None,0.0,0,0,158,0,6,1,11,Winter
2026-11-23,IC-CHO,Chocolate Ice Cream,Ice Cream,94,95.66,1.02,0,None,0.0,0.0,23.6,0.0,94.2,None,0.0,0,1,236,0,0,0,11,Winter
2026-11-24,IC-CHO,Chocolate Ice Cream,Ice Cream,123,124.26,1.02,0,None,0.0,0.0,25.8,0.0,91.5,None,0.0,0,1,211,0,1,0,11,Winter
2026-11-25,IC-CHO,Chocolate Ice Cream,Ice Cream,85,87.85,1.02,0,None,0.0,0.0,19.9,0.0,95.2,None,0.0,0,0,184,0,2,0,11,Winter
2026-11-26,IC-CHO,Chocolate Ice Cream,Ice Cream,106,109.04,1.02,0,None,0.0,0.0,22.5,0.7,93.4,None,0.0,0,0,180,0,3,0,11,Winter
2026-11-27,IC-CHO,Chocolate Ice Cream,Ice Cream,80,81.25,1.02,0,None,0.0,0.0,22.5,0.7,77.5,None,0.0,0,0,150,0,4,0,11,Winter
2026-11-28,IC-CHO,Chocolate Ice Cream,Ice Cream,108,108.48,1.02,0,None,0.0,0.0,19.7,2.6,103.8,None,0.0,0,0,285,0,5,1,11,Winter
2026-11-29,IC-CHO,Chocolate Ice Cream,Ice Cream,119,120.77,1.02,0,None,0.0,0.0,22.1,0.0,106.2,None,0.0,0,0,269,0,6,1,11,Winter
2026-11-30,IC-CHO,Chocolate Ice Cream,Ice Cream,92,94.43,1.02,0,None,0.0,0.0,22.2,0.3,95.3,None,0.0,0,0,222,0,0,0,11,Winter
2026-12-01,IC-CHO,Chocolate Ice Cream,Ice Cream,94,96.07,1.02,0,None,0.0,0.0,23.4,2.5,92.6,None,0.0,0,0,176,0,1,0,12,Winter
2026-12-02,IC-CHO,Chocolate Ice Cream,Ice Cream,143,146.06,1.02,0,None,0.0,0.0,25.8,0.1,101.4,None,0.0,0,0,278,0,2,0,12,Winter
2026-12-03,IC-CHO,Chocolate Ice Cream,Ice Cream,97,99.23,1.02,0,None,0.0,0.0,23.3,0.0,94.8,None,0.0,0,0,171,0,3,0,12,Winter
2026-12-04,IC-CHO,Chocolate Ice Cream,Ice Cream,95,97.85,1.02,0,None,0.0,0.0,21.8,0.0,95.5,None,0.0,0,0,197,0,4,0,12,Winter
2026-12-05,IC-CHO,Chocolate Ice Cream,Ice Cream,128,130.62,1.02,0,None,0.0,0.0,23.6,0.7,108.6,None,0.0,0,0,171,0,5,1,12,Winter
2026-12-06,IC-CHO,Chocolate Ice Cream,Ice Cream,155,159.16,1.02,0,None,0.0,0.0,25.5,0.2,105.3,None,0.0,0,0,288,0,6,1,12,Winter
2026-12-07,IC-CHO,Chocolate Ice Cream,Ice Cream,98,98.94,1.02,0,None,0.0,0.0,21.9,1.2,89.1,None,0.0,0,0,127,0,0,0,12,Winter
2026-12-08,IC-CHO,Chocolate Ice Cream,Ice Cream,86,90.58,1.02,0,None,0.0,0.0,22.0,0.4,81.5,None,0.0,0,0,221,0,1,0,12,Winter
2026-12-09,IC-CHO,Chocolate Ice Cream,Ice Cream,113,115.13,1.02,0,None,0.0,0.0,24.6,0.3,91.4,None,0.0,0,0,229,0,2,0,12,Winter
2026-12-10,IC-CHO,Chocolate Ice Cream,Ice Cream,103,105.59,1.02,0,None,0.0,0.0,23.2,1.6,97.6,None,0.0,0,0,133,0,3,0,12,Winter
2026-12-11,IC-CHO,Chocolate Ice Cream,Ice Cream,122,125.65,1.02,0,None,0.0,0.0,24.7,0.2,92.1,None,0.0,0,0,222,0,4,0,12,Winter
2026-12-12,IC-CHO,Chocolate Ice Cream,Ice Cream,121,123.21,1.02,0,None,0.0,0.0,23.5,0.3,108.0,None,0.0,0,0,176,0,5,1,12,Winter
2026-12-13,IC-CHO,Chocolate Ice Cream,Ice Cream,156,159.7,1.02,0,None,0.0,0.0,24.8,0.6,104.8,None,0.0,0,0,252,0,6,1,12,Winter
2026-12-14,IC-CHO,Chocolate Ice Cream,Ice Cream,94,96.25,1.02,0,None,0.0,0.0,21.7,0.1,100.6,None,0.0,0,0,116,0,0,0,12,Winter
2026-12-15,IC-CHO,Chocolate Ice Cream,Ice Cream,106,107.39,1.02,0,None,0.0,0.0,23.5,0.1,92.8,None,0.0,0,0,241,0,1,0,12,Winter
2026-12-16,IC-CHO,Chocolate Ice Cream,Ice Cream,96,98.88,1.02,0,None,0.0,0.0,23.1,0.1,96.7,None,0.0,0,0,197,0,2,0,12,Winter
2026-12-17,IC-CHO,Chocolate Ice Cream,Ice Cream,89,89.42,1.03,0,None,0.0,0.0,21.3,0.3,97.0,None,0.0,0,0,166,0,3,0,12,Winter
2026-12-18,IC-CHO,Chocolate Ice Cream,Ice Cream,94,98.41,1.03,0,None,0.0,0.0,20.7,0.0,102.1,None,0.0,0,0,254,0,4,0,12,Winter
2026-12-19,IC-CHO,Chocolate Ice Cream,Ice Cream,131,135.64,1.03,0,None,0.0,0.0,24.7,0.3,96.2,None,0.0,0,0,254,0,5,1,12,Winter
2026-12-20,IC-CHO,Chocolate Ice Cream,Ice Cream,117,120.97,1.03,0,None,0.0,0.0,22.9,0.3,102.5,None,0.0,0,0,234,0,6,1,12,Winter
2026-12-21,IC-CHO,Chocolate Ice Cream,Ice Cream,92,92.46,1.03,0,None,0.0,0.0,21.7,0.1,99.1,None,0.0,0,0,135,0,0,0,12,Winter
2026-12-22,IC-CHO,Chocolate Ice Cream,Ice Cream,113,114.92,1.03,0,None,0.0,0.0,23.3,0.0,102.7,None,0.0,0,0,213,0,1,0,12,Winter
2026-12-23,IC-CHO,Chocolate Ice Cream,Ice Cream,121,126.35,1.03,0,None,0.0,0.0,25.5,0.0,96.3,None,0.0,0,0,253,0,2,0,12,Winter
2026-12-24,IC-CHO,Chocolate Ice Cream,Ice Cream,91,98.15,1.03,0,None,0.0,0.0,19.4,0.0,93.8,None,0.0,0,0,259,0,3,0,12,Winter
2026-12-25,IC-CHO,Chocolate Ice Cream,Ice Cream,114,118.85,1.03,0,None,0.0,0.0,20.8,0.1,114.7,Christmas,1.2,1,0,230,0,4,0,12,Winter
2026-12-26,IC-CHO,Chocolate Ice Cream,Ice Cream,126,131.16,1.03,0,None,0.0,0.0,21.9,1.7,109.8,None,0.0,0,0,173,0,5,1,12,Winter
2026-12-27,IC-CHO,Chocolate Ice Cream,Ice Cream,159,164.56,1.03,0,None,0.0,0.0,26.2,0.2,103.8,None,0.0,0,0,287,0,6,1,12,Winter
2026-12-28,IC-CHO,Chocolate Ice Cream,Ice Cream,113,115.08,1.03,0,None,0.0,0.0,24.1,3.1,97.3,None,0.0,0,0,144,0,0,0,12,Winter
2026-12-29,IC-CHO,Chocolate Ice Cream,Ice Cream,114,118.73,1.03,0,None,0.0,0.0,24.9,0.0,101.7,None,0.0,0,0,184,0,1,0,12,Winter
2026-12-30,IC-CHO,Chocolate Ice Cream,Ice Cream,94,95.5,1.03,0,None,0.0,0.0,21.5,0.0,105.4,None,0.0,0,0,260,0,2,0,12,Winter
2026-12-31,IC-CHO,Chocolate Ice Cream,Ice Cream,107,108.6,1.03,0,None,0.0,0.0,21.6,0.1,114.0,New Year,1.1,1,0,255,0,3,0,12,Winter
2025-01-01,CONE-S,Small Cone Pack,Cone Packs,80,66.02,0.82,0,None,0.0,0.0,24.2,0.1,91.0,None,0.0,0,0,244,0,2,0,1,Winter
2025-01-02,CONE-S,Small Cone Pack,Cone Packs,80,65.14,0.82,0,None,0.0,0.0,21.8,1.9,93.8,None,0.0,0,0,205,0,3,0,1,Winter
2025-01-03,CONE-S,Small Cone Pack,Cone Packs,74,59.64,0.82,0,None,0.0,0.0,25.0,0.0,90.4,None,0.0,0,0,193,0,4,0,1,Winter
2025-01-04,CONE-S,Small Cone Pack,Cone Packs,88,73.09,0.82,0,None,0.0,0.0,25.4,4.5,100.1,None,0.0,0,0,162,0,5,1,1,Winter
2025-01-05,CONE-S,Small Cone Pack,Cone Packs,84,69.57,0.82,0,None,0.0,0.0,20.2,0.5,108.7,None,0.0,0,0,242,0,6,1,1,Winter
2025-01-06,CONE-S,Small Cone Pack,Cone Packs,68,55.52,0.82,0,None,0.0,0.0,21.4,0.8,91.2,None,0.0,0,0,100,0,0,0,1,Winter
2025-01-07,CONE-S,Small Cone Pack,Cone Packs,72,59.47,0.82,0,None,0.0,0.0,24.0,0.0,98.5,None,0.0,0,0,223,0,1,0,1,Winter
2025-01-08,CONE-S,Small Cone Pack,Cone Packs,83,69.28,0.82,0,None,0.0,0.0,23.2,3.2,90.5,None,0.0,0,0,253,0,2,0,1,Winter
2025-01-09,CONE-S,Small Cone Pack,Cone Packs,76,63.37,0.82,0,None,0.0,0.0,23.8,0.3,98.7,None,0.0,0,0,205,0,3,0,1,Winter
2025-01-10,CONE-S,Small Cone Pack,Cone Packs,72,58.84,0.82,0,None,0.0,0.0,22.3,0.2,94.9,None,0.0,0,0,160,0,4,0,1,Winter
2025-01-11,CONE-S,Small Cone Pack,Cone Packs,96,77.6,0.82,0,None,0.0,0.0,25.5,0.3,114.5,None,0.0,0,0,176,0,5,1,1,Winter
2025-01-12,CONE-S,Small Cone Pack,Cone Packs,93,75.36,0.82,0,None,0.0,0.0,25.3,0.4,109.2,None,0.0,0,0,182,0,6,1,1,Winter
2025-01-13,CONE-S,Small Cone Pack,Cone Packs,82,67.29,0.82,0,None,0.0,0.0,24.1,0.2,103.9,None,0.0,0,0,128,0,0,0,1,Winter
2025-01-14,CONE-S,Small Cone Pack,Cone Packs,83,69.58,0.82,0,None,0.0,0.0,26.0,0.1,107.0,Makar Sankranti,1.0,1,0,138,0,1,0,1,Winter
2025-01-15,CONE-S,Small Cone Pack,Cone Packs,73,59.64,0.82,0,None,0.0,0.0,24.9,0.0,98.2,None,0.0,0,0,194,0,2,0,1,Winter
2025-01-16,CONE-S,Small Cone Pack,Cone Packs,69,56.48,0.82,0,None,0.0,0.0,22.5,0.3,93.2,None,0.0,0,0,177,0,3,0,1,Winter
2025-01-17,CONE-S,Small Cone Pack,Cone Packs,84,68.76,0.82,0,None,0.0,0.0,24.8,0.0,96.2,None,0.0,0,0,183,0,4,0,1,Winter
2025-01-18,CONE-S,Small Cone Pack,Cone Packs,99,73.04,0.82,1,Weekend Flash,10.0,1444.36,22.5,0.1,107.0,None,0.0,0,0,194,0,5,1,1,Winter
2025-01-19,CONE-S,Small Cone Pack,Cone Packs,98,80.87,0.83,0,None,0.0,0.0,25.8,0.4,104.9,None,0.0,0,0,130,0,6,1,1,Winter
2025-01-20,CONE-S,Small Cone Pack,Cone Packs,75,60.96,0.83,0,None,0.0,0.0,24.2,0.4,92.6,None,0.0,0,0,233,0,0,0,1,Winter
2025-01-21,CONE-S,Small Cone Pack,Cone Packs,80,66.92,0.83,0,None,0.0,0.0,24.0,1.3,91.7,None,0.0,0,0,252,0,1,0,1,Winter
2025-01-22,CONE-S,Small Cone Pack,Cone Packs,63,51.95,0.83,0,None,0.0,0.0,23.2,0.2,87.2,None,0.0,0,0,122,0,2,0,1,Winter
2025-01-23,CONE-S,Small Cone Pack,Cone Packs,86,73.18,0.83,0,None,0.0,0.0,26.6,1.6,93.8,None,0.0,0,0,156,0,3,0,1,Winter
2025-01-24,CONE-S,Small Cone Pack,Cone Packs,77,62.75,0.83,0,None,0.0,0.0,24.2,0.4,102.3,None,0.0,0,0,197,0,4,0,1,Winter
2025-01-25,CONE-S,Small Cone Pack,Cone Packs,92,77.52,0.83,0,None,0.0,0.0,23.8,0.0,101.3,None,0.0,0,0,112,0,5,1,1,Winter
2025-01-26,CONE-S,Small Cone Pack,Cone Packs,94,79.04,0.83,0,None,0.0,0.0,24.0,0.8,113.0,Republic Day,0.8,1,0,130,0,6,1,1,Winter
2025-01-27,CONE-S,Small Cone Pack,Cone Packs,84,69.15,0.83,0,None,0.0,0.0,25.6,0.8,108.5,None,0.0,0,0,248,0,0,0,1,Winter
2025-01-28,CONE-S,Small Cone Pack,Cone Packs,79,65.07,0.83,0,None,0.0,0.0,25.4,1.6,96.5,None,0.0,0,0,126,0,1,0,1,Winter
2025-01-29,CONE-S,Small Cone Pack,Cone Packs,77,63.04,0.83,0,None,0.0,0.0,25.5,0.0,101.5,None,0.0,0,0,189,0,2,0,1,Winter
2025-01-30,CONE-S,Small Cone Pack,Cone Packs,76,62.25,0.83,0,None,0.0,0.0,25.6,0.0,103.2,None,0.0,0,0,237,0,3,0,1,Winter
2025-01-31,CONE-S,Small Cone Pack,Cone Packs,90,74.55,0.83,0,None,0.0,0.0,28.7,0.1,103.5,None,0.0,0,0,227,0,4,0,1,Winter
2025-02-01,CONE-S,Small Cone Pack,Cone Packs,91,75.42,0.83,0,None,0.0,0.0,24.2,0.2,102.7,None,0.0,0,0,154,0,5,1,2,Winter
2025-02-02,CONE-S,Small Cone Pack,Cone Packs,88,71.53,0.83,0,None,0.0,0.0,24.1,0.3,109.3,None,0.0,0,0,132,0,6,1,2,Winter
2025-02-03,CONE-S,Small Cone Pack,Cone Packs,72,61.33,0.83,0,None,0.0,0.0,23.6,1.3,92.5,None,0.0,0,0,206,0,0,0,2,Winter
2025-02-04,CONE-S,Small Cone Pack,Cone Packs,79,65.31,0.83,0,None,0.0,0.0,26.3,0.3,112.9,None,0.0,0,0,163,0,1,0,2,Winter
2025-02-05,CONE-S,Small Cone Pack,Cone Packs,83,68.9,0.83,0,None,0.0,0.0,27.3,0.6,92.8,None,0.0,0,0,257,0,2,0,2,Winter
2025-02-06,CONE-S,Small Cone Pack,Cone Packs,83,68.35,0.83,0,None,0.0,0.0,25.1,0.1,95.7,None,0.0,0,0,206,0,3,0,2,Winter
2025-02-07,CONE-S,Small Cone Pack,Cone Packs,78,64.53,0.83,0,None,0.0,0.0,23.9,0.2,95.9,None,0.0,0,0,99,0,4,0,2,Winter
2025-02-08,CONE-S,Small Cone Pack,Cone Packs,89,73.57,0.83,0,None,0.0,0.0,24.0,0.3,103.8,None,0.0,0,0,149,0,5,1,2,Winter
2025-02-09,CONE-S,Small Cone Pack,Cone Packs,133,90.56,0.83,1,Festival Promo,18.0,3352.78,26.7,0.1,118.1,None,0.0,0,1,272,0,6,1,2,Winter
2025-02-10,CONE-S,Small Cone Pack,Cone Packs,109,74.23,0.83,1,Festival Promo,18.0,3352.78,26.9,0.2,113.6,None,0.0,0,1,241,0,0,0,2,Winter
2025-02-11,CONE-S,Small Cone Pack,Cone Packs,92,77.18,0.83,0,None,0.0,0.0,26.6,1.7,99.3,None,0.0,0,0,230,0,1,0,2,Winter
2025-02-12,CONE-S,Small Cone Pack,Cone Packs,86,71.67,0.83,0,None,0.0,0.0,24.5,0.0,95.2,None,0.0,0,0,143,0,2,0,2,Winter
2025-02-13,CONE-S,Small Cone Pack,Cone Packs,100,71.25,0.83,1,Mango Festival,15.0,3085.63,26.2,1.4,90.7,None,0.0,0,0,159,0,3,0,2,Winter
2025-02-14,CONE-S,Small Cone Pack,Cone Packs,114,80.56,0.83,1,Mango Festival,15.0,3085.63,26.1,0.0,100.8,None,0.0,0,0,167,0,4,0,2,Winter
2025-02-15,CONE-S,Small Cone Pack,Cone Packs,124,84.8,0.83,1,Festival Promo,18.0,2903.17,26.4,0.9,110.6,None,0.0,0,0,255,0,5,1,2,Winter
2025-02-16,CONE-S,Small Cone Pack,Cone Packs,127,86.38,0.83,1,Festival Promo,18.0,2903.17,27.6,0.4,109.0,None,0.0,0,0,148,0,6,1,2,Winter
2025-02-17,CONE-S,Small Cone Pack,Cone Packs,104,71.81,0.83,1,Festival Promo,18.0,2903.17,26.5,0.4,103.5,None,0.0,0,1,254,0,0,0,2,Winter
2025-02-18,CONE-S,Small Cone Pack,Cone Packs,87,72.69,0.83,0,None,0.0,0.0,27.4,0.0,104.5,None,0.0,0,0,152,0,1,0,2,Winter
2025-02-19,CONE-S,Small Cone Pack,Cone Packs,95,78.93,0.83,0,None,0.0,0.0,26.4,0.4,104.3,None,0.0,0,0,193,0,2,0,2,Winter
2025-02-20,CONE-S,Small Cone Pack,Cone Packs,84,69.78,0.83,0,None,0.0,0.0,26.9,1.1,101.2,None,0.0,0,0,143,0,3,0,2,Winter
2025-02-21,CONE-S,Small Cone Pack,Cone Packs,83,69.03,0.83,0,None,0.0,0.0,27.6,1.9,97.4,None,0.0,0,0,171,0,4,0,2,Winter
2025-02-22,CONE-S,Small Cone Pack,Cone Packs,105,80.49,0.83,1,Bundle Offer,8.0,1868.21,23.9,0.1,116.4,None,0.0,0,0,247,0,5,1,2,Winter
2025-02-23,CONE-S,Small Cone Pack,Cone Packs,123,94.21,0.83,1,Bundle Offer,8.0,1868.21,26.0,0.1,113.3,None,0.0,0,0,174,0,6,1,2,Winter
2025-02-24,CONE-S,Small Cone Pack,Cone Packs,103,78.43,0.83,1,Bundle Offer,8.0,1868.21,25.9,2.7,107.8,None,0.0,0,1,214,0,0,0,2,Winter
2025-02-25,CONE-S,Small Cone Pack,Cone Packs,95,73.51,0.83,1,Bundle Offer,8.0,1868.21,25.6,0.3,107.4,None,0.0,0,0,124,0,1,0,2,Winter
2025-02-26,CONE-S,Small Cone Pack,Cone Packs,93,66.55,0.83,1,Mango Festival,15.0,2275.03,26.4,0.0,96.5,None,0.0,0,1,141,0,2,0,2,Winter
2025-02-27,CONE-S,Small Cone Pack,Cone Packs,109,78.9,0.83,1,Mango Festival,15.0,2275.03,29.7,0.0,96.5,None,0.0,0,0,238,0,3,0,2,Winter
2025-02-28,CONE-S,Small Cone Pack,Cone Packs,107,75.3,0.83,1,Mango Festival,15.0,2275.03,25.5,0.0,100.0,None,0.0,0,0,217,0,4,0,2,Winter
2025-03-01,CONE-S,Small Cone Pack,Cone Packs,138,98.62,0.83,1,Mango Festival,15.0,2275.03,28.9,0.8,108.7,None,0.0,0,0,255,0,5,1,3,Summer
2025-03-02,CONE-S,Small Cone Pack,Cone Packs,95,77.44,0.83,0,None,0.0,0.0,24.2,0.7,117.8,None,0.0,0,0,151,0,6,1,3,Summer
2025-03-03,CONE-S,Small Cone Pack,Cone Packs,95,80.05,0.83,0,None,0.0,0.0,26.7,0.9,105.9,None,0.0,0,1,147,0,0,0,3,Summer
2025-03-04,CONE-S,Small Cone Pack,Cone Packs,99,81.17,0.83,0,None,0.0,0.0,27.7,0.7,109.8,None,0.0,0,0,187,0,1,0,3,Summer
2025-03-05,CONE-S,Small Cone Pack,Cone Packs,92,75.88,0.83,0,None,0.0,0.0,28.6,0.1,106.4,None,0.0,0,0,132,0,2,0,3,Summer
2025-03-06,CONE-S,Small Cone Pack,Cone Packs,93,77.94,0.83,0,None,0.0,0.0,28.9,3.6,105.6,None,0.0,0,0,255,0,3,0,3,Summer
2025-03-07,CONE-S,Small Cone Pack,Cone Packs,93,77.06,0.83,0,None,0.0,0.0,29.1,0.6,110.6,None,0.0,0,0,155,0,4,0,3,Summer
2025-03-08,CONE-S,Small Cone Pack,Cone Packs,56,46.33,0.83,0,None,0.0,0.0,27.2,0.9,117.1,None,0.0,0,0,191,1,5,1,3,Summer
2025-03-09,CONE-S,Small Cone Pack,Cone Packs,98,81.36,0.84,0,None,0.0,0.0,27.0,0.4,115.2,None,0.0,0,0,143,0,6,1,3,Summer
2025-03-10,CONE-S,Small Cone Pack,Cone Packs,90,75.83,0.84,0,None,0.0,0.0,29.5,0.4,112.4,None,0.0,0,0,214,0,0,0,3,Summer
2025-03-11,CONE-S,Small Cone Pack,Cone Packs,81,66.9,0.84,0,None,0.0,0.0,27.7,0.2,105.7,None,0.0,0,0,133,0,1,0,3,Summer
2025-03-12,CONE-S,Small Cone Pack,Cone Packs,96,80.15,0.84,0,None,0.0,0.0,25.9,0.4,114.1,Holi,0.8,1,0,161,0,2,0,3,Summer
2025-03-13,CONE-S,Small Cone Pack,Cone Packs,87,72.36,0.84,0,None,0.0,0.0,26.2,0.7,114.8,Holi,1.05,1,0,172,0,3,0,3,Summer
2025-03-14,CONE-S,Small Cone Pack,Cone Packs,109,91.98,0.84,0,None,0.0,0.0,26.7,1.0,125.8,Holi,1.3,1,0,148,0,4,0,3,Summer
2025-03-15,CONE-S,Small Cone Pack,Cone Packs,126,106.37,0.84,0,None,0.0,0.0,29.3,0.3,135.3,Holi,1.05,1,0,165,0,5,1,3,Summer
2025-03-16,CONE-S,Small Cone Pack,Cone Packs,129,105.44,0.84,0,None,0.0,0.0,28.8,0.0,125.7,Holi,0.8,1,0,269,0,6,1,3,Summer
2025-03-17,CONE-S,Small Cone Pack,Cone Packs,96,81.25,0.84,0,None,0.0,0.0,29.9,0.3,112.2,None,0.0,0,0,171,0,0,0,3,Summer
2025-03-18,CONE-S,Small Cone Pack,Cone Packs,80,66.38,0.84,0,None,0.0,0.0,27.9,0.4,95.9,None,0.0,0,1,190,0,1,0,3,Summer
2025-03-19,CONE-S,Small Cone Pack,Cone Packs,99,83.0,0.84,0,None,0.0,0.0,29.1,0.8,105.6,None,0.0,0,0,222,0,2,0,3,Summer
2025-03-20,CONE-S,Small Cone Pack,Cone Packs,103,85.14,0.84,0,None,0.0,0.0,30.0,0.4,105.8,None,0.0,0,0,222,0,3,0,3,Summer
2025-03-21,CONE-S,Small Cone Pack,Cone Packs,86,72.22,0.84,0,None,0.0,0.0,28.4,0.1,102.4,None,0.0,0,0,206,0,4,0,3,Summer
2025-03-22,CONE-S,Small Cone Pack,Cone Packs,118,101.69,0.84,0,None,0.0,0.0,29.9,1.6,128.1,None,0.0,0,0,294,0,5,1,3,Summer
2025-03-23,CONE-S,Small Cone Pack,Cone Packs,104,87.1,0.84,0,None,0.0,0.0,28.0,0.3,115.9,None,0.0,0,0,224,0,6,1,3,Summer
2025-03-24,CONE-S,Small Cone Pack,Cone Packs,91,75.68,0.84,0,None,0.0,0.0,28.6,0.0,104.3,None,0.0,0,0,166,0,0,0,3,Summer
2025-03-25,CONE-S,Small Cone Pack,Cone Packs,92,76.72,0.84,0,None,0.0,0.0,28.7,0.0,106.5,None,0.0,0,0,157,0,1,0,3,Summer
2025-03-26,CONE-S,Small Cone Pack,Cone Packs,83,68.19,0.84,0,None,0.0,0.0,27.3,3.1,96.5,None,0.0,0,0,231,0,2,0,3,Summer
2025-03-27,CONE-S,Small Cone Pack,Cone Packs,88,74.88,0.84,0,None,0.0,0.0,30.4,0.1,102.8,None,0.0,0,0,175,0,3,0,3,Summer
2025-03-28,CONE-S,Small Cone Pack,Cone Packs,91,76.39,0.84,0,None,0.0,0.0,28.8,0.1,111.6,None,0.0,0,0,200,0,4,0,3,Summer
2025-03-29,CONE-S,Small Cone Pack,Cone Packs,116,95.8,0.84,0,None,0.0,0.0,29.8,0.2,113.6,None,0.0,0,0,266,0,5,1,3,Summer
2025-03-30,CONE-S,Small Cone Pack,Cone Packs,115,95.01,0.84,0,None,0.0,0.0,30.7,1.1,112.7,None,0.0,0,0,172,0,6,1,3,Summer
2025-03-31,CONE-S,Small Cone Pack,Cone Packs,99,82.82,0.84,0,None,0.0,0.0,30.7,0.5,113.4,None,0.0,0,1,154,0,0,0,3,Summer
2025-04-01,CONE-S,Small Cone Pack,Cone Packs,98,82.88,0.84,0,None,0.0,0.0,31.2,2.5,113.6,None,0.0,0,0,126,0,1,0,4,Summer
2025-04-02,CONE-S,Small Cone Pack,Cone Packs,110,84.38,0.84,1,Loyalty Offer,7.0,1203.85,30.0,0.3,109.6,None,0.0,0,0,141,0,2,0,4,Summer
2025-04-03,CONE-S,Small Cone Pack,Cone Packs,115,90.65,0.84,1,Loyalty Offer,7.0,1203.85,29.5,0.1,104.8,None,0.0,0,0,233,0,3,0,4,Summer
2025-04-04,CONE-S,Small Cone Pack,Cone Packs,107,83.14,0.84,1,Loyalty Offer,7.0,1203.85,30.2,0.6,105.9,None,0.0,0,0,207,0,4,0,4,Summer
2025-04-05,CONE-S,Small Cone Pack,Cone Packs,107,88.49,0.84,0,None,0.0,0.0,27.4,1.3,113.2,None,0.0,0,0,174,0,5,1,4,Summer
2025-04-06,CONE-S,Small Cone Pack,Cone Packs,105,87.32,0.84,0,None,0.0,0.0,27.9,0.0,112.3,None,0.0,0,0,158,0,6,1,4,Summer
2025-04-07,CONE-S,Small Cone Pack,Cone Packs,90,76.85,0.84,0,None,0.0,0.0,28.2,2.8,102.1,None,0.0,0,0,221,0,0,0,4,Summer
2025-04-08,CONE-S,Small Cone Pack,Cone Packs,112,75.53,0.84,1,Festival Promo,18.0,3631.06,28.9,0.5,104.3,None,0.0,0,0,145,0,1,0,4,Summer
2025-04-09,CONE-S,Small Cone Pack,Cone Packs,123,83.6,0.84,1,Festival Promo,18.0,3631.06,31.5,0.2,102.2,None,0.0,0,0,255,0,2,0,4,Summer
2025-04-10,CONE-S,Small Cone Pack,Cone Packs,91,76.97,0.84,0,None,0.0,0.0,29.2,0.0,99.6,None,0.0,0,0,255,0,3,0,4,Summer
2025-04-11,CONE-S,Small Cone Pack,Cone Packs,95,79.64,0.84,0,None,0.0,0.0,30.3,1.3,108.6,None,0.0,0,0,187,0,4,0,4,Summer
2025-04-12,CONE-S,Small Cone Pack,Cone Packs,130,107.66,0.84,0,None,0.0,0.0,33.4,0.1,118.7,None,0.0,0,0,229,0,5,1,4,Summer
2025-04-13,CONE-S,Small Cone Pack,Cone Packs,122,103.18,0.84,0,None,0.0,0.0,30.5,0.1,126.1,None,0.0,0,0,227,0,6,1,4,Summer
2025-04-14,CONE-S,Small Cone Pack,Cone Packs,112,94.77,0.84,0,None,0.0,0.0,32.5,0.4,104.3,None,0.0,0,0,147,0,0,0,4,Summer
2025-04-15,CONE-S,Small Cone Pack,Cone Packs,116,85.67,0.84,1,Payday Campaign,12.0,2799.65,29.6,0.5,109.2,None,0.0,0,0,236,0,1,0,4,Summer
2025-04-16,CONE-S,Small Cone Pack,Cone Packs,111,81.05,0.84,1,Payday Campaign,12.0,2799.65,31.0,0.0,109.3,None,0.0,0,1,189,0,2,0,4,Summer
2025-04-17,CONE-S,Small Cone Pack,Cone Packs,119,87.04,0.84,1,Payday Campaign,12.0,2799.65,29.8,1.3,106.5,None,0.0,0,0,213,0,3,0,4,Summer
2025-04-18,CONE-S,Small Cone Pack,Cone Packs,99,83.02,0.84,0,None,0.0,0.0,30.9,0.5,111.5,None,0.0,0,0,122,0,4,0,4,Summer
2025-04-19,CONE-S,Small Cone Pack,Cone Packs,137,112.68,0.84,0,None,0.0,0.0,33.1,0.7,121.7,None,0.0,0,0,297,0,5,1,4,Summer
2025-04-20,CONE-S,Small Cone Pack,Cone Packs,116,98.47,0.84,0,None,0.0,0.0,28.6,3.6,119.5,None,0.0,0,0,189,0,6,1,4,Summer
2025-04-21,CONE-S,Small Cone Pack,Cone Packs,101,86.1,0.84,0,None,0.0,0.0,32.6,1.0,106.6,None,0.0,0,0,133,0,0,0,4,Summer
2025-04-22,CONE-S,Small Cone Pack,Cone Packs,105,87.47,0.84,0,None,0.0,0.0,32.3,0.0,106.1,None,0.0,0,0,250,0,1,0,4,Summer
2025-04-23,CONE-S,Small Cone Pack,Cone Packs,40,33.55,0.84,0,None,0.0,0.0,30.9,0.3,101.1,None,0.0,0,0,216,1,2,0,4,Summer
2025-04-24,CONE-S,Small Cone Pack,Cone Packs,92,77.93,0.84,0,None,0.0,0.0,29.4,0.1,103.9,None,0.0,0,0,195,0,3,0,4,Summer
2025-04-25,CONE-S,Small Cone Pack,Cone Packs,104,88.88,0.84,0,None,0.0,0.0,32.2,0.3,104.8,None,0.0,0,0,129,0,4,0,4,Summer
2025-04-26,CONE-S,Small Cone Pack,Cone Packs,122,103.77,0.83,0,None,0.0,0.0,31.2,0.1,112.3,None,0.0,0,0,300,0,5,1,4,Summer
2025-04-27,CONE-S,Small Cone Pack,Cone Packs,162,108.59,0.83,1,Festival Promo,18.0,3232.06,32.7,0.4,120.2,None,0.0,0,0,215,0,6,1,4,Summer
2025-04-28,CONE-S,Small Cone Pack,Cone Packs,105,87.31,0.83,0,None,0.0,0.0,32.4,0.5,114.0,None,0.0,0,0,163,0,0,0,4,Summer
2025-04-29,CONE-S,Small Cone Pack,Cone Packs,116,97.39,0.83,0,None,0.0,0.0,35.3,0.1,103.5,None,0.0,0,0,249,0,1,0,4,Summer
2025-04-30,CONE-S,Small Cone Pack,Cone Packs,100,82.95,0.83,0,None,0.0,0.0,32.1,0.0,109.4,None,0.0,0,0,173,0,2,0,4,Summer
2025-05-01,CONE-S,Small Cone Pack,Cone Packs,88,74.99,0.83,0,None,0.0,0.0,30.7,0.5,102.8,None,0.0,0,0,121,0,3,0,5,Summer
2025-05-02,CONE-S,Small Cone Pack,Cone Packs,97,82.5,0.83,0,None,0.0,0.0,33.0,0.8,106.5,None,0.0,0,0,226,0,4,0,5,Summer
2025-05-03,CONE-S,Small Cone Pack,Cone Packs,130,107.36,0.83,0,None,0.0,0.0,33.1,0.5,114.5,None,0.0,0,0,191,0,5,1,5,Summer
2025-05-04,CONE-S,Small Cone Pack,Cone Packs,129,107.36,0.83,0,None,0.0,0.0,35.2,0.0,121.0,None,0.0,0,0,286,0,6,1,5,Summer
2025-05-05,CONE-S,Small Cone Pack,Cone Packs,106,87.58,0.83,0,None,0.0,0.0,34.3,0.6,104.6,None,0.0,0,0,150,0,0,0,5,Summer
2025-05-06,CONE-S,Small Cone Pack,Cone Packs,105,87.32,0.83,0,None,0.0,0.0,33.6,0.4,113.0,None,0.0,0,0,269,0,1,0,5,Summer
2025-05-07,CONE-S,Small Cone Pack,Cone Packs,104,86.44,0.83,0,None,0.0,0.0,35.6,1.3,106.7,None,0.0,0,0,239,0,2,0,5,Summer
2025-05-08,CONE-S,Small Cone Pack,Cone Packs,93,78.38,0.83,0,None,0.0,0.0,30.9,0.5,104.7,None,0.0,0,0,151,0,3,0,5,Summer
2025-05-09,CONE-S,Small Cone Pack,Cone Packs,100,82.42,0.83,0,None,0.0,0.0,32.0,1.5,101.7,None,0.0,0,0,212,0,4,0,5,Summer
2025-05-10,CONE-S,Small Cone Pack,Cone Packs,119,96.0,0.83,0,None,0.0,0.0,31.5,1.3,119.2,None,0.0,0,0,289,0,5,1,5,Summer
2025-05-11,CONE-S,Small Cone Pack,Cone Packs,147,111.65,0.83,1,Loyalty Offer,7.0,1296.87,32.5,0.2,122.4,None,0.0,0,1,177,0,6,1,5,Summer
2025-05-12,CONE-S,Small Cone Pack,Cone Packs,99,81.4,0.83,0,None,0.0,0.0,30.8,0.0,109.2,None,0.0,0,0,250,0,0,0,5,Summer
2025-05-13,CONE-S,Small Cone Pack,Cone Packs,108,89.19,0.83,0,None,0.0,0.0,34.5,0.2,119.0,None,0.0,0,0,201,0,1,0,5,Summer
2025-05-14,CONE-S,Small Cone Pack,Cone Packs,99,82.57,0.83,0,None,0.0,0.0,33.0,1.9,115.0,None,0.0,0,0,270,0,2,0,5,Summer
2025-05-15,CONE-S,Small Cone Pack,Cone Packs,89,73.09,0.83,0,None,0.0,0.0,30.8,0.0,106.2,None,0.0,0,0,142,0,3,0,5,Summer
2025-05-16,CONE-S,Small Cone Pack,Cone Packs,112,91.81,0.83,0,None,0.0,0.0,31.7,2.3,106.2,None,0.0,0,0,247,0,4,0,5,Summer
2025-05-17,CONE-S,Small Cone Pack,Cone Packs,155,118.54,0.83,1,Loyalty Offer,7.0,1298.58,34.1,0.2,120.1,None,0.0,0,1,329,0,5,1,5,Summer
2025-05-18,CONE-S,Small Cone Pack,Cone Packs,151,115.19,0.83,1,Loyalty Offer,7.0,1298.58,35.1,0.6,113.5,None,0.0,0,0,226,0,6,1,5,Summer
2025-05-19,CONE-S,Small Cone Pack,Cone Packs,122,93.68,0.83,1,Loyalty Offer,7.0,1298.58,37.3,0.9,113.5,None,0.0,0,1,159,0,0,0,5,Summer
2025-05-20,CONE-S,Small Cone Pack,Cone Packs,106,87.45,0.83,0,None,0.0,0.0,39.0,0.0,109.4,None,0.0,0,0,188,0,1,0,5,Summer
2025-05-21,CONE-S,Small Cone Pack,Cone Packs,102,85.44,0.83,0,None,0.0,0.0,34.5,0.1,108.8,None,0.0,0,1,217,0,2,0,5,Summer
2025-05-22,CONE-S,Small Cone Pack,Cone Packs,95,77.97,0.83,0,None,0.0,0.0,32.0,0.1,110.9,None,0.0,0,0,215,0,3,0,5,Summer
2025-05-23,CONE-S,Small Cone Pack,Cone Packs,94,77.72,0.83,0,None,0.0,0.0,30.0,1.2,116.1,None,0.0,0,0,191,0,4,0,5,Summer
2025-05-24,CONE-S,Small Cone Pack,Cone Packs,132,108.86,0.83,0,None,0.0,0.0,34.4,1.0,118.3,None,0.0,0,0,301,0,5,1,5,Summer
2025-05-25,CONE-S,Small Cone Pack,Cone Packs,125,104.74,0.83,0,None,0.0,0.0,32.5,0.3,116.8,None,0.0,0,0,237,0,6,1,5,Summer
2025-05-26,CONE-S,Small Cone Pack,Cone Packs,102,84.47,0.83,0,None,0.0,0.0,33.2,1.6,114.8,None,0.0,0,0,224,0,0,0,5,Summer
2025-05-27,CONE-S,Small Cone Pack,Cone Packs,103,86.51,0.83,0,None,0.0,0.0,32.9,2.1,112.1,None,0.0,0,0,276,0,1,0,5,Summer
2025-05-28,CONE-S,Small Cone Pack,Cone Packs,108,88.32,0.83,0,None,0.0,0.0,33.8,2.7,105.6,None,0.0,0,0,278,0,2,0,5,Summer
2025-05-29,CONE-S,Small Cone Pack,Cone Packs,102,84.5,0.83,0,None,0.0,0.0,36.0,0.2,107.1,None,0.0,0,0,176,0,3,0,5,Summer
2025-05-30,CONE-S,Small Cone Pack,Cone Packs,105,86.42,0.83,0,None,0.0,0.0,34.4,0.1,108.0,None,0.0,0,0,170,0,4,0,5,Summer
2025-05-31,CONE-S,Small Cone Pack,Cone Packs,128,104.49,0.83,0,None,0.0,0.0,33.9,0.3,118.8,None,0.0,0,0,267,0,5,1,5,Summer
2025-06-01,CONE-S,Small Cone Pack,Cone Packs,119,98.48,0.83,0,None,0.0,0.0,32.3,2.3,110.1,None,0.0,0,0,223,0,6,1,6,Monsoon
2025-06-02,CONE-S,Small Cone Pack,Cone Packs,95,80.3,0.83,0,None,0.0,0.0,31.2,11.1,99.1,None,0.0,0,0,186,0,0,0,6,Monsoon
2025-06-03,CONE-S,Small Cone Pack,Cone Packs,118,87.01,0.83,1,Weekend Flash,10.0,1793.58,33.4,2.9,102.3,None,0.0,0,0,249,0,1,0,6,Monsoon
2025-06-04,CONE-S,Small Cone Pack,Cone Packs,120,89.23,0.83,1,Weekend Flash,10.0,1793.58,34.2,3.8,101.9,None,0.0,0,0,245,0,2,0,6,Monsoon
2025-06-05,CONE-S,Small Cone Pack,Cone Packs,118,86.47,0.83,1,Weekend Flash,10.0,1793.58,37.5,2.3,103.4,None,0.0,0,1,284,0,3,0,6,Monsoon
2025-06-06,CONE-S,Small Cone Pack,Cone Packs,98,79.63,0.83,0,None,0.0,0.0,34.6,1.6,109.7,None,0.0,0,0,176,0,4,0,6,Monsoon
2025-06-07,CONE-S,Small Cone Pack,Cone Packs,124,101.55,0.83,0,None,0.0,0.0,36.1,7.0,115.6,None,0.0,0,0,264,0,5,1,6,Monsoon
2025-06-08,CONE-S,Small Cone Pack,Cone Packs,128,105.22,0.83,0,None,0.0,0.0,33.5,1.3,117.4,None,0.0,0,0,184,0,6,1,6,Monsoon
2025-06-09,CONE-S,Small Cone Pack,Cone Packs,91,74.82,0.83,0,None,0.0,0.0,32.3,7.2,100.2,None,0.0,0,0,260,0,0,0,6,Monsoon
2025-06-10,CONE-S,Small Cone Pack,Cone Packs,101,83.2,0.83,0,None,0.0,0.0,32.7,7.0,103.9,None,0.0,0,0,134,0,1,0,6,Monsoon
2025-06-11,CONE-S,Small Cone Pack,Cone Packs,106,85.79,0.83,0,None,0.0,0.0,33.1,5.5,109.1,None,0.0,0,0,246,0,2,0,6,Monsoon
2025-06-12,CONE-S,Small Cone Pack,Cone Packs,96,78.65,0.83,0,None,0.0,0.0,38.3,4.1,109.0,None,0.0,0,0,132,0,3,0,6,Monsoon
2025-06-13,CONE-S,Small Cone Pack,Cone Packs,99,82.18,0.83,0,None,0.0,0.0,33.0,3.4,102.3,None,0.0,0,0,259,0,4,0,6,Monsoon
2025-06-14,CONE-S,Small Cone Pack,Cone Packs,132,107.11,0.82,0,None,0.0,0.0,36.0,2.0,116.7,None,0.0,0,0,305,0,5,1,6,Monsoon
2025-06-15,CONE-S,Small Cone Pack,Cone Packs,149,112.56,0.82,1,Bundle Offer,8.0,2121.93,32.9,18.4,126.7,None,0.0,0,1,299,0,6,1,6,Monsoon
2025-06-16,CONE-S,Small Cone Pack,Cone Packs,113,86.0,0.82,1,Bundle Offer,8.0,2121.93,36.2,5.3,105.6,None,0.0,0,0,259,0,0,0,6,Monsoon
2025-06-17,CONE-S,Small Cone Pack,Cone Packs,132,88.36,0.82,1,Festival Promo,18.0,3410.75,35.2,5.1,102.1,None,0.0,0,0,228,0,1,0,6,Monsoon
2025-06-18,CONE-S,Small Cone Pack,Cone Packs,127,86.14,0.82,1,Festival Promo,18.0,3410.75,34.2,2.5,104.6,None,0.0,0,0,186,0,2,0,6,Monsoon
2025-06-19,CONE-S,Small Cone Pack,Cone Packs,131,90.03,0.82,1,Mango Festival,15.0,2620.09,34.4,17.0,105.8,None,0.0,0,0,308,0,3,0,6,Monsoon
2025-06-20,CONE-S,Small Cone Pack,Cone Packs,98,81.54,0.82,0,None,0.0,0.0,33.3,3.6,104.5,None,0.0,0,0,202,0,4,0,6,Monsoon
2025-06-21,CONE-S,Small Cone Pack,Cone Packs,123,101.67,0.82,0,None,0.0,0.0,35.3,7.8,115.0,None,0.0,0,0,273,0,5,1,6,Monsoon
2025-06-22,CONE-S,Small Cone Pack,Cone Packs,118,97.14,0.82,0,None,0.0,0.0,33.7,9.1,107.8,None,0.0,0,0,252,0,6,1,6,Monsoon
2025-06-23,CONE-S,Small Cone Pack,Cone Packs,97,80.85,0.82,0,None,0.0,0.0,32.3,7.0,100.1,None,0.0,0,0,229,0,0,0,6,Monsoon
2025-06-24,CONE-S,Small Cone Pack,Cone Packs,95,77.8,0.82,0,None,0.0,0.0,32.2,1.3,104.1,None,0.0,0,1,171,0,1,0,6,Monsoon
2025-06-25,CONE-S,Small Cone Pack,Cone Packs,102,83.21,0.82,0,None,0.0,0.0,34.8,10.8,103.9,None,0.0,0,0,190,0,2,0,6,Monsoon
2025-06-26,CONE-S,Small Cone Pack,Cone Packs,123,84.23,0.82,1,Festival Promo,18.0,3082.36,37.3,3.5,101.8,None,0.0,0,0,213,0,3,0,6,Monsoon
2025-06-27,CONE-S,Small Cone Pack,Cone Packs,131,90.17,0.82,1,Festival Promo,18.0,3082.36,34.8,11.9,103.6,None,0.0,0,0,247,0,4,0,6,Monsoon
2025-06-28,CONE-S,Small Cone Pack,Cone Packs,156,104.15,0.82,1,Festival Promo,18.0,3082.36,34.2,6.0,114.7,None,0.0,0,0,290,0,5,1,6,Monsoon
2025-06-29,CONE-S,Small Cone Pack,Cone Packs,118,96.72,0.82,0,None,0.0,0.0,35.0,9.5,118.7,None,0.0,0,0,169,0,6,1,6,Monsoon
2025-06-30,CONE-S,Small Cone Pack,Cone Packs,107,88.89,0.82,0,None,0.0,0.0,36.8,16.2,103.6,None,0.0,0,0,163,0,0,0,6,Monsoon
2025-07-01,CONE-S,Small Cone Pack,Cone Packs,102,83.58,0.82,0,None,0.0,0.0,34.8,10.5,106.0,None,0.0,0,0,129,0,1,0,7,Monsoon
2025-07-02,CONE-S,Small Cone Pack,Cone Packs,123,89.38,0.82,1,Payday Campaign,12.0,2588.04,33.6,9.7,101.2,None,0.0,0,0,227,0,2,0,7,Monsoon
2025-07-03,CONE-S,Small Cone Pack,Cone Packs,128,93.19,0.82,1,Payday Campaign,12.0,2588.04,36.4,11.2,106.6,None,0.0,0,0,255,0,3,0,7,Monsoon
2025-07-04,CONE-S,Small Cone Pack,Cone Packs,126,90.23,0.82,1,Payday Campaign,12.0,2588.04,35.1,2.8,105.5,None,0.0,0,0,179,0,4,0,7,Monsoon
2025-07-05,CONE-S,Small Cone Pack,Cone Packs,151,114.35,0.82,1,Bundle Offer,8.0,2215.4,37.1,12.3,117.9,None,0.0,0,0,284,0,5,1,7,Monsoon
2025-07-06,CONE-S,Small Cone Pack,Cone Packs,144,108.46,0.82,1,Bundle Offer,8.0,2215.4,34.6,4.9,117.0,None,0.0,0,0,164,0,6,1,7,Monsoon
2025-07-07,CONE-S,Small Cone Pack,Cone Packs,120,89.04,0.82,1,Bundle Offer,8.0,2215.4,32.1,5.1,106.2,None,0.0,0,0,278,0,0,0,7,Monsoon
2025-07-08,CONE-S,Small Cone Pack,Cone Packs,97,78.42,0.82,0,None,0.0,0.0,31.8,6.8,102.7,None,0.0,0,0,227,0,1,0,7,Monsoon
2025-07-09,CONE-S,Small Cone Pack,Cone Packs,105,85.21,0.82,0,None,0.0,0.0,37.2,4.5,104.3,None,0.0,0,0,234,0,2,0,7,Monsoon
2025-07-10,CONE-S,Small Cone Pack,Cone Packs,106,87.64,0.82,0,None,0.0,0.0,37.3,2.2,108.2,None,0.0,0,0,239,0,3,0,7,Monsoon
2025-07-11,CONE-S,Small Cone Pack,Cone Packs,106,87.64,0.82,0,None,0.0,0.0,33.8,6.4,99.5,None,0.0,0,0,183,0,4,0,7,Monsoon
2025-07-12,CONE-S,Small Cone Pack,Cone Packs,123,101.41,0.82,0,None,0.0,0.0,33.4,5.1,109.5,None,0.0,0,0,302,0,5,1,7,Monsoon
2025-07-13,CONE-S,Small Cone Pack,Cone Packs,121,99.36,0.82,0,None,0.0,0.0,36.7,4.9,113.4,None,0.0,0,0,260,0,6,1,7,Monsoon
2025-07-14,CONE-S,Small Cone Pack,Cone Packs,95,77.96,0.82,0,None,0.0,0.0,32.1,5.8,104.5,None,0.0,0,0,143,0,0,0,7,Monsoon
2025-07-15,CONE-S,Small Cone Pack,Cone Packs,96,78.62,0.82,0,None,0.0,0.0,32.4,5.0,98.1,None,0.0,0,0,263,0,1,0,7,Monsoon
2025-07-16,CONE-S,Small Cone Pack,Cone Packs,98,80.36,0.82,0,None,0.0,0.0,35.1,17.7,101.8,None,0.0,0,0,236,0,2,0,7,Monsoon
2025-07-17,CONE-S,Small Cone Pack,Cone Packs,95,77.93,0.82,0,None,0.0,0.0,33.2,16.7,101.5,None,0.0,0,0,164,0,3,0,7,Monsoon
2025-07-18,CONE-S,Small Cone Pack,Cone Packs,88,70.55,0.82,0,None,0.0,0.0,33.9,6.5,90.8,None,0.0,0,0,259,0,4,0,7,Monsoon
2025-07-19,CONE-S,Small Cone Pack,Cone Packs,114,92.05,0.82,0,None,0.0,0.0,33.5,6.4,110.6,None,0.0,0,0,173,0,5,1,7,Monsoon
2025-07-20,CONE-S,Small Cone Pack,Cone Packs,130,104.63,0.81,0,None,0.0,0.0,34.4,0.2,110.8,None,0.0,0,0,253,0,6,1,7,Monsoon
2025-07-21,CONE-S,Small Cone Pack,Cone Packs,98,80.89,0.81,0,None,0.0,0.0,36.3,3.7,100.7,None,0.0,0,0,225,0,0,0,7,Monsoon
2025-07-22,CONE-S,Small Cone Pack,Cone Packs,112,93.02,0.81,0,None,0.0,0.0,33.9,11.1,108.4,None,0.0,0,1,286,0,1,0,7,Monsoon
2025-07-23,CONE-S,Small Cone Pack,Cone Packs,101,80.08,0.81,0,None,0.0,0.0,34.8,4.4,95.1,None,0.0,0,0,212,0,2,0,7,Monsoon
2025-07-24,CONE-S,Small Cone Pack,Cone Packs,88,72.96,0.81,0,None,0.0,0.0,29.9,14.1,96.9,None,0.0,0,0,267,0,3,0,7,Monsoon
2025-07-25,CONE-S,Small Cone Pack,Cone Packs,89,72.48,0.81,0,None,0.0,0.0,33.5,13.4,87.8,None,0.0,0,0,154,0,4,0,7,Monsoon
2025-07-26,CONE-S,Small Cone Pack,Cone Packs,114,93.85,0.81,0,None,0.0,0.0,32.0,3.7,108.4,None,0.0,0,0,262,0,5,1,7,Monsoon
2025-07-27,CONE-S,Small Cone Pack,Cone Packs,120,98.16,0.81,0,None,0.0,0.0,31.2,7.0,108.7,None,0.0,0,0,179,0,6,1,7,Monsoon
2025-07-28,CONE-S,Small Cone Pack,Cone Packs,102,84.34,0.81,0,None,0.0,0.0,31.8,18.8,97.9,None,0.0,0,0,281,0,0,0,7,Monsoon
2025-07-29,CONE-S,Small Cone Pack,Cone Packs,101,82.28,0.81,0,None,0.0,0.0,32.7,1.2,105.9,None,0.0,0,0,243,0,1,0,7,Monsoon
2025-07-30,CONE-S,Small Cone Pack,Cone Packs,117,84.14,0.81,1,Weekend Flash,10.0,1538.36,34.9,4.5,104.5,None,0.0,0,0,237,0,2,0,7,Monsoon
2025-07-31,CONE-S,Small Cone Pack,Cone Packs,103,77.69,0.81,1,Loyalty Offer,7.0,1362.72,30.8,1.1,100.5,None,0.0,0,0,133,0,3,0,7,Monsoon
2025-08-01,CONE-S,Small Cone Pack,Cone Packs,95,77.6,0.81,0,None,0.0,0.0,33.2,2.6,98.1,None,0.0,0,0,194,0,4,0,8,Monsoon
2025-08-02,CONE-S,Small Cone Pack,Cone Packs,124,100.37,0.81,0,None,0.0,0.0,32.2,22.8,114.9,None,0.0,0,0,167,0,5,1,8,Monsoon
2025-08-03,CONE-S,Small Cone Pack,Cone Packs,124,101.4,0.81,0,None,0.0,0.0,32.4,4.5,109.6,None,0.0,0,0,290,0,6,1,8,Monsoon
2025-08-04,CONE-S,Small Cone Pack,Cone Packs,100,81.05,0.81,0,None,0.0,0.0,34.8,0.5,95.4,None,0.0,0,0,180,0,0,0,8,Monsoon
2025-08-05,CONE-S,Small Cone Pack,Cone Packs,97,78.09,0.81,0,None,0.0,0.0,33.9,2.2,90.8,None,0.0,0,0,249,0,1,0,8,Monsoon
2025-08-06,CONE-S,Small Cone Pack,Cone Packs,107,85.61,0.81,0,None,0.0,0.0,35.2,0.9,97.1,None,0.0,0,0,271,0,2,0,8,Monsoon
2025-08-07,CONE-S,Small Cone Pack,Cone Packs,94,75.82,0.81,0,None,0.0,0.0,32.5,7.2,102.9,None,0.0,0,0,131,0,3,0,8,Monsoon
2025-08-08,CONE-S,Small Cone Pack,Cone Packs,98,79.59,0.81,0,None,0.0,0.0,31.4,9.0,110.4,None,0.0,0,0,239,0,4,0,8,Monsoon
2025-08-09,CONE-S,Small Cone Pack,Cone Packs,132,104.4,0.81,0,None,0.0,0.0,32.2,12.5,122.2,Raksha Bandhan,1.0,1,0,200,0,5,1,8,Monsoon
2025-08-10,CONE-S,Small Cone Pack,Cone Packs,113,90.64,0.81,0,None,0.0,0.0,33.0,10.6,104.9,None,0.0,0,0,150,0,6,1,8,Monsoon
2025-08-11,CONE-S,Small Cone Pack,Cone Packs,93,73.48,0.81,0,None,0.0,0.0,32.8,1.3,92.7,None,0.0,0,0,154,0,0,0,8,Monsoon
2025-08-12,CONE-S,Small Cone Pack,Cone Packs,104,77.69,0.81,1,Loyalty Offer,7.0,1560.62,30.4,8.6,101.2,None,0.0,0,0,211,0,1,0,8,Monsoon
2025-08-13,CONE-S,Small Cone Pack,Cone Packs,116,88.54,0.81,1,Loyalty Offer,7.0,1560.62,32.5,5.6,89.5,None,0.0,0,0,272,0,2,0,8,Monsoon
2025-08-14,CONE-S,Small Cone Pack,Cone Packs,107,85.32,0.81,0,None,0.0,0.0,32.7,13.9,100.9,None,0.0,0,0,237,0,3,0,8,Monsoon
2025-08-15,CONE-S,Small Cone Pack,Cone Packs,114,92.97,0.81,0,None,0.0,0.0,36.7,11.6,113.8,Independence Day,0.9,1,0,171,0,4,0,8,Monsoon
2025-08-16,CONE-S,Small Cone Pack,Cone Packs,121,101.17,0.81,0,None,0.0,0.0,35.5,25.0,110.1,None,0.0,0,0,188,0,5,1,8,Monsoon
2025-08-17,CONE-S,Small Cone Pack,Cone Packs,106,87.17,0.81,0,None,0.0,0.0,30.5,2.4,106.7,None,0.0,0,0,174,0,6,1,8,Monsoon
2025-08-18,CONE-S,Small Cone Pack,Cone Packs,95,76.89,0.81,0,None,0.0,0.0,31.4,2.0,100.5,None,0.0,0,0,232,0,0,0,8,Monsoon
2025-08-19,CONE-S,Small Cone Pack,Cone Packs,85,69.38,0.81,0,None,0.0,0.0,29.2,4.0,98.4,None,0.0,0,0,188,0,1,0,8,Monsoon
2025-08-20,CONE-S,Small Cone Pack,Cone Packs,90,71.5,0.81,0,None,0.0,0.0,30.7,5.8,93.5,None,0.0,0,0,113,0,2,0,8,Monsoon
2025-08-21,CONE-S,Small Cone Pack,Cone Packs,101,80.02,0.81,0,None,0.0,0.0,32.3,3.2,106.5,None,0.0,0,0,133,0,3,0,8,Monsoon
2025-08-22,CONE-S,Small Cone Pack,Cone Packs,98,79.14,0.81,0,None,0.0,0.0,33.8,2.6,95.4,None,0.0,0,0,130,0,4,0,8,Monsoon
2025-08-23,CONE-S,Small Cone Pack,Cone Packs,128,95.5,0.81,1,Bundle Offer,8.0,2002.59,30.2,8.2,110.9,None,0.0,0,1,301,0,5,1,8,Monsoon
2025-08-24,CONE-S,Small Cone Pack,Cone Packs,103,84.21,0.81,0,None,0.0,0.0,30.3,4.0,94.8,None,0.0,0,0,203,0,6,1,8,Monsoon
2025-08-25,CONE-S,Small Cone Pack,Cone Packs,96,71.54,0.81,1,Loyalty Offer,7.0,1457.49,27.5,3.1,103.1,None,0.0,0,0,194,0,0,0,8,Monsoon
2025-08-26,CONE-S,Small Cone Pack,Cone Packs,108,81.21,0.81,1,Loyalty Offer,7.0,1457.49,31.0,1.3,104.0,None,0.0,0,1,249,0,1,0,8,Monsoon
2025-08-27,CONE-S,Small Cone Pack,Cone Packs,91,73.53,0.81,0,None,0.0,0.0,29.3,0.2,96.6,None,0.0,0,0,141,0,2,0,8,Monsoon
2025-08-28,CONE-S,Small Cone Pack,Cone Packs,83,66.82,0.81,0,None,0.0,0.0,30.1,17.1,99.2,None,0.0,0,1,108,0,3,0,8,Monsoon
2025-08-29,CONE-S,Small Cone Pack,Cone Packs,96,77.32,0.81,0,None,0.0,0.0,29.4,16.7,99.0,None,0.0,0,1,159,0,4,0,8,Monsoon
2025-08-30,CONE-S,Small Cone Pack,Cone Packs,110,87.75,0.81,0,None,0.0,0.0,30.7,11.8,102.9,None,0.0,0,0,163,0,5,1,8,Monsoon
2025-08-31,CONE-S,Small Cone Pack,Cone Packs,103,83.28,0.81,0,None,0.0,0.0,27.7,9.8,108.7,None,0.0,0,0,250,0,6,1,8,Monsoon
2025-09-01,CONE-S,Small Cone Pack,Cone Packs,100,74.3,0.81,1,Bundle Offer,8.0,2345.12,28.1,3.6,91.8,None,0.0,0,0,250,0,0,0,9,Monsoon
2025-09-02,CONE-S,Small Cone Pack,Cone Packs,114,84.04,0.81,1,Bundle Offer,8.0,2345.12,34.5,10.1,92.7,None,0.0,0,0,235,0,1,0,9,Monsoon
2025-09-03,CONE-S,Small Cone Pack,Cone Packs,97,72.45,0.81,1,Bundle Offer,8.0,2345.12,28.2,1.9,101.3,None,0.0,0,0,262,0,2,0,9,Monsoon
2025-09-04,CONE-S,Small Cone Pack,Cone Packs,82,66.85,0.81,0,None,0.0,0.0,28.5,6.8,100.4,None,0.0,0,0,176,0,3,0,9,Monsoon
2025-09-05,CONE-S,Small Cone Pack,Cone Packs,98,79.55,0.81,0,None,0.0,0.0,33.7,2.8,91.9,None,0.0,0,0,156,0,4,0,9,Monsoon
2025-09-06,CONE-S,Small Cone Pack,Cone Packs,123,97.79,0.81,0,None,0.0,0.0,35.5,10.1,101.6,None,0.0,0,0,196,0,5,1,9,Monsoon
2025-09-07,CONE-S,Small Cone Pack,Cone Packs,97,78.18,0.8,0,None,0.0,0.0,28.1,19.7,102.0,None,0.0,0,0,139,0,6,1,9,Monsoon
2025-09-08,CONE-S,Small Cone Pack,Cone Packs,115,75.07,0.8,1,Festival Promo,18.0,2991.56,29.4,2.2,98.8,None,0.0,0,1,279,0,0,0,9,Monsoon
2025-09-09,CONE-S,Small Cone Pack,Cone Packs,103,68.05,0.8,1,Festival Promo,18.0,2991.56,30.6,3.8,90.0,None,0.0,0,0,219,0,1,0,9,Monsoon
2025-09-10,CONE-S,Small Cone Pack,Cone Packs,124,80.93,0.8,1,Festival Promo,18.0,2991.56,33.0,6.7,96.7,None,0.0,0,0,267,0,2,0,9,Monsoon
2025-09-11,CONE-S,Small Cone Pack,Cone Packs,113,75.69,0.8,1,Festival Promo,18.0,2991.56,28.0,0.6,98.5,None,0.0,0,0,178,0,3,0,9,Monsoon
2025-09-12,CONE-S,Small Cone Pack,Cone Packs,87,70.65,0.8,0,None,0.0,0.0,29.3,1.0,94.2,None,0.0,0,0,221,0,4,0,9,Monsoon
2025-09-13,CONE-S,Small Cone Pack,Cone Packs,110,89.71,0.8,0,None,0.0,0.0,31.0,19.3,109.6,None,0.0,0,0,182,0,5,1,9,Monsoon
2025-09-14,CONE-S,Small Cone Pack,Cone Packs,106,86.33,0.8,0,None,0.0,0.0,30.3,8.2,102.9,None,0.0,0,0,197,0,6,1,9,Monsoon
2025-09-15,CONE-S,Small Cone Pack,Cone Packs,72,57.72,0.8,0,None,0.0,0.0,28.8,3.4,93.3,None,0.0,0,0,196,0,0,0,9,Monsoon
2025-09-16,CONE-S,Small Cone Pack,Cone Packs,81,64.8,0.8,0,None,0.0,0.0,29.1,6.1,89.4,None,0.0,0,0,257,0,1,0,9,Monsoon
2025-09-17,CONE-S,Small Cone Pack,Cone Packs,87,71.42,0.8,0,None,0.0,0.0,26.8,4.0,99.3,None,0.0,0,0,196,0,2,0,9,Monsoon
2025-09-18,CONE-S,Small Cone Pack,Cone Packs,82,65.8,0.8,0,None,0.0,0.0,28.7,6.9,90.3,None,0.0,0,0,215,0,3,0,9,Monsoon
2025-09-19,CONE-S,Small Cone Pack,Cone Packs,84,66.43,0.8,0,None,0.0,0.0,28.6,4.1,95.7,None,0.0,0,0,199,0,4,0,9,Monsoon
2025-09-20,CONE-S,Small Cone Pack,Cone Packs,95,77.29,0.8,0,None,0.0,0.0,29.4,5.7,103.5,None,0.0,0,0,182,0,5,1,9,Monsoon
2025-09-21,CONE-S,Small Cone Pack,Cone Packs,92,74.08,0.8,0,None,0.0,0.0,27.9,10.8,98.6,None,0.0,0,0,261,0,6,1,9,Monsoon
2025-09-22,CONE-S,Small Cone Pack,Cone Packs,93,76.1,0.8,0,None,0.0,0.0,29.6,10.3,90.7,None,0.0,0,0,266,0,0,0,9,Monsoon
2025-09-23,CONE-S,Small Cone Pack,Cone Packs,97,78.19,0.8,0,None,0.0,0.0,30.5,18.5,100.6,None,0.0,0,0,166,0,1,0,9,Monsoon
2025-09-24,CONE-S,Small Cone Pack,Cone Packs,96,71.74,0.8,1,Loyalty Offer,7.0,1520.15,28.9,8.7,94.6,None,0.0,0,1,259,0,2,0,9,Monsoon
2025-09-25,CONE-S,Small Cone Pack,Cone Packs,97,73.83,0.8,1,Loyalty Offer,7.0,1520.15,29.1,6.5,88.4,None,0.0,0,0,189,0,3,0,9,Monsoon
2025-09-26,CONE-S,Small Cone Pack,Cone Packs,100,73.36,0.8,1,Loyalty Offer,7.0,1520.15,28.5,20.5,94.9,None,0.0,0,0,238,0,4,0,9,Monsoon
2025-09-27,CONE-S,Small Cone Pack,Cone Packs,97,77.41,0.8,0,None,0.0,0.0,28.3,5.2,102.6,None,0.0,0,0,199,0,5,1,9,Monsoon
2025-09-28,CONE-S,Small Cone Pack,Cone Packs,94,74.74,0.8,0,None,0.0,0.0,26.9,0.3,120.5,None,0.0,0,1,236,0,6,1,9,Monsoon
2025-09-29,CONE-S,Small Cone Pack,Cone Packs,103,72.53,0.8,1,Weekend Flash,10.0,1539.29,28.7,12.0,94.6,None,0.0,0,0,262,0,0,0,9,Monsoon
2025-09-30,CONE-S,Small Cone Pack,Cone Packs,102,74.54,0.8,1,Weekend Flash,10.0,1539.29,27.8,7.8,91.2,None,0.0,0,0,189,0,1,0,9,Monsoon
2025-10-01,CONE-S,Small Cone Pack,Cone Packs,101,80.62,0.8,0,None,0.0,0.0,31.7,0.0,100.1,None,0.0,0,1,233,0,2,0,10,Transition
2025-10-02,CONE-S,Small Cone Pack,Cone Packs,42,34.12,0.8,0,None,0.0,0.0,30.7,0.0,92.9,Gandhi Jayanti,0.7,1,0,143,1,3,0,10,Transition
2025-10-03,CONE-S,Small Cone Pack,Cone Packs,79,63.78,0.8,0,None,0.0,0.0,28.4,0.0,93.4,None,0.0,0,0,226,0,4,0,10,Transition
2025-10-04,CONE-S,Small Cone Pack,Cone Packs,99,80.14,0.8,0,None,0.0,0.0,26.3,0.6,112.8,None,0.0,0,0,149,0,5,1,10,Transition
2025-10-05,CONE-S,Small Cone Pack,Cone Packs,92,73.53,0.8,0,None,0.0,0.0,25.6,0.2,102.2,None,0.0,0,0,228,0,6,1,10,Transition
2025-10-06,CONE-S,Small Cone Pack,Cone Packs,86,68.48,0.8,0,None,0.0,0.0,29.6,0.4,84.1,None,0.0,0,0,201,0,0,0,10,Transition
2025-10-07,CONE-S,Small Cone Pack,Cone Packs,83,66.78,0.8,0,None,0.0,0.0,27.9,0.6,90.7,None,0.0,0,0,175,0,1,0,10,Transition
2025-10-08,CONE-S,Small Cone Pack,Cone Packs,85,69.07,0.8,0,None,0.0,0.0,28.2,1.2,99.9,None,0.0,0,1,164,0,2,0,10,Transition
2025-10-09,CONE-S,Small Cone Pack,Cone Packs,60,48.2,0.8,0,None,0.0,0.0,24.1,0.1,94.4,None,0.0,0,0,192,0,3,0,10,Transition
2025-10-10,CONE-S,Small Cone Pack,Cone Packs,91,72.53,0.8,0,None,0.0,0.0,28.8,3.6,88.3,None,0.0,0,0,166,0,4,0,10,Transition
2025-10-11,CONE-S,Small Cone Pack,Cone Packs,119,86.74,0.8,1,Bundle Offer,8.0,2501.53,27.8,0.0,99.0,None,0.0,0,0,144,0,5,1,10,Transition
2025-10-12,CONE-S,Small Cone Pack,Cone Packs,84,67.69,0.8,0,None,0.0,0.0,24.9,0.0,99.6,None,0.0,0,0,255,0,6,1,10,Transition
2025-10-13,CONE-S,Small Cone Pack,Cone Packs,97,69.72,0.8,1,Weekend Flash,10.0,1473.17,26.0,0.3,94.2,None,0.0,0,0,188,0,0,0,10,Transition
2025-10-14,CONE-S,Small Cone Pack,Cone Packs,99,71.58,0.8,1,Weekend Flash,10.0,1473.17,27.2,0.1,99.0,None,0.0,0,0,145,0,1,0,10,Transition
2025-10-15,CONE-S,Small Cone Pack,Cone Packs,99,69.85,0.8,1,Payday Campaign,12.0,2292.0,26.8,1.1,97.6,None,0.0,0,1,155,0,2,0,10,Transition
2025-10-16,CONE-S,Small Cone Pack,Cone Packs,93,65.46,0.8,1,Payday Campaign,12.0,2292.0,26.1,0.0,94.5,None,0.0,0,1,245,0,3,0,10,Transition
2025-10-17,CONE-S,Small Cone Pack,Cone Packs,97,68.89,0.8,1,Payday Campaign,12.0,2292.0,26.3,0.1,85.6,None,0.0,0,0,170,0,4,0,10,Transition
2025-10-18,CONE-S,Small Cone Pack,Cone Packs,101,81.77,0.8,0,None,0.0,0.0,26.0,0.1,108.6,Diwali,1.0,1,1,166,0,5,1,10,Transition
2025-10-19,CONE-S,Small Cone Pack,Cone Packs,109,89.75,0.8,0,None,0.0,0.0,26.6,0.4,121.1,Diwali,1.25,1,0,206,0,6,1,10,Transition
2025-10-20,CONE-S,Small Cone Pack,Cone Packs,108,87.67,0.8,0,None,0.0,0.0,28.9,0.3,104.9,Diwali,1.5,1,0,132,0,0,0,10,Transition
2025-10-21,CONE-S,Small Cone Pack,Cone Packs,81,66.42,0.8,0,None,0.0,0.0,21.6,0.0,110.5,Diwali,1.5,1,1,190,0,1,0,10,Transition
2025-10-22,CONE-S,Small Cone Pack,Cone Packs,88,70.11,0.8,0,None,0.0,0.0,25.7,0.3,106.6,Diwali,1.0,1,0,114,0,2,0,10,Transition
2025-10-23,CONE-S,Small Cone Pack,Cone Packs,82,64.72,0.8,0,None,0.0,0.0,26.3,0.6,86.4,None,0.0,0,0,235,0,3,0,10,Transition
2025-10-24,CONE-S,Small Cone Pack,Cone Packs,77,61.96,0.8,0,None,0.0,0.0,26.5,0.7,86.9,None,0.0,0,1,165,0,4,0,10,Transition
2025-10-25,CONE-S,Small Cone Pack,Cone Packs,91,74.01,0.8,0,None,0.0,0.0,25.2,0.5,101.6,None,0.0,0,0,145,0,5,1,10,Transition
2025-10-26,CONE-S,Small Cone Pack,Cone Packs,86,69.82,0.81,0,None,0.0,0.0,22.6,0.0,104.5,None,0.0,0,0,178,0,6,1,10,Transition
2025-10-27,CONE-S,Small Cone Pack,Cone Packs,75,61.27,0.81,0,None,0.0,0.0,26.3,0.0,97.3,None,0.0,0,0,123,0,0,0,10,Transition
2025-10-28,CONE-S,Small Cone Pack,Cone Packs,90,70.27,0.81,0,None,0.0,0.0,28.7,0.0,95.0,None,0.0,0,0,161,0,1,0,10,Transition
2025-10-29,CONE-S,Small Cone Pack,Cone Packs,67,54.78,0.81,0,None,0.0,0.0,22.8,0.0,92.4,None,0.0,0,0,107,0,2,0,10,Transition
2025-10-30,CONE-S,Small Cone Pack,Cone Packs,86,69.56,0.81,0,None,0.0,0.0,27.0,1.1,88.3,None,0.0,0,0,213,0,3,0,10,Transition
2025-10-31,CONE-S,Small Cone Pack,Cone Packs,78,61.68,0.81,0,None,0.0,0.0,24.8,0.1,86.6,None,0.0,0,0,254,0,4,0,10,Transition
2025-11-01,CONE-S,Small Cone Pack,Cone Packs,110,83.16,0.81,1,Loyalty Offer,7.0,1284.29,25.2,0.4,99.4,None,0.0,0,0,207,0,5,1,11,Winter
2025-11-02,CONE-S,Small Cone Pack,Cone Packs,95,71.36,0.81,1,Loyalty Offer,7.0,1284.29,23.4,0.6,104.1,None,0.0,0,0,130,0,6,1,11,Winter
2025-11-03,CONE-S,Small Cone Pack,Cone Packs,89,67.03,0.81,1,Loyalty Offer,7.0,1284.29,24.6,1.3,93.7,None,0.0,0,0,120,0,0,0,11,Winter
2025-11-04,CONE-S,Small Cone Pack,Cone Packs,90,68.3,0.81,1,Loyalty Offer,7.0,1284.29,27.5,0.1,81.5,None,0.0,0,0,243,0,1,0,11,Winter
2025-11-05,CONE-S,Small Cone Pack,Cone Packs,80,64.85,0.81,0,None,0.0,0.0,26.1,0.0,88.1,None,0.0,0,0,155,0,2,0,11,Winter
2025-11-06,CONE-S,Small Cone Pack,Cone Packs,79,62.6,0.81,0,None,0.0,0.0,28.1,0.4,98.1,None,0.0,0,0,146,0,3,0,11,Winter
2025-11-07,CONE-S,Small Cone Pack,Cone Packs,77,62.02,0.81,0,None,0.0,0.0,27.1,0.0,92.5,None,0.0,0,0,113,0,4,0,11,Winter
2025-11-08,CONE-S,Small Cone Pack,Cone Packs,99,78.34,0.81,0,None,0.0,0.0,25.7,0.1,95.0,None,0.0,0,0,225,0,5,1,11,Winter
2025-11-09,CONE-S,Small Cone Pack,Cone Packs,110,89.48,0.81,0,None,0.0,0.0,27.9,0.9,113.9,None,0.0,0,0,140,0,6,1,11,Winter
2025-11-10,CONE-S,Small Cone Pack,Cone Packs,78,64.03,0.81,0,None,0.0,0.0,25.5,0.1,92.0,None,0.0,0,0,242,0,0,0,11,Winter
2025-11-11,CONE-S,Small Cone Pack,Cone Packs,78,62.05,0.81,0,None,0.0,0.0,26.2,0.1,94.1,None,0.0,0,0,131,0,1,0,11,Winter
2025-11-12,CONE-S,Small Cone Pack,Cone Packs,71,56.89,0.81,0,None,0.0,0.0,24.1,0.2,94.2,None,0.0,0,0,102,0,2,0,11,Winter
2025-11-13,CONE-S,Small Cone Pack,Cone Packs,77,61.55,0.81,0,None,0.0,0.0,24.7,0.3,90.4,None,0.0,0,0,209,0,3,0,11,Winter
2025-11-14,CONE-S,Small Cone Pack,Cone Packs,70,56.26,0.81,0,None,0.0,0.0,23.3,0.1,88.6,None,0.0,0,0,146,0,4,0,11,Winter
2025-11-15,CONE-S,Small Cone Pack,Cone Packs,109,88.54,0.81,0,None,0.0,0.0,26.2,0.1,112.9,None,0.0,0,0,240,0,5,1,11,Winter
2025-11-16,CONE-S,Small Cone Pack,Cone Packs,85,68.36,0.81,0,None,0.0,0.0,22.3,0.5,107.3,None,0.0,0,1,111,0,6,1,11,Winter
2025-11-17,CONE-S,Small Cone Pack,Cone Packs,82,66.83,0.81,0,None,0.0,0.0,25.8,1.0,96.5,None,0.0,0,0,239,0,0,0,11,Winter
2025-11-18,CONE-S,Small Cone Pack,Cone Packs,70,57.35,0.81,0,None,0.0,0.0,24.0,0.1,95.3,None,0.0,0,0,139,0,1,0,11,Winter
2025-11-19,CONE-S,Small Cone Pack,Cone Packs,80,65.58,0.81,0,None,0.0,0.0,26.4,0.0,87.4,None,0.0,0,0,221,0,2,0,11,Winter
2025-11-20,CONE-S,Small Cone Pack,Cone Packs,83,66.27,0.81,0,None,0.0,0.0,25.6,0.2,98.9,None,0.0,0,0,252,0,3,0,11,Winter
2025-11-21,CONE-S,Small Cone Pack,Cone Packs,83,68.31,0.81,0,None,0.0,0.0,27.4,0.9,88.3,None,0.0,0,0,188,0,4,0,11,Winter
2025-11-22,CONE-S,Small Cone Pack,Cone Packs,94,77.46,0.81,0,None,0.0,0.0,25.4,0.9,104.0,None,0.0,0,0,167,0,5,1,11,Winter
2025-11-23,CONE-S,Small Cone Pack,Cone Packs,84,69.31,0.81,0,None,0.0,0.0,21.3,0.3,94.4,None,0.0,0,0,154,0,6,1,11,Winter
2025-11-24,CONE-S,Small Cone Pack,Cone Packs,80,64.69,0.81,0,None,0.0,0.0,23.9,2.4,82.5,None,0.0,0,0,209,0,0,0,11,Winter
2025-11-25,CONE-S,Small Cone Pack,Cone Packs,72,57.82,0.81,0,None,0.0,0.0,21.9,1.9,94.3,None,0.0,0,0,92,0,1,0,11,Winter
2025-11-26,CONE-S,Small Cone Pack,Cone Packs,89,66.31,0.81,1,Loyalty Offer,7.0,1490.84,23.0,0.5,88.7,None,0.0,0,0,132,0,2,0,11,Winter
2025-11-27,CONE-S,Small Cone Pack,Cone Packs,97,72.18,0.81,1,Loyalty Offer,7.0,1490.84,26.6,0.5,82.9,None,0.0,0,0,220,0,3,0,11,Winter
2025-11-28,CONE-S,Small Cone Pack,Cone Packs,98,73.94,0.81,1,Loyalty Offer,7.0,1490.84,25.0,0.5,95.6,None,0.0,0,0,122,0,4,0,11,Winter
2025-11-29,CONE-S,Small Cone Pack,Cone Packs,101,76.99,0.81,1,Loyalty Offer,7.0,1490.84,22.6,0.1,113.6,None,0.0,0,0,167,0,5,1,11,Winter
2025-11-30,CONE-S,Small Cone Pack,Cone Packs,87,71.72,0.81,0,None,0.0,0.0,22.0,0.4,110.0,None,0.0,0,0,210,0,6,1,11,Winter
2025-12-01,CONE-S,Small Cone Pack,Cone Packs,74,59.73,0.81,0,None,0.0,0.0,23.8,0.1,91.8,None,0.0,0,0,134,0,0,0,12,Winter
2025-12-02,CONE-S,Small Cone Pack,Cone Packs,74,60.07,0.81,0,None,0.0,0.0,21.6,0.2,93.2,None,0.0,0,1,242,0,1,0,12,Winter
2025-12-03,CONE-S,Small Cone Pack,Cone Packs,76,61.66,0.81,0,None,0.0,0.0,22.5,0.2,97.7,None,0.0,0,0,251,0,2,0,12,Winter
2025-12-04,CONE-S,Small Cone Pack,Cone Packs,79,63.71,0.81,0,None,0.0,0.0,24.3,0.8,98.9,None,0.0,0,0,104,0,3,0,12,Winter
2025-12-05,CONE-S,Small Cone Pack,Cone Packs,85,69.7,0.81,0,None,0.0,0.0,25.8,0.0,91.7,None,0.0,0,0,132,0,4,0,12,Winter
2025-12-06,CONE-S,Small Cone Pack,Cone Packs,92,75.13,0.81,0,None,0.0,0.0,24.8,1.2,103.7,None,0.0,0,0,257,0,5,1,12,Winter
2025-12-07,CONE-S,Small Cone Pack,Cone Packs,91,74.14,0.81,0,None,0.0,0.0,19.5,1.6,105.1,None,0.0,0,1,116,0,6,1,12,Winter
2025-12-08,CONE-S,Small Cone Pack,Cone Packs,83,67.82,0.81,0,None,0.0,0.0,24.2,0.1,96.4,None,0.0,0,1,180,0,0,0,12,Winter
2025-12-09,CONE-S,Small Cone Pack,Cone Packs,93,68.62,0.81,1,Weekend Flash,10.0,1773.39,23.7,0.5,93.1,None,0.0,0,1,264,0,1,0,12,Winter
2025-12-10,CONE-S,Small Cone Pack,Cone Packs,78,63.96,0.81,0,None,0.0,0.0,24.3,0.1,93.2,None,0.0,0,1,192,0,2,0,12,Winter
2025-12-11,CONE-S,Small Cone Pack,Cone Packs,90,72.56,0.81,0,None,0.0,0.0,26.5,0.6,100.8,None,0.0,0,0,158,0,3,0,12,Winter
2025-12-12,CONE-S,Small Cone Pack,Cone Packs,70,57.64,0.81,0,None,0.0,0.0,19.8,0.9,100.1,None,0.0,0,0,91,0,4,0,12,Winter
2025-12-13,CONE-S,Small Cone Pack,Cone Packs,88,71.93,0.81,0,None,0.0,0.0,22.5,0.1,106.5,None,0.0,0,0,170,0,5,1,12,Winter
2025-12-14,CONE-S,Small Cone Pack,Cone Packs,99,80.28,0.82,0,None,0.0,0.0,24.6,0.4,112.8,None,0.0,0,0,205,0,6,1,12,Winter
2025-12-15,CONE-S,Small Cone Pack,Cone Packs,66,53.97,0.82,0,None,0.0,0.0,20.7,1.7,92.4,None,0.0,0,0,98,0,0,0,12,Winter
2025-12-16,CONE-S,Small Cone Pack,Cone Packs,89,72.9,0.82,0,None,0.0,0.0,26.2,1.5,102.5,None,0.0,0,0,193,0,1,0,12,Winter
2025-12-17,CONE-S,Small Cone Pack,Cone Packs,73,60.34,0.82,0,None,0.0,0.0,24.2,0.0,97.2,None,0.0,0,0,157,0,2,0,12,Winter
2025-12-18,CONE-S,Small Cone Pack,Cone Packs,83,66.9,0.82,0,None,0.0,0.0,25.0,0.1,110.9,None,0.0,0,0,155,0,3,0,12,Winter
2025-12-19,CONE-S,Small Cone Pack,Cone Packs,71,58.9,0.82,0,None,0.0,0.0,22.5,0.5,88.7,None,0.0,0,0,246,0,4,0,12,Winter
2025-12-20,CONE-S,Small Cone Pack,Cone Packs,92,75.17,0.82,0,None,0.0,0.0,25.0,0.1,101.3,None,0.0,0,0,254,0,5,1,12,Winter
2025-12-21,CONE-S,Small Cone Pack,Cone Packs,100,81.22,0.82,0,None,0.0,0.0,25.4,0.0,107.0,None,0.0,0,0,231,0,6,1,12,Winter
2025-12-22,CONE-S,Small Cone Pack,Cone Packs,78,63.35,0.82,0,None,0.0,0.0,23.9,0.1,97.0,None,0.0,0,0,192,0,0,0,12,Winter
2025-12-23,CONE-S,Small Cone Pack,Cone Packs,77,62.2,0.82,0,None,0.0,0.0,23.9,0.7,104.9,None,0.0,0,0,172,0,1,0,12,Winter
2025-12-24,CONE-S,Small Cone Pack,Cone Packs,79,63.27,0.82,0,None,0.0,0.0,24.0,0.2,91.9,None,0.0,0,0,110,0,2,0,12,Winter
2025-12-25,CONE-S,Small Cone Pack,Cone Packs,82,67.64,0.82,0,None,0.0,0.0,22.0,0.0,115.5,Christmas,1.2,1,0,151,0,3,0,12,Winter
2025-12-26,CONE-S,Small Cone Pack,Cone Packs,87,72.9,0.82,0,None,0.0,0.0,23.3,0.1,101.3,None,0.0,0,0,108,0,4,0,12,Winter
2025-12-27,CONE-S,Small Cone Pack,Cone Packs,92,73.87,0.82,0,None,0.0,0.0,23.3,0.0,109.1,None,0.0,0,0,170,0,5,1,12,Winter
2025-12-28,CONE-S,Small Cone Pack,Cone Packs,88,71.26,0.82,0,None,0.0,0.0,24.2,0.1,100.9,None,0.0,0,0,183,0,6,1,12,Winter
2025-12-29,CONE-S,Small Cone Pack,Cone Packs,80,66.14,0.82,0,None,0.0,0.0,25.4,0.0,102.8,None,0.0,0,0,197,0,0,0,12,Winter
2025-12-30,CONE-S,Small Cone Pack,Cone Packs,80,65.54,0.82,0,None,0.0,0.0,21.7,0.4,102.1,None,0.0,0,0,156,0,1,0,12,Winter
2025-12-31,CONE-S,Small Cone Pack,Cone Packs,86,71.22,0.82,0,None,0.0,0.0,23.4,0.7,113.3,New Year,1.1,1,0,146,0,2,0,12,Winter
2026-01-01,CONE-S,Small Cone Pack,Cone Packs,80,65.54,0.82,0,None,0.0,0.0,26.3,0.2,97.2,None,0.0,0,0,213,0,3,0,1,Winter
2026-01-02,CONE-S,Small Cone Pack,Cone Packs,78,63.56,0.82,0,None,0.0,0.0,22.3,0.0,97.4,None,0.0,0,0,122,0,4,0,1,Winter
2026-01-03,CONE-S,Small Cone Pack,Cone Packs,86,70.4,0.82,0,None,0.0,0.0,22.2,0.8,106.0,None,0.0,0,0,126,0,5,1,1,Winter
2026-01-04,CONE-S,Small Cone Pack,Cone Packs,99,78.97,0.82,0,None,0.0,0.0,24.1,1.4,109.7,None,0.0,0,0,230,0,6,1,1,Winter
2026-01-05,CONE-S,Small Cone Pack,Cone Packs,50,40.51,0.82,0,None,0.0,0.0,25.2,1.0,96.8,None,0.0,0,0,163,1,0,0,1,Winter
2026-01-06,CONE-S,Small Cone Pack,Cone Packs,91,69.57,0.82,1,Bundle Offer,8.0,2468.92,23.8,0.1,92.5,None,0.0,0,0,250,0,1,0,1,Winter
2026-01-07,CONE-S,Small Cone Pack,Cone Packs,109,83.61,0.82,1,Bundle Offer,8.0,2468.92,26.2,1.3,91.7,None,0.0,0,1,247,0,2,0,1,Winter
2026-01-08,CONE-S,Small Cone Pack,Cone Packs,88,67.69,0.82,1,Bundle Offer,8.0,2468.92,25.3,0.8,93.3,None,0.0,0,0,252,0,3,0,1,Winter
2026-01-09,CONE-S,Small Cone Pack,Cone Packs,94,71.51,0.82,1,Bundle Offer,8.0,2468.92,25.3,1.5,98.3,None,0.0,0,0,220,0,4,0,1,Winter
2026-01-10,CONE-S,Small Cone Pack,Cone Packs,97,77.65,0.82,0,None,0.0,0.0,24.9,0.0,107.2,None,0.0,0,0,251,0,5,1,1,Winter
2026-01-11,CONE-S,Small Cone Pack,Cone Packs,121,98.83,0.82,0,None,0.0,0.0,28.1,0.0,108.5,None,0.0,0,0,168,0,6,1,1,Winter
2026-01-12,CONE-S,Small Cone Pack,Cone Packs,86,71.93,0.82,0,None,0.0,0.0,23.6,0.0,100.1,None,0.0,0,0,190,0,0,0,1,Winter
2026-01-13,CONE-S,Small Cone Pack,Cone Packs,79,66.33,0.82,0,None,0.0,0.0,20.4,0.0,94.6,None,0.0,0,0,250,0,1,0,1,Winter
2026-01-14,CONE-S,Small Cone Pack,Cone Packs,99,82.9,0.82,0,None,0.0,0.0,26.9,0.5,118.2,Makar Sankranti,1.0,1,0,245,0,2,0,1,Winter
2026-01-15,CONE-S,Small Cone Pack,Cone Packs,73,59.99,0.82,0,None,0.0,0.0,23.2,0.0,96.6,None,0.0,0,0,157,0,3,0,1,Winter
2026-01-16,CONE-S,Small Cone Pack,Cone Packs,76,61.68,0.82,0,None,0.0,0.0,24.3,0.0,95.9,None,0.0,0,0,244,0,4,0,1,Winter
2026-01-17,CONE-S,Small Cone Pack,Cone Packs,102,84.08,0.82,0,None,0.0,0.0,26.5,6.4,110.6,None,0.0,0,0,172,0,5,1,1,Winter
2026-01-18,CONE-S,Small Cone Pack,Cone Packs,93,76.74,0.82,0,None,0.0,0.0,21.3,0.7,99.2,None,0.0,0,0,116,0,6,1,1,Winter
2026-01-19,CONE-S,Small Cone Pack,Cone Packs,72,60.54,0.83,0,None,0.0,0.0,22.0,1.6,94.5,None,0.0,0,0,219,0,0,0,1,Winter
2026-01-20,CONE-S,Small Cone Pack,Cone Packs,75,62.08,0.83,0,None,0.0,0.0,21.4,0.0,103.5,None,0.0,0,0,160,0,1,0,1,Winter
2026-01-21,CONE-S,Small Cone Pack,Cone Packs,77,63.6,0.83,0,None,0.0,0.0,22.9,2.8,90.1,None,0.0,0,0,102,0,2,0,1,Winter
2026-01-22,CONE-S,Small Cone Pack,Cone Packs,78,64.49,0.83,0,None,0.0,0.0,25.2,0.3,104.5,None,0.0,0,0,130,0,3,0,1,Winter
2026-01-23,CONE-S,Small Cone Pack,Cone Packs,87,72.23,0.83,0,None,0.0,0.0,25.4,0.0,106.6,None,0.0,0,0,118,0,4,0,1,Winter
2026-01-24,CONE-S,Small Cone Pack,Cone Packs,94,78.28,0.83,0,None,0.0,0.0,25.0,0.8,107.3,None,0.0,0,0,273,0,5,1,1,Winter
2026-01-25,CONE-S,Small Cone Pack,Cone Packs,89,72.95,0.83,0,None,0.0,0.0,22.0,0.0,110.8,None,0.0,0,0,244,0,6,1,1,Winter
2026-01-26,CONE-S,Small Cone Pack,Cone Packs,81,66.14,0.83,0,None,0.0,0.0,20.4,0.0,115.4,Republic Day,0.8,1,0,249,0,0,0,1,Winter
2026-01-27,CONE-S,Small Cone Pack,Cone Packs,79,66.44,0.83,0,None,0.0,0.0,24.7,0.4,97.3,None,0.0,0,0,128,0,1,0,1,Winter
2026-01-28,CONE-S,Small Cone Pack,Cone Packs,82,66.53,0.83,0,None,0.0,0.0,23.9,0.5,104.1,None,0.0,0,0,230,0,2,0,1,Winter
2026-01-29,CONE-S,Small Cone Pack,Cone Packs,85,71.75,0.83,0,None,0.0,0.0,25.6,0.4,96.5,None,0.0,0,0,195,0,3,0,1,Winter
2026-01-30,CONE-S,Small Cone Pack,Cone Packs,85,68.77,0.83,0,None,0.0,0.0,26.1,0.0,97.6,None,0.0,0,0,152,0,4,0,1,Winter
2026-01-31,CONE-S,Small Cone Pack,Cone Packs,101,83.08,0.83,0,None,0.0,0.0,25.1,0.9,106.1,None,0.0,0,0,228,0,5,1,1,Winter
2026-02-01,CONE-S,Small Cone Pack,Cone Packs,102,85.5,0.83,0,None,0.0,0.0,26.3,2.3,112.0,None,0.0,0,0,274,0,6,1,2,Winter
2026-02-02,CONE-S,Small Cone Pack,Cone Packs,90,74.59,0.83,0,None,0.0,0.0,25.4,2.6,106.2,None,0.0,0,0,183,0,0,0,2,Winter
2026-02-03,CONE-S,Small Cone Pack,Cone Packs,86,70.17,0.83,0,None,0.0,0.0,26.0,0.0,99.6,None,0.0,0,0,110,0,1,0,2,Winter
2026-02-04,CONE-S,Small Cone Pack,Cone Packs,76,63.35,0.83,0,None,0.0,0.0,23.9,0.0,94.3,None,0.0,0,0,230,0,2,0,2,Winter
2026-02-05,CONE-S,Small Cone Pack,Cone Packs,95,69.4,0.83,1,Payday Campaign,12.0,2339.38,24.9,0.1,95.4,None,0.0,0,0,145,0,3,0,2,Winter
2026-02-06,CONE-S,Small Cone Pack,Cone Packs,103,75.01,0.83,1,Payday Campaign,12.0,2339.38,25.6,1.0,102.9,None,0.0,0,1,152,0,4,0,2,Winter
2026-02-07,CONE-S,Small Cone Pack,Cone Packs,119,98.03,0.83,0,None,0.0,0.0,26.8,0.0,120.3,None,0.0,0,0,237,0,5,1,2,Winter
2026-02-08,CONE-S,Small Cone Pack,Cone Packs,100,82.99,0.83,0,None,0.0,0.0,24.7,0.1,113.2,None,0.0,0,0,247,0,6,1,2,Winter
2026-02-09,CONE-S,Small Cone Pack,Cone Packs,83,68.44,0.83,0,None,0.0,0.0,26.4,0.1,99.4,None,0.0,0,0,229,0,0,0,2,Winter
2026-02-10,CONE-S,Small Cone Pack,Cone Packs,89,76.09,0.83,0,None,0.0,0.0,25.1,0.9,105.3,None,0.0,0,0,247,0,1,0,2,Winter
2026-02-11,CONE-S,Small Cone Pack,Cone Packs,83,68.76,0.83,0,None,0.0,0.0,25.4,0.0,100.4,None,0.0,0,0,244,0,2,0,2,Winter
2026-02-12,CONE-S,Small Cone Pack,Cone Packs,92,76.11,0.83,0,None,0.0,0.0,27.2,0.5,99.9,None,0.0,0,0,132,0,3,0,2,Winter
2026-02-13,CONE-S,Small Cone Pack,Cone Packs,72,59.46,0.83,0,None,0.0,0.0,22.2,0.2,97.1,None,0.0,0,0,140,0,4,0,2,Winter
2026-02-14,CONE-S,Small Cone Pack,Cone Packs,103,87.47,0.83,0,None,0.0,0.0,23.6,0.0,119.1,None,0.0,0,0,238,0,5,1,2,Winter
2026-02-15,CONE-S,Small Cone Pack,Cone Packs,87,70.93,0.83,0,None,0.0,0.0,23.3,3.4,99.5,None,0.0,0,0,169,0,6,1,2,Winter
2026-02-16,CONE-S,Small Cone Pack,Cone Packs,83,69.34,0.83,0,None,0.0,0.0,21.8,0.2,106.3,None,0.0,0,0,217,0,0,0,2,Winter
2026-02-17,CONE-S,Small Cone Pack,Cone Packs,78,64.71,0.83,0,None,0.0,0.0,24.9,2.0,100.1,None,0.0,0,1,170,0,1,0,2,Winter
2026-02-18,CONE-S,Small Cone Pack,Cone Packs,90,73.62,0.83,0,None,0.0,0.0,27.6,2.4,100.5,None,0.0,0,0,182,0,2,0,2,Winter
2026-02-19,CONE-S,Small Cone Pack,Cone Packs,95,78.3,0.83,0,None,0.0,0.0,25.8,0.0,111.2,None,0.0,0,0,119,0,3,0,2,Winter
2026-02-20,CONE-S,Small Cone Pack,Cone Packs,89,74.38,0.83,0,None,0.0,0.0,26.7,0.1,99.3,None,0.0,0,0,206,0,4,0,2,Winter
2026-02-21,CONE-S,Small Cone Pack,Cone Packs,123,101.37,0.83,0,None,0.0,0.0,28.4,1.8,109.6,None,0.0,0,0,281,0,5,1,2,Winter
2026-02-22,CONE-S,Small Cone Pack,Cone Packs,115,96.09,0.83,0,None,0.0,0.0,28.9,0.1,112.4,None,0.0,0,0,265,0,6,1,2,Winter
2026-02-23,CONE-S,Small Cone Pack,Cone Packs,91,77.39,0.83,0,None,0.0,0.0,26.5,0.0,105.3,None,0.0,0,0,165,0,0,0,2,Winter
2026-02-24,CONE-S,Small Cone Pack,Cone Packs,131,89.7,0.83,1,Festival Promo,18.0,3556.8,29.1,0.0,101.1,None,0.0,0,0,259,0,1,0,2,Winter
2026-02-25,CONE-S,Small Cone Pack,Cone Packs,102,71.0,0.83,1,Mango Festival,15.0,2927.37,27.0,0.0,95.6,None,0.0,0,0,153,0,2,0,2,Winter
2026-02-26,CONE-S,Small Cone Pack,Cone Packs,77,63.54,0.83,0,None,0.0,0.0,25.4,0.0,99.3,None,0.0,0,0,198,0,3,0,2,Winter
2026-02-27,CONE-S,Small Cone Pack,Cone Packs,86,71.46,0.83,0,None,0.0,0.0,25.9,0.1,110.1,None,0.0,0,0,171,0,4,0,2,Winter
2026-02-28,CONE-S,Small Cone Pack,Cone Packs,119,90.91,0.83,1,Bundle Offer,8.0,2149.42,24.4,0.0,114.2,None,0.0,0,0,287,0,5,1,2,Winter
2026-03-01,CONE-S,Small Cone Pack,Cone Packs,97,81.05,0.83,0,None,0.0,0.0,25.5,0.5,116.2,None,0.0,0,0,230,0,6,1,3,Summer
2026-03-02,CONE-S,Small Cone Pack,Cone Packs,101,84.57,0.83,0,None,0.0,0.0,26.6,0.7,113.2,Holi,0.8,1,0,132,0,0,0,3,Summer
2026-03-03,CONE-S,Small Cone Pack,Cone Packs,111,94.54,0.83,0,None,0.0,0.0,28.8,0.3,114.5,Holi,1.05,1,0,270,0,1,0,3,Summer
2026-03-04,CONE-S,Small Cone Pack,Cone Packs,132,110.15,0.83,0,None,0.0,0.0,30.5,0.0,129.6,Holi,1.3,1,0,267,0,2,0,3,Summer
2026-03-05,CONE-S,Small Cone Pack,Cone Packs,100,82.31,0.83,0,None,0.0,0.0,25.0,0.0,117.1,Holi,1.05,1,0,154,0,3,0,3,Summer
2026-03-06,CONE-S,Small Cone Pack,Cone Packs,105,88.86,0.83,0,None,0.0,0.0,28.3,0.5,112.7,Holi,0.8,1,0,170,0,4,0,3,Summer
2026-03-07,CONE-S,Small Cone Pack,Cone Packs,112,94.92,0.83,0,None,0.0,0.0,25.8,0.2,120.1,None,0.0,0,0,159,0,5,1,3,Summer
2026-03-08,CONE-S,Small Cone Pack,Cone Packs,117,97.97,0.83,0,None,0.0,0.0,28.6,0.3,111.1,None,0.0,0,0,186,0,6,1,3,Summer
2026-03-09,CONE-S,Small Cone Pack,Cone Packs,90,74.94,0.84,0,None,0.0,0.0,27.6,4.1,101.9,None,0.0,0,0,261,0,0,0,3,Summer
2026-03-10,CONE-S,Small Cone Pack,Cone Packs,78,65.63,0.84,0,None,0.0,0.0,24.7,0.3,105.0,None,0.0,0,0,242,0,1,0,3,Summer
2026-03-11,CONE-S,Small Cone Pack,Cone Packs,98,81.65,0.84,0,None,0.0,0.0,29.7,0.0,105.1,None,0.0,0,0,206,0,2,0,3,Summer
2026-03-12,CONE-S,Small Cone Pack,Cone Packs,91,74.15,0.84,0,None,0.0,0.0,27.1,0.1,106.5,None,0.0,0,0,168,0,3,0,3,Summer
2026-03-13,CONE-S,Small Cone Pack,Cone Packs,96,80.75,0.84,0,None,0.0,0.0,27.3,0.0,115.7,None,0.0,0,0,174,0,4,0,3,Summer
2026-03-14,CONE-S,Small Cone Pack,Cone Packs,98,82.76,0.84,0,None,0.0,0.0,26.4,0.0,117.1,None,0.0,0,0,271,0,5,1,3,Summer
2026-03-15,CONE-S,Small Cone Pack,Cone Packs,105,89.26,0.84,0,None,0.0,0.0,27.3,0.0,103.6,None,0.0,0,0,156,0,6,1,3,Summer
2026-03-16,CONE-S,Small Cone Pack,Cone Packs,99,82.01,0.84,0,None,0.0,0.0,29.3,2.8,107.2,None,0.0,0,0,240,0,0,0,3,Summer
2026-03-17,CONE-S,Small Cone Pack,Cone Packs,98,82.13,0.84,0,None,0.0,0.0,28.3,0.5,105.9,None,0.0,0,0,277,0,1,0,3,Summer
2026-03-18,CONE-S,Small Cone Pack,Cone Packs,106,88.87,0.84,0,None,0.0,0.0,29.3,0.0,106.0,None,0.0,0,0,262,0,2,0,3,Summer
2026-03-19,CONE-S,Small Cone Pack,Cone Packs,100,83.68,0.84,0,None,0.0,0.0,29.5,0.0,107.1,None,0.0,0,0,235,0,3,0,3,Summer
2026-03-20,CONE-S,Small Cone Pack,Cone Packs,101,84.56,0.84,0,None,0.0,0.0,31.3,0.2,105.8,None,0.0,0,0,264,0,4,0,3,Summer
2026-03-21,CONE-S,Small Cone Pack,Cone Packs,106,88.67,0.84,0,None,0.0,0.0,28.4,1.1,115.8,None,0.0,0,0,160,0,5,1,3,Summer
2026-03-22,CONE-S,Small Cone Pack,Cone Packs,111,93.05,0.84,0,None,0.0,0.0,26.4,1.4,119.2,None,0.0,0,0,288,0,6,1,3,Summer
2026-03-23,CONE-S,Small Cone Pack,Cone Packs,100,84.36,0.84,0,None,0.0,0.0,31.1,1.4,103.5,None,0.0,0,0,134,0,0,0,3,Summer
2026-03-24,CONE-S,Small Cone Pack,Cone Packs,99,84.0,0.84,0,None,0.0,0.0,28.7,0.1,101.6,None,0.0,0,0,121,0,1,0,3,Summer
2026-03-25,CONE-S,Small Cone Pack,Cone Packs,117,96.96,0.84,0,None,0.0,0.0,31.4,0.1,121.5,None,0.0,0,0,168,0,2,0,3,Summer
2026-03-26,CONE-S,Small Cone Pack,Cone Packs,117,83.0,0.84,1,Mango Festival,15.0,2310.78,30.2,0.1,102.9,None,0.0,0,0,234,0,3,0,3,Summer
2026-03-27,CONE-S,Small Cone Pack,Cone Packs,125,88.41,0.84,1,Mango Festival,15.0,2310.78,29.3,1.8,107.1,None,0.0,0,0,184,0,4,0,3,Summer
2026-03-28,CONE-S,Small Cone Pack,Cone Packs,153,108.03,0.84,1,Mango Festival,15.0,2310.78,30.3,0.3,109.2,None,0.0,0,0,274,0,5,1,3,Summer
2026-03-29,CONE-S,Small Cone Pack,Cone Packs,139,114.0,0.84,0,None,0.0,0.0,33.3,1.2,117.3,None,0.0,0,0,176,0,6,1,3,Summer
2026-03-30,CONE-S,Small Cone Pack,Cone Packs,101,84.5,0.84,0,None,0.0,0.0,33.6,0.0,102.1,None,0.0,0,0,232,0,0,0,3,Summer
2026-03-31,CONE-S,Small Cone Pack,Cone Packs,96,80.76,0.84,0,None,0.0,0.0,30.1,0.6,104.7,None,0.0,0,0,152,0,1,0,3,Summer
2026-04-01,CONE-S,Small Cone Pack,Cone Packs,98,81.81,0.84,0,None,0.0,0.0,30.3,0.4,112.2,None,0.0,0,1,201,0,2,0,4,Summer
2026-04-02,CONE-S,Small Cone Pack,Cone Packs,111,92.83,0.84,0,None,0.0,0.0,32.1,0.0,109.4,None,0.0,0,0,149,0,3,0,4,Summer
2026-04-03,CONE-S,Small Cone Pack,Cone Packs,118,89.27,0.84,1,Weekend Flash,10.0,1610.19,28.7,0.1,109.9,None,0.0,0,1,293,0,4,0,4,Summer
2026-04-04,CONE-S,Small Cone Pack,Cone Packs,132,101.04,0.84,1,Weekend Flash,10.0,1610.19,30.9,0.2,108.3,None,0.0,0,0,212,0,5,1,4,Summer
2026-04-05,CONE-S,Small Cone Pack,Cone Packs,148,110.84,0.84,1,Weekend Flash,10.0,1610.19,30.4,0.3,126.4,None,0.0,0,0,264,0,6,1,4,Summer
2026-04-06,CONE-S,Small Cone Pack,Cone Packs,125,92.77,0.84,1,Weekend Flash,10.0,1610.19,31.1,0.6,101.3,None,0.0,0,0,222,0,0,0,4,Summer
2026-04-07,CONE-S,Small Cone Pack,Cone Packs,101,84.38,0.84,0,None,0.0,0.0,29.1,0.1,115.0,None,0.0,0,0,216,0,1,0,4,Summer
2026-04-08,CONE-S,Small Cone Pack,Cone Packs,96,82.1,0.84,0,None,0.0,0.0,27.8,0.4,112.5,None,0.0,0,0,188,0,2,0,4,Summer
2026-04-09,CONE-S,Small Cone Pack,Cone Packs,90,74.21,0.84,0,None,0.0,0.0,27.0,0.1,110.3,None,0.0,0,0,121,0,3,0,4,Summer
2026-04-10,CONE-S,Small Cone Pack,Cone Packs,90,75.85,0.84,0,None,0.0,0.0,28.8,0.5,103.2,None,0.0,0,0,242,0,4,0,4,Summer
2026-04-11,CONE-S,Small Cone Pack,Cone Packs,121,102.58,0.84,0,None,0.0,0.0,30.1,0.2,118.3,None,0.0,0,0,243,0,5,1,4,Summer
2026-04-12,CONE-S,Small Cone Pack,Cone Packs,122,99.11,0.84,0,None,0.0,0.0,30.5,1.5,115.2,None,0.0,0,0,182,0,6,1,4,Summer
2026-04-13,CONE-S,Small Cone Pack,Cone Packs,116,97.46,0.84,0,None,0.0,0.0,34.6,0.3,107.8,None,0.0,0,0,149,0,0,0,4,Summer
2026-04-14,CONE-S,Small Cone Pack,Cone Packs,114,96.0,0.84,0,None,0.0,0.0,33.2,0.0,106.4,None,0.0,0,0,275,0,1,0,4,Summer
2026-04-15,CONE-S,Small Cone Pack,Cone Packs,96,79.99,0.84,0,None,0.0,0.0,29.6,0.2,97.5,None,0.0,0,0,169,0,2,0,4,Summer
2026-04-16,CONE-S,Small Cone Pack,Cone Packs,114,94.55,0.84,0,None,0.0,0.0,32.0,0.1,113.3,None,0.0,0,0,279,0,3,0,4,Summer
2026-04-17,CONE-S,Small Cone Pack,Cone Packs,101,83.82,0.84,0,None,0.0,0.0,30.7,2.5,107.4,None,0.0,0,0,243,0,4,0,4,Summer
2026-04-18,CONE-S,Small Cone Pack,Cone Packs,117,97.39,0.84,0,None,0.0,0.0,31.0,0.0,115.4,None,0.0,0,0,290,0,5,1,4,Summer
2026-04-19,CONE-S,Small Cone Pack,Cone Packs,129,107.41,0.84,0,None,0.0,0.0,32.0,0.4,115.0,None,0.0,0,0,254,0,6,1,4,Summer
2026-04-20,CONE-S,Small Cone Pack,Cone Packs,111,92.2,0.84,0,None,0.0,0.0,32.8,0.2,109.6,None,0.0,0,1,159,0,0,0,4,Summer
2026-04-21,CONE-S,Small Cone Pack,Cone Packs,105,87.36,0.84,0,None,0.0,0.0,31.2,0.0,103.4,None,0.0,0,0,130,0,1,0,4,Summer
2026-04-22,CONE-S,Small Cone Pack,Cone Packs,102,86.43,0.84,0,None,0.0,0.0,33.8,0.8,96.6,None,0.0,0,0,161,0,2,0,4,Summer
2026-04-23,CONE-S,Small Cone Pack,Cone Packs,108,88.89,0.84,0,None,0.0,0.0,29.9,0.0,110.0,None,0.0,0,0,198,0,3,0,4,Summer
2026-04-24,CONE-S,Small Cone Pack,Cone Packs,111,90.76,0.84,0,None,0.0,0.0,32.0,0.7,110.5,None,0.0,0,0,230,0,4,0,4,Summer
2026-04-25,CONE-S,Small Cone Pack,Cone Packs,133,112.67,0.84,0,None,0.0,0.0,36.8,0.0,117.0,None,0.0,0,0,296,0,5,1,4,Summer
2026-04-26,CONE-S,Small Cone Pack,Cone Packs,123,102.46,0.83,0,None,0.0,0.0,32.6,0.3,112.2,None,0.0,0,0,165,0,6,1,4,Summer
2026-04-27,CONE-S,Small Cone Pack,Cone Packs,117,97.22,0.83,0,None,0.0,0.0,34.8,1.7,108.4,None,0.0,0,0,238,0,0,0,4,Summer
2026-04-28,CONE-S,Small Cone Pack,Cone Packs,100,83.36,0.83,0,None,0.0,0.0,32.5,0.3,100.7,None,0.0,0,0,133,0,1,0,4,Summer
2026-04-29,CONE-S,Small Cone Pack,Cone Packs,119,99.56,0.83,0,None,0.0,0.0,33.5,0.6,102.9,None,0.0,0,0,216,0,2,0,4,Summer
2026-04-30,CONE-S,Small Cone Pack,Cone Packs,125,91.21,0.83,1,Payday Campaign,12.0,2238.92,32.4,0.1,104.2,None,0.0,0,1,156,0,3,0,4,Summer
2026-05-01,CONE-S,Small Cone Pack,Cone Packs,139,102.67,0.83,1,Payday Campaign,12.0,2238.92,32.3,0.5,112.2,None,0.0,0,0,218,0,4,0,5,Summer
2026-05-02,CONE-S,Small Cone Pack,Cone Packs,123,101.42,0.83,0,None,0.0,0.0,31.2,0.0,116.2,None,0.0,0,0,239,0,5,1,5,Summer
2026-05-03,CONE-S,Small Cone Pack,Cone Packs,139,115.51,0.83,0,None,0.0,0.0,33.5,1.6,115.8,None,0.0,0,0,277,0,6,1,5,Summer
2026-05-04,CONE-S,Small Cone Pack,Cone Packs,104,84.42,0.83,0,None,0.0,0.0,31.2,0.6,117.8,None,0.0,0,0,252,0,0,0,5,Summer
2026-05-05,CONE-S,Small Cone Pack,Cone Packs,142,98.44,0.83,1,Festival Promo,18.0,4030.5,34.0,0.0,109.7,None,0.0,0,0,245,0,1,0,5,Summer
2026-05-06,CONE-S,Small Cone Pack,Cone Packs,116,96.49,0.83,0,None,0.0,0.0,34.9,0.0,109.7,None,0.0,0,1,177,0,2,0,5,Summer
2026-05-07,CONE-S,Small Cone Pack,Cone Packs,113,94.93,0.83,0,None,0.0,0.0,33.6,2.5,106.1,None,0.0,0,0,279,0,3,0,5,Summer
2026-05-08,CONE-S,Small Cone Pack,Cone Packs,111,93.02,0.83,0,None,0.0,0.0,32.5,0.4,105.0,None,0.0,0,0,280,0,4,0,5,Summer
2026-05-09,CONE-S,Small Cone Pack,Cone Packs,126,105.66,0.83,0,None,0.0,0.0,33.9,0.0,107.0,None,0.0,0,1,300,0,5,1,5,Summer
2026-05-10,CONE-S,Small Cone Pack,Cone Packs,131,109.1,0.83,0,None,0.0,0.0,32.6,0.1,122.8,None,0.0,0,0,277,0,6,1,5,Summer
2026-05-11,CONE-S,Small Cone Pack,Cone Packs,118,98.72,0.83,0,None,0.0,0.0,34.9,0.0,110.1,None,0.0,0,0,262,0,0,0,5,Summer
2026-05-12,CONE-S,Small Cone Pack,Cone Packs,95,78.18,0.83,0,None,0.0,0.0,30.0,0.1,107.0,None,0.0,0,0,127,0,1,0,5,Summer
2026-05-13,CONE-S,Small Cone Pack,Cone Packs,110,90.27,0.83,0,None,0.0,0.0,32.7,0.0,107.2,None,0.0,0,0,221,0,2,0,5,Summer
2026-05-14,CONE-S,Small Cone Pack,Cone Packs,98,81.45,0.83,0,None,0.0,0.0,29.8,1.8,111.5,None,0.0,0,1,183,0,3,0,5,Summer
2026-05-15,CONE-S,Small Cone Pack,Cone Packs,99,81.69,0.83,0,None,0.0,0.0,30.8,0.6,100.0,None,0.0,0,0,160,0,4,0,5,Summer
2026-05-16,CONE-S,Small Cone Pack,Cone Packs,132,111.67,0.83,0,None,0.0,0.0,36.0,0.1,114.8,None,0.0,0,0,162,0,5,1,5,Summer
2026-05-17,CONE-S,Small Cone Pack,Cone Packs,127,106.09,0.83,0,None,0.0,0.0,35.2,0.7,112.0,None,0.0,0,0,181,0,6,1,5,Summer
2026-05-18,CONE-S,Small Cone Pack,Cone Packs,108,89.02,0.83,0,None,0.0,0.0,32.3,0.0,116.5,None,0.0,0,0,274,0,0,0,5,Summer
2026-05-19,CONE-S,Small Cone Pack,Cone Packs,104,86.16,0.83,0,None,0.0,0.0,31.0,2.8,112.0,None,0.0,0,0,269,0,1,0,5,Summer
2026-05-20,CONE-S,Small Cone Pack,Cone Packs,89,74.07,0.83,0,None,0.0,0.0,28.4,0.0,96.6,None,0.0,0,0,227,0,2,0,5,Summer
2026-05-21,CONE-S,Small Cone Pack,Cone Packs,112,92.97,0.83,0,None,0.0,0.0,32.8,0.2,100.0,None,0.0,0,0,148,0,3,0,5,Summer
2026-05-22,CONE-S,Small Cone Pack,Cone Packs,115,95.82,0.83,0,None,0.0,0.0,38.2,0.0,106.8,None,0.0,0,0,244,0,4,0,5,Summer
2026-05-23,CONE-S,Small Cone Pack,Cone Packs,158,118.17,0.83,1,Weekend Flash,10.0,1635.44,34.6,0.9,115.1,None,0.0,0,0,198,0,5,1,5,Summer
2026-05-24,CONE-S,Small Cone Pack,Cone Packs,147,107.99,0.83,1,Weekend Flash,10.0,1635.44,32.9,0.5,110.8,None,0.0,0,0,276,0,6,1,5,Summer
2026-05-25,CONE-S,Small Cone Pack,Cone Packs,110,88.93,0.83,0,None,0.0,0.0,34.8,0.1,117.1,None,0.0,0,0,135,0,0,0,5,Summer
2026-05-26,CONE-S,Small Cone Pack,Cone Packs,111,91.68,0.83,0,None,0.0,0.0,31.2,0.2,108.9,None,0.0,0,0,176,0,1,0,5,Summer
2026-05-27,CONE-S,Small Cone Pack,Cone Packs,105,87.68,0.83,0,None,0.0,0.0,33.5,0.4,109.6,None,0.0,0,0,144,0,2,0,5,Summer
2026-05-28,CONE-S,Small Cone Pack,Cone Packs,109,89.99,0.83,0,None,0.0,0.0,34.2,0.4,103.7,None,0.0,0,0,278,0,3,0,5,Summer
2026-05-29,CONE-S,Small Cone Pack,Cone Packs,113,95.06,0.83,0,None,0.0,0.0,33.9,1.3,110.7,None,0.0,0,0,224,0,4,0,5,Summer
2026-05-30,CONE-S,Small Cone Pack,Cone Packs,129,106.85,0.83,0,None,0.0,0.0,35.6,2.7,115.1,None,0.0,0,0,296,0,5,1,5,Summer
2026-05-31,CONE-S,Small Cone Pack,Cone Packs,126,106.09,0.83,0,None,0.0,0.0,34.8,0.2,115.6,None,0.0,0,0,149,0,6,1,5,Summer
2026-06-01,CONE-S,Small Cone Pack,Cone Packs,107,89.85,0.83,0,None,0.0,0.0,35.4,0.9,110.0,None,0.0,0,0,245,0,0,0,6,Monsoon
2026-06-02,CONE-S,Small Cone Pack,Cone Packs,102,85.52,0.83,0,None,0.0,0.0,33.0,13.9,98.7,None,0.0,0,0,198,0,1,0,6,Monsoon
2026-06-03,CONE-S,Small Cone Pack,Cone Packs,109,88.92,0.83,0,None,0.0,0.0,35.9,6.3,114.8,None,0.0,0,1,204,0,2,0,6,Monsoon
2026-06-04,CONE-S,Small Cone Pack,Cone Packs,116,96.01,0.83,0,None,0.0,0.0,37.2,4.8,107.6,None,0.0,0,0,275,0,3,0,6,Monsoon
2026-06-05,CONE-S,Small Cone Pack,Cone Packs,108,90.65,0.83,0,None,0.0,0.0,32.6,4.7,113.0,None,0.0,0,0,135,0,4,0,6,Monsoon
2026-06-06,CONE-S,Small Cone Pack,Cone Packs,123,102.05,0.83,0,None,0.0,0.0,32.7,5.5,111.2,None,0.0,0,0,294,0,5,1,6,Monsoon
2026-06-07,CONE-S,Small Cone Pack,Cone Packs,82,68.24,0.83,0,None,0.0,0.0,36.8,4.2,111.8,None,0.0,0,0,106,1,6,1,6,Monsoon
2026-06-08,CONE-S,Small Cone Pack,Cone Packs,110,89.4,0.83,0,None,0.0,0.0,34.0,9.2,100.6,None,0.0,0,0,188,0,0,0,6,Monsoon
2026-06-09,CONE-S,Small Cone Pack,Cone Packs,108,91.29,0.83,0,None,0.0,0.0,36.9,4.3,107.5,None,0.0,0,0,150,0,1,0,6,Monsoon
2026-06-10,CONE-S,Small Cone Pack,Cone Packs,113,92.45,0.83,0,None,0.0,0.0,33.6,6.3,106.5,None,0.0,0,0,216,0,2,0,6,Monsoon
2026-06-11,CONE-S,Small Cone Pack,Cone Packs,128,87.69,0.83,1,Mango Festival,15.0,2170.22,37.0,0.5,103.8,None,0.0,0,0,243,0,3,0,6,Monsoon
2026-06-12,CONE-S,Small Cone Pack,Cone Packs,137,95.72,0.83,1,Mango Festival,15.0,2170.22,34.7,6.3,101.0,None,0.0,0,0,259,0,4,0,6,Monsoon
2026-06-13,CONE-S,Small Cone Pack,Cone Packs,158,107.56,0.83,1,Mango Festival,15.0,2170.22,34.9,4.1,109.6,None,0.0,0,1,305,0,5,1,6,Monsoon
2026-06-14,CONE-S,Small Cone Pack,Cone Packs,155,113.57,0.82,1,Weekend Flash,10.0,1931.25,37.3,13.2,115.6,None,0.0,0,0,295,0,6,1,6,Monsoon
2026-06-15,CONE-S,Small Cone Pack,Cone Packs,125,95.62,0.82,1,Weekend Flash,10.0,1931.25,33.8,5.0,103.4,None,0.0,0,0,296,0,0,0,6,Monsoon
2026-06-16,CONE-S,Small Cone Pack,Cone Packs,72,53.17,0.82,1,Weekend Flash,10.0,1931.25,32.8,11.7,102.2,None,0.0,0,0,163,1,1,0,6,Monsoon
2026-06-17,CONE-S,Small Cone Pack,Cone Packs,125,91.12,0.82,1,Weekend Flash,10.0,1931.25,33.7,10.7,113.3,None,0.0,0,0,173,0,2,0,6,Monsoon
2026-06-18,CONE-S,Small Cone Pack,Cone Packs,105,86.53,0.82,0,None,0.0,0.0,35.3,10.9,105.0,None,0.0,0,0,149,0,3,0,6,Monsoon
2026-06-19,CONE-S,Small Cone Pack,Cone Packs,107,87.17,0.82,0,None,0.0,0.0,31.7,5.1,111.7,None,0.0,0,0,171,0,4,0,6,Monsoon
2026-06-20,CONE-S,Small Cone Pack,Cone Packs,147,112.49,0.82,1,Bundle Offer,8.0,2136.66,35.6,6.7,112.6,None,0.0,0,1,263,0,5,1,6,Monsoon
2026-06-21,CONE-S,Small Cone Pack,Cone Packs,145,108.61,0.82,1,Bundle Offer,8.0,2136.66,33.5,9.0,116.4,None,0.0,0,0,173,0,6,1,6,Monsoon
2026-06-22,CONE-S,Small Cone Pack,Cone Packs,132,89.34,0.82,1,Festival Promo,18.0,2832.56,36.6,6.8,104.8,None,0.0,0,0,304,0,0,0,6,Monsoon
2026-06-23,CONE-S,Small Cone Pack,Cone Packs,117,77.82,0.82,1,Festival Promo,18.0,2832.56,30.2,5.0,96.4,None,0.0,0,1,295,0,1,0,6,Monsoon
2026-06-24,CONE-S,Small Cone Pack,Cone Packs,82,57.01,0.82,1,Festival Promo,18.0,2832.56,33.1,2.5,112.0,None,0.0,0,0,128,1,2,0,6,Monsoon
2026-06-25,CONE-S,Small Cone Pack,Cone Packs,126,85.43,0.82,1,Festival Promo,18.0,2832.56,31.4,6.4,104.0,None,0.0,0,0,270,0,3,0,6,Monsoon
2026-06-26,CONE-S,Small Cone Pack,Cone Packs,111,91.04,0.82,0,None,0.0,0.0,33.0,1.1,108.3,None,0.0,0,0,226,0,4,0,6,Monsoon
2026-06-27,CONE-S,Small Cone Pack,Cone Packs,133,108.85,0.82,0,None,0.0,0.0,34.9,0.4,110.7,None,0.0,0,0,229,0,5,1,6,Monsoon
2026-06-28,CONE-S,Small Cone Pack,Cone Packs,138,112.55,0.82,0,None,0.0,0.0,34.1,1.9,113.5,None,0.0,0,0,275,0,6,1,6,Monsoon
2026-06-29,CONE-S,Small Cone Pack,Cone Packs,99,80.51,0.82,0,None,0.0,0.0,34.0,10.8,99.9,None,0.0,0,0,211,0,0,0,6,Monsoon
2026-06-30,CONE-S,Small Cone Pack,Cone Packs,106,86.15,0.82,0,None,0.0,0.0,34.1,7.7,110.3,None,0.0,0,0,177,0,1,0,6,Monsoon
2026-07-01,CONE-S,Small Cone Pack,Cone Packs,111,92.87,0.82,0,None,0.0,0.0,34.8,10.9,105.6,None,0.0,0,0,220,0,2,0,7,Monsoon
2026-07-02,CONE-S,Small Cone Pack,Cone Packs,102,83.07,0.82,0,None,0.0,0.0,32.6,3.2,105.7,None,0.0,0,0,143,0,3,0,7,Monsoon
2026-07-03,CONE-S,Small Cone Pack,Cone Packs,114,91.05,0.82,0,None,0.0,0.0,35.6,14.2,110.6,None,0.0,0,0,174,0,4,0,7,Monsoon
2026-07-04,CONE-S,Small Cone Pack,Cone Packs,132,106.64,0.82,0,None,0.0,0.0,35.5,1.3,119.4,None,0.0,0,0,307,0,5,1,7,Monsoon
2026-07-05,CONE-S,Small Cone Pack,Cone Packs,137,113.46,0.82,0,None,0.0,0.0,35.0,2.0,117.4,None,0.0,0,0,186,0,6,1,7,Monsoon
2026-07-06,CONE-S,Small Cone Pack,Cone Packs,109,88.98,0.82,0,None,0.0,0.0,35.3,14.0,96.3,None,0.0,0,0,224,0,0,0,7,Monsoon
2026-07-07,CONE-S,Small Cone Pack,Cone Packs,111,90.71,0.82,0,None,0.0,0.0,34.8,7.3,99.8,None,0.0,0,0,178,0,1,0,7,Monsoon
2026-07-08,CONE-S,Small Cone Pack,Cone Packs,103,85.46,0.82,0,None,0.0,0.0,37.9,11.0,98.1,None,0.0,0,0,197,0,2,0,7,Monsoon
2026-07-09,CONE-S,Small Cone Pack,Cone Packs,136,90.36,0.82,1,Festival Promo,18.0,3402.85,34.1,7.8,106.7,None,0.0,0,0,195,0,3,0,7,Monsoon
2026-07-10,CONE-S,Small Cone Pack,Cone Packs,134,90.52,0.82,1,Festival Promo,18.0,3402.85,33.6,3.7,103.8,None,0.0,0,0,245,0,4,0,7,Monsoon
2026-07-11,CONE-S,Small Cone Pack,Cone Packs,115,93.24,0.82,0,None,0.0,0.0,32.8,1.7,105.8,None,0.0,0,0,224,0,5,1,7,Monsoon
2026-07-12,CONE-S,Small Cone Pack,Cone Packs,129,106.13,0.82,0,None,0.0,0.0,32.3,0.6,111.7,None,0.0,0,0,247,0,6,1,7,Monsoon
2026-07-13,CONE-S,Small Cone Pack,Cone Packs,102,82.92,0.82,0,None,0.0,0.0,31.8,22.9,95.0,None,0.0,0,0,171,0,0,0,7,Monsoon
2026-07-14,CONE-S,Small Cone Pack,Cone Packs,101,82.23,0.82,0,None,0.0,0.0,32.4,0.9,102.1,None,0.0,0,0,213,0,1,0,7,Monsoon
2026-07-15,CONE-S,Small Cone Pack,Cone Packs,109,89.85,0.82,0,None,0.0,0.0,33.9,18.2,94.0,None,0.0,0,0,245,0,2,0,7,Monsoon
2026-07-16,CONE-S,Small Cone Pack,Cone Packs,105,86.45,0.82,0,None,0.0,0.0,34.6,6.9,104.8,None,0.0,0,0,240,0,3,0,7,Monsoon
2026-07-17,CONE-S,Small Cone Pack,Cone Packs,117,87.63,0.82,1,Bundle Offer,8.0,2001.94,34.0,8.0,103.9,None,0.0,0,0,227,0,4,0,7,Monsoon
2026-07-18,CONE-S,Small Cone Pack,Cone Packs,132,107.03,0.82,0,None,0.0,0.0,32.5,7.5,121.4,None,0.0,0,1,199,0,5,1,7,Monsoon
2026-07-19,CONE-S,Small Cone Pack,Cone Packs,124,103.02,0.82,0,None,0.0,0.0,35.5,9.9,116.0,None,0.0,0,0,229,0,6,1,7,Monsoon
2026-07-20,CONE-S,Small Cone Pack,Cone Packs,105,86.17,0.81,0,None,0.0,0.0,35.1,2.9,99.5,None,0.0,0,0,210,0,0,0,7,Monsoon
2026-07-21,CONE-S,Small Cone Pack,Cone Packs,108,87.57,0.81,0,None,0.0,0.0,33.5,0.3,105.5,None,0.0,0,0,280,0,1,0,7,Monsoon
2026-07-22,CONE-S,Small Cone Pack,Cone Packs,102,82.41,0.81,0,None,0.0,0.0,32.5,3.6,94.3,None,0.0,0,0,182,0,2,0,7,Monsoon
2026-07-23,CONE-S,Small Cone Pack,Cone Packs,108,89.0,0.81,0,None,0.0,0.0,34.6,9.2,96.4,None,0.0,0,0,179,0,3,0,7,Monsoon
2026-07-24,CONE-S,Small Cone Pack,Cone Packs,109,88.83,0.81,0,None,0.0,0.0,33.9,2.0,102.7,None,0.0,0,1,248,0,4,0,7,Monsoon
2026-07-25,CONE-S,Small Cone Pack,Cone Packs,115,93.38,0.81,0,None,0.0,0.0,30.9,14.5,100.1,None,0.0,0,0,236,0,5,1,7,Monsoon
2026-07-26,CONE-S,Small Cone Pack,Cone Packs,122,99.36,0.81,0,None,0.0,0.0,33.4,5.6,110.6,None,0.0,0,0,210,0,6,1,7,Monsoon
2026-07-27,CONE-S,Small Cone Pack,Cone Packs,106,86.53,0.81,0,None,0.0,0.0,33.9,1.8,95.5,None,0.0,0,0,126,0,0,0,7,Monsoon
2026-07-28,CONE-S,Small Cone Pack,Cone Packs,93,75.54,0.81,0,None,0.0,0.0,31.8,7.2,101.0,None,0.0,0,0,225,0,1,0,7,Monsoon
2026-07-29,CONE-S,Small Cone Pack,Cone Packs,111,91.5,0.81,0,None,0.0,0.0,33.7,9.1,95.0,None,0.0,0,0,248,0,2,0,7,Monsoon
2026-07-30,CONE-S,Small Cone Pack,Cone Packs,91,75.04,0.81,0,None,0.0,0.0,30.6,9.7,102.3,None,0.0,0,0,259,0,3,0,7,Monsoon
2026-07-31,CONE-S,Small Cone Pack,Cone Packs,104,84.99,0.81,0,None,0.0,0.0,35.6,14.0,100.2,None,0.0,0,0,204,0,4,0,7,Monsoon
2026-08-01,CONE-S,Small Cone Pack,Cone Packs,124,102.33,0.81,0,None,0.0,0.0,35.4,1.1,117.0,None,0.0,0,0,226,0,5,1,8,Monsoon
2026-08-02,CONE-S,Small Cone Pack,Cone Packs,120,97.4,0.81,0,None,0.0,0.0,32.6,14.0,109.8,None,0.0,0,0,173,0,6,1,8,Monsoon
2026-08-03,CONE-S,Small Cone Pack,Cone Packs,104,85.08,0.81,0,None,0.0,0.0,33.7,15.0,95.8,None,0.0,0,1,197,0,0,0,8,Monsoon
2026-08-04,CONE-S,Small Cone Pack,Cone Packs,87,71.42,0.81,0,None,0.0,0.0,28.6,1.7,98.3,None,0.0,0,0,107,0,1,0,8,Monsoon
2026-08-05,CONE-S,Small Cone Pack,Cone Packs,100,82.08,0.81,0,None,0.0,0.0,30.8,2.2,92.7,None,0.0,0,0,200,0,2,0,8,Monsoon
2026-08-06,CONE-S,Small Cone Pack,Cone Packs,103,84.41,0.81,0,None,0.0,0.0,32.3,11.4,101.3,None,0.0,0,0,236,0,3,0,8,Monsoon
2026-08-07,CONE-S,Small Cone Pack,Cone Packs,96,78.39,0.81,0,None,0.0,0.0,30.8,4.3,102.1,None,0.0,0,0,241,0,4,0,8,Monsoon
2026-08-08,CONE-S,Small Cone Pack,Cone Packs,132,109.45,0.81,0,None,0.0,0.0,34.0,16.8,121.3,None,0.0,0,0,258,0,5,1,8,Monsoon
2026-08-09,CONE-S,Small Cone Pack,Cone Packs,131,105.42,0.81,0,None,0.0,0.0,36.2,20.3,105.7,None,0.0,0,0,279,0,6,1,8,Monsoon
2026-08-10,CONE-S,Small Cone Pack,Cone Packs,99,80.01,0.81,0,None,0.0,0.0,30.4,1.8,97.4,None,0.0,0,1,225,0,0,0,8,Monsoon
2026-08-11,CONE-S,Small Cone Pack,Cone Packs,91,73.48,0.81,0,None,0.0,0.0,31.0,2.8,95.7,None,0.0,0,0,235,0,1,0,8,Monsoon
2026-08-12,CONE-S,Small Cone Pack,Cone Packs,100,80.57,0.81,0,None,0.0,0.0,32.8,6.9,99.5,None,0.0,0,1,189,0,2,0,8,Monsoon
2026-08-13,CONE-S,Small Cone Pack,Cone Packs,109,86.08,0.81,0,None,0.0,0.0,35.2,0.3,100.2,None,0.0,0,0,225,0,3,0,8,Monsoon
2026-08-14,CONE-S,Small Cone Pack,Cone Packs,96,78.93,0.81,0,None,0.0,0.0,30.0,0.6,97.9,None,0.0,0,0,218,0,4,0,8,Monsoon
2026-08-15,CONE-S,Small Cone Pack,Cone Packs,134,107.03,0.81,0,None,0.0,0.0,32.6,2.5,125.2,Independence Day,0.9,1,0,245,0,5,1,8,Monsoon
2026-08-16,CONE-S,Small Cone Pack,Cone Packs,129,104.5,0.81,0,None,0.0,0.0,35.4,25.6,104.8,None,0.0,0,1,240,0,6,1,8,Monsoon
2026-08-17,CONE-S,Small Cone Pack,Cone Packs,89,70.71,0.81,0,None,0.0,0.0,29.0,7.8,102.7,None,0.0,0,0,234,0,0,0,8,Monsoon
2026-08-18,CONE-S,Small Cone Pack,Cone Packs,100,81.41,0.81,0,None,0.0,0.0,29.6,3.3,100.3,None,0.0,0,0,158,0,1,0,8,Monsoon
2026-08-19,CONE-S,Small Cone Pack,Cone Packs,100,80.03,0.81,0,None,0.0,0.0,31.1,2.1,97.5,None,0.0,0,0,170,0,2,0,8,Monsoon
2026-08-20,CONE-S,Small Cone Pack,Cone Packs,91,72.5,0.81,0,None,0.0,0.0,30.8,1.7,95.8,None,0.0,0,0,194,0,3,0,8,Monsoon
2026-08-21,CONE-S,Small Cone Pack,Cone Packs,106,85.79,0.81,0,None,0.0,0.0,33.1,3.6,109.4,None,0.0,0,0,229,0,4,0,8,Monsoon
2026-08-22,CONE-S,Small Cone Pack,Cone Packs,116,92.86,0.81,0,None,0.0,0.0,32.0,3.4,103.0,None,0.0,0,0,218,0,5,1,8,Monsoon
2026-08-23,CONE-S,Small Cone Pack,Cone Packs,108,86.57,0.81,0,None,0.0,0.0,28.3,5.1,108.5,None,0.0,0,0,159,0,6,1,8,Monsoon
2026-08-24,CONE-S,Small Cone Pack,Cone Packs,99,80.05,0.81,0,None,0.0,0.0,32.4,9.5,93.1,None,0.0,0,0,250,0,0,0,8,Monsoon
2026-08-25,CONE-S,Small Cone Pack,Cone Packs,93,75.75,0.81,0,None,0.0,0.0,30.3,5.8,105.7,None,0.0,0,0,200,0,1,0,8,Monsoon
2026-08-26,CONE-S,Small Cone Pack,Cone Packs,100,79.87,0.81,0,None,0.0,0.0,33.6,12.0,101.1,None,0.0,0,0,189,0,2,0,8,Monsoon
2026-08-27,CONE-S,Small Cone Pack,Cone Packs,95,75.7,0.81,0,None,0.0,0.0,30.0,4.8,93.1,None,0.0,0,0,255,0,3,0,8,Monsoon
2026-08-28,CONE-S,Small Cone Pack,Cone Packs,108,87.11,0.81,0,None,0.0,0.0,29.9,21.5,111.9,Raksha Bandhan,1.0,1,0,197,0,4,0,8,Monsoon
2026-08-29,CONE-S,Small Cone Pack,Cone Packs,121,98.18,0.81,0,None,0.0,0.0,32.0,11.7,107.5,None,0.0,0,1,166,0,5,1,8,Monsoon
2026-08-30,CONE-S,Small Cone Pack,Cone Packs,122,100.06,0.81,0,None,0.0,0.0,32.3,7.6,103.5,None,0.0,0,0,299,0,6,1,8,Monsoon
2026-08-31,CONE-S,Small Cone Pack,Cone Packs,98,77.96,0.81,0,None,0.0,0.0,31.6,9.5,99.8,None,0.0,0,0,179,0,0,0,8,Monsoon
2026-09-01,CONE-S,Small Cone Pack,Cone Packs,88,70.63,0.81,0,None,0.0,0.0,27.7,3.7,97.8,None,0.0,0,0,251,0,1,0,9,Monsoon
2026-09-02,CONE-S,Small Cone Pack,Cone Packs,111,90.68,0.81,0,None,0.0,0.0,31.6,5.0,96.8,None,0.0,0,0,213,0,2,0,9,Monsoon
2026-09-03,CONE-S,Small Cone Pack,Cone Packs,95,78.33,0.81,0,None,0.0,0.0,28.7,4.8,95.4,None,0.0,0,0,153,0,3,0,9,Monsoon
2026-09-04,CONE-S,Small Cone Pack,Cone Packs,96,76.39,0.81,0,None,0.0,0.0,30.9,2.9,97.7,None,0.0,0,0,176,0,4,0,9,Monsoon
2026-09-05,CONE-S,Small Cone Pack,Cone Packs,103,82.2,0.81,0,None,0.0,0.0,27.8,1.3,106.6,None,0.0,0,1,268,0,5,1,9,Monsoon
2026-09-06,CONE-S,Small Cone Pack,Cone Packs,104,84.11,0.81,0,None,0.0,0.0,31.1,9.9,105.6,None,0.0,0,0,275,0,6,1,9,Monsoon
2026-09-07,CONE-S,Small Cone Pack,Cone Packs,94,75.14,0.8,0,None,0.0,0.0,28.7,13.5,92.0,None,0.0,0,0,136,0,0,0,9,Monsoon
2026-09-08,CONE-S,Small Cone Pack,Cone Packs,93,74.17,0.8,0,None,0.0,0.0,27.8,8.8,103.6,None,0.0,0,0,270,0,1,0,9,Monsoon
2026-09-09,CONE-S,Small Cone Pack,Cone Packs,94,75.87,0.8,0,None,0.0,0.0,31.3,5.8,89.7,None,0.0,0,0,250,0,2,0,9,Monsoon
2026-09-10,CONE-S,Small Cone Pack,Cone Packs,90,73.77,0.8,0,None,0.0,0.0,30.3,28.7,97.0,None,0.0,0,0,213,0,3,0,9,Monsoon
2026-09-11,CONE-S,Small Cone Pack,Cone Packs,84,66.52,0.8,0,None,0.0,0.0,28.7,3.3,93.2,None,0.0,0,0,133,0,4,0,9,Monsoon
2026-09-12,CONE-S,Small Cone Pack,Cone Packs,128,104.82,0.8,0,None,0.0,0.0,32.3,7.9,113.5,None,0.0,0,0,241,0,5,1,9,Monsoon
2026-09-13,CONE-S,Small Cone Pack,Cone Packs,107,85.47,0.8,0,None,0.0,0.0,28.8,15.0,100.1,None,0.0,0,0,195,0,6,1,9,Monsoon
2026-09-14,CONE-S,Small Cone Pack,Cone Packs,95,76.72,0.8,0,None,0.0,0.0,29.6,1.9,90.8,None,0.0,0,0,134,0,0,0,9,Monsoon
2026-09-15,CONE-S,Small Cone Pack,Cone Packs,117,78.63,0.8,1,Festival Promo,18.0,3183.92,29.9,10.5,89.5,None,0.0,0,0,294,0,1,0,9,Monsoon
2026-09-16,CONE-S,Small Cone Pack,Cone Packs,117,77.45,0.8,1,Festival Promo,18.0,3183.92,28.2,22.5,95.9,None,0.0,0,0,233,0,2,0,9,Monsoon
2026-09-17,CONE-S,Small Cone Pack,Cone Packs,118,77.52,0.8,1,Festival Promo,18.0,3183.92,30.1,6.3,87.3,None,0.0,0,0,153,0,3,0,9,Monsoon
2026-09-18,CONE-S,Small Cone Pack,Cone Packs,92,74.61,0.8,0,None,0.0,0.0,28.2,7.3,91.7,None,0.0,0,0,166,0,4,0,9,Monsoon
2026-09-19,CONE-S,Small Cone Pack,Cone Packs,94,75.41,0.8,0,None,0.0,0.0,28.3,3.3,93.2,None,0.0,0,0,248,0,5,1,9,Monsoon
2026-09-20,CONE-S,Small Cone Pack,Cone Packs,114,92.22,0.8,0,None,0.0,0.0,31.4,9.4,105.1,None,0.0,0,0,204,0,6,1,9,Monsoon
2026-09-21,CONE-S,Small Cone Pack,Cone Packs,83,66.55,0.8,0,None,0.0,0.0,27.0,2.8,91.3,None,0.0,0,0,182,0,0,0,9,Monsoon
2026-09-22,CONE-S,Small Cone Pack,Cone Packs,41,33.3,0.8,0,None,0.0,0.0,24.4,5.9,86.3,None,0.0,0,1,83,1,1,0,9,Monsoon
2026-09-23,CONE-S,Small Cone Pack,Cone Packs,110,86.93,0.8,0,None,0.0,0.0,31.6,1.1,99.1,None,0.0,0,0,147,0,2,0,9,Monsoon
2026-09-24,CONE-S,Small Cone Pack,Cone Packs,101,80.19,0.8,0,None,0.0,0.0,33.2,4.0,87.0,None,0.0,0,0,277,0,3,0,9,Monsoon
2026-09-25,CONE-S,Small Cone Pack,Cone Packs,86,67.95,0.8,0,None,0.0,0.0,27.8,3.9,97.5,None,0.0,0,0,258,0,4,0,9,Monsoon
2026-09-26,CONE-S,Small Cone Pack,Cone Packs,39,31.32,0.8,0,None,0.0,0.0,24.9,4.4,99.9,None,0.0,0,0,74,1,5,1,9,Monsoon
2026-09-27,CONE-S,Small Cone Pack,Cone Packs,112,88.36,0.8,0,None,0.0,0.0,27.7,11.5,111.3,None,0.0,0,0,219,0,6,1,9,Monsoon
2026-09-28,CONE-S,Small Cone Pack,Cone Packs,86,68.54,0.8,0,None,0.0,0.0,27.7,13.8,97.0,None,0.0,0,0,214,0,0,0,9,Monsoon
2026-09-29,CONE-S,Small Cone Pack,Cone Packs,100,79.29,0.8,0,None,0.0,0.0,27.8,8.1,88.1,None,0.0,0,0,260,0,1,0,9,Monsoon
2026-09-30,CONE-S,Small Cone Pack,Cone Packs,78,63.79,0.8,0,None,0.0,0.0,26.0,10.8,88.5,None,0.0,0,0,187,0,2,0,9,Monsoon
2026-10-01,CONE-S,Small Cone Pack,Cone Packs,102,80.99,0.8,0,None,0.0,0.0,29.0,0.2,96.1,None,0.0,0,0,261,0,3,0,10,Transition
2026-10-02,CONE-S,Small Cone Pack,Cone Packs,125,84.06,0.8,1,Mango Festival,15.0,2266.08,28.8,0.3,100.8,Gandhi Jayanti,0.7,1,1,164,0,4,0,10,Transition
2026-10-03,CONE-S,Small Cone Pack,Cone Packs,113,77.42,0.8,1,Mango Festival,15.0,2266.08,25.1,0.1,102.1,None,0.0,0,1,135,0,5,1,10,Transition
2026-10-04,CONE-S,Small Cone Pack,Cone Packs,140,97.57,0.8,1,Mango Festival,15.0,2266.08,28.9,2.6,109.2,None,0.0,0,0,234,0,6,1,10,Transition
2026-10-05,CONE-S,Small Cone Pack,Cone Packs,124,84.59,0.8,1,Mango Festival,15.0,2608.02,31.3,0.0,89.0,None,0.0,0,1,186,0,0,0,10,Transition
2026-10-06,CONE-S,Small Cone Pack,Cone Packs,87,69.89,0.8,0,None,0.0,0.0,27.8,0.0,93.2,None,0.0,0,0,227,0,1,0,10,Transition
2026-10-07,CONE-S,Small Cone Pack,Cone Packs,90,73.45,0.8,0,None,0.0,0.0,26.8,0.3,97.4,None,0.0,0,0,163,0,2,0,10,Transition
2026-10-08,CONE-S,Small Cone Pack,Cone Packs,91,73.91,0.8,0,None,0.0,0.0,27.0,0.6,96.7,None,0.0,0,0,176,0,3,0,10,Transition
2026-10-09,CONE-S,Small Cone Pack,Cone Packs,92,74.32,0.8,0,None,0.0,0.0,28.3,2.9,91.8,None,0.0,0,0,197,0,4,0,10,Transition
2026-10-10,CONE-S,Small Cone Pack,Cone Packs,91,72.63,0.8,0,None,0.0,0.0,24.0,0.6,101.1,None,0.0,0,0,264,0,5,1,10,Transition
2026-10-11,CONE-S,Small Cone Pack,Cone Packs,96,77.59,0.8,0,None,0.0,0.0,27.3,1.1,93.8,None,0.0,0,0,127,0,6,1,10,Transition
2026-10-12,CONE-S,Small Cone Pack,Cone Packs,82,64.84,0.8,0,None,0.0,0.0,26.2,0.7,87.1,None,0.0,0,0,190,0,0,0,10,Transition
2026-10-13,CONE-S,Small Cone Pack,Cone Packs,98,78.2,0.8,0,None,0.0,0.0,30.2,0.9,94.0,None,0.0,0,0,180,0,1,0,10,Transition
2026-10-14,CONE-S,Small Cone Pack,Cone Packs,76,62.15,0.8,0,None,0.0,0.0,26.4,0.0,91.6,None,0.0,0,0,101,0,2,0,10,Transition
2026-10-15,CONE-S,Small Cone Pack,Cone Packs,96,78.4,0.8,0,None,0.0,0.0,29.7,2.7,92.7,None,0.0,0,0,246,0,3,0,10,Transition
2026-10-16,CONE-S,Small Cone Pack,Cone Packs,80,64.67,0.8,0,None,0.0,0.0,24.6,0.3,97.5,None,0.0,0,0,246,0,4,0,10,Transition
2026-10-17,CONE-S,Small Cone Pack,Cone Packs,98,76.99,0.8,0,None,0.0,0.0,27.6,0.1,96.3,None,0.0,0,0,145,0,5,1,10,Transition
2026-10-18,CONE-S,Small Cone Pack,Cone Packs,102,80.85,0.8,0,None,0.0,0.0,27.0,0.1,101.0,None,0.0,0,0,243,0,6,1,10,Transition
2026-10-19,CONE-S,Small Cone Pack,Cone Packs,78,62.23,0.8,0,None,0.0,0.0,24.8,0.0,93.1,None,0.0,0,0,210,0,0,0,10,Transition
2026-10-20,CONE-S,Small Cone Pack,Cone Packs,93,74.66,0.8,0,None,0.0,0.0,26.6,0.4,88.6,None,0.0,0,0,225,0,1,0,10,Transition
2026-10-21,CONE-S,Small Cone Pack,Cone Packs,114,79.5,0.8,1,Payday Campaign,12.0,2405.18,28.4,0.5,99.3,None,0.0,0,0,207,0,2,0,10,Transition
2026-10-22,CONE-S,Small Cone Pack,Cone Packs,105,74.13,0.8,1,Payday Campaign,12.0,2405.18,25.5,0.2,96.6,None,0.0,0,0,176,0,3,0,10,Transition
2026-10-23,CONE-S,Small Cone Pack,Cone Packs,89,64.37,0.8,1,Payday Campaign,12.0,2405.18,23.0,0.0,93.5,None,0.0,0,1,120,0,4,0,10,Transition
2026-10-24,CONE-S,Small Cone Pack,Cone Packs,95,76.83,0.8,0,None,0.0,0.0,25.9,0.0,111.0,None,0.0,0,0,120,0,5,1,10,Transition
2026-10-25,CONE-S,Small Cone Pack,Cone Packs,94,75.87,0.8,0,None,0.0,0.0,24.2,0.6,94.5,None,0.0,0,0,142,0,6,1,10,Transition
2026-10-26,CONE-S,Small Cone Pack,Cone Packs,78,62.03,0.81,0,None,0.0,0.0,25.2,2.8,92.0,None,0.0,0,0,182,0,0,0,10,Transition
2026-10-27,CONE-S,Small Cone Pack,Cone Packs,81,63.94,0.81,0,None,0.0,0.0,25.6,0.4,93.9,None,0.0,0,0,123,0,1,0,10,Transition
2026-10-28,CONE-S,Small Cone Pack,Cone Packs,67,53.16,0.81,0,None,0.0,0.0,22.6,0.4,87.4,None,0.0,0,0,196,0,2,0,10,Transition
2026-10-29,CONE-S,Small Cone Pack,Cone Packs,74,58.4,0.81,0,None,0.0,0.0,22.6,0.2,93.5,None,0.0,0,0,193,0,3,0,10,Transition
2026-10-30,CONE-S,Small Cone Pack,Cone Packs,88,70.96,0.81,0,None,0.0,0.0,26.3,0.2,86.5,None,0.0,0,0,163,0,4,0,10,Transition
2026-10-31,CONE-S,Small Cone Pack,Cone Packs,101,81.76,0.81,0,None,0.0,0.0,24.5,0.6,105.5,None,0.0,0,0,134,0,5,1,10,Transition
2026-11-01,CONE-S,Small Cone Pack,Cone Packs,96,76.47,0.81,0,None,0.0,0.0,20.7,0.9,107.3,None,0.0,0,0,198,0,6,1,11,Winter
2026-11-02,CONE-S,Small Cone Pack,Cone Packs,95,76.71,0.81,0,None,0.0,0.0,26.7,0.8,93.4,None,0.0,0,0,246,0,0,0,11,Winter
2026-11-03,CONE-S,Small Cone Pack,Cone Packs,71,58.25,0.81,0,None,0.0,0.0,25.7,0.1,82.7,None,0.0,0,0,154,0,1,0,11,Winter
2026-11-04,CONE-S,Small Cone Pack,Cone Packs,71,58.59,0.81,0,None,0.0,0.0,23.8,2.8,87.2,None,0.0,0,0,220,0,2,0,11,Winter
2026-11-05,CONE-S,Small Cone Pack,Cone Packs,66,53.72,0.81,0,None,0.0,0.0,22.7,0.3,94.9,None,0.0,0,0,131,0,3,0,11,Winter
2026-11-06,CONE-S,Small Cone Pack,Cone Packs,100,80.5,0.81,0,None,0.0,0.0,26.5,0.2,105.1,Diwali,1.0,1,0,132,0,4,0,11,Winter
2026-11-07,CONE-S,Small Cone Pack,Cone Packs,107,87.09,0.81,0,None,0.0,0.0,25.6,0.1,104.8,Diwali,1.25,1,0,230,0,5,1,11,Winter
2026-11-08,CONE-S,Small Cone Pack,Cone Packs,136,111.53,0.81,0,None,0.0,0.0,29.2,1.1,127.8,Diwali,1.5,1,0,298,0,6,1,11,Winter
2026-11-09,CONE-S,Small Cone Pack,Cone Packs,96,75.62,0.81,0,None,0.0,0.0,25.6,0.6,109.0,Diwali,1.25,1,0,257,0,0,0,11,Winter
2026-11-10,CONE-S,Small Cone Pack,Cone Packs,94,77.24,0.81,0,None,0.0,0.0,25.4,0.6,101.0,Diwali,1.0,1,0,267,0,1,0,11,Winter
2026-11-11,CONE-S,Small Cone Pack,Cone Packs,74,59.37,0.81,0,None,0.0,0.0,24.4,3.7,97.1,None,0.0,0,1,111,0,2,0,11,Winter
2026-11-12,CONE-S,Small Cone Pack,Cone Packs,79,63.4,0.81,0,None,0.0,0.0,26.1,0.8,88.8,None,0.0,0,0,105,0,3,0,11,Winter
2026-11-13,CONE-S,Small Cone Pack,Cone Packs,83,66.77,0.81,0,None,0.0,0.0,25.7,0.1,88.8,None,0.0,0,0,194,0,4,0,11,Winter
2026-11-14,CONE-S,Small Cone Pack,Cone Packs,111,90.04,0.81,0,None,0.0,0.0,26.8,0.2,104.0,None,0.0,0,0,283,0,5,1,11,Winter
2026-11-15,CONE-S,Small Cone Pack,Cone Packs,95,75.76,0.81,0,None,0.0,0.0,23.5,0.2,111.2,None,0.0,0,0,274,0,6,1,11,Winter
2026-11-16,CONE-S,Small Cone Pack,Cone Packs,76,61.23,0.81,0,None,0.0,0.0,23.6,0.5,100.4,None,0.0,0,0,140,0,0,0,11,Winter
2026-11-17,CONE-S,Small Cone Pack,Cone Packs,68,55.34,0.81,0,None,0.0,0.0,23.5,1.1,94.1,None,0.0,0,0,148,0,1,0,11,Winter
2026-11-18,CONE-S,Small Cone Pack,Cone Packs,90,72.99,0.81,0,None,0.0,0.0,25.7,0.7,94.7,None,0.0,0,0,216,0,2,0,11,Winter
2026-11-19,CONE-S,Small Cone Pack,Cone Packs,87,70.71,0.81,0,None,0.0,0.0,27.0,0.6,96.4,None,0.0,0,1,253,0,3,0,11,Winter
2026-11-20,CONE-S,Small Cone Pack,Cone Packs,70,56.43,0.81,0,None,0.0,0.0,23.4,3.2,86.2,None,0.0,0,0,117,0,4,0,11,Winter
2026-11-21,CONE-S,Small Cone Pack,Cone Packs,86,70.2,0.81,0,None,0.0,0.0,23.4,0.5,105.7,None,0.0,0,0,262,0,5,1,11,Winter
2026-11-22,CONE-S,Small Cone Pack,Cone Packs,90,73.8,0.81,0,None,0.0,0.0,24.7,0.2,98.9,None,0.0,0,0,240,0,6,1,11,Winter
2026-11-23,CONE-S,Small Cone Pack,Cone Packs,74,60.65,0.81,0,None,0.0,0.0,23.6,0.0,94.2,None,0.0,0,0,104,0,0,0,11,Winter
2026-11-24,CONE-S,Small Cone Pack,Cone Packs,84,68.41,0.81,0,None,0.0,0.0,25.8,0.0,91.5,None,0.0,0,0,238,0,1,0,11,Winter
2026-11-25,CONE-S,Small Cone Pack,Cone Packs,70,57.37,0.81,0,None,0.0,0.0,19.9,0.0,95.2,None,0.0,0,0,192,0,2,0,11,Winter
2026-11-26,CONE-S,Small Cone Pack,Cone Packs,48,39.32,0.81,0,None,0.0,0.0,22.5,0.7,93.4,None,0.0,0,1,224,1,3,0,11,Winter
2026-11-27,CONE-S,Small Cone Pack,Cone Packs,69,57.75,0.81,0,None,0.0,0.0,22.5,0.7,77.5,None,0.0,0,0,122,0,4,0,11,Winter
2026-11-28,CONE-S,Small Cone Pack,Cone Packs,100,82.3,0.81,0,None,0.0,0.0,19.7,2.6,103.8,None,0.0,0,0,278,0,5,1,11,Winter
2026-11-29,CONE-S,Small Cone Pack,Cone Packs,83,67.27,0.81,0,None,0.0,0.0,22.1,0.0,106.2,None,0.0,0,0,110,0,6,1,11,Winter
2026-11-30,CONE-S,Small Cone Pack,Cone Packs,76,61.01,0.81,0,None,0.0,0.0,22.2,0.3,95.3,None,0.0,0,0,108,0,0,0,11,Winter
2026-12-01,CONE-S,Small Cone Pack,Cone Packs,79,63.93,0.81,0,None,0.0,0.0,23.4,2.5,92.6,None,0.0,0,0,170,0,1,0,12,Winter
2026-12-02,CONE-S,Small Cone Pack,Cone Packs,84,67.94,0.81,0,None,0.0,0.0,25.8,0.1,101.4,None,0.0,0,0,209,0,2,0,12,Winter
2026-12-03,CONE-S,Small Cone Pack,Cone Packs,79,64.57,0.81,0,None,0.0,0.0,23.3,0.0,94.8,None,0.0,0,0,125,0,3,0,12,Winter
2026-12-04,CONE-S,Small Cone Pack,Cone Packs,79,63.66,0.81,0,None,0.0,0.0,21.8,0.0,95.5,None,0.0,0,0,142,0,4,0,12,Winter
2026-12-05,CONE-S,Small Cone Pack,Cone Packs,97,79.97,0.81,0,None,0.0,0.0,23.6,0.7,108.6,None,0.0,0,0,179,0,5,1,12,Winter
2026-12-06,CONE-S,Small Cone Pack,Cone Packs,109,87.15,0.81,0,None,0.0,0.0,25.5,0.2,105.3,None,0.0,0,0,149,0,6,1,12,Winter
2026-12-07,CONE-S,Small Cone Pack,Cone Packs,64,51.03,0.81,0,None,0.0,0.0,21.9,1.2,89.1,None,0.0,0,0,112,0,0,0,12,Winter
2026-12-08,CONE-S,Small Cone Pack,Cone Packs,68,55.24,0.81,0,None,0.0,0.0,22.0,0.4,81.5,None,0.0,0,1,111,0,1,0,12,Winter
2026-12-09,CONE-S,Small Cone Pack,Cone Packs,88,70.9,0.81,0,None,0.0,0.0,24.6,0.3,91.4,None,0.0,0,0,260,0,2,0,12,Winter
2026-12-10,CONE-S,Small Cone Pack,Cone Packs,83,66.55,0.81,0,None,0.0,0.0,23.2,1.6,97.6,None,0.0,0,0,252,0,3,0,12,Winter
2026-12-11,CONE-S,Small Cone Pack,Cone Packs,85,68.69,0.81,0,None,0.0,0.0,24.7,0.2,92.1,None,0.0,0,0,205,0,4,0,12,Winter
2026-12-12,CONE-S,Small Cone Pack,Cone Packs,102,82.34,0.81,0,None,0.0,0.0,23.5,0.3,108.0,None,0.0,0,0,231,0,5,1,12,Winter
2026-12-13,CONE-S,Small Cone Pack,Cone Packs,92,74.98,0.81,0,None,0.0,0.0,24.8,0.6,104.8,None,0.0,0,0,133,0,6,1,12,Winter
2026-12-14,CONE-S,Small Cone Pack,Cone Packs,81,65.54,0.82,0,None,0.0,0.0,21.7,0.1,100.6,None,0.0,0,0,109,0,0,0,12,Winter
2026-12-15,CONE-S,Small Cone Pack,Cone Packs,84,68.06,0.82,0,None,0.0,0.0,23.5,0.1,92.8,None,0.0,0,0,164,0,1,0,12,Winter
2026-12-16,CONE-S,Small Cone Pack,Cone Packs,76,61.99,0.82,0,None,0.0,0.0,23.1,0.1,96.7,None,0.0,0,0,253,0,2,0,12,Winter
2026-12-17,CONE-S,Small Cone Pack,Cone Packs,89,73.51,0.82,0,None,0.0,0.0,21.3,0.3,97.0,None,0.0,0,0,185,0,3,0,12,Winter
2026-12-18,CONE-S,Small Cone Pack,Cone Packs,79,65.63,0.82,0,None,0.0,0.0,20.7,0.0,102.1,None,0.0,0,0,228,0,4,0,12,Winter
2026-12-19,CONE-S,Small Cone Pack,Cone Packs,88,71.99,0.82,0,None,0.0,0.0,24.7,0.3,96.2,None,0.0,0,0,167,0,5,1,12,Winter
2026-12-20,CONE-S,Small Cone Pack,Cone Packs,94,76.99,0.82,0,None,0.0,0.0,22.9,0.3,102.5,None,0.0,0,0,163,0,6,1,12,Winter
2026-12-21,CONE-S,Small Cone Pack,Cone Packs,74,60.33,0.82,0,None,0.0,0.0,21.7,0.1,99.1,None,0.0,0,0,223,0,0,0,12,Winter
2026-12-22,CONE-S,Small Cone Pack,Cone Packs,87,71.52,0.82,0,None,0.0,0.0,23.3,0.0,102.7,None,0.0,0,0,182,0,1,0,12,Winter
2026-12-23,CONE-S,Small Cone Pack,Cone Packs,89,73.11,0.82,0,None,0.0,0.0,25.5,0.0,96.3,None,0.0,0,1,226,0,2,0,12,Winter
2026-12-24,CONE-S,Small Cone Pack,Cone Packs,73,60.66,0.82,0,None,0.0,0.0,19.4,0.0,93.8,None,0.0,0,0,209,0,3,0,12,Winter
2026-12-25,CONE-S,Small Cone Pack,Cone Packs,96,76.77,0.82,0,None,0.0,0.0,20.8,0.1,114.7,Christmas,1.2,1,0,232,0,4,0,12,Winter
2026-12-26,CONE-S,Small Cone Pack,Cone Packs,98,79.99,0.82,0,None,0.0,0.0,21.9,1.7,109.8,None,0.0,0,0,226,0,5,1,12,Winter
2026-12-27,CONE-S,Small Cone Pack,Cone Packs,103,84.68,0.82,0,None,0.0,0.0,26.2,0.2,103.8,None,0.0,0,0,252,0,6,1,12,Winter
2026-12-28,CONE-S,Small Cone Pack,Cone Packs,82,67.14,0.82,0,None,0.0,0.0,24.1,3.1,97.3,None,0.0,0,1,176,0,0,0,12,Winter
2026-12-29,CONE-S,Small Cone Pack,Cone Packs,89,72.1,0.82,0,None,0.0,0.0,24.9,0.0,101.7,None,0.0,0,0,157,0,1,0,12,Winter
2026-12-30,CONE-S,Small Cone Pack,Cone Packs,78,62.94,0.82,0,None,0.0,0.0,21.5,0.0,105.4,None,0.0,0,0,179,0,2,0,12,Winter
2026-12-31,CONE-S,Small Cone Pack,Cone Packs,87,72.02,0.82,0,None,0.0,0.0,21.6,0.1,114.0,New Year,1.1,1,0,158,0,3,0,12,Winter
2025-01-01,CONE-L,Large Cone Pack,Cone Packs,45,36.04,0.78,0,None,0.0,0.0,24.2,0.1,91.0,None,0.0,0,0,71,0,2,0,1,Winter
2025-01-02,CONE-L,Large Cone Pack,Cone Packs,43,33.14,0.78,0,None,0.0,0.0,21.8,1.9,93.8,None,0.0,0,0,215,0,3,0,1,Winter
2025-01-03,CONE-L,Large Cone Pack,Cone Packs,53,41.09,0.78,0,None,0.0,0.0,25.0,0.0,90.4,None,0.0,0,0,155,0,4,0,1,Winter
2025-01-04,CONE-L,Large Cone Pack,Cone Packs,67,52.66,0.78,0,None,0.0,0.0,25.4,4.5,100.1,None,0.0,0,1,195,0,5,1,1,Winter
2025-01-05,CONE-L,Large Cone Pack,Cone Packs,59,46.75,0.78,0,None,0.0,0.0,20.2,0.5,108.7,None,0.0,0,0,188,0,6,1,1,Winter
2025-01-06,CONE-L,Large Cone Pack,Cone Packs,54,41.11,0.78,0,None,0.0,0.0,21.4,0.8,91.2,None,0.0,0,0,155,0,0,0,1,Winter
2025-01-07,CONE-L,Large Cone Pack,Cone Packs,55,43.05,0.78,0,None,0.0,0.0,24.0,0.0,98.5,None,0.0,0,0,157,0,1,0,1,Winter
2025-01-08,CONE-L,Large Cone Pack,Cone Packs,49,38.1,0.78,0,None,0.0,0.0,23.2,3.2,90.5,None,0.0,0,1,159,0,2,0,1,Winter
2025-01-09,CONE-L,Large Cone Pack,Cone Packs,57,43.57,0.78,0,None,0.0,0.0,23.8,0.3,98.7,None,0.0,0,1,179,0,3,0,1,Winter
2025-01-10,CONE-L,Large Cone Pack,Cone Packs,54,41.59,0.78,0,None,0.0,0.0,22.3,0.2,94.9,None,0.0,0,0,192,0,4,0,1,Winter
2025-01-11,CONE-L,Large Cone Pack,Cone Packs,71,55.21,0.78,0,None,0.0,0.0,25.5,0.3,114.5,None,0.0,0,0,161,0,5,1,1,Winter
2025-01-12,CONE-L,Large Cone Pack,Cone Packs,65,50.94,0.78,0,None,0.0,0.0,25.3,0.4,109.2,None,0.0,0,0,154,0,6,1,1,Winter
2025-01-13,CONE-L,Large Cone Pack,Cone Packs,53,42.03,0.78,0,None,0.0,0.0,24.1,0.2,103.9,None,0.0,0,0,197,0,0,0,1,Winter
2025-01-14,CONE-L,Large Cone Pack,Cone Packs,60,47.22,0.78,0,None,0.0,0.0,26.0,0.1,107.0,Makar Sankranti,1.0,1,0,201,0,1,0,1,Winter
2025-01-15,CONE-L,Large Cone Pack,Cone Packs,55,43.61,0.78,0,None,0.0,0.0,24.9,0.0,98.2,None,0.0,0,1,178,0,2,0,1,Winter
2025-01-16,CONE-L,Large Cone Pack,Cone Packs,46,36.09,0.78,0,None,0.0,0.0,22.5,0.3,93.2,None,0.0,0,0,139,0,3,0,1,Winter
2025-01-17,CONE-L,Large Cone Pack,Cone Packs,54,42.0,0.78,0,None,0.0,0.0,24.8,0.0,96.2,None,0.0,0,0,165,0,4,0,1,Winter
2025-01-18,CONE-L,Large Cone Pack,Cone Packs,72,50.74,0.78,1,Weekend Flash,10.0,1444.36,22.5,0.1,107.0,None,0.0,0,1,183,0,5,1,1,Winter
2025-01-19,CONE-L,Large Cone Pack,Cone Packs,62,49.08,0.79,0,None,0.0,0.0,25.8,0.4,104.9,None,0.0,0,0,151,0,6,1,1,Winter
2025-01-20,CONE-L,Large Cone Pack,Cone Packs,49,38.95,0.79,0,None,0.0,0.0,24.2,0.4,92.6,None,0.0,0,0,97,0,0,0,1,Winter
2025-01-21,CONE-L,Large Cone Pack,Cone Packs,51,39.99,0.79,0,None,0.0,0.0,24.0,1.3,91.7,None,0.0,0,0,156,0,1,0,1,Winter
2025-01-22,CONE-L,Large Cone Pack,Cone Packs,49,38.07,0.79,0,None,0.0,0.0,23.2,0.2,87.2,None,0.0,0,1,139,0,2,0,1,Winter
2025-01-23,CONE-L,Large Cone Pack,Cone Packs,57,44.98,0.79,0,None,0.0,0.0,26.6,1.6,93.8,None,0.0,0,0,85,0,3,0,1,Winter
2025-01-24,CONE-L,Large Cone Pack,Cone Packs,54,42.7,0.79,0,None,0.0,0.0,24.2,0.4,102.3,None,0.0,0,0,226,0,4,0,1,Winter
2025-01-25,CONE-L,Large Cone Pack,Cone Packs,60,47.89,0.79,0,None,0.0,0.0,23.8,0.0,101.3,None,0.0,0,0,186,0,5,1,1,Winter
2025-01-26,CONE-L,Large Cone Pack,Cone Packs,65,50.72,0.79,0,None,0.0,0.0,24.0,0.8,113.0,Republic Day,0.8,1,0,103,0,6,1,1,Winter
2025-01-27,CONE-L,Large Cone Pack,Cone Packs,57,44.5,0.79,0,None,0.0,0.0,25.6,0.8,108.5,None,0.0,0,0,109,0,0,0,1,Winter
2025-01-28,CONE-L,Large Cone Pack,Cone Packs,56,44.48,0.79,0,None,0.0,0.0,25.4,1.6,96.5,None,0.0,0,0,167,0,1,0,1,Winter
2025-01-29,CONE-L,Large Cone Pack,Cone Packs,57,44.67,0.79,0,None,0.0,0.0,25.5,0.0,101.5,None,0.0,0,0,214,0,2,0,1,Winter
2025-01-30,CONE-L,Large Cone Pack,Cone Packs,58,45.44,0.79,0,None,0.0,0.0,25.6,0.0,103.2,None,0.0,0,0,155,0,3,0,1,Winter
2025-01-31,CONE-L,Large Cone Pack,Cone Packs,67,53.59,0.79,0,None,0.0,0.0,28.7,0.1,103.5,None,0.0,0,0,216,0,4,0,1,Winter
2025-02-01,CONE-L,Large Cone Pack,Cone Packs,66,51.16,0.79,0,None,0.0,0.0,24.2,0.2,102.7,None,0.0,0,0,106,0,5,1,2,Winter
2025-02-02,CONE-L,Large Cone Pack,Cone Packs,63,50.89,0.79,0,None,0.0,0.0,24.1,0.3,109.3,None,0.0,0,0,167,0,6,1,2,Winter
2025-02-03,CONE-L,Large Cone Pack,Cone Packs,47,36.79,0.79,0,None,0.0,0.0,23.6,1.3,92.5,None,0.0,0,0,199,0,0,0,2,Winter
2025-02-04,CONE-L,Large Cone Pack,Cone Packs,66,52.6,0.79,0,None,0.0,0.0,26.3,0.3,112.9,None,0.0,0,0,221,0,1,0,2,Winter
2025-02-05,CONE-L,Large Cone Pack,Cone Packs,61,48.07,0.79,0,None,0.0,0.0,27.3,0.6,92.8,None,0.0,0,0,119,0,2,0,2,Winter
2025-02-06,CONE-L,Large Cone Pack,Cone Packs,52,41.18,0.79,0,None,0.0,0.0,25.1,0.1,95.7,None,0.0,0,0,179,0,3,0,2,Winter
2025-02-07,CONE-L,Large Cone Pack,Cone Packs,54,42.5,0.79,0,None,0.0,0.0,23.9,0.2,95.9,None,0.0,0,0,80,0,4,0,2,Winter
2025-02-08,CONE-L,Large Cone Pack,Cone Packs,67,53.45,0.79,0,None,0.0,0.0,24.0,0.3,103.8,None,0.0,0,0,109,0,5,1,2,Winter
2025-02-09,CONE-L,Large Cone Pack,Cone Packs,99,63.86,0.79,1,Festival Promo,18.0,3352.78,26.7,0.1,118.1,None,0.0,0,0,263,0,6,1,2,Winter
2025-02-10,CONE-L,Large Cone Pack,Cone Packs,81,52.12,0.79,1,Festival Promo,18.0,3352.78,26.9,0.2,113.6,None,0.0,0,0,219,0,0,0,2,Winter
2025-02-11,CONE-L,Large Cone Pack,Cone Packs,63,50.87,0.79,0,None,0.0,0.0,26.6,1.7,99.3,None,0.0,0,1,116,0,1,0,2,Winter
2025-02-12,CONE-L,Large Cone Pack,Cone Packs,50,39.54,0.79,0,None,0.0,0.0,24.5,0.0,95.2,None,0.0,0,0,229,0,2,0,2,Winter
2025-02-13,CONE-L,Large Cone Pack,Cone Packs,70,46.67,0.79,1,Mango Festival,15.0,3085.63,26.2,1.4,90.7,None,0.0,0,0,248,0,3,0,2,Winter
2025-02-14,CONE-L,Large Cone Pack,Cone Packs,71,46.88,0.79,1,Mango Festival,15.0,3085.63,26.1,0.0,100.8,None,0.0,0,0,97,0,4,0,2,Winter
2025-02-15,CONE-L,Large Cone Pack,Cone Packs,91,60.35,0.79,1,Festival Promo,18.0,2903.17,26.4,0.9,110.6,None,0.0,0,0,115,0,5,1,2,Winter
2025-02-16,CONE-L,Large Cone Pack,Cone Packs,99,63.81,0.79,1,Festival Promo,18.0,2903.17,27.6,0.4,109.0,None,0.0,0,1,158,0,6,1,2,Winter
2025-02-17,CONE-L,Large Cone Pack,Cone Packs,77,51.21,0.79,1,Festival Promo,18.0,2903.17,26.5,0.4,103.5,None,0.0,0,0,224,0,0,0,2,Winter
2025-02-18,CONE-L,Large Cone Pack,Cone Packs,59,46.93,0.79,0,None,0.0,0.0,27.4,0.0,104.5,None,0.0,0,0,174,0,1,0,2,Winter
2025-02-19,CONE-L,Large Cone Pack,Cone Packs,56,44.42,0.79,0,None,0.0,0.0,26.4,0.4,104.3,None,0.0,0,0,158,0,2,0,2,Winter
2025-02-20,CONE-L,Large Cone Pack,Cone Packs,66,52.38,0.79,0,None,0.0,0.0,26.9,1.1,101.2,None,0.0,0,1,152,0,3,0,2,Winter
2025-02-21,CONE-L,Large Cone Pack,Cone Packs,63,51.23,0.79,0,None,0.0,0.0,27.6,1.9,97.4,None,0.0,0,0,159,0,4,0,2,Winter
2025-02-22,CONE-L,Large Cone Pack,Cone Packs,79,56.07,0.79,1,Bundle Offer,8.0,1868.21,23.9,0.1,116.4,None,0.0,0,1,201,0,5,1,2,Winter
2025-02-23,CONE-L,Large Cone Pack,Cone Packs,82,59.94,0.79,1,Bundle Offer,8.0,1868.21,26.0,0.1,113.3,None,0.0,0,0,112,0,6,1,2,Winter
2025-02-24,CONE-L,Large Cone Pack,Cone Packs,71,51.61,0.79,1,Bundle Offer,8.0,1868.21,25.9,2.7,107.8,None,0.0,0,0,184,0,0,0,2,Winter
2025-02-25,CONE-L,Large Cone Pack,Cone Packs,66,48.02,0.79,1,Bundle Offer,8.0,1868.21,25.6,0.3,107.4,None,0.0,0,0,121,0,1,0,2,Winter
2025-02-26,CONE-L,Large Cone Pack,Cone Packs,73,49.29,0.79,1,Mango Festival,15.0,2275.03,26.4,0.0,96.5,None,0.0,0,1,219,0,2,0,2,Winter
2025-02-27,CONE-L,Large Cone Pack,Cone Packs,77,51.74,0.79,1,Mango Festival,15.0,2275.03,29.7,0.0,96.5,None,0.0,0,0,128,0,3,0,2,Winter
2025-02-28,CONE-L,Large Cone Pack,Cone Packs,69,46.63,0.79,1,Mango Festival,15.0,2275.03,25.5,0.0,100.0,None,0.0,0,0,100,0,4,0,2,Winter
2025-03-01,CONE-L,Large Cone Pack,Cone Packs,93,62.7,0.79,1,Mango Festival,15.0,2275.03,28.9,0.8,108.7,None,0.0,0,0,182,0,5,1,3,Summer
2025-03-02,CONE-L,Large Cone Pack,Cone Packs,56,43.74,0.79,0,None,0.0,0.0,24.2,0.7,117.8,None,0.0,0,0,146,0,6,1,3,Summer
2025-03-03,CONE-L,Large Cone Pack,Cone Packs,60,47.84,0.79,0,None,0.0,0.0,26.7,0.9,105.9,None,0.0,0,0,162,0,0,0,3,Summer
2025-03-04,CONE-L,Large Cone Pack,Cone Packs,61,48.84,0.79,0,None,0.0,0.0,27.7,0.7,109.8,None,0.0,0,0,218,0,1,0,3,Summer
2025-03-05,CONE-L,Large Cone Pack,Cone Packs,65,51.27,0.79,0,None,0.0,0.0,28.6,0.1,106.4,None,0.0,0,0,196,0,2,0,3,Summer
2025-03-06,CONE-L,Large Cone Pack,Cone Packs,66,53.58,0.79,0,None,0.0,0.0,28.9,3.6,105.6,None,0.0,0,1,144,0,3,0,3,Summer
2025-03-07,CONE-L,Large Cone Pack,Cone Packs,73,58.9,0.79,0,None,0.0,0.0,29.1,0.6,110.6,None,0.0,0,0,209,0,4,0,3,Summer
2025-03-08,CONE-L,Large Cone Pack,Cone Packs,76,60.97,0.79,0,None,0.0,0.0,27.2,0.9,117.1,None,0.0,0,0,176,0,5,1,3,Summer
2025-03-09,CONE-L,Large Cone Pack,Cone Packs,75,60.17,0.79,0,None,0.0,0.0,27.0,0.4,115.2,None,0.0,0,0,130,0,6,1,3,Summer
2025-03-10,CONE-L,Large Cone Pack,Cone Packs,70,55.63,0.79,0,None,0.0,0.0,29.5,0.4,112.4,None,0.0,0,0,93,0,0,0,3,Summer
2025-03-11,CONE-L,Large Cone Pack,Cone Packs,66,53.16,0.79,0,None,0.0,0.0,27.7,0.2,105.7,None,0.0,0,0,86,0,1,0,3,Summer
2025-03-12,CONE-L,Large Cone Pack,Cone Packs,66,53.44,0.79,0,None,0.0,0.0,25.9,0.4,114.1,Holi,0.8,1,0,121,0,2,0,3,Summer
2025-03-13,CONE-L,Large Cone Pack,Cone Packs,67,53.76,0.79,0,None,0.0,0.0,26.2,0.7,114.8,Holi,1.05,1,0,218,0,3,0,3,Summer
2025-03-14,CONE-L,Large Cone Pack,Cone Packs,73,57.63,0.79,0,None,0.0,0.0,26.7,1.0,125.8,Holi,1.3,1,0,167,0,4,0,3,Summer
2025-03-15,CONE-L,Large Cone Pack,Cone Packs,84,66.74,0.79,0,None,0.0,0.0,29.3,0.3,135.3,Holi,1.05,1,0,176,0,5,1,3,Summer
2025-03-16,CONE-L,Large Cone Pack,Cone Packs,93,74.44,0.79,0,None,0.0,0.0,28.8,0.0,125.7,Holi,0.8,1,0,176,0,6,1,3,Summer
2025-03-17,CONE-L,Large Cone Pack,Cone Packs,74,59.43,0.8,0,None,0.0,0.0,29.9,0.3,112.2,None,0.0,0,0,134,0,0,0,3,Summer
2025-03-18,CONE-L,Large Cone Pack,Cone Packs,62,49.25,0.8,0,None,0.0,0.0,27.9,0.4,95.9,None,0.0,0,0,196,0,1,0,3,Summer
2025-03-19,CONE-L,Large Cone Pack,Cone Packs,61,48.18,0.8,0,None,0.0,0.0,29.1,0.8,105.6,None,0.0,0,0,83,0,2,0,3,Summer
2025-03-20,CONE-L,Large Cone Pack,Cone Packs,72,58.35,0.8,0,None,0.0,0.0,30.0,0.4,105.8,None,0.0,0,0,189,0,3,0,3,Summer
2025-03-21,CONE-L,Large Cone Pack,Cone Packs,62,48.67,0.8,0,None,0.0,0.0,28.4,0.1,102.4,None,0.0,0,0,231,0,4,0,3,Summer
2025-03-22,CONE-L,Large Cone Pack,Cone Packs,86,67.63,0.8,0,None,0.0,0.0,29.9,1.6,128.1,None,0.0,0,0,246,0,5,1,3,Summer
2025-03-23,CONE-L,Large Cone Pack,Cone Packs,72,56.36,0.8,0,None,0.0,0.0,28.0,0.3,115.9,None,0.0,0,0,151,0,6,1,3,Summer
2025-03-24,CONE-L,Large Cone Pack,Cone Packs,34,26.74,0.8,0,None,0.0,0.0,28.6,0.0,104.3,None,0.0,0,0,190,1,0,0,3,Summer
2025-03-25,CONE-L,Large Cone Pack,Cone Packs,60,48.44,0.8,0,None,0.0,0.0,28.7,0.0,106.5,None,0.0,0,1,118,0,1,0,3,Summer
2025-03-26,CONE-L,Large Cone Pack,Cone Packs,60,48.46,0.8,0,None,0.0,0.0,27.3,3.1,96.5,None,0.0,0,0,118,0,2,0,3,Summer
2025-03-27,CONE-L,Large Cone Pack,Cone Packs,61,48.48,0.8,0,None,0.0,0.0,30.4,0.1,102.8,None,0.0,0,0,135,0,3,0,3,Summer
2025-03-28,CONE-L,Large Cone Pack,Cone Packs,66,52.82,0.8,0,None,0.0,0.0,28.8,0.1,111.6,None,0.0,0,0,88,0,4,0,3,Summer
2025-03-29,CONE-L,Large Cone Pack,Cone Packs,79,62.84,0.8,0,None,0.0,0.0,29.8,0.2,113.6,None,0.0,0,0,141,0,5,1,3,Summer
2025-03-30,CONE-L,Large Cone Pack,Cone Packs,86,67.44,0.8,0,None,0.0,0.0,30.7,1.1,112.7,None,0.0,0,0,242,0,6,1,3,Summer
2025-03-31,CONE-L,Large Cone Pack,Cone Packs,70,57.17,0.8,0,None,0.0,0.0,30.7,0.5,113.4,None,0.0,0,0,211,0,0,0,3,Summer
2025-04-01,CONE-L,Large Cone Pack,Cone Packs,76,61.46,0.8,0,None,0.0,0.0,31.2,2.5,113.6,None,0.0,0,0,148,0,1,0,4,Summer
2025-04-02,CONE-L,Large Cone Pack,Cone Packs,76,56.47,0.8,1,Loyalty Offer,7.0,1203.85,30.0,0.3,109.6,None,0.0,0,0,145,0,2,0,4,Summer
2025-04-03,CONE-L,Large Cone Pack,Cone Packs,76,55.65,0.8,1,Loyalty Offer,7.0,1203.85,29.5,0.1,104.8,None,0.0,0,0,151,0,3,0,4,Summer
2025-04-04,CONE-L,Large Cone Pack,Cone Packs,78,57.56,0.8,1,Loyalty Offer,7.0,1203.85,30.2,0.6,105.9,None,0.0,0,1,117,0,4,0,4,Summer
2025-04-05,CONE-L,Large Cone Pack,Cone Packs,75,59.17,0.8,0,None,0.0,0.0,27.4,1.3,113.2,None,0.0,0,0,120,0,5,1,4,Summer
2025-04-06,CONE-L,Large Cone Pack,Cone Packs,76,60.53,0.8,0,None,0.0,0.0,27.9,0.0,112.3,None,0.0,0,0,254,0,6,1,4,Summer
2025-04-07,CONE-L,Large Cone Pack,Cone Packs,65,51.9,0.8,0,None,0.0,0.0,28.2,2.8,102.1,None,0.0,0,0,195,0,0,0,4,Summer
2025-04-08,CONE-L,Large Cone Pack,Cone Packs,82,53.27,0.8,1,Festival Promo,18.0,3631.06,28.9,0.5,104.3,None,0.0,0,0,210,0,1,0,4,Summer
2025-04-09,CONE-L,Large Cone Pack,Cone Packs,90,57.68,0.8,1,Festival Promo,18.0,3631.06,31.5,0.2,102.2,None,0.0,0,0,154,0,2,0,4,Summer
2025-04-10,CONE-L,Large Cone Pack,Cone Packs,61,49.76,0.8,0,None,0.0,0.0,29.2,0.0,99.6,None,0.0,0,0,217,0,3,0,4,Summer
2025-04-11,CONE-L,Large Cone Pack,Cone Packs,70,55.84,0.8,0,None,0.0,0.0,30.3,1.3,108.6,None,0.0,0,0,118,0,4,0,4,Summer
2025-04-12,CONE-L,Large Cone Pack,Cone Packs,96,76.77,0.8,0,None,0.0,0.0,33.4,0.1,118.7,None,0.0,0,0,270,0,5,1,4,Summer
2025-04-13,CONE-L,Large Cone Pack,Cone Packs,79,62.51,0.8,0,None,0.0,0.0,30.5,0.1,126.1,None,0.0,0,0,179,0,6,1,4,Summer
2025-04-14,CONE-L,Large Cone Pack,Cone Packs,45,35.11,0.8,0,None,0.0,0.0,32.5,0.4,104.3,None,0.0,0,0,117,1,0,0,4,Summer
2025-04-15,CONE-L,Large Cone Pack,Cone Packs,83,58.02,0.8,1,Payday Campaign,12.0,2799.65,29.6,0.5,109.2,None,0.0,0,0,223,0,1,0,4,Summer
2025-04-16,CONE-L,Large Cone Pack,Cone Packs,89,62.03,0.8,1,Payday Campaign,12.0,2799.65,31.0,0.0,109.3,None,0.0,0,0,175,0,2,0,4,Summer
2025-04-17,CONE-L,Large Cone Pack,Cone Packs,83,58.56,0.8,1,Payday Campaign,12.0,2799.65,29.8,1.3,106.5,None,0.0,0,1,146,0,3,0,4,Summer
2025-04-18,CONE-L,Large Cone Pack,Cone Packs,71,57.06,0.79,0,None,0.0,0.0,30.9,0.5,111.5,None,0.0,0,0,200,0,4,0,4,Summer
2025-04-19,CONE-L,Large Cone Pack,Cone Packs,92,73.8,0.79,0,None,0.0,0.0,33.1,0.7,121.7,None,0.0,0,0,227,0,5,1,4,Summer
2025-04-20,CONE-L,Large Cone Pack,Cone Packs,75,60.32,0.79,0,None,0.0,0.0,28.6,3.6,119.5,None,0.0,0,0,191,0,6,1,4,Summer
2025-04-21,CONE-L,Large Cone Pack,Cone Packs,72,58.46,0.79,0,None,0.0,0.0,32.6,1.0,106.6,None,0.0,0,0,165,0,0,0,4,Summer
2025-04-22,CONE-L,Large Cone Pack,Cone Packs,68,54.29,0.79,0,None,0.0,0.0,32.3,0.0,106.1,None,0.0,0,0,140,0,1,0,4,Summer
2025-04-23,CONE-L,Large Cone Pack,Cone Packs,72,57.96,0.79,0,None,0.0,0.0,30.9,0.3,101.1,None,0.0,0,0,156,0,2,0,4,Summer
2025-04-24,CONE-L,Large Cone Pack,Cone Packs,67,53.54,0.79,0,None,0.0,0.0,29.4,0.1,103.9,None,0.0,0,0,226,0,3,0,4,Summer
2025-04-25,CONE-L,Large Cone Pack,Cone Packs,69,53.56,0.79,0,None,0.0,0.0,32.2,0.3,104.8,None,0.0,0,0,146,0,4,0,4,Summer
2025-04-26,CONE-L,Large Cone Pack,Cone Packs,83,65.8,0.79,0,None,0.0,0.0,31.2,0.1,112.3,None,0.0,0,0,257,0,5,1,4,Summer
2025-04-27,CONE-L,Large Cone Pack,Cone Packs,115,74.1,0.79,1,Festival Promo,18.0,3232.06,32.7,0.4,120.2,None,0.0,0,0,158,0,6,1,4,Summer
2025-04-28,CONE-L,Large Cone Pack,Cone Packs,77,61.31,0.79,0,None,0.0,0.0,32.4,0.5,114.0,None,0.0,0,0,123,0,0,0,4,Summer
2025-04-29,CONE-L,Large Cone Pack,Cone Packs,71,55.83,0.79,0,None,0.0,0.0,35.3,0.1,103.5,None,0.0,0,1,144,0,1,0,4,Summer
2025-04-30,CONE-L,Large Cone Pack,Cone Packs,62,49.57,0.79,0,None,0.0,0.0,32.1,0.0,109.4,None,0.0,0,0,82,0,2,0,4,Summer
2025-05-01,CONE-L,Large Cone Pack,Cone Packs,69,55.4,0.79,0,None,0.0,0.0,30.7,0.5,102.8,None,0.0,0,0,229,0,3,0,5,Summer
2025-05-02,CONE-L,Large Cone Pack,Cone Packs,70,56.35,0.79,0,None,0.0,0.0,33.0,0.8,106.5,None,0.0,0,0,144,0,4,0,5,Summer
2025-05-03,CONE-L,Large Cone Pack,Cone Packs,90,72.79,0.79,0,None,0.0,0.0,33.1,0.5,114.5,None,0.0,0,0,126,0,5,1,5,Summer
2025-05-04,CONE-L,Large Cone Pack,Cone Packs,94,73.06,0.79,0,None,0.0,0.0,35.2,0.0,121.0,None,0.0,0,1,212,0,6,1,5,Summer
2025-05-05,CONE-L,Large Cone Pack,Cone Packs,78,60.97,0.79,0,None,0.0,0.0,34.3,0.6,104.6,None,0.0,0,0,251,0,0,0,5,Summer
2025-05-06,CONE-L,Large Cone Pack,Cone Packs,48,39.4,0.79,0,None,0.0,0.0,33.6,0.4,113.0,None,0.0,0,0,226,1,1,0,5,Summer
2025-05-07,CONE-L,Large Cone Pack,Cone Packs,79,63.39,0.79,0,None,0.0,0.0,35.6,1.3,106.7,None,0.0,0,0,116,0,2,0,5,Summer
2025-05-08,CONE-L,Large Cone Pack,Cone Packs,74,58.81,0.79,0,None,0.0,0.0,30.9,0.5,104.7,None,0.0,0,0,220,0,3,0,5,Summer
2025-05-09,CONE-L,Large Cone Pack,Cone Packs,74,58.66,0.79,0,None,0.0,0.0,32.0,1.5,101.7,None,0.0,0,0,151,0,4,0,5,Summer
2025-05-10,CONE-L,Large Cone Pack,Cone Packs,89,70.46,0.79,0,None,0.0,0.0,31.5,1.3,119.2,None,0.0,0,0,242,0,5,1,5,Summer
2025-05-11,CONE-L,Large Cone Pack,Cone Packs,102,73.4,0.79,1,Loyalty Offer,7.0,1296.87,32.5,0.2,122.4,None,0.0,0,0,219,0,6,1,5,Summer
2025-05-12,CONE-L,Large Cone Pack,Cone Packs,65,51.0,0.79,0,None,0.0,0.0,30.8,0.0,109.2,None,0.0,0,0,202,0,0,0,5,Summer
2025-05-13,CONE-L,Large Cone Pack,Cone Packs,86,68.0,0.79,0,None,0.0,0.0,34.5,0.2,119.0,None,0.0,0,0,240,0,1,0,5,Summer
2025-05-14,CONE-L,Large Cone Pack,Cone Packs,75,58.86,0.79,0,None,0.0,0.0,33.0,1.9,115.0,None,0.0,0,0,238,0,2,0,5,Summer
2025-05-15,CONE-L,Large Cone Pack,Cone Packs,72,56.58,0.79,0,None,0.0,0.0,30.8,0.0,106.2,None,0.0,0,0,114,0,3,0,5,Summer
2025-05-16,CONE-L,Large Cone Pack,Cone Packs,68,55.45,0.79,0,None,0.0,0.0,31.7,2.3,106.2,None,0.0,0,0,203,0,4,0,5,Summer
2025-05-17,CONE-L,Large Cone Pack,Cone Packs,108,79.21,0.79,1,Loyalty Offer,7.0,1298.58,34.1,0.2,120.1,None,0.0,0,1,150,0,5,1,5,Summer
2025-05-18,CONE-L,Large Cone Pack,Cone Packs,95,70.1,0.79,1,Loyalty Offer,7.0,1298.58,35.1,0.6,113.5,None,0.0,0,0,266,0,6,1,5,Summer
2025-05-19,CONE-L,Large Cone Pack,Cone Packs,87,64.16,0.79,1,Loyalty Offer,7.0,1298.58,37.3,0.9,113.5,None,0.0,0,0,207,0,0,0,5,Summer
2025-05-20,CONE-L,Large Cone Pack,Cone Packs,75,59.7,0.79,0,None,0.0,0.0,39.0,0.0,109.4,None,0.0,0,0,125,0,1,0,5,Summer
2025-05-21,CONE-L,Large Cone Pack,Cone Packs,76,59.71,0.79,0,None,0.0,0.0,34.5,0.1,108.8,None,0.0,0,0,142,0,2,0,5,Summer
2025-05-22,CONE-L,Large Cone Pack,Cone Packs,75,60.14,0.79,0,None,0.0,0.0,32.0,0.1,110.9,None,0.0,0,0,238,0,3,0,5,Summer
2025-05-23,CONE-L,Large Cone Pack,Cone Packs,65,51.61,0.79,0,None,0.0,0.0,30.0,1.2,116.1,None,0.0,0,0,188,0,4,0,5,Summer
2025-05-24,CONE-L,Large Cone Pack,Cone Packs,91,70.75,0.79,0,None,0.0,0.0,34.4,1.0,118.3,None,0.0,0,0,147,0,5,1,5,Summer
2025-05-25,CONE-L,Large Cone Pack,Cone Packs,90,70.95,0.79,0,None,0.0,0.0,32.5,0.3,116.8,None,0.0,0,0,241,0,6,1,5,Summer
2025-05-26,CONE-L,Large Cone Pack,Cone Packs,82,64.58,0.79,0,None,0.0,0.0,33.2,1.6,114.8,None,0.0,0,0,216,0,0,0,5,Summer
2025-05-27,CONE-L,Large Cone Pack,Cone Packs,76,59.8,0.79,0,None,0.0,0.0,32.9,2.1,112.1,None,0.0,0,0,108,0,1,0,5,Summer
2025-05-28,CONE-L,Large Cone Pack,Cone Packs,72,57.14,0.79,0,None,0.0,0.0,33.8,2.7,105.6,None,0.0,0,0,137,0,2,0,5,Summer
2025-05-29,CONE-L,Large Cone Pack,Cone Packs,70,55.62,0.79,0,None,0.0,0.0,36.0,0.2,107.1,None,0.0,0,0,225,0,3,0,5,Summer
2025-05-30,CONE-L,Large Cone Pack,Cone Packs,80,63.46,0.79,0,None,0.0,0.0,34.4,0.1,108.0,None,0.0,0,0,156,0,4,0,5,Summer
2025-05-31,CONE-L,Large Cone Pack,Cone Packs,92,72.8,0.79,0,None,0.0,0.0,33.9,0.3,118.8,None,0.0,0,0,118,0,5,1,5,Summer
2025-06-01,CONE-L,Large Cone Pack,Cone Packs,83,65.46,0.79,0,None,0.0,0.0,32.3,2.3,110.1,None,0.0,0,0,199,0,6,1,6,Monsoon
2025-06-02,CONE-L,Large Cone Pack,Cone Packs,61,46.8,0.79,0,None,0.0,0.0,31.2,11.1,99.1,None,0.0,0,0,224,0,0,0,6,Monsoon
2025-06-03,CONE-L,Large Cone Pack,Cone Packs,83,59.37,0.79,1,Weekend Flash,10.0,1793.58,33.4,2.9,102.3,None,0.0,0,0,192,0,1,0,6,Monsoon
2025-06-04,CONE-L,Large Cone Pack,Cone Packs,88,62.71,0.79,1,Weekend Flash,10.0,1793.58,34.2,3.8,101.9,None,0.0,0,0,264,0,2,0,6,Monsoon
2025-06-05,CONE-L,Large Cone Pack,Cone Packs,88,61.59,0.79,1,Weekend Flash,10.0,1793.58,37.5,2.3,103.4,None,0.0,0,1,126,0,3,0,6,Monsoon
2025-06-06,CONE-L,Large Cone Pack,Cone Packs,68,53.67,0.79,0,None,0.0,0.0,34.6,1.6,109.7,None,0.0,0,0,194,0,4,0,6,Monsoon
2025-06-07,CONE-L,Large Cone Pack,Cone Packs,90,71.33,0.79,0,None,0.0,0.0,36.1,7.0,115.6,None,0.0,0,0,213,0,5,1,6,Monsoon
2025-06-08,CONE-L,Large Cone Pack,Cone Packs,83,66.17,0.79,0,None,0.0,0.0,33.5,1.3,117.4,None,0.0,0,0,260,0,6,1,6,Monsoon
2025-06-09,CONE-L,Large Cone Pack,Cone Packs,73,57.72,0.79,0,None,0.0,0.0,32.3,7.2,100.2,None,0.0,0,0,176,0,0,0,6,Monsoon
2025-06-10,CONE-L,Large Cone Pack,Cone Packs,71,56.0,0.79,0,None,0.0,0.0,32.7,7.0,103.9,None,0.0,0,0,222,0,1,0,6,Monsoon
2025-06-11,CONE-L,Large Cone Pack,Cone Packs,71,56.4,0.79,0,None,0.0,0.0,33.1,5.5,109.1,None,0.0,0,0,114,0,2,0,6,Monsoon
2025-06-12,CONE-L,Large Cone Pack,Cone Packs,33,25.82,0.79,0,None,0.0,0.0,38.3,4.1,109.0,None,0.0,0,0,60,1,3,0,6,Monsoon
2025-06-13,CONE-L,Large Cone Pack,Cone Packs,72,56.79,0.78,0,None,0.0,0.0,33.0,3.4,102.3,None,0.0,0,0,206,0,4,0,6,Monsoon
2025-06-14,CONE-L,Large Cone Pack,Cone Packs,92,71.65,0.78,0,None,0.0,0.0,36.0,2.0,116.7,None,0.0,0,0,112,0,5,1,6,Monsoon
2025-06-15,CONE-L,Large Cone Pack,Cone Packs,104,76.05,0.78,1,Bundle Offer,8.0,2121.93,32.9,18.4,126.7,None,0.0,0,1,263,0,6,1,6,Monsoon
2025-06-16,CONE-L,Large Cone Pack,Cone Packs,86,60.84,0.78,1,Bundle Offer,8.0,2121.93,36.2,5.3,105.6,None,0.0,0,0,109,0,0,0,6,Monsoon
2025-06-17,CONE-L,Large Cone Pack,Cone Packs,90,58.42,0.78,1,Festival Promo,18.0,3410.75,35.2,5.1,102.1,None,0.0,0,0,220,0,1,0,6,Monsoon
2025-06-18,CONE-L,Large Cone Pack,Cone Packs,93,59.77,0.78,1,Festival Promo,18.0,3410.75,34.2,2.5,104.6,None,0.0,0,0,185,0,2,0,6,Monsoon
2025-06-19,CONE-L,Large Cone Pack,Cone Packs,96,64.66,0.78,1,Mango Festival,15.0,2620.09,34.4,17.0,105.8,None,0.0,0,0,219,0,3,0,6,Monsoon
2025-06-20,CONE-L,Large Cone Pack,Cone Packs,70,54.3,0.78,0,None,0.0,0.0,33.3,3.6,104.5,None,0.0,0,0,189,0,4,0,6,Monsoon
2025-06-21,CONE-L,Large Cone Pack,Cone Packs,90,70.53,0.78,0,None,0.0,0.0,35.3,7.8,115.0,None,0.0,0,0,181,0,5,1,6,Monsoon
2025-06-22,CONE-L,Large Cone Pack,Cone Packs,82,64.22,0.78,0,None,0.0,0.0,33.7,9.1,107.8,None,0.0,0,0,179,0,6,1,6,Monsoon
2025-06-23,CONE-L,Large Cone Pack,Cone Packs,62,48.76,0.78,0,None,0.0,0.0,32.3,7.0,100.1,None,0.0,0,0,162,0,0,0,6,Monsoon
2025-06-24,CONE-L,Large Cone Pack,Cone Packs,70,54.05,0.78,0,None,0.0,0.0,32.2,1.3,104.1,None,0.0,0,0,198,0,1,0,6,Monsoon
2025-06-25,CONE-L,Large Cone Pack,Cone Packs,74,58.29,0.78,0,None,0.0,0.0,34.8,10.8,103.9,None,0.0,0,0,207,0,2,0,6,Monsoon
2025-06-26,CONE-L,Large Cone Pack,Cone Packs,91,57.02,0.78,1,Festival Promo,18.0,3082.36,37.3,3.5,101.8,None,0.0,0,0,182,0,3,0,6,Monsoon
2025-06-27,CONE-L,Large Cone Pack,Cone Packs,87,55.29,0.78,1,Festival Promo,18.0,3082.36,34.8,11.9,103.6,None,0.0,0,0,163,0,4,0,6,Monsoon
2025-06-28,CONE-L,Large Cone Pack,Cone Packs,111,69.75,0.78,1,Festival Promo,18.0,3082.36,34.2,6.0,114.7,None,0.0,0,0,137,0,5,1,6,Monsoon
2025-06-29,CONE-L,Large Cone Pack,Cone Packs,89,70.17,0.78,0,None,0.0,0.0,35.0,9.5,118.7,None,0.0,0,0,233,0,6,1,6,Monsoon
2025-06-30,CONE-L,Large Cone Pack,Cone Packs,70,54.89,0.78,0,None,0.0,0.0,36.8,16.2,103.6,None,0.0,0,0,126,0,0,0,6,Monsoon
2025-07-01,CONE-L,Large Cone Pack,Cone Packs,69,54.13,0.78,0,None,0.0,0.0,34.8,10.5,106.0,None,0.0,0,1,158,0,1,0,7,Monsoon
2025-07-02,CONE-L,Large Cone Pack,Cone Packs,86,60.07,0.78,1,Payday Campaign,12.0,2588.04,33.6,9.7,101.2,None,0.0,0,0,264,0,2,0,7,Monsoon
2025-07-03,CONE-L,Large Cone Pack,Cone Packs,90,61.51,0.78,1,Payday Campaign,12.0,2588.04,36.4,11.2,106.6,None,0.0,0,0,235,0,3,0,7,Monsoon
2025-07-04,CONE-L,Large Cone Pack,Cone Packs,89,61.49,0.78,1,Payday Campaign,12.0,2588.04,35.1,2.8,105.5,None,0.0,0,0,164,0,4,0,7,Monsoon
2025-07-05,CONE-L,Large Cone Pack,Cone Packs,100,71.73,0.78,1,Bundle Offer,8.0,2215.4,37.1,12.3,117.9,None,0.0,0,0,195,0,5,1,7,Monsoon
2025-07-06,CONE-L,Large Cone Pack,Cone Packs,103,73.73,0.78,1,Bundle Offer,8.0,2215.4,34.6,4.9,117.0,None,0.0,0,0,174,0,6,1,7,Monsoon
2025-07-07,CONE-L,Large Cone Pack,Cone Packs,84,61.11,0.78,1,Bundle Offer,8.0,2215.4,32.1,5.1,106.2,None,0.0,0,0,204,0,0,0,7,Monsoon
2025-07-08,CONE-L,Large Cone Pack,Cone Packs,64,51.06,0.78,0,None,0.0,0.0,31.8,6.8,102.7,None,0.0,0,0,108,0,1,0,7,Monsoon
2025-07-09,CONE-L,Large Cone Pack,Cone Packs,73,56.5,0.78,0,None,0.0,0.0,37.2,4.5,104.3,None,0.0,0,0,245,0,2,0,7,Monsoon
2025-07-10,CONE-L,Large Cone Pack,Cone Packs,78,61.27,0.78,0,None,0.0,0.0,37.3,2.2,108.2,None,0.0,0,0,255,0,3,0,7,Monsoon
2025-07-11,CONE-L,Large Cone Pack,Cone Packs,67,52.29,0.78,0,None,0.0,0.0,33.8,6.4,99.5,None,0.0,0,0,134,0,4,0,7,Monsoon
2025-07-12,CONE-L,Large Cone Pack,Cone Packs,88,68.67,0.78,0,None,0.0,0.0,33.4,5.1,109.5,None,0.0,0,0,144,0,5,1,7,Monsoon
2025-07-13,CONE-L,Large Cone Pack,Cone Packs,92,71.69,0.78,0,None,0.0,0.0,36.7,4.9,113.4,None,0.0,0,1,198,0,6,1,7,Monsoon
2025-07-14,CONE-L,Large Cone Pack,Cone Packs,68,52.6,0.78,0,None,0.0,0.0,32.1,5.8,104.5,None,0.0,0,1,191,0,0,0,7,Monsoon
2025-07-15,CONE-L,Large Cone Pack,Cone Packs,67,49.78,0.78,0,None,0.0,0.0,32.4,5.0,98.1,None,0.0,0,0,189,0,1,0,7,Monsoon
2025-07-16,CONE-L,Large Cone Pack,Cone Packs,75,59.29,0.78,0,None,0.0,0.0,35.1,17.7,101.8,None,0.0,0,0,101,0,2,0,7,Monsoon
2025-07-17,CONE-L,Large Cone Pack,Cone Packs,70,53.86,0.78,0,None,0.0,0.0,33.2,16.7,101.5,None,0.0,0,0,203,0,3,0,7,Monsoon
2025-07-18,CONE-L,Large Cone Pack,Cone Packs,62,47.95,0.78,0,None,0.0,0.0,33.9,6.5,90.8,None,0.0,0,0,92,0,4,0,7,Monsoon
2025-07-19,CONE-L,Large Cone Pack,Cone Packs,85,65.74,0.78,0,None,0.0,0.0,33.5,6.4,110.6,None,0.0,0,0,159,0,5,1,7,Monsoon
2025-07-20,CONE-L,Large Cone Pack,Cone Packs,87,66.8,0.78,0,None,0.0,0.0,34.4,0.2,110.8,None,0.0,0,0,221,0,6,1,7,Monsoon
2025-07-21,CONE-L,Large Cone Pack,Cone Packs,74,57.51,0.77,0,None,0.0,0.0,36.3,3.7,100.7,None,0.0,0,0,235,0,0,0,7,Monsoon
2025-07-22,CONE-L,Large Cone Pack,Cone Packs,71,54.97,0.77,0,None,0.0,0.0,33.9,11.1,108.4,None,0.0,0,0,192,0,1,0,7,Monsoon
2025-07-23,CONE-L,Large Cone Pack,Cone Packs,69,52.97,0.77,0,None,0.0,0.0,34.8,4.4,95.1,None,0.0,0,0,114,0,2,0,7,Monsoon
2025-07-24,CONE-L,Large Cone Pack,Cone Packs,66,51.18,0.77,0,None,0.0,0.0,29.9,14.1,96.9,None,0.0,0,0,194,0,3,0,7,Monsoon
2025-07-25,CONE-L,Large Cone Pack,Cone Packs,68,52.6,0.77,0,None,0.0,0.0,33.5,13.4,87.8,None,0.0,0,0,93,0,4,0,7,Monsoon
2025-07-26,CONE-L,Large Cone Pack,Cone Packs,76,59.45,0.77,0,None,0.0,0.0,32.0,3.7,108.4,None,0.0,0,0,132,0,5,1,7,Monsoon
2025-07-27,CONE-L,Large Cone Pack,Cone Packs,83,63.16,0.77,0,None,0.0,0.0,31.2,7.0,108.7,None,0.0,0,0,122,0,6,1,7,Monsoon
2025-07-28,CONE-L,Large Cone Pack,Cone Packs,66,50.54,0.77,0,None,0.0,0.0,31.8,18.8,97.9,None,0.0,0,0,243,0,0,0,7,Monsoon
2025-07-29,CONE-L,Large Cone Pack,Cone Packs,74,57.69,0.77,0,None,0.0,0.0,32.7,1.2,105.9,None,0.0,0,0,152,0,1,0,7,Monsoon
2025-07-30,CONE-L,Large Cone Pack,Cone Packs,51,35.19,0.77,1,Weekend Flash,10.0,1538.36,34.9,4.5,104.5,None,0.0,0,1,160,1,2,0,7,Monsoon
2025-07-31,CONE-L,Large Cone Pack,Cone Packs,76,54.0,0.77,1,Loyalty Offer,7.0,1362.72,30.8,1.1,100.5,None,0.0,0,0,222,0,3,0,7,Monsoon
2025-08-01,CONE-L,Large Cone Pack,Cone Packs,71,54.44,0.77,0,None,0.0,0.0,33.2,2.6,98.1,None,0.0,0,0,246,0,4,0,8,Monsoon
2025-08-02,CONE-L,Large Cone Pack,Cone Packs,83,64.0,0.77,0,None,0.0,0.0,32.2,22.8,114.9,None,0.0,0,0,262,0,5,1,8,Monsoon
2025-08-03,CONE-L,Large Cone Pack,Cone Packs,79,60.9,0.77,0,None,0.0,0.0,32.4,4.5,109.6,None,0.0,0,0,125,0,6,1,8,Monsoon
2025-08-04,CONE-L,Large Cone Pack,Cone Packs,63,48.48,0.77,0,None,0.0,0.0,34.8,0.5,95.4,None,0.0,0,0,146,0,0,0,8,Monsoon
2025-08-05,CONE-L,Large Cone Pack,Cone Packs,74,56.37,0.77,0,None,0.0,0.0,33.9,2.2,90.8,None,0.0,0,0,158,0,1,0,8,Monsoon
2025-08-06,CONE-L,Large Cone Pack,Cone Packs,72,56.03,0.77,0,None,0.0,0.0,35.2,0.9,97.1,None,0.0,0,0,219,0,2,0,8,Monsoon
2025-08-07,CONE-L,Large Cone Pack,Cone Packs,73,57.17,0.77,0,None,0.0,0.0,32.5,7.2,102.9,None,0.0,0,0,146,0,3,0,8,Monsoon
2025-08-08,CONE-L,Large Cone Pack,Cone Packs,72,54.21,0.77,0,None,0.0,0.0,31.4,9.0,110.4,None,0.0,0,0,129,0,4,0,8,Monsoon
2025-08-09,CONE-L,Large Cone Pack,Cone Packs,94,71.07,0.77,0,None,0.0,0.0,32.2,12.5,122.2,Raksha Bandhan,1.0,1,0,234,0,5,1,8,Monsoon
2025-08-10,CONE-L,Large Cone Pack,Cone Packs,82,63.92,0.77,0,None,0.0,0.0,33.0,10.6,104.9,None,0.0,0,0,181,0,6,1,8,Monsoon
2025-08-11,CONE-L,Large Cone Pack,Cone Packs,69,54.13,0.77,0,None,0.0,0.0,32.8,1.3,92.7,None,0.0,0,0,208,0,0,0,8,Monsoon
2025-08-12,CONE-L,Large Cone Pack,Cone Packs,80,55.81,0.77,1,Loyalty Offer,7.0,1560.62,30.4,8.6,101.2,None,0.0,0,0,160,0,1,0,8,Monsoon
2025-08-13,CONE-L,Large Cone Pack,Cone Packs,78,56.37,0.77,1,Loyalty Offer,7.0,1560.62,32.5,5.6,89.5,None,0.0,0,0,175,0,2,0,8,Monsoon
2025-08-14,CONE-L,Large Cone Pack,Cone Packs,76,59.62,0.77,0,None,0.0,0.0,32.7,13.9,100.9,None,0.0,0,1,97,0,3,0,8,Monsoon
2025-08-15,CONE-L,Large Cone Pack,Cone Packs,76,57.86,0.77,0,None,0.0,0.0,36.7,11.6,113.8,Independence Day,0.9,1,0,98,0,4,0,8,Monsoon
2025-08-16,CONE-L,Large Cone Pack,Cone Packs,81,63.47,0.77,0,None,0.0,0.0,35.5,25.0,110.1,None,0.0,0,0,101,0,5,1,8,Monsoon
2025-08-17,CONE-L,Large Cone Pack,Cone Packs,80,61.38,0.77,0,None,0.0,0.0,30.5,2.4,106.7,None,0.0,0,0,128,0,6,1,8,Monsoon
2025-08-18,CONE-L,Large Cone Pack,Cone Packs,64,49.38,0.77,0,None,0.0,0.0,31.4,2.0,100.5,None,0.0,0,1,139,0,0,0,8,Monsoon
2025-08-19,CONE-L,Large Cone Pack,Cone Packs,68,51.8,0.77,0,None,0.0,0.0,29.2,4.0,98.4,None,0.0,0,0,96,0,1,0,8,Monsoon
2025-08-20,CONE-L,Large Cone Pack,Cone Packs,68,52.87,0.77,0,None,0.0,0.0,30.7,5.8,93.5,None,0.0,0,0,113,0,2,0,8,Monsoon
2025-08-21,CONE-L,Large Cone Pack,Cone Packs,75,58.19,0.77,0,None,0.0,0.0,32.3,3.2,106.5,None,0.0,0,0,230,0,3,0,8,Monsoon
2025-08-22,CONE-L,Large Cone Pack,Cone Packs,74,58.0,0.77,0,None,0.0,0.0,33.8,2.6,95.4,None,0.0,0,0,230,0,4,0,8,Monsoon
2025-08-23,CONE-L,Large Cone Pack,Cone Packs,88,63.23,0.77,1,Bundle Offer,8.0,2002.59,30.2,8.2,110.9,None,0.0,0,1,154,0,5,1,8,Monsoon
2025-08-24,CONE-L,Large Cone Pack,Cone Packs,68,52.19,0.77,0,None,0.0,0.0,30.3,4.0,94.8,None,0.0,0,0,239,0,6,1,8,Monsoon
2025-08-25,CONE-L,Large Cone Pack,Cone Packs,74,54.79,0.77,1,Loyalty Offer,7.0,1457.49,27.5,3.1,103.1,None,0.0,0,1,112,0,0,0,8,Monsoon
2025-08-26,CONE-L,Large Cone Pack,Cone Packs,73,52.94,0.77,1,Loyalty Offer,7.0,1457.49,31.0,1.3,104.0,None,0.0,0,1,98,0,1,0,8,Monsoon
2025-08-27,CONE-L,Large Cone Pack,Cone Packs,67,51.73,0.77,0,None,0.0,0.0,29.3,0.2,96.6,None,0.0,0,0,143,0,2,0,8,Monsoon
2025-08-28,CONE-L,Large Cone Pack,Cone Packs,66,50.02,0.77,0,None,0.0,0.0,30.1,17.1,99.2,None,0.0,0,0,128,0,3,0,8,Monsoon
2025-08-29,CONE-L,Large Cone Pack,Cone Packs,63,47.42,0.77,0,None,0.0,0.0,29.4,16.7,99.0,None,0.0,0,0,95,0,4,0,8,Monsoon
2025-08-30,CONE-L,Large Cone Pack,Cone Packs,79,59.52,0.77,0,None,0.0,0.0,30.7,11.8,102.9,None,0.0,0,0,234,0,5,1,8,Monsoon
2025-08-31,CONE-L,Large Cone Pack,Cone Packs,72,54.57,0.77,0,None,0.0,0.0,27.7,9.8,108.7,None,0.0,0,1,248,0,6,1,8,Monsoon
2025-09-01,CONE-L,Large Cone Pack,Cone Packs,68,48.74,0.77,1,Bundle Offer,8.0,2345.12,28.1,3.6,91.8,None,0.0,0,1,131,0,0,0,9,Monsoon
2025-09-02,CONE-L,Large Cone Pack,Cone Packs,87,61.69,0.77,1,Bundle Offer,8.0,2345.12,34.5,10.1,92.7,None,0.0,0,0,157,0,1,0,9,Monsoon
2025-09-03,CONE-L,Large Cone Pack,Cone Packs,76,53.18,0.77,1,Bundle Offer,8.0,2345.12,28.2,1.9,101.3,None,0.0,0,0,210,0,2,0,9,Monsoon
2025-09-04,CONE-L,Large Cone Pack,Cone Packs,62,47.42,0.77,0,None,0.0,0.0,28.5,6.8,100.4,None,0.0,0,0,231,0,3,0,9,Monsoon
2025-09-05,CONE-L,Large Cone Pack,Cone Packs,68,51.92,0.77,0,None,0.0,0.0,33.7,2.8,91.9,None,0.0,0,0,133,0,4,0,9,Monsoon
2025-09-06,CONE-L,Large Cone Pack,Cone Packs,89,68.81,0.77,0,None,0.0,0.0,35.5,10.1,101.6,None,0.0,0,0,218,0,5,1,9,Monsoon
2025-09-07,CONE-L,Large Cone Pack,Cone Packs,64,48.49,0.77,0,None,0.0,0.0,28.1,19.7,102.0,None,0.0,0,0,87,0,6,1,9,Monsoon
2025-09-08,CONE-L,Large Cone Pack,Cone Packs,81,51.06,0.77,1,Festival Promo,18.0,2991.56,29.4,2.2,98.8,None,0.0,0,0,191,0,0,0,9,Monsoon
2025-09-09,CONE-L,Large Cone Pack,Cone Packs,83,52.29,0.77,1,Festival Promo,18.0,2991.56,30.6,3.8,90.0,None,0.0,0,0,260,0,1,0,9,Monsoon
2025-09-10,CONE-L,Large Cone Pack,Cone Packs,86,53.43,0.77,1,Festival Promo,18.0,2991.56,33.0,6.7,96.7,None,0.0,0,0,182,0,2,0,9,Monsoon
2025-09-11,CONE-L,Large Cone Pack,Cone Packs,79,50.52,0.77,1,Festival Promo,18.0,2991.56,28.0,0.6,98.5,None,0.0,0,0,201,0,3,0,9,Monsoon
2025-09-12,CONE-L,Large Cone Pack,Cone Packs,62,47.28,0.77,0,None,0.0,0.0,29.3,1.0,94.2,None,0.0,0,0,191,0,4,0,9,Monsoon
2025-09-13,CONE-L,Large Cone Pack,Cone Packs,40,30.24,0.77,0,None,0.0,0.0,31.0,19.3,109.6,None,0.0,0,0,161,1,5,1,9,Monsoon
2025-09-14,CONE-L,Large Cone Pack,Cone Packs,80,61.83,0.77,0,None,0.0,0.0,30.3,8.2,102.9,None,0.0,0,1,209,0,6,1,9,Monsoon
2025-09-15,CONE-L,Large Cone Pack,Cone Packs,57,43.63,0.76,0,None,0.0,0.0,28.8,3.4,93.3,None,0.0,0,0,218,0,0,0,9,Monsoon
2025-09-16,CONE-L,Large Cone Pack,Cone Packs,63,48.43,0.76,0,None,0.0,0.0,29.1,6.1,89.4,None,0.0,0,0,84,0,1,0,9,Monsoon
2025-09-17,CONE-L,Large Cone Pack,Cone Packs,52,39.21,0.76,0,None,0.0,0.0,26.8,4.0,99.3,None,0.0,0,0,213,0,2,0,9,Monsoon
2025-09-18,CONE-L,Large Cone Pack,Cone Packs,61,47.11,0.76,0,None,0.0,0.0,28.7,6.9,90.3,None,0.0,0,0,226,0,3,0,9,Monsoon
2025-09-19,CONE-L,Large Cone Pack,Cone Packs,61,47.86,0.76,0,None,0.0,0.0,28.6,4.1,95.7,None,0.0,0,0,225,0,4,0,9,Monsoon
2025-09-20,CONE-L,Large Cone Pack,Cone Packs,73,54.98,0.76,0,None,0.0,0.0,29.4,5.7,103.5,None,0.0,0,1,151,0,5,1,9,Monsoon
2025-09-21,CONE-L,Large Cone Pack,Cone Packs,71,54.52,0.76,0,None,0.0,0.0,27.9,10.8,98.6,None,0.0,0,0,184,0,6,1,9,Monsoon
2025-09-22,CONE-L,Large Cone Pack,Cone Packs,62,46.96,0.76,0,None,0.0,0.0,29.6,10.3,90.7,None,0.0,0,0,138,0,0,0,9,Monsoon
2025-09-23,CONE-L,Large Cone Pack,Cone Packs,70,55.25,0.76,0,None,0.0,0.0,30.5,18.5,100.6,None,0.0,0,0,224,0,1,0,9,Monsoon
2025-09-24,CONE-L,Large Cone Pack,Cone Packs,74,53.4,0.76,1,Loyalty Offer,7.0,1520.15,28.9,8.7,94.6,None,0.0,0,0,159,0,2,0,9,Monsoon
2025-09-25,CONE-L,Large Cone Pack,Cone Packs,72,51.36,0.76,1,Loyalty Offer,7.0,1520.15,29.1,6.5,88.4,None,0.0,0,0,142,0,3,0,9,Monsoon
2025-09-26,CONE-L,Large Cone Pack,Cone Packs,72,50.43,0.76,1,Loyalty Offer,7.0,1520.15,28.5,20.5,94.9,None,0.0,0,0,201,0,4,0,9,Monsoon
2025-09-27,CONE-L,Large Cone Pack,Cone Packs,71,53.63,0.76,0,None,0.0,0.0,28.3,5.2,102.6,None,0.0,0,0,98,0,5,1,9,Monsoon
2025-09-28,CONE-L,Large Cone Pack,Cone Packs,72,55.53,0.76,0,None,0.0,0.0,26.9,0.3,120.5,None,0.0,0,0,152,0,6,1,9,Monsoon
2025-09-29,CONE-L,Large Cone Pack,Cone Packs,74,50.08,0.76,1,Weekend Flash,10.0,1539.29,28.7,12.0,94.6,None,0.0,0,0,127,0,0,0,9,Monsoon
2025-09-30,CONE-L,Large Cone Pack,Cone Packs,70,47.39,0.76,1,Weekend Flash,10.0,1539.29,27.8,7.8,91.2,None,0.0,0,0,149,0,1,0,9,Monsoon
2025-10-01,CONE-L,Large Cone Pack,Cone Packs,73,55.81,0.76,0,None,0.0,0.0,31.7,0.0,100.1,None,0.0,0,0,164,0,2,0,10,Transition
2025-10-02,CONE-L,Large Cone Pack,Cone Packs,69,52.83,0.76,0,None,0.0,0.0,30.7,0.0,92.9,Gandhi Jayanti,0.7,1,0,99,0,3,0,10,Transition
2025-10-03,CONE-L,Large Cone Pack,Cone Packs,62,47.61,0.76,0,None,0.0,0.0,28.4,0.0,93.4,None,0.0,0,0,220,0,4,0,10,Transition
2025-10-04,CONE-L,Large Cone Pack,Cone Packs,65,49.43,0.76,0,None,0.0,0.0,26.3,0.6,112.8,None,0.0,0,0,151,0,5,1,10,Transition
2025-10-05,CONE-L,Large Cone Pack,Cone Packs,69,53.33,0.76,0,None,0.0,0.0,25.6,0.2,102.2,None,0.0,0,0,146,0,6,1,10,Transition
2025-10-06,CONE-L,Large Cone Pack,Cone Packs,60,45.39,0.76,0,None,0.0,0.0,29.6,0.4,84.1,None,0.0,0,0,103,0,0,0,10,Transition
2025-10-07,CONE-L,Large Cone Pack,Cone Packs,56,43.13,0.76,0,None,0.0,0.0,27.9,0.6,90.7,None,0.0,0,1,235,0,1,0,10,Transition
2025-10-08,CONE-L,Large Cone Pack,Cone Packs,67,51.35,0.76,0,None,0.0,0.0,28.2,1.2,99.9,None,0.0,0,1,223,0,2,0,10,Transition
2025-10-09,CONE-L,Large Cone Pack,Cone Packs,33,25.41,0.76,0,None,0.0,0.0,24.1,0.1,94.4,None,0.0,0,0,130,1,3,0,10,Transition
2025-10-10,CONE-L,Large Cone Pack,Cone Packs,64,49.63,0.76,0,None,0.0,0.0,28.8,3.6,88.3,None,0.0,0,0,137,0,4,0,10,Transition
2025-10-11,CONE-L,Large Cone Pack,Cone Packs,85,59.47,0.76,1,Bundle Offer,8.0,2501.53,27.8,0.0,99.0,None,0.0,0,0,179,0,5,1,10,Transition
2025-10-12,CONE-L,Large Cone Pack,Cone Packs,64,48.55,0.76,0,None,0.0,0.0,24.9,0.0,99.6,None,0.0,0,0,237,0,6,1,10,Transition
2025-10-13,CONE-L,Large Cone Pack,Cone Packs,66,44.5,0.76,1,Weekend Flash,10.0,1473.17,26.0,0.3,94.2,None,0.0,0,0,121,0,0,0,10,Transition
2025-10-14,CONE-L,Large Cone Pack,Cone Packs,74,49.7,0.76,1,Weekend Flash,10.0,1473.17,27.2,0.1,99.0,None,0.0,0,0,203,0,1,0,10,Transition
2025-10-15,CONE-L,Large Cone Pack,Cone Packs,75,50.37,0.76,1,Payday Campaign,12.0,2292.0,26.8,1.1,97.6,None,0.0,0,0,239,0,2,0,10,Transition
2025-10-16,CONE-L,Large Cone Pack,Cone Packs,68,45.71,0.76,1,Payday Campaign,12.0,2292.0,26.1,0.0,94.5,None,0.0,0,0,208,0,3,0,10,Transition
2025-10-17,CONE-L,Large Cone Pack,Cone Packs,74,49.17,0.76,1,Payday Campaign,12.0,2292.0,26.3,0.1,85.6,None,0.0,0,0,233,0,4,0,10,Transition
2025-10-18,CONE-L,Large Cone Pack,Cone Packs,73,55.27,0.77,0,None,0.0,0.0,26.0,0.1,108.6,Diwali,1.0,1,0,244,0,5,1,10,Transition
2025-10-19,CONE-L,Large Cone Pack,Cone Packs,76,59.21,0.77,0,None,0.0,0.0,26.6,0.4,121.1,Diwali,1.25,1,0,105,0,6,1,10,Transition
2025-10-20,CONE-L,Large Cone Pack,Cone Packs,67,51.81,0.77,0,None,0.0,0.0,28.9,0.3,104.9,Diwali,1.5,1,0,125,0,0,0,10,Transition
2025-10-21,CONE-L,Large Cone Pack,Cone Packs,53,39.95,0.77,0,None,0.0,0.0,21.6,0.0,110.5,Diwali,1.5,1,0,96,0,1,0,10,Transition
2025-10-22,CONE-L,Large Cone Pack,Cone Packs,62,47.2,0.77,0,None,0.0,0.0,25.7,0.3,106.6,Diwali,1.0,1,0,172,0,2,0,10,Transition
2025-10-23,CONE-L,Large Cone Pack,Cone Packs,55,42.31,0.77,0,None,0.0,0.0,26.3,0.6,86.4,None,0.0,0,0,140,0,3,0,10,Transition
2025-10-24,CONE-L,Large Cone Pack,Cone Packs,59,44.83,0.77,0,None,0.0,0.0,26.5,0.7,86.9,None,0.0,0,0,85,0,4,0,10,Transition
2025-10-25,CONE-L,Large Cone Pack,Cone Packs,66,50.05,0.77,0,None,0.0,0.0,25.2,0.5,101.6,None,0.0,0,0,175,0,5,1,10,Transition
2025-10-26,CONE-L,Large Cone Pack,Cone Packs,62,47.29,0.77,0,None,0.0,0.0,22.6,0.0,104.5,None,0.0,0,0,98,0,6,1,10,Transition
2025-10-27,CONE-L,Large Cone Pack,Cone Packs,58,45.01,0.77,0,None,0.0,0.0,26.3,0.0,97.3,None,0.0,0,1,143,0,0,0,10,Transition
2025-10-28,CONE-L,Large Cone Pack,Cone Packs,63,48.95,0.77,0,None,0.0,0.0,28.7,0.0,95.0,None,0.0,0,0,141,0,1,0,10,Transition
2025-10-29,CONE-L,Large Cone Pack,Cone Packs,48,36.45,0.77,0,None,0.0,0.0,22.8,0.0,92.4,None,0.0,0,0,210,0,2,0,10,Transition
2025-10-30,CONE-L,Large Cone Pack,Cone Packs,63,48.54,0.77,0,None,0.0,0.0,27.0,1.1,88.3,None,0.0,0,0,192,0,3,0,10,Transition
2025-10-31,CONE-L,Large Cone Pack,Cone Packs,48,36.79,0.77,0,None,0.0,0.0,24.8,0.1,86.6,None,0.0,0,1,167,0,4,0,10,Transition
2025-11-01,CONE-L,Large Cone Pack,Cone Packs,77,54.23,0.77,1,Loyalty Offer,7.0,1284.29,25.2,0.4,99.4,None,0.0,0,0,230,0,5,1,11,Winter
2025-11-02,CONE-L,Large Cone Pack,Cone Packs,71,50.45,0.77,1,Loyalty Offer,7.0,1284.29,23.4,0.6,104.1,None,0.0,0,0,119,0,6,1,11,Winter
2025-11-03,CONE-L,Large Cone Pack,Cone Packs,66,46.36,0.77,1,Loyalty Offer,7.0,1284.29,24.6,1.3,93.7,None,0.0,0,0,127,0,0,0,11,Winter
2025-11-04,CONE-L,Large Cone Pack,Cone Packs,67,48.46,0.77,1,Loyalty Offer,7.0,1284.29,27.5,0.1,81.5,None,0.0,0,0,207,0,1,0,11,Winter
2025-11-05,CONE-L,Large Cone Pack,Cone Packs,56,43.76,0.77,0,None,0.0,0.0,26.1,0.0,88.1,None,0.0,0,0,195,0,2,0,11,Winter
2025-11-06,CONE-L,Large Cone Pack,Cone Packs,62,47.34,0.77,0,None,0.0,0.0,28.1,0.4,98.1,None,0.0,0,0,85,0,3,0,11,Winter
2025-11-07,CONE-L,Large Cone Pack,Cone Packs,64,48.74,0.77,0,None,0.0,0.0,27.1,0.0,92.5,None,0.0,0,0,119,0,4,0,11,Winter
2025-11-08,CONE-L,Large Cone Pack,Cone Packs,66,51.3,0.77,0,None,0.0,0.0,25.7,0.1,95.0,None,0.0,0,0,122,0,5,1,11,Winter
2025-11-09,CONE-L,Large Cone Pack,Cone Packs,83,64.66,0.77,0,None,0.0,0.0,27.9,0.9,113.9,None,0.0,0,0,103,0,6,1,11,Winter
2025-11-10,CONE-L,Large Cone Pack,Cone Packs,57,43.19,0.77,0,None,0.0,0.0,25.5,0.1,92.0,None,0.0,0,0,182,0,0,0,11,Winter
2025-11-11,CONE-L,Large Cone Pack,Cone Packs,58,44.47,0.77,0,None,0.0,0.0,26.2,0.1,94.1,None,0.0,0,0,86,0,1,0,11,Winter
2025-11-12,CONE-L,Large Cone Pack,Cone Packs,53,40.69,0.77,0,None,0.0,0.0,24.1,0.2,94.2,None,0.0,0,0,207,0,2,0,11,Winter
2025-11-13,CONE-L,Large Cone Pack,Cone Packs,56,42.64,0.77,0,None,0.0,0.0,24.7,0.3,90.4,None,0.0,0,0,169,0,3,0,11,Winter
2025-11-14,CONE-L,Large Cone Pack,Cone Packs,49,37.84,0.77,0,None,0.0,0.0,23.3,0.1,88.6,None,0.0,0,0,190,0,4,0,11,Winter
2025-11-15,CONE-L,Large Cone Pack,Cone Packs,73,55.66,0.77,0,None,0.0,0.0,26.2,0.1,112.9,None,0.0,0,0,172,0,5,1,11,Winter
2025-11-16,CONE-L,Large Cone Pack,Cone Packs,61,46.61,0.77,0,None,0.0,0.0,22.3,0.5,107.3,None,0.0,0,0,236,0,6,1,11,Winter
2025-11-17,CONE-L,Large Cone Pack,Cone Packs,59,45.33,0.77,0,None,0.0,0.0,25.8,1.0,96.5,None,0.0,0,0,122,0,0,0,11,Winter
2025-11-18,CONE-L,Large Cone Pack,Cone Packs,55,41.56,0.77,0,None,0.0,0.0,24.0,0.1,95.3,None,0.0,0,0,164,0,1,0,11,Winter
2025-11-19,CONE-L,Large Cone Pack,Cone Packs,59,44.29,0.77,0,None,0.0,0.0,26.4,0.0,87.4,None,0.0,0,0,80,0,2,0,11,Winter
2025-11-20,CONE-L,Large Cone Pack,Cone Packs,58,45.14,0.77,0,None,0.0,0.0,25.6,0.2,98.9,None,0.0,0,0,211,0,3,0,11,Winter
2025-11-21,CONE-L,Large Cone Pack,Cone Packs,65,49.61,0.77,0,None,0.0,0.0,27.4,0.9,88.3,None,0.0,0,0,175,0,4,0,11,Winter
2025-11-22,CONE-L,Large Cone Pack,Cone Packs,70,55.3,0.77,0,None,0.0,0.0,25.4,0.9,104.0,None,0.0,0,1,118,0,5,1,11,Winter
2025-11-23,CONE-L,Large Cone Pack,Cone Packs,67,52.84,0.77,0,None,0.0,0.0,21.3,0.3,94.4,None,0.0,0,0,217,0,6,1,11,Winter
2025-11-24,CONE-L,Large Cone Pack,Cone Packs,52,39.83,0.77,0,None,0.0,0.0,23.9,2.4,82.5,None,0.0,0,1,230,0,0,0,11,Winter
2025-11-25,CONE-L,Large Cone Pack,Cone Packs,54,42.8,0.77,0,None,0.0,0.0,21.9,1.9,94.3,None,0.0,0,0,84,0,1,0,11,Winter
2025-11-26,CONE-L,Large Cone Pack,Cone Packs,57,41.34,0.77,1,Loyalty Offer,7.0,1490.84,23.0,0.5,88.7,None,0.0,0,0,212,0,2,0,11,Winter
2025-11-27,CONE-L,Large Cone Pack,Cone Packs,71,50.54,0.77,1,Loyalty Offer,7.0,1490.84,26.6,0.5,82.9,None,0.0,0,0,208,0,3,0,11,Winter
2025-11-28,CONE-L,Large Cone Pack,Cone Packs,64,44.5,0.77,1,Loyalty Offer,7.0,1490.84,25.0,0.5,95.6,None,0.0,0,0,140,0,4,0,11,Winter
2025-11-29,CONE-L,Large Cone Pack,Cone Packs,75,54.28,0.77,1,Loyalty Offer,7.0,1490.84,22.6,0.1,113.6,None,0.0,0,0,196,0,5,1,11,Winter
2025-11-30,CONE-L,Large Cone Pack,Cone Packs,61,47.11,0.77,0,None,0.0,0.0,22.0,0.4,110.0,None,0.0,0,0,206,0,6,1,11,Winter
2025-12-01,CONE-L,Large Cone Pack,Cone Packs,55,42.69,0.77,0,None,0.0,0.0,23.8,0.1,91.8,None,0.0,0,0,151,0,0,0,12,Winter
2025-12-02,CONE-L,Large Cone Pack,Cone Packs,50,38.52,0.77,0,None,0.0,0.0,21.6,0.2,93.2,None,0.0,0,0,176,0,1,0,12,Winter
2025-12-03,CONE-L,Large Cone Pack,Cone Packs,49,37.34,0.77,0,None,0.0,0.0,22.5,0.2,97.7,None,0.0,0,0,76,0,2,0,12,Winter
2025-12-04,CONE-L,Large Cone Pack,Cone Packs,55,42.29,0.77,0,None,0.0,0.0,24.3,0.8,98.9,None,0.0,0,0,223,0,3,0,12,Winter
2025-12-05,CONE-L,Large Cone Pack,Cone Packs,63,49.12,0.77,0,None,0.0,0.0,25.8,0.0,91.7,None,0.0,0,1,230,0,4,0,12,Winter
2025-12-06,CONE-L,Large Cone Pack,Cone Packs,69,53.14,0.77,0,None,0.0,0.0,24.8,1.2,103.7,None,0.0,0,0,122,0,5,1,12,Winter
2025-12-07,CONE-L,Large Cone Pack,Cone Packs,57,43.91,0.77,0,None,0.0,0.0,19.5,1.6,105.1,None,0.0,0,0,153,0,6,1,12,Winter
2025-12-08,CONE-L,Large Cone Pack,Cone Packs,59,44.83,0.77,0,None,0.0,0.0,24.2,0.1,96.4,None,0.0,0,0,117,0,0,0,12,Winter
2025-12-09,CONE-L,Large Cone Pack,Cone Packs,61,42.55,0.77,1,Weekend Flash,10.0,1773.39,23.7,0.5,93.1,None,0.0,0,0,144,0,1,0,12,Winter
2025-12-10,CONE-L,Large Cone Pack,Cone Packs,57,43.55,0.77,0,None,0.0,0.0,24.3,0.1,93.2,None,0.0,0,0,121,0,2,0,12,Winter
2025-12-11,CONE-L,Large Cone Pack,Cone Packs,63,49.34,0.77,0,None,0.0,0.0,26.5,0.6,100.8,None,0.0,0,0,220,0,3,0,12,Winter
2025-12-12,CONE-L,Large Cone Pack,Cone Packs,54,41.48,0.77,0,None,0.0,0.0,19.8,0.9,100.1,None,0.0,0,0,185,0,4,0,12,Winter
2025-12-13,CONE-L,Large Cone Pack,Cone Packs,68,52.53,0.78,0,None,0.0,0.0,22.5,0.1,106.5,None,0.0,0,0,223,0,5,1,12,Winter
2025-12-14,CONE-L,Large Cone Pack,Cone Packs,66,52.51,0.78,0,None,0.0,0.0,24.6,0.4,112.8,None,0.0,0,0,212,0,6,1,12,Winter
2025-12-15,CONE-L,Large Cone Pack,Cone Packs,53,40.96,0.78,0,None,0.0,0.0,20.7,1.7,92.4,None,0.0,0,0,189,0,0,0,12,Winter
2025-12-16,CONE-L,Large Cone Pack,Cone Packs,65,50.17,0.78,0,None,0.0,0.0,26.2,1.5,102.5,None,0.0,0,0,111,0,1,0,12,Winter
2025-12-17,CONE-L,Large Cone Pack,Cone Packs,54,42.21,0.78,0,None,0.0,0.0,24.2,0.0,97.2,None,0.0,0,0,206,0,2,0,12,Winter
2025-12-18,CONE-L,Large Cone Pack,Cone Packs,22,16.72,0.78,0,None,0.0,0.0,25.0,0.1,110.9,None,0.0,0,0,167,1,3,0,12,Winter
2025-12-19,CONE-L,Large Cone Pack,Cone Packs,49,38.63,0.78,0,None,0.0,0.0,22.5,0.5,88.7,None,0.0,0,0,88,0,4,0,12,Winter
2025-12-20,CONE-L,Large Cone Pack,Cone Packs,69,54.25,0.78,0,None,0.0,0.0,25.0,0.1,101.3,None,0.0,0,0,103,0,5,1,12,Winter
2025-12-21,CONE-L,Large Cone Pack,Cone Packs,66,51.62,0.78,0,None,0.0,0.0,25.4,0.0,107.0,None,0.0,0,0,207,0,6,1,12,Winter
2025-12-22,CONE-L,Large Cone Pack,Cone Packs,57,42.52,0.78,0,None,0.0,0.0,23.9,0.1,97.0,None,0.0,0,0,139,0,0,0,12,Winter
2025-12-23,CONE-L,Large Cone Pack,Cone Packs,52,40.32,0.78,0,None,0.0,0.0,23.9,0.7,104.9,None,0.0,0,0,124,0,1,0,12,Winter
2025-12-24,CONE-L,Large Cone Pack,Cone Packs,59,45.2,0.78,0,None,0.0,0.0,24.0,0.2,91.9,None,0.0,0,0,142,0,2,0,12,Winter
2025-12-25,CONE-L,Large Cone Pack,Cone Packs,62,48.91,0.78,0,None,0.0,0.0,22.0,0.0,115.5,Christmas,1.2,1,0,220,0,3,0,12,Winter
2025-12-26,CONE-L,Large Cone Pack,Cone Packs,61,48.09,0.78,0,None,0.0,0.0,23.3,0.1,101.3,None,0.0,0,0,139,0,4,0,12,Winter
2025-12-27,CONE-L,Large Cone Pack,Cone Packs,67,52.43,0.78,0,None,0.0,0.0,23.3,0.0,109.1,None,0.0,0,0,146,0,5,1,12,Winter
2025-12-28,CONE-L,Large Cone Pack,Cone Packs,65,49.91,0.78,0,None,0.0,0.0,24.2,0.1,100.9,None,0.0,0,0,148,0,6,1,12,Winter
2025-12-29,CONE-L,Large Cone Pack,Cone Packs,57,45.22,0.78,0,None,0.0,0.0,25.4,0.0,102.8,None,0.0,0,0,85,0,0,0,12,Winter
2025-12-30,CONE-L,Large Cone Pack,Cone Packs,54,41.97,0.78,0,None,0.0,0.0,21.7,0.4,102.1,None,0.0,0,0,79,0,1,0,12,Winter
2025-12-31,CONE-L,Large Cone Pack,Cone Packs,62,49.4,0.78,0,None,0.0,0.0,23.4,0.7,113.3,New Year,1.1,1,0,148,0,2,0,12,Winter
2026-01-01,CONE-L,Large Cone Pack,Cone Packs,65,50.88,0.78,0,None,0.0,0.0,26.3,0.2,97.2,None,0.0,0,0,87,0,3,0,1,Winter
2026-01-02,CONE-L,Large Cone Pack,Cone Packs,49,38.48,0.78,0,None,0.0,0.0,22.3,0.0,97.4,None,0.0,0,0,190,0,4,0,1,Winter
2026-01-03,CONE-L,Large Cone Pack,Cone Packs,69,53.58,0.78,0,None,0.0,0.0,22.2,0.8,106.0,None,0.0,0,0,156,0,5,1,1,Winter
2026-01-04,CONE-L,Large Cone Pack,Cone Packs,72,57.19,0.78,0,None,0.0,0.0,24.1,1.4,109.7,None,0.0,0,0,172,0,6,1,1,Winter
2026-01-05,CONE-L,Large Cone Pack,Cone Packs,58,45.65,0.78,0,None,0.0,0.0,25.2,1.0,96.8,None,0.0,0,1,131,0,0,0,1,Winter
2026-01-06,CONE-L,Large Cone Pack,Cone Packs,69,50.48,0.78,1,Bundle Offer,8.0,2468.92,23.8,0.1,92.5,None,0.0,0,0,211,0,1,0,1,Winter
2026-01-07,CONE-L,Large Cone Pack,Cone Packs,67,48.3,0.78,1,Bundle Offer,8.0,2468.92,26.2,1.3,91.7,None,0.0,0,0,155,0,2,0,1,Winter
2026-01-08,CONE-L,Large Cone Pack,Cone Packs,69,49.62,0.78,1,Bundle Offer,8.0,2468.92,25.3,0.8,93.3,None,0.0,0,0,94,0,3,0,1,Winter
2026-01-09,CONE-L,Large Cone Pack,Cone Packs,65,47.12,0.78,1,Bundle Offer,8.0,2468.92,25.3,1.5,98.3,None,0.0,0,1,163,0,4,0,1,Winter
2026-01-10,CONE-L,Large Cone Pack,Cone Packs,75,59.72,0.78,0,None,0.0,0.0,24.9,0.0,107.2,None,0.0,0,0,123,0,5,1,1,Winter
2026-01-11,CONE-L,Large Cone Pack,Cone Packs,73,57.85,0.78,0,None,0.0,0.0,28.1,0.0,108.5,None,0.0,0,0,188,0,6,1,1,Winter
2026-01-12,CONE-L,Large Cone Pack,Cone Packs,51,40.01,0.78,0,None,0.0,0.0,23.6,0.0,100.1,None,0.0,0,0,161,0,0,0,1,Winter
2026-01-13,CONE-L,Large Cone Pack,Cone Packs,50,38.3,0.78,0,None,0.0,0.0,20.4,0.0,94.6,None,0.0,0,1,145,0,1,0,1,Winter
2026-01-14,CONE-L,Large Cone Pack,Cone Packs,76,60.14,0.78,0,None,0.0,0.0,26.9,0.5,118.2,Makar Sankranti,1.0,1,0,157,0,2,0,1,Winter
2026-01-15,CONE-L,Large Cone Pack,Cone Packs,57,43.92,0.78,0,None,0.0,0.0,23.2,0.0,96.6,None,0.0,0,0,172,0,3,0,1,Winter
2026-01-16,CONE-L,Large Cone Pack,Cone Packs,57,44.72,0.78,0,None,0.0,0.0,24.3,0.0,95.9,None,0.0,0,0,185,0,4,0,1,Winter
2026-01-17,CONE-L,Large Cone Pack,Cone Packs,78,61.11,0.78,0,None,0.0,0.0,26.5,6.4,110.6,None,0.0,0,0,238,0,5,1,1,Winter
2026-01-18,CONE-L,Large Cone Pack,Cone Packs,61,47.06,0.78,0,None,0.0,0.0,21.3,0.7,99.2,None,0.0,0,0,235,0,6,1,1,Winter
2026-01-19,CONE-L,Large Cone Pack,Cone Packs,53,41.79,0.79,0,None,0.0,0.0,22.0,1.6,94.5,None,0.0,0,0,86,0,0,0,1,Winter
2026-01-20,CONE-L,Large Cone Pack,Cone Packs,59,47.53,0.79,0,None,0.0,0.0,21.4,0.0,103.5,None,0.0,0,0,184,0,1,0,1,Winter
2026-01-21,CONE-L,Large Cone Pack,Cone Packs,51,39.91,0.79,0,None,0.0,0.0,22.9,2.8,90.1,None,0.0,0,0,84,0,2,0,1,Winter
2026-01-22,CONE-L,Large Cone Pack,Cone Packs,58,45.99,0.79,0,None,0.0,0.0,25.2,0.3,104.5,None,0.0,0,0,144,0,3,0,1,Winter
2026-01-23,CONE-L,Large Cone Pack,Cone Packs,63,50.92,0.79,0,None,0.0,0.0,25.4,0.0,106.6,None,0.0,0,0,201,0,4,0,1,Winter
2026-01-24,CONE-L,Large Cone Pack,Cone Packs,72,57.2,0.79,0,None,0.0,0.0,25.0,0.8,107.3,None,0.0,0,0,178,0,5,1,1,Winter
2026-01-25,CONE-L,Large Cone Pack,Cone Packs,64,49.95,0.79,0,None,0.0,0.0,22.0,0.0,110.8,None,0.0,0,0,213,0,6,1,1,Winter
2026-01-26,CONE-L,Large Cone Pack,Cone Packs,62,48.92,0.79,0,None,0.0,0.0,20.4,0.0,115.4,Republic Day,0.8,1,0,228,0,0,0,1,Winter
2026-01-27,CONE-L,Large Cone Pack,Cone Packs,57,45.12,0.79,0,None,0.0,0.0,24.7,0.4,97.3,None,0.0,0,0,232,0,1,0,1,Winter
2026-01-28,CONE-L,Large Cone Pack,Cone Packs,57,45.64,0.79,0,None,0.0,0.0,23.9,0.5,104.1,None,0.0,0,0,184,0,2,0,1,Winter
2026-01-29,CONE-L,Large Cone Pack,Cone Packs,61,48.74,0.79,0,None,0.0,0.0,25.6,0.4,96.5,None,0.0,0,0,188,0,3,0,1,Winter
2026-01-30,CONE-L,Large Cone Pack,Cone Packs,62,47.21,0.79,0,None,0.0,0.0,26.1,0.0,97.6,None,0.0,0,0,210,0,4,0,1,Winter
2026-01-31,CONE-L,Large Cone Pack,Cone Packs,75,58.49,0.79,0,None,0.0,0.0,25.1,0.9,106.1,None,0.0,0,0,132,0,5,1,1,Winter
2026-02-01,CONE-L,Large Cone Pack,Cone Packs,76,59.85,0.79,0,None,0.0,0.0,26.3,2.3,112.0,None,0.0,0,0,144,0,6,1,2,Winter
2026-02-02,CONE-L,Large Cone Pack,Cone Packs,60,46.73,0.79,0,None,0.0,0.0,25.4,2.6,106.2,None,0.0,0,0,134,0,0,0,2,Winter
2026-02-03,CONE-L,Large Cone Pack,Cone Packs,63,47.48,0.79,0,None,0.0,0.0,26.0,0.0,99.6,None,0.0,0,0,202,0,1,0,2,Winter
2026-02-04,CONE-L,Large Cone Pack,Cone Packs,58,45.35,0.79,0,None,0.0,0.0,23.9,0.0,94.3,None,0.0,0,0,134,0,2,0,2,Winter
2026-02-05,CONE-L,Large Cone Pack,Cone Packs,72,49.99,0.79,1,Payday Campaign,12.0,2339.38,24.9,0.1,95.4,None,0.0,0,1,114,0,3,0,2,Winter
2026-02-06,CONE-L,Large Cone Pack,Cone Packs,76,52.45,0.79,1,Payday Campaign,12.0,2339.38,25.6,1.0,102.9,None,0.0,0,1,223,0,4,0,2,Winter
2026-02-07,CONE-L,Large Cone Pack,Cone Packs,74,57.72,0.79,0,None,0.0,0.0,26.8,0.0,120.3,None,0.0,0,0,213,0,5,1,2,Winter
2026-02-08,CONE-L,Large Cone Pack,Cone Packs,63,49.78,0.79,0,None,0.0,0.0,24.7,0.1,113.2,None,0.0,0,0,178,0,6,1,2,Winter
2026-02-09,CONE-L,Large Cone Pack,Cone Packs,66,52.35,0.79,0,None,0.0,0.0,26.4,0.1,99.4,None,0.0,0,0,227,0,0,0,2,Winter
2026-02-10,CONE-L,Large Cone Pack,Cone Packs,62,48.71,0.79,0,None,0.0,0.0,25.1,0.9,105.3,None,0.0,0,0,208,0,1,0,2,Winter
2026-02-11,CONE-L,Large Cone Pack,Cone Packs,60,48.2,0.79,0,None,0.0,0.0,25.4,0.0,100.4,None,0.0,0,1,224,0,2,0,2,Winter
2026-02-12,CONE-L,Large Cone Pack,Cone Packs,66,52.21,0.79,0,None,0.0,0.0,27.2,0.5,99.9,None,0.0,0,0,127,0,3,0,2,Winter
2026-02-13,CONE-L,Large Cone Pack,Cone Packs,59,46.16,0.79,0,None,0.0,0.0,22.2,0.2,97.1,None,0.0,0,0,97,0,4,0,2,Winter
2026-02-14,CONE-L,Large Cone Pack,Cone Packs,73,56.96,0.79,0,None,0.0,0.0,23.6,0.0,119.1,None,0.0,0,0,147,0,5,1,2,Winter
2026-02-15,CONE-L,Large Cone Pack,Cone Packs,67,52.87,0.79,0,None,0.0,0.0,23.3,3.4,99.5,None,0.0,0,0,219,0,6,1,2,Winter
2026-02-16,CONE-L,Large Cone Pack,Cone Packs,51,40.89,0.79,0,None,0.0,0.0,21.8,0.2,106.3,None,0.0,0,0,218,0,0,0,2,Winter
2026-02-17,CONE-L,Large Cone Pack,Cone Packs,56,43.88,0.79,0,None,0.0,0.0,24.9,2.0,100.1,None,0.0,0,0,93,0,1,0,2,Winter
2026-02-18,CONE-L,Large Cone Pack,Cone Packs,57,45.45,0.79,0,None,0.0,0.0,27.6,2.4,100.5,None,0.0,0,0,213,0,2,0,2,Winter
2026-02-19,CONE-L,Large Cone Pack,Cone Packs,65,51.53,0.79,0,None,0.0,0.0,25.8,0.0,111.2,None,0.0,0,0,161,0,3,0,2,Winter
2026-02-20,CONE-L,Large Cone Pack,Cone Packs,66,53.52,0.79,0,None,0.0,0.0,26.7,0.1,99.3,None,0.0,0,0,216,0,4,0,2,Winter
2026-02-21,CONE-L,Large Cone Pack,Cone Packs,84,66.85,0.79,0,None,0.0,0.0,28.4,1.8,109.6,None,0.0,0,0,213,0,5,1,2,Winter
2026-02-22,CONE-L,Large Cone Pack,Cone Packs,84,66.0,0.79,0,None,0.0,0.0,28.9,0.1,112.4,None,0.0,0,0,113,0,6,1,2,Winter
2026-02-23,CONE-L,Large Cone Pack,Cone Packs,63,50.37,0.79,0,None,0.0,0.0,26.5,0.0,105.3,None,0.0,0,0,160,0,0,0,2,Winter
2026-02-24,CONE-L,Large Cone Pack,Cone Packs,85,55.76,0.79,1,Festival Promo,18.0,3556.8,29.1,0.0,101.1,None,0.0,0,0,119,0,1,0,2,Winter
2026-02-25,CONE-L,Large Cone Pack,Cone Packs,74,49.63,0.79,1,Mango Festival,15.0,2927.37,27.0,0.0,95.6,None,0.0,0,0,148,0,2,0,2,Winter
2026-02-26,CONE-L,Large Cone Pack,Cone Packs,59,46.13,0.79,0,None,0.0,0.0,25.4,0.0,99.3,None,0.0,0,0,200,0,3,0,2,Winter
2026-02-27,CONE-L,Large Cone Pack,Cone Packs,60,47.89,0.79,0,None,0.0,0.0,25.9,0.1,110.1,None,0.0,0,0,189,0,4,0,2,Winter
2026-02-28,CONE-L,Large Cone Pack,Cone Packs,87,63.54,0.79,1,Bundle Offer,8.0,2149.42,24.4,0.0,114.2,None,0.0,0,0,219,0,5,1,2,Winter
2026-03-01,CONE-L,Large Cone Pack,Cone Packs,69,53.75,0.79,0,None,0.0,0.0,25.5,0.5,116.2,None,0.0,0,1,194,0,6,1,3,Summer
2026-03-02,CONE-L,Large Cone Pack,Cone Packs,69,54.92,0.79,0,None,0.0,0.0,26.6,0.7,113.2,Holi,0.8,1,0,91,0,0,0,3,Summer
2026-03-03,CONE-L,Large Cone Pack,Cone Packs,70,55.13,0.79,0,None,0.0,0.0,28.8,0.3,114.5,Holi,1.05,1,0,183,0,1,0,3,Summer
2026-03-04,CONE-L,Large Cone Pack,Cone Packs,88,68.58,0.79,0,None,0.0,0.0,30.5,0.0,129.6,Holi,1.3,1,0,185,0,2,0,3,Summer
2026-03-05,CONE-L,Large Cone Pack,Cone Packs,67,52.97,0.79,0,None,0.0,0.0,25.0,0.0,117.1,Holi,1.05,1,0,171,0,3,0,3,Summer
2026-03-06,CONE-L,Large Cone Pack,Cone Packs,72,58.05,0.79,0,None,0.0,0.0,28.3,0.5,112.7,Holi,0.8,1,0,126,0,4,0,3,Summer
2026-03-07,CONE-L,Large Cone Pack,Cone Packs,72,58.01,0.79,0,None,0.0,0.0,25.8,0.2,120.1,None,0.0,0,0,204,0,5,1,3,Summer
2026-03-08,CONE-L,Large Cone Pack,Cone Packs,81,65.07,0.79,0,None,0.0,0.0,28.6,0.3,111.1,None,0.0,0,0,198,0,6,1,3,Summer
2026-03-09,CONE-L,Large Cone Pack,Cone Packs,63,50.21,0.79,0,None,0.0,0.0,27.6,4.1,101.9,None,0.0,0,0,147,0,0,0,3,Summer
2026-03-10,CONE-L,Large Cone Pack,Cone Packs,58,46.41,0.79,0,None,0.0,0.0,24.7,0.3,105.0,None,0.0,0,0,87,0,1,0,3,Summer
2026-03-11,CONE-L,Large Cone Pack,Cone Packs,77,61.25,0.79,0,None,0.0,0.0,29.7,0.0,105.1,None,0.0,0,0,108,0,2,0,3,Summer
2026-03-12,CONE-L,Large Cone Pack,Cone Packs,65,50.97,0.79,0,None,0.0,0.0,27.1,0.1,106.5,None,0.0,0,0,142,0,3,0,3,Summer
2026-03-13,CONE-L,Large Cone Pack,Cone Packs,69,54.24,0.79,0,None,0.0,0.0,27.3,0.0,115.7,None,0.0,0,0,174,0,4,0,3,Summer
2026-03-14,CONE-L,Large Cone Pack,Cone Packs,74,58.39,0.79,0,None,0.0,0.0,26.4,0.0,117.1,None,0.0,0,0,253,0,5,1,3,Summer
2026-03-15,CONE-L,Large Cone Pack,Cone Packs,72,58.2,0.79,0,None,0.0,0.0,27.3,0.0,103.6,None,0.0,0,0,207,0,6,1,3,Summer
2026-03-16,CONE-L,Large Cone Pack,Cone Packs,70,56.37,0.79,0,None,0.0,0.0,29.3,2.8,107.2,None,0.0,0,0,167,0,0,0,3,Summer
2026-03-17,CONE-L,Large Cone Pack,Cone Packs,75,58.86,0.8,0,None,0.0,0.0,28.3,0.5,105.9,None,0.0,0,0,142,0,1,0,3,Summer
2026-03-18,CONE-L,Large Cone Pack,Cone Packs,69,54.9,0.8,0,None,0.0,0.0,29.3,0.0,106.0,None,0.0,0,0,115,0,2,0,3,Summer
2026-03-19,CONE-L,Large Cone Pack,Cone Packs,72,56.98,0.8,0,None,0.0,0.0,29.5,0.0,107.1,None,0.0,0,0,114,0,3,0,3,Summer
2026-03-20,CONE-L,Large Cone Pack,Cone Packs,72,57.15,0.8,0,None,0.0,0.0,31.3,0.2,105.8,None,0.0,0,0,103,0,4,0,3,Summer
2026-03-21,CONE-L,Large Cone Pack,Cone Packs,72,56.89,0.8,0,None,0.0,0.0,28.4,1.1,115.8,None,0.0,0,0,237,0,5,1,3,Summer
2026-03-22,CONE-L,Large Cone Pack,Cone Packs,74,59.85,0.8,0,None,0.0,0.0,26.4,1.4,119.2,None,0.0,0,0,96,0,6,1,3,Summer
2026-03-23,CONE-L,Large Cone Pack,Cone Packs,81,64.41,0.8,0,None,0.0,0.0,31.1,1.4,103.5,None,0.0,0,0,239,0,0,0,3,Summer
2026-03-24,CONE-L,Large Cone Pack,Cone Packs,69,55.03,0.8,0,None,0.0,0.0,28.7,0.1,101.6,None,0.0,0,0,182,0,1,0,3,Summer
2026-03-25,CONE-L,Large Cone Pack,Cone Packs,84,67.0,0.8,0,None,0.0,0.0,31.4,0.1,121.5,None,0.0,0,0,202,0,2,0,3,Summer
2026-03-26,CONE-L,Large Cone Pack,Cone Packs,86,57.43,0.8,1,Mango Festival,15.0,2310.78,30.2,0.1,102.9,None,0.0,0,0,259,0,3,0,3,Summer
2026-03-27,CONE-L,Large Cone Pack,Cone Packs,79,53.49,0.8,1,Mango Festival,15.0,2310.78,29.3,1.8,107.1,None,0.0,0,0,224,0,4,0,3,Summer
2026-03-28,CONE-L,Large Cone Pack,Cone Packs,100,68.48,0.8,1,Mango Festival,15.0,2310.78,30.3,0.3,109.2,None,0.0,0,1,143,0,5,1,3,Summer
2026-03-29,CONE-L,Large Cone Pack,Cone Packs,96,77.72,0.8,0,None,0.0,0.0,33.3,1.2,117.3,None,0.0,0,0,271,0,6,1,3,Summer
2026-03-30,CONE-L,Large Cone Pack,Cone Packs,79,61.99,0.8,0,None,0.0,0.0,33.6,0.0,102.1,None,0.0,0,0,127,0,0,0,3,Summer
2026-03-31,CONE-L,Large Cone Pack,Cone Packs,71,55.46,0.8,0,None,0.0,0.0,30.1,0.6,104.7,None,0.0,0,1,182,0,1,0,3,Summer
2026-04-01,CONE-L,Large Cone Pack,Cone Packs,72,57.33,0.8,0,None,0.0,0.0,30.3,0.4,112.2,None,0.0,0,0,194,0,2,0,4,Summer
2026-04-02,CONE-L,Large Cone Pack,Cone Packs,80,64.5,0.8,0,None,0.0,0.0,32.1,0.0,109.4,None,0.0,0,0,139,0,3,0,4,Summer
2026-04-03,CONE-L,Large Cone Pack,Cone Packs,80,57.53,0.8,1,Weekend Flash,10.0,1610.19,28.7,0.1,109.9,None,0.0,0,0,200,0,4,0,4,Summer
2026-04-04,CONE-L,Large Cone Pack,Cone Packs,103,74.35,0.8,1,Weekend Flash,10.0,1610.19,30.9,0.2,108.3,None,0.0,0,0,225,0,5,1,4,Summer
2026-04-05,CONE-L,Large Cone Pack,Cone Packs,107,75.36,0.8,1,Weekend Flash,10.0,1610.19,30.4,0.3,126.4,None,0.0,0,0,283,0,6,1,4,Summer
2026-04-06,CONE-L,Large Cone Pack,Cone Packs,85,60.44,0.8,1,Weekend Flash,10.0,1610.19,31.1,0.6,101.3,None,0.0,0,0,251,0,0,0,4,Summer
2026-04-07,CONE-L,Large Cone Pack,Cone Packs,68,52.67,0.8,0,None,0.0,0.0,29.1,0.1,115.0,None,0.0,0,0,151,0,1,0,4,Summer
2026-04-08,CONE-L,Large Cone Pack,Cone Packs,66,52.41,0.8,0,None,0.0,0.0,27.8,0.4,112.5,None,0.0,0,1,196,0,2,0,4,Summer
2026-04-09,CONE-L,Large Cone Pack,Cone Packs,71,55.01,0.8,0,None,0.0,0.0,27.0,0.1,110.3,None,0.0,0,0,222,0,3,0,4,Summer
2026-04-10,CONE-L,Large Cone Pack,Cone Packs,71,57.38,0.8,0,None,0.0,0.0,28.8,0.5,103.2,None,0.0,0,0,95,0,4,0,4,Summer
2026-04-11,CONE-L,Large Cone Pack,Cone Packs,89,72.11,0.8,0,None,0.0,0.0,30.1,0.2,118.3,None,0.0,0,0,218,0,5,1,4,Summer
2026-04-12,CONE-L,Large Cone Pack,Cone Packs,83,66.12,0.8,0,None,0.0,0.0,30.5,1.5,115.2,None,0.0,0,0,249,0,6,1,4,Summer
2026-04-13,CONE-L,Large Cone Pack,Cone Packs,75,58.56,0.8,0,None,0.0,0.0,34.6,0.3,107.8,None,0.0,0,0,114,0,0,0,4,Summer
2026-04-14,CONE-L,Large Cone Pack,Cone Packs,82,65.5,0.8,0,None,0.0,0.0,33.2,0.0,106.4,None,0.0,0,0,222,0,1,0,4,Summer
2026-04-15,CONE-L,Large Cone Pack,Cone Packs,70,56.9,0.8,0,None,0.0,0.0,29.6,0.2,97.5,None,0.0,0,0,99,0,2,0,4,Summer
2026-04-16,CONE-L,Large Cone Pack,Cone Packs,77,61.57,0.8,0,None,0.0,0.0,32.0,0.1,113.3,None,0.0,0,0,161,0,3,0,4,Summer
2026-04-17,CONE-L,Large Cone Pack,Cone Packs,71,57.25,0.8,0,None,0.0,0.0,30.7,2.5,107.4,None,0.0,0,0,222,0,4,0,4,Summer
2026-04-18,CONE-L,Large Cone Pack,Cone Packs,83,65.6,0.79,0,None,0.0,0.0,31.0,0.0,115.4,None,0.0,0,0,260,0,5,1,4,Summer
2026-04-19,CONE-L,Large Cone Pack,Cone Packs,92,72.36,0.79,0,None,0.0,0.0,32.0,0.4,115.0,None,0.0,0,0,228,0,6,1,4,Summer
2026-04-20,CONE-L,Large Cone Pack,Cone Packs,82,65.12,0.79,0,None,0.0,0.0,32.8,0.2,109.6,None,0.0,0,0,217,0,0,0,4,Summer
2026-04-21,CONE-L,Large Cone Pack,Cone Packs,70,54.34,0.79,0,None,0.0,0.0,31.2,0.0,103.4,None,0.0,0,0,131,0,1,0,4,Summer
2026-04-22,CONE-L,Large Cone Pack,Cone Packs,74,60.4,0.79,0,None,0.0,0.0,33.8,0.8,96.6,None,0.0,0,0,226,0,2,0,4,Summer
2026-04-23,CONE-L,Large Cone Pack,Cone Packs,75,59.69,0.79,0,None,0.0,0.0,29.9,0.0,110.0,None,0.0,0,0,200,0,3,0,4,Summer
2026-04-24,CONE-L,Large Cone Pack,Cone Packs,74,59.4,0.79,0,None,0.0,0.0,32.0,0.7,110.5,None,0.0,0,0,244,0,4,0,4,Summer
2026-04-25,CONE-L,Large Cone Pack,Cone Packs,101,79.78,0.79,0,None,0.0,0.0,36.8,0.0,117.0,None,0.0,0,0,217,0,5,1,4,Summer
2026-04-26,CONE-L,Large Cone Pack,Cone Packs,90,70.16,0.79,0,None,0.0,0.0,32.6,0.3,112.2,None,0.0,0,0,116,0,6,1,4,Summer
2026-04-27,CONE-L,Large Cone Pack,Cone Packs,78,63.0,0.79,0,None,0.0,0.0,34.8,1.7,108.4,None,0.0,0,0,179,0,0,0,4,Summer
2026-04-28,CONE-L,Large Cone Pack,Cone Packs,75,58.75,0.79,0,None,0.0,0.0,32.5,0.3,100.7,None,0.0,0,0,218,0,1,0,4,Summer
2026-04-29,CONE-L,Large Cone Pack,Cone Packs,76,60.59,0.79,0,None,0.0,0.0,33.5,0.6,102.9,None,0.0,0,0,222,0,2,0,4,Summer
2026-04-30,CONE-L,Large Cone Pack,Cone Packs,94,66.01,0.79,1,Payday Campaign,12.0,2238.92,32.4,0.1,104.2,None,0.0,0,0,175,0,3,0,4,Summer
2026-05-01,CONE-L,Large Cone Pack,Cone Packs,95,66.4,0.79,1,Payday Campaign,12.0,2238.92,32.3,0.5,112.2,None,0.0,0,1,142,0,4,0,5,Summer
2026-05-02,CONE-L,Large Cone Pack,Cone Packs,91,71.53,0.79,0,None,0.0,0.0,31.2,0.0,116.2,None,0.0,0,0,250,0,5,1,5,Summer
2026-05-03,CONE-L,Large Cone Pack,Cone Packs,94,74.44,0.79,0,None,0.0,0.0,33.5,1.6,115.8,None,0.0,0,0,245,0,6,1,5,Summer
2026-05-04,CONE-L,Large Cone Pack,Cone Packs,74,58.03,0.79,0,None,0.0,0.0,31.2,0.6,117.8,None,0.0,0,1,234,0,0,0,5,Summer
2026-05-05,CONE-L,Large Cone Pack,Cone Packs,100,65.66,0.79,1,Festival Promo,18.0,4030.5,34.0,0.0,109.7,None,0.0,0,0,227,0,1,0,5,Summer
2026-05-06,CONE-L,Large Cone Pack,Cone Packs,78,62.27,0.79,0,None,0.0,0.0,34.9,0.0,109.7,None,0.0,0,0,230,0,2,0,5,Summer
2026-05-07,CONE-L,Large Cone Pack,Cone Packs,83,65.78,0.79,0,None,0.0,0.0,33.6,2.5,106.1,None,0.0,0,0,167,0,3,0,5,Summer
2026-05-08,CONE-L,Large Cone Pack,Cone Packs,78,61.4,0.79,0,None,0.0,0.0,32.5,0.4,105.0,None,0.0,0,0,222,0,4,0,5,Summer
2026-05-09,CONE-L,Large Cone Pack,Cone Packs,91,73.94,0.79,0,None,0.0,0.0,33.9,0.0,107.0,None,0.0,0,0,189,0,5,1,5,Summer
2026-05-10,CONE-L,Large Cone Pack,Cone Packs,90,70.19,0.79,0,None,0.0,0.0,32.6,0.1,122.8,None,0.0,0,0,237,0,6,1,5,Summer
2026-05-11,CONE-L,Large Cone Pack,Cone Packs,84,65.3,0.79,0,None,0.0,0.0,34.9,0.0,110.1,None,0.0,0,0,127,0,0,0,5,Summer
2026-05-12,CONE-L,Large Cone Pack,Cone Packs,70,55.38,0.79,0,None,0.0,0.0,30.0,0.1,107.0,None,0.0,0,0,137,0,1,0,5,Summer
2026-05-13,CONE-L,Large Cone Pack,Cone Packs,76,59.99,0.79,0,None,0.0,0.0,32.7,0.0,107.2,None,0.0,0,0,130,0,2,0,5,Summer
2026-05-14,CONE-L,Large Cone Pack,Cone Packs,75,60.15,0.79,0,None,0.0,0.0,29.8,1.8,111.5,None,0.0,0,0,160,0,3,0,5,Summer
2026-05-15,CONE-L,Large Cone Pack,Cone Packs,68,54.23,0.79,0,None,0.0,0.0,30.8,0.6,100.0,None,0.0,0,0,218,0,4,0,5,Summer
2026-05-16,CONE-L,Large Cone Pack,Cone Packs,92,72.82,0.79,0,None,0.0,0.0,36.0,0.1,114.8,None,0.0,0,0,130,0,5,1,5,Summer
2026-05-17,CONE-L,Large Cone Pack,Cone Packs,91,72.42,0.79,0,None,0.0,0.0,35.2,0.7,112.0,None,0.0,0,0,227,0,6,1,5,Summer
2026-05-18,CONE-L,Large Cone Pack,Cone Packs,73,58.06,0.79,0,None,0.0,0.0,32.3,0.0,116.5,None,0.0,0,0,225,0,0,0,5,Summer
2026-05-19,CONE-L,Large Cone Pack,Cone Packs,74,59.98,0.79,0,None,0.0,0.0,31.0,2.8,112.0,None,0.0,0,0,201,0,1,0,5,Summer
2026-05-20,CONE-L,Large Cone Pack,Cone Packs,61,48.36,0.79,0,None,0.0,0.0,28.4,0.0,96.6,None,0.0,0,0,184,0,2,0,5,Summer
2026-05-21,CONE-L,Large Cone Pack,Cone Packs,72,56.43,0.79,0,None,0.0,0.0,32.8,0.2,100.0,None,0.0,0,0,114,0,3,0,5,Summer
2026-05-22,CONE-L,Large Cone Pack,Cone Packs,76,60.19,0.79,0,None,0.0,0.0,38.2,0.0,106.8,None,0.0,0,0,194,0,4,0,5,Summer
2026-05-23,CONE-L,Large Cone Pack,Cone Packs,109,75.05,0.79,1,Weekend Flash,10.0,1635.44,34.6,0.9,115.1,None,0.0,0,0,165,0,5,1,5,Summer
2026-05-24,CONE-L,Large Cone Pack,Cone Packs,103,73.17,0.79,1,Weekend Flash,10.0,1635.44,32.9,0.5,110.8,None,0.0,0,0,162,0,6,1,5,Summer
2026-05-25,CONE-L,Large Cone Pack,Cone Packs,81,64.78,0.79,0,None,0.0,0.0,34.8,0.1,117.1,None,0.0,0,0,238,0,0,0,5,Summer
2026-05-26,CONE-L,Large Cone Pack,Cone Packs,72,57.23,0.79,0,None,0.0,0.0,31.2,0.2,108.9,None,0.0,0,1,190,0,1,0,5,Summer
2026-05-27,CONE-L,Large Cone Pack,Cone Packs,78,61.76,0.79,0,None,0.0,0.0,33.5,0.4,109.6,None,0.0,0,0,256,0,2,0,5,Summer
2026-05-28,CONE-L,Large Cone Pack,Cone Packs,84,66.77,0.79,0,None,0.0,0.0,34.2,0.4,103.7,None,0.0,0,0,176,0,3,0,5,Summer
2026-05-29,CONE-L,Large Cone Pack,Cone Packs,78,62.32,0.79,0,None,0.0,0.0,33.9,1.3,110.7,None,0.0,0,1,155,0,4,0,5,Summer
2026-05-30,CONE-L,Large Cone Pack,Cone Packs,94,75.37,0.79,0,None,0.0,0.0,35.6,2.7,115.1,None,0.0,0,0,273,0,5,1,5,Summer
2026-05-31,CONE-L,Large Cone Pack,Cone Packs,95,75.27,0.79,0,None,0.0,0.0,34.8,0.2,115.6,None,0.0,0,0,214,0,6,1,5,Summer
2026-06-01,CONE-L,Large Cone Pack,Cone Packs,78,61.22,0.79,0,None,0.0,0.0,35.4,0.9,110.0,None,0.0,0,0,236,0,0,0,6,Monsoon
2026-06-02,CONE-L,Large Cone Pack,Cone Packs,75,57.43,0.79,0,None,0.0,0.0,33.0,13.9,98.7,None,0.0,0,0,102,0,1,0,6,Monsoon
2026-06-03,CONE-L,Large Cone Pack,Cone Packs,80,63.73,0.79,0,None,0.0,0.0,35.9,6.3,114.8,None,0.0,0,0,184,0,2,0,6,Monsoon
2026-06-04,CONE-L,Large Cone Pack,Cone Packs,78,61.78,0.79,0,None,0.0,0.0,37.2,4.8,107.6,None,0.0,0,0,228,0,3,0,6,Monsoon
2026-06-05,CONE-L,Large Cone Pack,Cone Packs,74,58.34,0.79,0,None,0.0,0.0,32.6,4.7,113.0,None,0.0,0,0,223,0,4,0,6,Monsoon
2026-06-06,CONE-L,Large Cone Pack,Cone Packs,87,67.87,0.79,0,None,0.0,0.0,32.7,5.5,111.2,None,0.0,0,1,221,0,5,1,6,Monsoon
2026-06-07,CONE-L,Large Cone Pack,Cone Packs,91,72.39,0.79,0,None,0.0,0.0,36.8,4.2,111.8,None,0.0,0,0,137,0,6,1,6,Monsoon
2026-06-08,CONE-L,Large Cone Pack,Cone Packs,69,54.08,0.79,0,None,0.0,0.0,34.0,9.2,100.6,None,0.0,0,0,176,0,0,0,6,Monsoon
2026-06-09,CONE-L,Large Cone Pack,Cone Packs,82,64.42,0.79,0,None,0.0,0.0,36.9,4.3,107.5,None,0.0,0,0,118,0,1,0,6,Monsoon
2026-06-10,CONE-L,Large Cone Pack,Cone Packs,84,65.95,0.79,0,None,0.0,0.0,33.6,6.3,106.5,None,0.0,0,0,232,0,2,0,6,Monsoon
2026-06-11,CONE-L,Large Cone Pack,Cone Packs,95,63.76,0.79,1,Mango Festival,15.0,2170.22,37.0,0.5,103.8,None,0.0,0,0,215,0,3,0,6,Monsoon
2026-06-12,CONE-L,Large Cone Pack,Cone Packs,96,63.19,0.79,1,Mango Festival,15.0,2170.22,34.7,6.3,101.0,None,0.0,0,0,147,0,4,0,6,Monsoon
2026-06-13,CONE-L,Large Cone Pack,Cone Packs,115,77.24,0.78,1,Mango Festival,15.0,2170.22,34.9,4.1,109.6,None,0.0,0,0,251,0,5,1,6,Monsoon
2026-06-14,CONE-L,Large Cone Pack,Cone Packs,105,73.51,0.78,1,Weekend Flash,10.0,1931.25,37.3,13.2,115.6,None,0.0,0,0,240,0,6,1,6,Monsoon
2026-06-15,CONE-L,Large Cone Pack,Cone Packs,94,65.81,0.78,1,Weekend Flash,10.0,1931.25,33.8,5.0,103.4,None,0.0,0,0,122,0,0,0,6,Monsoon
2026-06-16,CONE-L,Large Cone Pack,Cone Packs,86,61.34,0.78,1,Weekend Flash,10.0,1931.25,32.8,11.7,102.2,None,0.0,0,0,120,0,1,0,6,Monsoon
2026-06-17,CONE-L,Large Cone Pack,Cone Packs,101,70.4,0.78,1,Weekend Flash,10.0,1931.25,33.7,10.7,113.3,None,0.0,0,0,153,0,2,0,6,Monsoon
2026-06-18,CONE-L,Large Cone Pack,Cone Packs,76,60.19,0.78,0,None,0.0,0.0,35.3,10.9,105.0,None,0.0,0,0,107,0,3,0,6,Monsoon
2026-06-19,CONE-L,Large Cone Pack,Cone Packs,76,59.61,0.78,0,None,0.0,0.0,31.7,5.1,111.7,None,0.0,0,0,181,0,4,0,6,Monsoon
2026-06-20,CONE-L,Large Cone Pack,Cone Packs,106,74.86,0.78,1,Bundle Offer,8.0,2136.66,35.6,6.7,112.6,None,0.0,0,0,266,0,5,1,6,Monsoon
2026-06-21,CONE-L,Large Cone Pack,Cone Packs,114,83.45,0.78,1,Bundle Offer,8.0,2136.66,33.5,9.0,116.4,None,0.0,0,0,144,0,6,1,6,Monsoon
2026-06-22,CONE-L,Large Cone Pack,Cone Packs,95,61.19,0.78,1,Festival Promo,18.0,2832.56,36.6,6.8,104.8,None,0.0,0,1,213,0,0,0,6,Monsoon
2026-06-23,CONE-L,Large Cone Pack,Cone Packs,88,56.72,0.78,1,Festival Promo,18.0,2832.56,30.2,5.0,96.4,None,0.0,0,0,175,0,1,0,6,Monsoon
2026-06-24,CONE-L,Large Cone Pack,Cone Packs,51,33.1,0.78,1,Festival Promo,18.0,2832.56,33.1,2.5,112.0,None,0.0,0,0,204,1,2,0,6,Monsoon
2026-06-25,CONE-L,Large Cone Pack,Cone Packs,91,59.39,0.78,1,Festival Promo,18.0,2832.56,31.4,6.4,104.0,None,0.0,0,0,188,0,3,0,6,Monsoon
2026-06-26,CONE-L,Large Cone Pack,Cone Packs,76,59.54,0.78,0,None,0.0,0.0,33.0,1.1,108.3,None,0.0,0,0,202,0,4,0,6,Monsoon
2026-06-27,CONE-L,Large Cone Pack,Cone Packs,88,69.26,0.78,0,None,0.0,0.0,34.9,0.4,110.7,None,0.0,0,0,255,0,5,1,6,Monsoon
2026-06-28,CONE-L,Large Cone Pack,Cone Packs,83,65.11,0.78,0,None,0.0,0.0,34.1,1.9,113.5,None,0.0,0,0,124,0,6,1,6,Monsoon
2026-06-29,CONE-L,Large Cone Pack,Cone Packs,78,60.64,0.78,0,None,0.0,0.0,34.0,10.8,99.9,None,0.0,0,0,148,0,0,0,6,Monsoon
2026-06-30,CONE-L,Large Cone Pack,Cone Packs,76,58.19,0.78,0,None,0.0,0.0,34.1,7.7,110.3,None,0.0,0,0,139,0,1,0,6,Monsoon
2026-07-01,CONE-L,Large Cone Pack,Cone Packs,80,62.57,0.78,0,None,0.0,0.0,34.8,10.9,105.6,None,0.0,0,1,126,0,2,0,7,Monsoon
2026-07-02,CONE-L,Large Cone Pack,Cone Packs,75,59.46,0.78,0,None,0.0,0.0,32.6,3.2,105.7,None,0.0,0,0,198,0,3,0,7,Monsoon
2026-07-03,CONE-L,Large Cone Pack,Cone Packs,82,64.38,0.78,0,None,0.0,0.0,35.6,14.2,110.6,None,0.0,0,0,103,0,4,0,7,Monsoon
2026-07-04,CONE-L,Large Cone Pack,Cone Packs,95,73.09,0.78,0,None,0.0,0.0,35.5,1.3,119.4,None,0.0,0,0,176,0,5,1,7,Monsoon
2026-07-05,CONE-L,Large Cone Pack,Cone Packs,84,66.31,0.78,0,None,0.0,0.0,35.0,2.0,117.4,None,0.0,0,0,123,0,6,1,7,Monsoon
2026-07-06,CONE-L,Large Cone Pack,Cone Packs,76,58.97,0.78,0,None,0.0,0.0,35.3,14.0,96.3,None,0.0,0,0,194,0,0,0,7,Monsoon
2026-07-07,CONE-L,Large Cone Pack,Cone Packs,74,56.17,0.78,0,None,0.0,0.0,34.8,7.3,99.8,None,0.0,0,0,214,0,1,0,7,Monsoon
2026-07-08,CONE-L,Large Cone Pack,Cone Packs,78,61.45,0.78,0,None,0.0,0.0,37.9,11.0,98.1,None,0.0,0,1,172,0,2,0,7,Monsoon
2026-07-09,CONE-L,Large Cone Pack,Cone Packs,99,62.44,0.78,1,Festival Promo,18.0,3402.85,34.1,7.8,106.7,None,0.0,0,0,190,0,3,0,7,Monsoon
2026-07-10,CONE-L,Large Cone Pack,Cone Packs,97,63.18,0.78,1,Festival Promo,18.0,3402.85,33.6,3.7,103.8,None,0.0,0,0,188,0,4,0,7,Monsoon
2026-07-11,CONE-L,Large Cone Pack,Cone Packs,85,67.0,0.78,0,None,0.0,0.0,32.8,1.7,105.8,None,0.0,0,0,136,0,5,1,7,Monsoon
2026-07-12,CONE-L,Large Cone Pack,Cone Packs,84,65.11,0.78,0,None,0.0,0.0,32.3,0.6,111.7,None,0.0,0,0,164,0,6,1,7,Monsoon
2026-07-13,CONE-L,Large Cone Pack,Cone Packs,68,53.12,0.78,0,None,0.0,0.0,31.8,22.9,95.0,None,0.0,0,0,237,0,0,0,7,Monsoon
2026-07-14,CONE-L,Large Cone Pack,Cone Packs,67,53.55,0.78,0,None,0.0,0.0,32.4,0.9,102.1,None,0.0,0,1,93,0,1,0,7,Monsoon
2026-07-15,CONE-L,Large Cone Pack,Cone Packs,71,55.79,0.78,0,None,0.0,0.0,33.9,18.2,94.0,None,0.0,0,0,217,0,2,0,7,Monsoon
2026-07-16,CONE-L,Large Cone Pack,Cone Packs,71,55.27,0.78,0,None,0.0,0.0,34.6,6.9,104.8,None,0.0,0,0,117,0,3,0,7,Monsoon
2026-07-17,CONE-L,Large Cone Pack,Cone Packs,84,62.04,0.78,1,Bundle Offer,8.0,2001.94,34.0,8.0,103.9,None,0.0,0,0,122,0,4,0,7,Monsoon
2026-07-18,CONE-L,Large Cone Pack,Cone Packs,90,69.91,0.78,0,None,0.0,0.0,32.5,7.5,121.4,None,0.0,0,0,155,0,5,1,7,Monsoon
2026-07-19,CONE-L,Large Cone Pack,Cone Packs,93,72.62,0.78,0,None,0.0,0.0,35.5,9.9,116.0,None,0.0,0,1,156,0,6,1,7,Monsoon
2026-07-20,CONE-L,Large Cone Pack,Cone Packs,75,57.48,0.78,0,None,0.0,0.0,35.1,2.9,99.5,None,0.0,0,0,145,0,0,0,7,Monsoon
2026-07-21,CONE-L,Large Cone Pack,Cone Packs,74,56.19,0.77,0,None,0.0,0.0,33.5,0.3,105.5,None,0.0,0,0,229,0,1,0,7,Monsoon
2026-07-22,CONE-L,Large Cone Pack,Cone Packs,68,52.49,0.77,0,None,0.0,0.0,32.5,3.6,94.3,None,0.0,0,0,232,0,2,0,7,Monsoon
2026-07-23,CONE-L,Large Cone Pack,Cone Packs,73,56.56,0.77,0,None,0.0,0.0,34.6,9.2,96.4,None,0.0,0,0,203,0,3,0,7,Monsoon
2026-07-24,CONE-L,Large Cone Pack,Cone Packs,73,56.74,0.77,0,None,0.0,0.0,33.9,2.0,102.7,None,0.0,0,0,116,0,4,0,7,Monsoon
2026-07-25,CONE-L,Large Cone Pack,Cone Packs,80,60.86,0.77,0,None,0.0,0.0,30.9,14.5,100.1,None,0.0,0,0,251,0,5,1,7,Monsoon
2026-07-26,CONE-L,Large Cone Pack,Cone Packs,84,65.5,0.77,0,None,0.0,0.0,33.4,5.6,110.6,None,0.0,0,1,239,0,6,1,7,Monsoon
2026-07-27,CONE-L,Large Cone Pack,Cone Packs,76,58.19,0.77,0,None,0.0,0.0,33.9,1.8,95.5,None,0.0,0,0,108,0,0,0,7,Monsoon
2026-07-28,CONE-L,Large Cone Pack,Cone Packs,69,53.74,0.77,0,None,0.0,0.0,31.8,7.2,101.0,None,0.0,0,0,150,0,1,0,7,Monsoon
2026-07-29,CONE-L,Large Cone Pack,Cone Packs,75,58.62,0.77,0,None,0.0,0.0,33.7,9.1,95.0,None,0.0,0,0,219,0,2,0,7,Monsoon
2026-07-30,CONE-L,Large Cone Pack,Cone Packs,32,24.61,0.77,0,None,0.0,0.0,30.6,9.7,102.3,None,0.0,0,1,66,1,3,0,7,Monsoon
2026-07-31,CONE-L,Large Cone Pack,Cone Packs,76,58.03,0.77,0,None,0.0,0.0,35.6,14.0,100.2,None,0.0,0,0,108,0,4,0,7,Monsoon
2026-08-01,CONE-L,Large Cone Pack,Cone Packs,95,74.72,0.77,0,None,0.0,0.0,35.4,1.1,117.0,None,0.0,0,0,211,0,5,1,8,Monsoon
2026-08-02,CONE-L,Large Cone Pack,Cone Packs,80,62.41,0.77,0,None,0.0,0.0,32.6,14.0,109.8,None,0.0,0,0,153,0,6,1,8,Monsoon
2026-08-03,CONE-L,Large Cone Pack,Cone Packs,72,55.67,0.77,0,None,0.0,0.0,33.7,15.0,95.8,None,0.0,0,0,162,0,0,0,8,Monsoon
2026-08-04,CONE-L,Large Cone Pack,Cone Packs,67,52.6,0.77,0,None,0.0,0.0,28.6,1.7,98.3,None,0.0,0,0,207,0,1,0,8,Monsoon
2026-08-05,CONE-L,Large Cone Pack,Cone Packs,68,52.5,0.77,0,None,0.0,0.0,30.8,2.2,92.7,None,0.0,0,0,175,0,2,0,8,Monsoon
2026-08-06,CONE-L,Large Cone Pack,Cone Packs,78,59.7,0.77,0,None,0.0,0.0,32.3,11.4,101.3,None,0.0,0,0,211,0,3,0,8,Monsoon
2026-08-07,CONE-L,Large Cone Pack,Cone Packs,75,57.12,0.77,0,None,0.0,0.0,30.8,4.3,102.1,None,0.0,0,0,115,0,4,0,8,Monsoon
2026-08-08,CONE-L,Large Cone Pack,Cone Packs,95,73.12,0.77,0,None,0.0,0.0,34.0,16.8,121.3,None,0.0,0,0,115,0,5,1,8,Monsoon
2026-08-09,CONE-L,Large Cone Pack,Cone Packs,88,68.43,0.77,0,None,0.0,0.0,36.2,20.3,105.7,None,0.0,0,0,148,0,6,1,8,Monsoon
2026-08-10,CONE-L,Large Cone Pack,Cone Packs,64,50.12,0.77,0,None,0.0,0.0,30.4,1.8,97.4,None,0.0,0,0,116,0,0,0,8,Monsoon
2026-08-11,CONE-L,Large Cone Pack,Cone Packs,66,50.84,0.77,0,None,0.0,0.0,31.0,2.8,95.7,None,0.0,0,0,137,0,1,0,8,Monsoon
2026-08-12,CONE-L,Large Cone Pack,Cone Packs,72,56.23,0.77,0,None,0.0,0.0,32.8,6.9,99.5,None,0.0,0,0,216,0,2,0,8,Monsoon
2026-08-13,CONE-L,Large Cone Pack,Cone Packs,73,56.04,0.77,0,None,0.0,0.0,35.2,0.3,100.2,None,0.0,0,0,117,0,3,0,8,Monsoon
2026-08-14,CONE-L,Large Cone Pack,Cone Packs,64,48.78,0.77,0,None,0.0,0.0,30.0,0.6,97.9,None,0.0,0,0,104,0,4,0,8,Monsoon
2026-08-15,CONE-L,Large Cone Pack,Cone Packs,99,74.96,0.77,0,None,0.0,0.0,32.6,2.5,125.2,Independence Day,0.9,1,0,151,0,5,1,8,Monsoon
2026-08-16,CONE-L,Large Cone Pack,Cone Packs,94,71.85,0.77,0,None,0.0,0.0,35.4,25.6,104.8,None,0.0,0,0,166,0,6,1,8,Monsoon
2026-08-17,CONE-L,Large Cone Pack,Cone Packs,68,51.48,0.77,0,None,0.0,0.0,29.0,7.8,102.7,None,0.0,0,0,119,0,0,0,8,Monsoon
2026-08-18,CONE-L,Large Cone Pack,Cone Packs,65,51.17,0.77,0,None,0.0,0.0,29.6,3.3,100.3,None,0.0,0,0,114,0,1,0,8,Monsoon
2026-08-19,CONE-L,Large Cone Pack,Cone Packs,72,55.62,0.77,0,None,0.0,0.0,31.1,2.1,97.5,None,0.0,0,0,184,0,2,0,8,Monsoon
2026-08-20,CONE-L,Large Cone Pack,Cone Packs,69,52.95,0.77,0,None,0.0,0.0,30.8,1.7,95.8,None,0.0,0,0,106,0,3,0,8,Monsoon
2026-08-21,CONE-L,Large Cone Pack,Cone Packs,76,59.58,0.77,0,None,0.0,0.0,33.1,3.6,109.4,None,0.0,0,0,120,0,4,0,8,Monsoon
2026-08-22,CONE-L,Large Cone Pack,Cone Packs,84,63.5,0.77,0,None,0.0,0.0,32.0,3.4,103.0,None,0.0,0,0,237,0,5,1,8,Monsoon
2026-08-23,CONE-L,Large Cone Pack,Cone Packs,75,57.49,0.77,0,None,0.0,0.0,28.3,5.1,108.5,None,0.0,0,0,97,0,6,1,8,Monsoon
2026-08-24,CONE-L,Large Cone Pack,Cone Packs,73,57.38,0.77,0,None,0.0,0.0,32.4,9.5,93.1,None,0.0,0,0,102,0,0,0,8,Monsoon
2026-08-25,CONE-L,Large Cone Pack,Cone Packs,70,53.63,0.77,0,None,0.0,0.0,30.3,5.8,105.7,None,0.0,0,0,101,0,1,0,8,Monsoon
2026-08-26,CONE-L,Large Cone Pack,Cone Packs,73,57.66,0.77,0,None,0.0,0.0,33.6,12.0,101.1,None,0.0,0,0,178,0,2,0,8,Monsoon
2026-08-27,CONE-L,Large Cone Pack,Cone Packs,63,48.79,0.77,0,None,0.0,0.0,30.0,4.8,93.1,None,0.0,0,1,194,0,3,0,8,Monsoon
2026-08-28,CONE-L,Large Cone Pack,Cone Packs,76,59.2,0.77,0,None,0.0,0.0,29.9,21.5,111.9,Raksha Bandhan,1.0,1,0,206,0,4,0,8,Monsoon
2026-08-29,CONE-L,Large Cone Pack,Cone Packs,87,67.78,0.77,0,None,0.0,0.0,32.0,11.7,107.5,None,0.0,0,0,217,0,5,1,8,Monsoon
2026-08-30,CONE-L,Large Cone Pack,Cone Packs,84,64.4,0.77,0,None,0.0,0.0,32.3,7.6,103.5,None,0.0,0,0,113,0,6,1,8,Monsoon
2026-08-31,CONE-L,Large Cone Pack,Cone Packs,67,51.06,0.77,0,None,0.0,0.0,31.6,9.5,99.8,None,0.0,0,1,142,0,0,0,8,Monsoon
2026-09-01,CONE-L,Large Cone Pack,Cone Packs,66,50.51,0.77,0,None,0.0,0.0,27.7,3.7,97.8,None,0.0,0,0,187,0,1,0,9,Monsoon
2026-09-02,CONE-L,Large Cone Pack,Cone Packs,74,56.03,0.77,0,None,0.0,0.0,31.6,5.0,96.8,None,0.0,0,0,203,0,2,0,9,Monsoon
2026-09-03,CONE-L,Large Cone Pack,Cone Packs,57,43.64,0.77,0,None,0.0,0.0,28.7,4.8,95.4,None,0.0,0,0,130,0,3,0,9,Monsoon
2026-09-04,CONE-L,Large Cone Pack,Cone Packs,73,55.92,0.77,0,None,0.0,0.0,30.9,2.9,97.7,None,0.0,0,0,228,0,4,0,9,Monsoon
2026-09-05,CONE-L,Large Cone Pack,Cone Packs,74,57.83,0.77,0,None,0.0,0.0,27.8,1.3,106.6,None,0.0,0,0,227,0,5,1,9,Monsoon
2026-09-06,CONE-L,Large Cone Pack,Cone Packs,84,64.79,0.77,0,None,0.0,0.0,31.1,9.9,105.6,None,0.0,0,0,226,0,6,1,9,Monsoon
2026-09-07,CONE-L,Large Cone Pack,Cone Packs,67,52.76,0.77,0,None,0.0,0.0,28.7,13.5,92.0,None,0.0,0,0,214,0,0,0,9,Monsoon
2026-09-08,CONE-L,Large Cone Pack,Cone Packs,69,51.46,0.77,0,None,0.0,0.0,27.8,8.8,103.6,None,0.0,0,0,245,0,1,0,9,Monsoon
2026-09-09,CONE-L,Large Cone Pack,Cone Packs,71,53.56,0.77,0,None,0.0,0.0,31.3,5.8,89.7,None,0.0,0,0,218,0,2,0,9,Monsoon
2026-09-10,CONE-L,Large Cone Pack,Cone Packs,69,52.59,0.77,0,None,0.0,0.0,30.3,28.7,97.0,None,0.0,0,0,182,0,3,0,9,Monsoon
2026-09-11,CONE-L,Large Cone Pack,Cone Packs,59,45.96,0.77,0,None,0.0,0.0,28.7,3.3,93.2,None,0.0,0,0,142,0,4,0,9,Monsoon
2026-09-12,CONE-L,Large Cone Pack,Cone Packs,82,62.67,0.77,0,None,0.0,0.0,32.3,7.9,113.5,None,0.0,0,0,159,0,5,1,9,Monsoon
2026-09-13,CONE-L,Large Cone Pack,Cone Packs,79,59.38,0.77,0,None,0.0,0.0,28.8,15.0,100.1,None,0.0,0,0,230,0,6,1,9,Monsoon
2026-09-14,CONE-L,Large Cone Pack,Cone Packs,69,52.63,0.77,0,None,0.0,0.0,29.6,1.9,90.8,None,0.0,0,0,136,0,0,0,9,Monsoon
2026-09-15,CONE-L,Large Cone Pack,Cone Packs,80,49.46,0.76,1,Festival Promo,18.0,3183.92,29.9,10.5,89.5,None,0.0,0,0,200,0,1,0,9,Monsoon
2026-09-16,CONE-L,Large Cone Pack,Cone Packs,79,48.72,0.76,1,Festival Promo,18.0,3183.92,28.2,22.5,95.9,None,0.0,0,1,179,0,2,0,9,Monsoon
2026-09-17,CONE-L,Large Cone Pack,Cone Packs,81,52.02,0.76,1,Festival Promo,18.0,3183.92,30.1,6.3,87.3,None,0.0,0,0,161,0,3,0,9,Monsoon
2026-09-18,CONE-L,Large Cone Pack,Cone Packs,60,45.69,0.76,0,None,0.0,0.0,28.2,7.3,91.7,None,0.0,0,0,152,0,4,0,9,Monsoon
2026-09-19,CONE-L,Large Cone Pack,Cone Packs,76,58.24,0.76,0,None,0.0,0.0,28.3,3.3,93.2,None,0.0,0,0,108,0,5,1,9,Monsoon
2026-09-20,CONE-L,Large Cone Pack,Cone Packs,85,64.92,0.76,0,None,0.0,0.0,31.4,9.4,105.1,None,0.0,0,0,218,0,6,1,9,Monsoon
2026-09-21,CONE-L,Large Cone Pack,Cone Packs,59,44.98,0.76,0,None,0.0,0.0,27.0,2.8,91.3,None,0.0,0,0,89,0,0,0,9,Monsoon
2026-09-22,CONE-L,Large Cone Pack,Cone Packs,62,46.93,0.76,0,None,0.0,0.0,24.4,5.9,86.3,None,0.0,0,0,93,0,1,0,9,Monsoon
2026-09-23,CONE-L,Large Cone Pack,Cone Packs,67,51.03,0.76,0,None,0.0,0.0,31.6,1.1,99.1,None,0.0,0,0,127,0,2,0,9,Monsoon
2026-09-24,CONE-L,Large Cone Pack,Cone Packs,74,56.8,0.76,0,None,0.0,0.0,33.2,4.0,87.0,None,0.0,0,0,179,0,3,0,9,Monsoon
2026-09-25,CONE-L,Large Cone Pack,Cone Packs,60,46.65,0.76,0,None,0.0,0.0,27.8,3.9,97.5,None,0.0,0,0,127,0,4,0,9,Monsoon
2026-09-26,CONE-L,Large Cone Pack,Cone Packs,66,51.03,0.76,0,None,0.0,0.0,24.9,4.4,99.9,None,0.0,0,0,226,0,5,1,9,Monsoon
2026-09-27,CONE-L,Large Cone Pack,Cone Packs,77,58.0,0.76,0,None,0.0,0.0,27.7,11.5,111.3,None,0.0,0,0,245,0,6,1,9,Monsoon
2026-09-28,CONE-L,Large Cone Pack,Cone Packs,65,50.28,0.76,0,None,0.0,0.0,27.7,13.8,97.0,None,0.0,0,0,147,0,0,0,9,Monsoon
2026-09-29,CONE-L,Large Cone Pack,Cone Packs,60,46.13,0.76,0,None,0.0,0.0,27.8,8.1,88.1,None,0.0,0,0,239,0,1,0,9,Monsoon
2026-09-30,CONE-L,Large Cone Pack,Cone Packs,56,42.49,0.76,0,None,0.0,0.0,26.0,10.8,88.5,None,0.0,0,0,90,0,2,0,9,Monsoon
2026-10-01,CONE-L,Large Cone Pack,Cone Packs,65,49.79,0.76,0,None,0.0,0.0,29.0,0.2,96.1,None,0.0,0,0,107,0,3,0,10,Transition
2026-10-02,CONE-L,Large Cone Pack,Cone Packs,83,54.3,0.76,1,Mango Festival,15.0,2266.08,28.8,0.3,100.8,Gandhi Jayanti,0.7,1,0,158,0,4,0,10,Transition
2026-10-03,CONE-L,Large Cone Pack,Cone Packs,85,55.26,0.76,1,Mango Festival,15.0,2266.08,25.1,0.1,102.1,None,0.0,0,0,255,0,5,1,10,Transition
2026-10-04,CONE-L,Large Cone Pack,Cone Packs,99,64.7,0.76,1,Mango Festival,15.0,2266.08,28.9,2.6,109.2,None,0.0,0,0,199,0,6,1,10,Transition
2026-10-05,CONE-L,Large Cone Pack,Cone Packs,87,55.94,0.76,1,Mango Festival,15.0,2608.02,31.3,0.0,89.0,None,0.0,0,0,220,0,0,0,10,Transition
2026-10-06,CONE-L,Large Cone Pack,Cone Packs,62,48.53,0.76,0,None,0.0,0.0,27.8,0.0,93.2,None,0.0,0,0,186,0,1,0,10,Transition
2026-10-07,CONE-L,Large Cone Pack,Cone Packs,61,45.55,0.76,0,None,0.0,0.0,26.8,0.3,97.4,None,0.0,0,0,160,0,2,0,10,Transition
2026-10-08,CONE-L,Large Cone Pack,Cone Packs,65,50.04,0.76,0,None,0.0,0.0,27.0,0.6,96.7,None,0.0,0,0,234,0,3,0,10,Transition
2026-10-09,CONE-L,Large Cone Pack,Cone Packs,67,51.45,0.76,0,None,0.0,0.0,28.3,2.9,91.8,None,0.0,0,0,239,0,4,0,10,Transition
2026-10-10,CONE-L,Large Cone Pack,Cone Packs,69,53.16,0.76,0,None,0.0,0.0,24.0,0.6,101.1,None,0.0,0,0,160,0,5,1,10,Transition
2026-10-11,CONE-L,Large Cone Pack,Cone Packs,73,55.34,0.76,0,None,0.0,0.0,27.3,1.1,93.8,None,0.0,0,0,207,0,6,1,10,Transition
2026-10-12,CONE-L,Large Cone Pack,Cone Packs,62,48.08,0.76,0,None,0.0,0.0,26.2,0.7,87.1,None,0.0,0,0,181,0,0,0,10,Transition
2026-10-13,CONE-L,Large Cone Pack,Cone Packs,67,51.17,0.76,0,None,0.0,0.0,30.2,0.9,94.0,None,0.0,0,0,181,0,1,0,10,Transition
2026-10-14,CONE-L,Large Cone Pack,Cone Packs,59,44.48,0.76,0,None,0.0,0.0,26.4,0.0,91.6,None,0.0,0,0,95,0,2,0,10,Transition
2026-10-15,CONE-L,Large Cone Pack,Cone Packs,71,53.59,0.76,0,None,0.0,0.0,29.7,2.7,92.7,None,0.0,0,0,124,0,3,0,10,Transition
2026-10-16,CONE-L,Large Cone Pack,Cone Packs,59,45.2,0.76,0,None,0.0,0.0,24.6,0.3,97.5,None,0.0,0,0,237,0,4,0,10,Transition
2026-10-17,CONE-L,Large Cone Pack,Cone Packs,72,54.02,0.76,0,None,0.0,0.0,27.6,0.1,96.3,None,0.0,0,0,131,0,5,1,10,Transition
2026-10-18,CONE-L,Large Cone Pack,Cone Packs,70,54.71,0.77,0,None,0.0,0.0,27.0,0.1,101.0,None,0.0,0,0,194,0,6,1,10,Transition
2026-10-19,CONE-L,Large Cone Pack,Cone Packs,56,43.39,0.77,0,None,0.0,0.0,24.8,0.0,93.1,None,0.0,0,0,221,0,0,0,10,Transition
2026-10-20,CONE-L,Large Cone Pack,Cone Packs,57,44.57,0.77,0,None,0.0,0.0,26.6,0.4,88.6,None,0.0,0,0,173,0,1,0,10,Transition
2026-10-21,CONE-L,Large Cone Pack,Cone Packs,85,58.43,0.77,1,Payday Campaign,12.0,2405.18,28.4,0.5,99.3,None,0.0,0,0,139,0,2,0,10,Transition
2026-10-22,CONE-L,Large Cone Pack,Cone Packs,74,49.63,0.77,1,Payday Campaign,12.0,2405.18,25.5,0.2,96.6,None,0.0,0,0,231,0,3,0,10,Transition
2026-10-23,CONE-L,Large Cone Pack,Cone Packs,61,40.66,0.77,1,Payday Campaign,12.0,2405.18,23.0,0.0,93.5,None,0.0,0,0,86,0,4,0,10,Transition
2026-10-24,CONE-L,Large Cone Pack,Cone Packs,70,51.87,0.77,0,None,0.0,0.0,25.9,0.0,111.0,None,0.0,0,0,205,0,5,1,10,Transition
2026-10-25,CONE-L,Large Cone Pack,Cone Packs,62,47.24,0.77,0,None,0.0,0.0,24.2,0.6,94.5,None,0.0,0,0,124,0,6,1,10,Transition
2026-10-26,CONE-L,Large Cone Pack,Cone Packs,56,43.8,0.77,0,None,0.0,0.0,25.2,2.8,92.0,None,0.0,0,0,178,0,0,0,10,Transition
2026-10-27,CONE-L,Large Cone Pack,Cone Packs,58,43.98,0.77,0,None,0.0,0.0,25.6,0.4,93.9,None,0.0,0,0,154,0,1,0,10,Transition
2026-10-28,CONE-L,Large Cone Pack,Cone Packs,54,41.26,0.77,0,None,0.0,0.0,22.6,0.4,87.4,None,0.0,0,0,165,0,2,0,10,Transition
2026-10-29,CONE-L,Large Cone Pack,Cone Packs,49,37.29,0.77,0,None,0.0,0.0,22.6,0.2,93.5,None,0.0,0,0,130,0,3,0,10,Transition
2026-10-30,CONE-L,Large Cone Pack,Cone Packs,66,50.8,0.77,0,None,0.0,0.0,26.3,0.2,86.5,None,0.0,0,0,170,0,4,0,10,Transition
2026-10-31,CONE-L,Large Cone Pack,Cone Packs,65,50.59,0.77,0,None,0.0,0.0,24.5,0.6,105.5,None,0.0,0,0,234,0,5,1,10,Transition
2026-11-01,CONE-L,Large Cone Pack,Cone Packs,59,44.39,0.77,0,None,0.0,0.0,20.7,0.9,107.3,None,0.0,0,0,211,0,6,1,11,Winter
2026-11-02,CONE-L,Large Cone Pack,Cone Packs,67,50.54,0.77,0,None,0.0,0.0,26.7,0.8,93.4,None,0.0,0,0,153,0,0,0,11,Winter
2026-11-03,CONE-L,Large Cone Pack,Cone Packs,61,47.61,0.77,0,None,0.0,0.0,25.7,0.1,82.7,None,0.0,0,0,231,0,1,0,11,Winter
2026-11-04,CONE-L,Large Cone Pack,Cone Packs,53,41.01,0.77,0,None,0.0,0.0,23.8,2.8,87.2,None,0.0,0,0,215,0,2,0,11,Winter
2026-11-05,CONE-L,Large Cone Pack,Cone Packs,54,41.3,0.77,0,None,0.0,0.0,22.7,0.3,94.9,None,0.0,0,0,174,0,3,0,11,Winter
2026-11-06,CONE-L,Large Cone Pack,Cone Packs,70,54.81,0.77,0,None,0.0,0.0,26.5,0.2,105.1,Diwali,1.0,1,0,185,0,4,0,11,Winter
2026-11-07,CONE-L,Large Cone Pack,Cone Packs,79,59.64,0.77,0,None,0.0,0.0,25.6,0.1,104.8,Diwali,1.25,1,0,104,0,5,1,11,Winter
2026-11-08,CONE-L,Large Cone Pack,Cone Packs,94,72.96,0.77,0,None,0.0,0.0,29.2,1.1,127.8,Diwali,1.5,1,0,197,0,6,1,11,Winter
2026-11-09,CONE-L,Large Cone Pack,Cone Packs,60,46.03,0.77,0,None,0.0,0.0,25.6,0.6,109.0,Diwali,1.25,1,0,114,0,0,0,11,Winter
2026-11-10,CONE-L,Large Cone Pack,Cone Packs,62,47.96,0.77,0,None,0.0,0.0,25.4,0.6,101.0,Diwali,1.0,1,0,107,0,1,0,11,Winter
2026-11-11,CONE-L,Large Cone Pack,Cone Packs,63,47.01,0.77,0,None,0.0,0.0,24.4,3.7,97.1,None,0.0,0,0,220,0,2,0,11,Winter
2026-11-12,CONE-L,Large Cone Pack,Cone Packs,65,49.78,0.77,0,None,0.0,0.0,26.1,0.8,88.8,None,0.0,0,0,128,0,3,0,11,Winter
2026-11-13,CONE-L,Large Cone Pack,Cone Packs,58,44.97,0.77,0,None,0.0,0.0,25.7,0.1,88.8,None,0.0,0,0,176,0,4,0,11,Winter
2026-11-14,CONE-L,Large Cone Pack,Cone Packs,72,55.3,0.77,0,None,0.0,0.0,26.8,0.2,104.0,None,0.0,0,0,230,0,5,1,11,Winter
2026-11-15,CONE-L,Large Cone Pack,Cone Packs,68,53.07,0.77,0,None,0.0,0.0,23.5,0.2,111.2,None,0.0,0,0,183,0,6,1,11,Winter
2026-11-16,CONE-L,Large Cone Pack,Cone Packs,58,45.26,0.77,0,None,0.0,0.0,23.6,0.5,100.4,None,0.0,0,0,202,0,0,0,11,Winter
2026-11-17,CONE-L,Large Cone Pack,Cone Packs,57,43.34,0.77,0,None,0.0,0.0,23.5,1.1,94.1,None,0.0,0,0,201,0,1,0,11,Winter
2026-11-18,CONE-L,Large Cone Pack,Cone Packs,52,40.41,0.77,0,None,0.0,0.0,25.7,0.7,94.7,None,0.0,0,1,143,0,2,0,11,Winter
2026-11-19,CONE-L,Large Cone Pack,Cone Packs,74,56.27,0.77,0,None,0.0,0.0,27.0,0.6,96.4,None,0.0,0,0,241,0,3,0,11,Winter
2026-11-20,CONE-L,Large Cone Pack,Cone Packs,57,43.91,0.77,0,None,0.0,0.0,23.4,3.2,86.2,None,0.0,0,0,222,0,4,0,11,Winter
2026-11-21,CONE-L,Large Cone Pack,Cone Packs,66,51.22,0.77,0,None,0.0,0.0,23.4,0.5,105.7,None,0.0,0,0,140,0,5,1,11,Winter
2026-11-22,CONE-L,Large Cone Pack,Cone Packs,66,50.33,0.77,0,None,0.0,0.0,24.7,0.2,98.9,None,0.0,0,0,217,0,6,1,11,Winter
2026-11-23,CONE-L,Large Cone Pack,Cone Packs,59,45.89,0.77,0,None,0.0,0.0,23.6,0.0,94.2,None,0.0,0,0,108,0,0,0,11,Winter
2026-11-24,CONE-L,Large Cone Pack,Cone Packs,62,47.49,0.77,0,None,0.0,0.0,25.8,0.0,91.5,None,0.0,0,0,99,0,1,0,11,Winter
2026-11-25,CONE-L,Large Cone Pack,Cone Packs,53,40.57,0.77,0,None,0.0,0.0,19.9,0.0,95.2,None,0.0,0,0,157,0,2,0,11,Winter
2026-11-26,CONE-L,Large Cone Pack,Cone Packs,54,41.99,0.77,0,None,0.0,0.0,22.5,0.7,93.4,None,0.0,0,0,170,0,3,0,11,Winter
2026-11-27,CONE-L,Large Cone Pack,Cone Packs,50,38.18,0.77,0,None,0.0,0.0,22.5,0.7,77.5,None,0.0,0,0,163,0,4,0,11,Winter
2026-11-28,CONE-L,Large Cone Pack,Cone Packs,65,49.62,0.77,0,None,0.0,0.0,19.7,2.6,103.8,None,0.0,0,0,212,0,5,1,11,Winter
2026-11-29,CONE-L,Large Cone Pack,Cone Packs,67,52.36,0.77,0,None,0.0,0.0,22.1,0.0,106.2,None,0.0,0,0,149,0,6,1,11,Winter
2026-11-30,CONE-L,Large Cone Pack,Cone Packs,54,41.74,0.77,0,None,0.0,0.0,22.2,0.3,95.3,None,0.0,0,0,203,0,0,0,11,Winter
2026-12-01,CONE-L,Large Cone Pack,Cone Packs,56,42.49,0.77,0,None,0.0,0.0,23.4,2.5,92.6,None,0.0,0,0,220,0,1,0,12,Winter
2026-12-02,CONE-L,Large Cone Pack,Cone Packs,67,52.29,0.77,0,None,0.0,0.0,25.8,0.1,101.4,None,0.0,0,0,101,0,2,0,12,Winter
2026-12-03,CONE-L,Large Cone Pack,Cone Packs,50,38.45,0.77,0,None,0.0,0.0,23.3,0.0,94.8,None,0.0,0,0,141,0,3,0,12,Winter
2026-12-04,CONE-L,Large Cone Pack,Cone Packs,51,38.76,0.77,0,None,0.0,0.0,21.8,0.0,95.5,None,0.0,0,0,106,0,4,0,12,Winter
2026-12-05,CONE-L,Large Cone Pack,Cone Packs,68,51.0,0.77,0,None,0.0,0.0,23.6,0.7,108.6,None,0.0,0,0,193,0,5,1,12,Winter
2026-12-06,CONE-L,Large Cone Pack,Cone Packs,71,55.51,0.77,0,None,0.0,0.0,25.5,0.2,105.3,None,0.0,0,0,157,0,6,1,12,Winter
2026-12-07,CONE-L,Large Cone Pack,Cone Packs,51,39.05,0.77,0,None,0.0,0.0,21.9,1.2,89.1,None,0.0,0,0,116,0,0,0,12,Winter
2026-12-08,CONE-L,Large Cone Pack,Cone Packs,55,41.93,0.77,0,None,0.0,0.0,22.0,0.4,81.5,None,0.0,0,0,115,0,1,0,12,Winter
2026-12-09,CONE-L,Large Cone Pack,Cone Packs,57,44.47,0.77,0,None,0.0,0.0,24.6,0.3,91.4,None,0.0,0,0,133,0,2,0,12,Winter
2026-12-10,CONE-L,Large Cone Pack,Cone Packs,50,39.1,0.77,0,None,0.0,0.0,23.2,1.6,97.6,None,0.0,0,1,87,0,3,0,12,Winter
2026-12-11,CONE-L,Large Cone Pack,Cone Packs,57,43.74,0.77,0,None,0.0,0.0,24.7,0.2,92.1,None,0.0,0,0,93,0,4,0,12,Winter
2026-12-12,CONE-L,Large Cone Pack,Cone Packs,68,53.27,0.77,0,None,0.0,0.0,23.5,0.3,108.0,None,0.0,0,0,188,0,5,1,12,Winter
2026-12-13,CONE-L,Large Cone Pack,Cone Packs,71,56.4,0.78,0,None,0.0,0.0,24.8,0.6,104.8,None,0.0,0,0,241,0,6,1,12,Winter
2026-12-14,CONE-L,Large Cone Pack,Cone Packs,25,19.7,0.78,0,None,0.0,0.0,21.7,0.1,100.6,None,0.0,0,0,126,1,0,0,12,Winter
2026-12-15,CONE-L,Large Cone Pack,Cone Packs,57,44.85,0.78,0,None,0.0,0.0,23.5,0.1,92.8,None,0.0,0,0,225,0,1,0,12,Winter
2026-12-16,CONE-L,Large Cone Pack,Cone Packs,55,42.84,0.78,0,None,0.0,0.0,23.1,0.1,96.7,None,0.0,0,0,99,0,2,0,12,Winter
2026-12-17,CONE-L,Large Cone Pack,Cone Packs,50,38.6,0.78,0,None,0.0,0.0,21.3,0.3,97.0,None,0.0,0,0,225,0,3,0,12,Winter
2026-12-18,CONE-L,Large Cone Pack,Cone Packs,54,41.9,0.78,0,None,0.0,0.0,20.7,0.0,102.1,None,0.0,0,0,167,0,4,0,12,Winter
2026-12-19,CONE-L,Large Cone Pack,Cone Packs,67,52.32,0.78,0,None,0.0,0.0,24.7,0.3,96.2,None,0.0,0,0,205,0,5,1,12,Winter
2026-12-20,CONE-L,Large Cone Pack,Cone Packs,64,48.98,0.78,0,None,0.0,0.0,22.9,0.3,102.5,None,0.0,0,0,93,0,6,1,12,Winter
2026-12-21,CONE-L,Large Cone Pack,Cone Packs,57,43.89,0.78,0,None,0.0,0.0,21.7,0.1,99.1,None,0.0,0,0,173,0,0,0,12,Winter
2026-12-22,CONE-L,Large Cone Pack,Cone Packs,59,45.09,0.78,0,None,0.0,0.0,23.3,0.0,102.7,None,0.0,0,1,140,0,1,0,12,Winter
2026-12-23,CONE-L,Large Cone Pack,Cone Packs,64,49.92,0.78,0,None,0.0,0.0,25.5,0.0,96.3,None,0.0,0,0,227,0,2,0,12,Winter
2026-12-24,CONE-L,Large Cone Pack,Cone Packs,53,41.28,0.78,0,None,0.0,0.0,19.4,0.0,93.8,None,0.0,0,0,199,0,3,0,12,Winter
2026-12-25,CONE-L,Large Cone Pack,Cone Packs,68,52.51,0.78,0,None,0.0,0.0,20.8,0.1,114.7,Christmas,1.2,1,0,226,0,4,0,12,Winter
2026-12-26,CONE-L,Large Cone Pack,Cone Packs,68,53.47,0.78,0,None,0.0,0.0,21.9,1.7,109.8,None,0.0,0,0,230,0,5,1,12,Winter
2026-12-27,CONE-L,Large Cone Pack,Cone Packs,76,58.45,0.78,0,None,0.0,0.0,26.2,0.2,103.8,None,0.0,0,1,211,0,6,1,12,Winter
2026-12-28,CONE-L,Large Cone Pack,Cone Packs,60,46.36,0.78,0,None,0.0,0.0,24.1,3.1,97.3,None,0.0,0,0,119,0,0,0,12,Winter
2026-12-29,CONE-L,Large Cone Pack,Cone Packs,59,46.42,0.78,0,None,0.0,0.0,24.9,0.0,101.7,None,0.0,0,0,124,0,1,0,12,Winter
2026-12-30,CONE-L,Large Cone Pack,Cone Packs,49,38.63,0.78,0,None,0.0,0.0,21.5,0.0,105.4,None,0.0,0,1,206,0,2,0,12,Winter
2026-12-31,CONE-L,Large Cone Pack,Cone Packs,61,47.12,0.78,0,None,0.0,0.0,21.6,0.1,114.0,New Year,1.1,1,0,177,0,3,0,12,Winter
2025-01-01,SYR-CHO,Chocolate Syrup,Syrup,36,26.48,0.72,0,None,0.0,0.0,24.2,0.1,91.0,None,0.0,0,0,198,0,2,0,1,Winter
2025-01-02,SYR-CHO,Chocolate Syrup,Syrup,38,27.15,0.72,0,None,0.0,0.0,21.8,1.9,93.8,None,0.0,0,1,154,0,3,0,1,Winter
2025-01-03,SYR-CHO,Chocolate Syrup,Syrup,40,29.04,0.72,0,None,0.0,0.0,25.0,0.0,90.4,None,0.0,0,0,141,0,4,0,1,Winter
2025-01-04,SYR-CHO,Chocolate Syrup,Syrup,49,35.36,0.72,0,None,0.0,0.0,25.4,4.5,100.1,None,0.0,0,0,151,0,5,1,1,Winter
2025-01-05,SYR-CHO,Chocolate Syrup,Syrup,49,35.32,0.72,0,None,0.0,0.0,20.2,0.5,108.7,None,0.0,0,0,124,0,6,1,1,Winter
2025-01-06,SYR-CHO,Chocolate Syrup,Syrup,38,27.35,0.72,0,None,0.0,0.0,21.4,0.8,91.2,None,0.0,0,1,80,0,0,0,1,Winter
2025-01-07,SYR-CHO,Chocolate Syrup,Syrup,40,28.53,0.72,0,None,0.0,0.0,24.0,0.0,98.5,None,0.0,0,0,117,0,1,0,1,Winter
2025-01-08,SYR-CHO,Chocolate Syrup,Syrup,42,30.51,0.72,0,None,0.0,0.0,23.2,3.2,90.5,None,0.0,0,0,204,0,2,0,1,Winter
2025-01-09,SYR-CHO,Chocolate Syrup,Syrup,25,17.99,0.72,0,None,0.0,0.0,23.8,0.3,98.7,None,0.0,0,0,110,1,3,0,1,Winter
2025-01-10,SYR-CHO,Chocolate Syrup,Syrup,43,30.58,0.72,0,None,0.0,0.0,22.3,0.2,94.9,None,0.0,0,0,66,0,4,0,1,Winter
2025-01-11,SYR-CHO,Chocolate Syrup,Syrup,51,36.4,0.72,0,None,0.0,0.0,25.5,0.3,114.5,None,0.0,0,1,126,0,5,1,1,Winter
2025-01-12,SYR-CHO,Chocolate Syrup,Syrup,51,36.3,0.72,0,None,0.0,0.0,25.3,0.4,109.2,None,0.0,0,0,144,0,6,1,1,Winter
2025-01-13,SYR-CHO,Chocolate Syrup,Syrup,42,30.18,0.72,0,None,0.0,0.0,24.1,0.2,103.9,None,0.0,0,0,157,0,0,0,1,Winter
2025-01-14,SYR-CHO,Chocolate Syrup,Syrup,47,34.2,0.72,0,None,0.0,0.0,26.0,0.1,107.0,Makar Sankranti,1.0,1,0,169,0,1,0,1,Winter
2025-01-15,SYR-CHO,Chocolate Syrup,Syrup,41,29.42,0.72,0,None,0.0,0.0,24.9,0.0,98.2,None,0.0,0,1,129,0,2,0,1,Winter
2025-01-16,SYR-CHO,Chocolate Syrup,Syrup,40,29.3,0.72,0,None,0.0,0.0,22.5,0.3,93.2,None,0.0,0,0,82,0,3,0,1,Winter
2025-01-17,SYR-CHO,Chocolate Syrup,Syrup,45,32.54,0.72,0,None,0.0,0.0,24.8,0.0,96.2,None,0.0,0,0,135,0,4,0,1,Winter
2025-01-18,SYR-CHO,Chocolate Syrup,Syrup,60,38.98,0.72,1,Weekend Flash,10.0,1444.36,22.5,0.1,107.0,None,0.0,0,0,80,0,5,1,1,Winter
2025-01-19,SYR-CHO,Chocolate Syrup,Syrup,53,38.41,0.72,0,None,0.0,0.0,25.8,0.4,104.9,None,0.0,0,1,153,0,6,1,1,Winter
2025-01-20,SYR-CHO,Chocolate Syrup,Syrup,38,28.01,0.72,0,None,0.0,0.0,24.2,0.4,92.6,None,0.0,0,0,129,0,0,0,1,Winter
2025-01-21,SYR-CHO,Chocolate Syrup,Syrup,38,27.1,0.73,0,None,0.0,0.0,24.0,1.3,91.7,None,0.0,0,0,114,0,1,0,1,Winter
2025-01-22,SYR-CHO,Chocolate Syrup,Syrup,40,29.59,0.73,0,None,0.0,0.0,23.2,0.2,87.2,None,0.0,0,0,165,0,2,0,1,Winter
2025-01-23,SYR-CHO,Chocolate Syrup,Syrup,44,32.29,0.73,0,None,0.0,0.0,26.6,1.6,93.8,None,0.0,0,0,184,0,3,0,1,Winter
2025-01-24,SYR-CHO,Chocolate Syrup,Syrup,41,29.75,0.73,0,None,0.0,0.0,24.2,0.4,102.3,None,0.0,0,0,103,0,4,0,1,Winter
2025-01-25,SYR-CHO,Chocolate Syrup,Syrup,47,34.61,0.73,0,None,0.0,0.0,23.8,0.0,101.3,None,0.0,0,0,147,0,5,1,1,Winter
2025-01-26,SYR-CHO,Chocolate Syrup,Syrup,56,40.51,0.73,0,None,0.0,0.0,24.0,0.8,113.0,Republic Day,0.8,1,0,157,0,6,1,1,Winter
2025-01-27,SYR-CHO,Chocolate Syrup,Syrup,46,33.53,0.73,0,None,0.0,0.0,25.6,0.8,108.5,None,0.0,0,0,147,0,0,0,1,Winter
2025-01-28,SYR-CHO,Chocolate Syrup,Syrup,45,32.49,0.73,0,None,0.0,0.0,25.4,1.6,96.5,None,0.0,0,0,129,0,1,0,1,Winter
2025-01-29,SYR-CHO,Chocolate Syrup,Syrup,42,30.88,0.73,0,None,0.0,0.0,25.5,0.0,101.5,None,0.0,0,0,95,0,2,0,1,Winter
2025-01-30,SYR-CHO,Chocolate Syrup,Syrup,42,30.28,0.73,0,None,0.0,0.0,25.6,0.0,103.2,None,0.0,0,0,89,0,3,0,1,Winter
2025-01-31,SYR-CHO,Chocolate Syrup,Syrup,48,34.89,0.73,0,None,0.0,0.0,28.7,0.1,103.5,None,0.0,0,0,72,0,4,0,1,Winter
2025-02-01,SYR-CHO,Chocolate Syrup,Syrup,48,35.21,0.73,0,None,0.0,0.0,24.2,0.2,102.7,None,0.0,0,0,76,0,5,1,2,Winter
2025-02-02,SYR-CHO,Chocolate Syrup,Syrup,48,35.37,0.73,0,None,0.0,0.0,24.1,0.3,109.3,None,0.0,0,0,197,0,6,1,2,Winter
2025-02-03,SYR-CHO,Chocolate Syrup,Syrup,38,27.39,0.73,0,None,0.0,0.0,23.6,1.3,92.5,None,0.0,0,0,69,0,0,0,2,Winter
2025-02-04,SYR-CHO,Chocolate Syrup,Syrup,44,32.33,0.73,0,None,0.0,0.0,26.3,0.3,112.9,None,0.0,0,0,200,0,1,0,2,Winter
2025-02-05,SYR-CHO,Chocolate Syrup,Syrup,45,32.39,0.73,0,None,0.0,0.0,27.3,0.6,92.8,None,0.0,0,0,208,0,2,0,2,Winter
2025-02-06,SYR-CHO,Chocolate Syrup,Syrup,38,26.97,0.73,0,None,0.0,0.0,25.1,0.1,95.7,None,0.0,0,0,96,0,3,0,2,Winter
2025-02-07,SYR-CHO,Chocolate Syrup,Syrup,42,30.33,0.73,0,None,0.0,0.0,23.9,0.2,95.9,None,0.0,0,0,132,0,4,0,2,Winter
2025-02-08,SYR-CHO,Chocolate Syrup,Syrup,47,34.6,0.73,0,None,0.0,0.0,24.0,0.3,103.8,None,0.0,0,0,124,0,5,1,2,Winter
2025-02-09,SYR-CHO,Chocolate Syrup,Syrup,67,40.05,0.73,1,Festival Promo,18.0,3352.78,26.7,0.1,118.1,None,0.0,0,1,150,0,6,1,2,Winter
2025-02-10,SYR-CHO,Chocolate Syrup,Syrup,57,33.87,0.73,1,Festival Promo,18.0,3352.78,26.9,0.2,113.6,None,0.0,0,0,134,0,0,0,2,Winter
2025-02-11,SYR-CHO,Chocolate Syrup,Syrup,43,31.39,0.73,0,None,0.0,0.0,26.6,1.7,99.3,None,0.0,0,0,117,0,1,0,2,Winter
2025-02-12,SYR-CHO,Chocolate Syrup,Syrup,41,29.93,0.73,0,None,0.0,0.0,24.5,0.0,95.2,None,0.0,0,0,170,0,2,0,2,Winter
2025-02-13,SYR-CHO,Chocolate Syrup,Syrup,51,31.88,0.73,1,Mango Festival,15.0,3085.63,26.2,1.4,90.7,None,0.0,0,0,137,0,3,0,2,Winter
2025-02-14,SYR-CHO,Chocolate Syrup,Syrup,52,31.64,0.73,1,Mango Festival,15.0,3085.63,26.1,0.0,100.8,None,0.0,0,1,101,0,4,0,2,Winter
2025-02-15,SYR-CHO,Chocolate Syrup,Syrup,69,41.27,0.73,1,Festival Promo,18.0,2903.17,26.4,0.9,110.6,None,0.0,0,0,149,0,5,1,2,Winter
2025-02-16,SYR-CHO,Chocolate Syrup,Syrup,67,40.19,0.73,1,Festival Promo,18.0,2903.17,27.6,0.4,109.0,None,0.0,0,1,243,0,6,1,2,Winter
2025-02-17,SYR-CHO,Chocolate Syrup,Syrup,55,32.41,0.73,1,Festival Promo,18.0,2903.17,26.5,0.4,103.5,None,0.0,0,1,233,0,0,0,2,Winter
2025-02-18,SYR-CHO,Chocolate Syrup,Syrup,43,30.9,0.73,0,None,0.0,0.0,27.4,0.0,104.5,None,0.0,0,0,72,0,1,0,2,Winter
2025-02-19,SYR-CHO,Chocolate Syrup,Syrup,43,31.29,0.73,0,None,0.0,0.0,26.4,0.4,104.3,None,0.0,0,0,155,0,2,0,2,Winter
2025-02-20,SYR-CHO,Chocolate Syrup,Syrup,42,30.71,0.73,0,None,0.0,0.0,26.9,1.1,101.2,None,0.0,0,0,217,0,3,0,2,Winter
2025-02-21,SYR-CHO,Chocolate Syrup,Syrup,45,32.91,0.73,0,None,0.0,0.0,27.6,1.9,97.4,None,0.0,0,0,96,0,4,0,2,Winter
2025-02-22,SYR-CHO,Chocolate Syrup,Syrup,58,38.77,0.73,1,Bundle Offer,8.0,1868.21,23.9,0.1,116.4,None,0.0,0,1,89,0,5,1,2,Winter
2025-02-23,SYR-CHO,Chocolate Syrup,Syrup,56,37.42,0.73,1,Bundle Offer,8.0,1868.21,26.0,0.1,113.3,None,0.0,0,0,109,0,6,1,2,Winter
2025-02-24,SYR-CHO,Chocolate Syrup,Syrup,52,34.84,0.73,1,Bundle Offer,8.0,1868.21,25.9,2.7,107.8,None,0.0,0,0,122,0,0,0,2,Winter
2025-02-25,SYR-CHO,Chocolate Syrup,Syrup,51,34.46,0.73,1,Bundle Offer,8.0,1868.21,25.6,0.3,107.4,None,0.0,0,1,220,0,1,0,2,Winter
2025-02-26,SYR-CHO,Chocolate Syrup,Syrup,51,32.2,0.73,1,Mango Festival,15.0,2275.03,26.4,0.0,96.5,None,0.0,0,0,111,0,2,0,2,Winter
2025-02-27,SYR-CHO,Chocolate Syrup,Syrup,58,35.13,0.73,1,Mango Festival,15.0,2275.03,29.7,0.0,96.5,None,0.0,0,0,131,0,3,0,2,Winter
2025-02-28,SYR-CHO,Chocolate Syrup,Syrup,46,28.84,0.73,1,Mango Festival,15.0,2275.03,25.5,0.0,100.0,None,0.0,0,0,107,0,4,0,2,Winter
2025-03-01,SYR-CHO,Chocolate Syrup,Syrup,70,43.52,0.73,1,Mango Festival,15.0,2275.03,28.9,0.8,108.7,None,0.0,0,0,152,0,5,1,3,Summer
2025-03-02,SYR-CHO,Chocolate Syrup,Syrup,54,39.8,0.73,0,None,0.0,0.0,24.2,0.7,117.8,None,0.0,0,0,233,0,6,1,3,Summer
2025-03-03,SYR-CHO,Chocolate Syrup,Syrup,43,31.95,0.73,0,None,0.0,0.0,26.7,0.9,105.9,None,0.0,0,0,76,0,0,0,3,Summer
2025-03-04,SYR-CHO,Chocolate Syrup,Syrup,44,31.95,0.73,0,None,0.0,0.0,27.7,0.7,109.8,None,0.0,0,0,137,0,1,0,3,Summer
2025-03-05,SYR-CHO,Chocolate Syrup,Syrup,47,34.83,0.73,0,None,0.0,0.0,28.6,0.1,106.4,None,0.0,0,0,165,0,2,0,3,Summer
2025-03-06,SYR-CHO,Chocolate Syrup,Syrup,47,33.93,0.73,0,None,0.0,0.0,28.9,3.6,105.6,None,0.0,0,0,86,0,3,0,3,Summer
2025-03-07,SYR-CHO,Chocolate Syrup,Syrup,45,33.04,0.73,0,None,0.0,0.0,29.1,0.6,110.6,None,0.0,0,0,72,0,4,0,3,Summer
2025-03-08,SYR-CHO,Chocolate Syrup,Syrup,50,36.55,0.73,0,None,0.0,0.0,27.2,0.9,117.1,None,0.0,0,0,227,0,5,1,3,Summer
2025-03-09,SYR-CHO,Chocolate Syrup,Syrup,58,42.55,0.73,0,None,0.0,0.0,27.0,0.4,115.2,None,0.0,0,0,121,0,6,1,3,Summer
2025-03-10,SYR-CHO,Chocolate Syrup,Syrup,49,35.51,0.73,0,None,0.0,0.0,29.5,0.4,112.4,None,0.0,0,0,107,0,0,0,3,Summer
2025-03-11,SYR-CHO,Chocolate Syrup,Syrup,45,33.18,0.73,0,None,0.0,0.0,27.7,0.2,105.7,None,0.0,0,0,120,0,1,0,3,Summer
2025-03-12,SYR-CHO,Chocolate Syrup,Syrup,47,35.13,0.73,0,None,0.0,0.0,25.9,0.4,114.1,Holi,0.8,1,0,78,0,2,0,3,Summer
2025-03-13,SYR-CHO,Chocolate Syrup,Syrup,49,35.53,0.73,0,None,0.0,0.0,26.2,0.7,114.8,Holi,1.05,1,0,92,0,3,0,3,Summer
2025-03-14,SYR-CHO,Chocolate Syrup,Syrup,52,38.24,0.73,0,None,0.0,0.0,26.7,1.0,125.8,Holi,1.3,1,0,75,0,4,0,3,Summer
2025-03-15,SYR-CHO,Chocolate Syrup,Syrup,57,42.25,0.73,0,None,0.0,0.0,29.3,0.3,135.3,Holi,1.05,1,0,162,0,5,1,3,Summer
2025-03-16,SYR-CHO,Chocolate Syrup,Syrup,58,42.41,0.73,0,None,0.0,0.0,28.8,0.0,125.7,Holi,0.8,1,1,152,0,6,1,3,Summer
2025-03-17,SYR-CHO,Chocolate Syrup,Syrup,46,34.31,0.73,0,None,0.0,0.0,29.9,0.3,112.2,None,0.0,0,0,109,0,0,0,3,Summer
2025-03-18,SYR-CHO,Chocolate Syrup,Syrup,43,31.4,0.73,0,None,0.0,0.0,27.9,0.4,95.9,None,0.0,0,1,209,0,1,0,3,Summer
2025-03-19,SYR-CHO,Chocolate Syrup,Syrup,47,34.45,0.73,0,None,0.0,0.0,29.1,0.8,105.6,None,0.0,0,0,115,0,2,0,3,Summer
2025-03-20,SYR-CHO,Chocolate Syrup,Syrup,42,30.46,0.73,0,None,0.0,0.0,30.0,0.4,105.8,None,0.0,0,0,64,0,3,0,3,Summer
2025-03-21,SYR-CHO,Chocolate Syrup,Syrup,41,30.14,0.73,0,None,0.0,0.0,28.4,0.1,102.4,None,0.0,0,1,76,0,4,0,3,Summer
2025-03-22,SYR-CHO,Chocolate Syrup,Syrup,56,41.12,0.73,0,None,0.0,0.0,29.9,1.6,128.1,None,0.0,0,0,192,0,5,1,3,Summer
2025-03-23,SYR-CHO,Chocolate Syrup,Syrup,54,39.95,0.73,0,None,0.0,0.0,28.0,0.3,115.9,None,0.0,0,0,159,0,6,1,3,Summer
2025-03-24,SYR-CHO,Chocolate Syrup,Syrup,47,34.25,0.73,0,None,0.0,0.0,28.6,0.0,104.3,None,0.0,0,0,108,0,0,0,3,Summer
2025-03-25,SYR-CHO,Chocolate Syrup,Syrup,49,35.69,0.73,0,None,0.0,0.0,28.7,0.0,106.5,None,0.0,0,0,108,0,1,0,3,Summer
2025-03-26,SYR-CHO,Chocolate Syrup,Syrup,42,31.01,0.73,0,None,0.0,0.0,27.3,3.1,96.5,None,0.0,0,0,97,0,2,0,3,Summer
2025-03-27,SYR-CHO,Chocolate Syrup,Syrup,48,35.84,0.73,0,None,0.0,0.0,30.4,0.1,102.8,None,0.0,0,0,135,0,3,0,3,Summer
2025-03-28,SYR-CHO,Chocolate Syrup,Syrup,48,35.52,0.73,0,None,0.0,0.0,28.8,0.1,111.6,None,0.0,0,0,180,0,4,0,3,Summer
2025-03-29,SYR-CHO,Chocolate Syrup,Syrup,56,42.04,0.73,0,None,0.0,0.0,29.8,0.2,113.6,None,0.0,0,0,178,0,5,1,3,Summer
2025-03-30,SYR-CHO,Chocolate Syrup,Syrup,55,40.66,0.73,0,None,0.0,0.0,30.7,1.1,112.7,None,0.0,0,0,194,0,6,1,3,Summer
2025-03-31,SYR-CHO,Chocolate Syrup,Syrup,47,34.73,0.73,0,None,0.0,0.0,30.7,0.5,113.4,None,0.0,0,0,73,0,0,0,3,Summer
2025-04-01,SYR-CHO,Chocolate Syrup,Syrup,46,34.06,0.73,0,None,0.0,0.0,31.2,2.5,113.6,None,0.0,0,0,155,0,1,0,4,Summer
2025-04-02,SYR-CHO,Chocolate Syrup,Syrup,52,36.15,0.73,1,Loyalty Offer,7.0,1203.85,30.0,0.3,109.6,None,0.0,0,0,194,0,2,0,4,Summer
2025-04-03,SYR-CHO,Chocolate Syrup,Syrup,54,37.43,0.73,1,Loyalty Offer,7.0,1203.85,29.5,0.1,104.8,None,0.0,0,0,106,0,3,0,4,Summer
2025-04-04,SYR-CHO,Chocolate Syrup,Syrup,53,35.73,0.73,1,Loyalty Offer,7.0,1203.85,30.2,0.6,105.9,None,0.0,0,0,166,0,4,0,4,Summer
2025-04-05,SYR-CHO,Chocolate Syrup,Syrup,51,37.81,0.73,0,None,0.0,0.0,27.4,1.3,113.2,None,0.0,0,0,72,0,5,1,4,Summer
2025-04-06,SYR-CHO,Chocolate Syrup,Syrup,54,39.78,0.73,0,None,0.0,0.0,27.9,0.0,112.3,None,0.0,0,0,219,0,6,1,4,Summer
2025-04-07,SYR-CHO,Chocolate Syrup,Syrup,44,32.24,0.73,0,None,0.0,0.0,28.2,2.8,102.1,None,0.0,0,0,181,0,0,0,4,Summer
2025-04-08,SYR-CHO,Chocolate Syrup,Syrup,54,31.82,0.73,1,Festival Promo,18.0,3631.06,28.9,0.5,104.3,None,0.0,0,0,173,0,1,0,4,Summer
2025-04-09,SYR-CHO,Chocolate Syrup,Syrup,58,34.28,0.73,1,Festival Promo,18.0,3631.06,31.5,0.2,102.2,None,0.0,0,0,173,0,2,0,4,Summer
2025-04-10,SYR-CHO,Chocolate Syrup,Syrup,46,33.63,0.73,0,None,0.0,0.0,29.2,0.0,99.6,None,0.0,0,0,173,0,3,0,4,Summer
2025-04-11,SYR-CHO,Chocolate Syrup,Syrup,44,31.74,0.73,0,None,0.0,0.0,30.3,1.3,108.6,None,0.0,0,0,131,0,4,0,4,Summer
2025-04-12,SYR-CHO,Chocolate Syrup,Syrup,59,43.14,0.73,0,None,0.0,0.0,33.4,0.1,118.7,None,0.0,0,0,233,0,5,1,4,Summer
2025-04-13,SYR-CHO,Chocolate Syrup,Syrup,57,42.2,0.73,0,None,0.0,0.0,30.5,0.1,126.1,None,0.0,0,0,111,0,6,1,4,Summer
2025-04-14,SYR-CHO,Chocolate Syrup,Syrup,46,33.53,0.73,0,None,0.0,0.0,32.5,0.4,104.3,None,0.0,0,0,195,0,0,0,4,Summer
2025-04-15,SYR-CHO,Chocolate Syrup,Syrup,55,35.56,0.73,1,Payday Campaign,12.0,2799.65,29.6,0.5,109.2,None,0.0,0,1,196,0,1,0,4,Summer
2025-04-16,SYR-CHO,Chocolate Syrup,Syrup,53,33.79,0.73,1,Payday Campaign,12.0,2799.65,31.0,0.0,109.3,None,0.0,0,0,207,0,2,0,4,Summer
2025-04-17,SYR-CHO,Chocolate Syrup,Syrup,55,35.65,0.73,1,Payday Campaign,12.0,2799.65,29.8,1.3,106.5,None,0.0,0,0,86,0,3,0,4,Summer
2025-04-18,SYR-CHO,Chocolate Syrup,Syrup,44,32.48,0.73,0,None,0.0,0.0,30.9,0.5,111.5,None,0.0,0,0,135,0,4,0,4,Summer
2025-04-19,SYR-CHO,Chocolate Syrup,Syrup,61,43.99,0.73,0,None,0.0,0.0,33.1,0.7,121.7,None,0.0,0,0,183,0,5,1,4,Summer
2025-04-20,SYR-CHO,Chocolate Syrup,Syrup,54,39.26,0.73,0,None,0.0,0.0,28.6,3.6,119.5,None,0.0,0,0,173,0,6,1,4,Summer
2025-04-21,SYR-CHO,Chocolate Syrup,Syrup,46,33.23,0.73,0,None,0.0,0.0,32.6,1.0,106.6,None,0.0,0,0,176,0,0,0,4,Summer
2025-04-22,SYR-CHO,Chocolate Syrup,Syrup,50,36.9,0.73,0,None,0.0,0.0,32.3,0.0,106.1,None,0.0,0,0,171,0,1,0,4,Summer
2025-04-23,SYR-CHO,Chocolate Syrup,Syrup,43,31.6,0.73,0,None,0.0,0.0,30.9,0.3,101.1,None,0.0,0,0,98,0,2,0,4,Summer
2025-04-24,SYR-CHO,Chocolate Syrup,Syrup,43,31.51,0.73,0,None,0.0,0.0,29.4,0.1,103.9,None,0.0,0,0,195,0,3,0,4,Summer
2025-04-25,SYR-CHO,Chocolate Syrup,Syrup,43,31.48,0.73,0,None,0.0,0.0,32.2,0.3,104.8,None,0.0,0,0,140,0,4,0,4,Summer
2025-04-26,SYR-CHO,Chocolate Syrup,Syrup,58,42.69,0.73,0,None,0.0,0.0,31.2,0.1,112.3,None,0.0,0,0,233,0,5,1,4,Summer
2025-04-27,SYR-CHO,Chocolate Syrup,Syrup,77,46.47,0.73,1,Festival Promo,18.0,3232.06,32.7,0.4,120.2,None,0.0,0,0,180,0,6,1,4,Summer
2025-04-28,SYR-CHO,Chocolate Syrup,Syrup,44,32.06,0.73,0,None,0.0,0.0,32.4,0.5,114.0,None,0.0,0,0,150,0,0,0,4,Summer
2025-04-29,SYR-CHO,Chocolate Syrup,Syrup,46,33.45,0.73,0,None,0.0,0.0,35.3,0.1,103.5,None,0.0,0,0,160,0,1,0,4,Summer
2025-04-30,SYR-CHO,Chocolate Syrup,Syrup,48,35.14,0.73,0,None,0.0,0.0,32.1,0.0,109.4,None,0.0,0,0,207,0,2,0,4,Summer
2025-05-01,SYR-CHO,Chocolate Syrup,Syrup,44,32.16,0.73,0,None,0.0,0.0,30.7,0.5,102.8,None,0.0,0,0,208,0,3,0,5,Summer
2025-05-02,SYR-CHO,Chocolate Syrup,Syrup,47,35.28,0.73,0,None,0.0,0.0,33.0,0.8,106.5,None,0.0,0,0,160,0,4,0,5,Summer
2025-05-03,SYR-CHO,Chocolate Syrup,Syrup,56,40.82,0.73,0,None,0.0,0.0,33.1,0.5,114.5,None,0.0,0,0,163,0,5,1,5,Summer
2025-05-04,SYR-CHO,Chocolate Syrup,Syrup,59,43.35,0.73,0,None,0.0,0.0,35.2,0.0,121.0,None,0.0,0,0,87,0,6,1,5,Summer
2025-05-05,SYR-CHO,Chocolate Syrup,Syrup,45,33.13,0.73,0,None,0.0,0.0,34.3,0.6,104.6,None,0.0,0,0,75,0,0,0,5,Summer
2025-05-06,SYR-CHO,Chocolate Syrup,Syrup,49,36.47,0.73,0,None,0.0,0.0,33.6,0.4,113.0,None,0.0,0,0,186,0,1,0,5,Summer
2025-05-07,SYR-CHO,Chocolate Syrup,Syrup,45,32.61,0.73,0,None,0.0,0.0,35.6,1.3,106.7,None,0.0,0,0,120,0,2,0,5,Summer
2025-05-08,SYR-CHO,Chocolate Syrup,Syrup,45,33.45,0.73,0,None,0.0,0.0,30.9,0.5,104.7,None,0.0,0,0,134,0,3,0,5,Summer
2025-05-09,SYR-CHO,Chocolate Syrup,Syrup,42,30.67,0.73,0,None,0.0,0.0,32.0,1.5,101.7,None,0.0,0,0,162,0,4,0,5,Summer
2025-05-10,SYR-CHO,Chocolate Syrup,Syrup,55,41.43,0.73,0,None,0.0,0.0,31.5,1.3,119.2,None,0.0,0,0,110,0,5,1,5,Summer
2025-05-11,SYR-CHO,Chocolate Syrup,Syrup,65,44.39,0.73,1,Loyalty Offer,7.0,1296.87,32.5,0.2,122.4,None,0.0,0,0,138,0,6,1,5,Summer
2025-05-12,SYR-CHO,Chocolate Syrup,Syrup,48,34.57,0.73,0,None,0.0,0.0,30.8,0.0,109.2,None,0.0,0,0,74,0,0,0,5,Summer
2025-05-13,SYR-CHO,Chocolate Syrup,Syrup,50,36.46,0.73,0,None,0.0,0.0,34.5,0.2,119.0,None,0.0,0,0,192,0,1,0,5,Summer
2025-05-14,SYR-CHO,Chocolate Syrup,Syrup,49,36.38,0.73,0,None,0.0,0.0,33.0,1.9,115.0,None,0.0,0,0,150,0,2,0,5,Summer
2025-05-15,SYR-CHO,Chocolate Syrup,Syrup,46,33.64,0.73,0,None,0.0,0.0,30.8,0.0,106.2,None,0.0,0,0,96,0,3,0,5,Summer
2025-05-16,SYR-CHO,Chocolate Syrup,Syrup,41,29.92,0.73,0,None,0.0,0.0,31.7,2.3,106.2,None,0.0,0,0,156,0,4,0,5,Summer
2025-05-17,SYR-CHO,Chocolate Syrup,Syrup,63,43.15,0.73,1,Loyalty Offer,7.0,1298.58,34.1,0.2,120.1,None,0.0,0,0,105,0,5,1,5,Summer
2025-05-18,SYR-CHO,Chocolate Syrup,Syrup,65,43.95,0.73,1,Loyalty Offer,7.0,1298.58,35.1,0.6,113.5,None,0.0,0,0,209,0,6,1,5,Summer
2025-05-19,SYR-CHO,Chocolate Syrup,Syrup,57,38.59,0.73,1,Loyalty Offer,7.0,1298.58,37.3,0.9,113.5,None,0.0,0,0,113,0,0,0,5,Summer
2025-05-20,SYR-CHO,Chocolate Syrup,Syrup,48,34.63,0.73,0,None,0.0,0.0,39.0,0.0,109.4,None,0.0,0,0,111,0,1,0,5,Summer
2025-05-21,SYR-CHO,Chocolate Syrup,Syrup,46,34.25,0.73,0,None,0.0,0.0,34.5,0.1,108.8,None,0.0,0,0,206,0,2,0,5,Summer
2025-05-22,SYR-CHO,Chocolate Syrup,Syrup,46,33.05,0.73,0,None,0.0,0.0,32.0,0.1,110.9,None,0.0,0,0,184,0,3,0,5,Summer
2025-05-23,SYR-CHO,Chocolate Syrup,Syrup,46,33.61,0.73,0,None,0.0,0.0,30.0,1.2,116.1,None,0.0,0,0,174,0,4,0,5,Summer
2025-05-24,SYR-CHO,Chocolate Syrup,Syrup,59,43.25,0.73,0,None,0.0,0.0,34.4,1.0,118.3,None,0.0,0,0,175,0,5,1,5,Summer
2025-05-25,SYR-CHO,Chocolate Syrup,Syrup,58,42.26,0.73,0,None,0.0,0.0,32.5,0.3,116.8,None,0.0,0,0,161,0,6,1,5,Summer
2025-05-26,SYR-CHO,Chocolate Syrup,Syrup,47,33.72,0.73,0,None,0.0,0.0,33.2,1.6,114.8,None,0.0,0,0,97,0,0,0,5,Summer
2025-05-27,SYR-CHO,Chocolate Syrup,Syrup,48,34.54,0.73,0,None,0.0,0.0,32.9,2.1,112.1,None,0.0,0,0,116,0,1,0,5,Summer
2025-05-28,SYR-CHO,Chocolate Syrup,Syrup,48,35.17,0.73,0,None,0.0,0.0,33.8,2.7,105.6,None,0.0,0,0,222,0,2,0,5,Summer
2025-05-29,SYR-CHO,Chocolate Syrup,Syrup,49,35.33,0.73,0,None,0.0,0.0,36.0,0.2,107.1,None,0.0,0,0,215,0,3,0,5,Summer
2025-05-30,SYR-CHO,Chocolate Syrup,Syrup,51,36.19,0.73,0,None,0.0,0.0,34.4,0.1,108.0,None,0.0,0,0,187,0,4,0,5,Summer
2025-05-31,SYR-CHO,Chocolate Syrup,Syrup,57,41.66,0.73,0,None,0.0,0.0,33.9,0.3,118.8,None,0.0,0,0,219,0,5,1,5,Summer
2025-06-01,SYR-CHO,Chocolate Syrup,Syrup,57,41.02,0.73,0,None,0.0,0.0,32.3,2.3,110.1,None,0.0,0,0,205,0,6,1,6,Monsoon
2025-06-02,SYR-CHO,Chocolate Syrup,Syrup,42,30.77,0.73,0,None,0.0,0.0,31.2,11.1,99.1,None,0.0,0,0,125,0,0,0,6,Monsoon
2025-06-03,SYR-CHO,Chocolate Syrup,Syrup,54,35.24,0.73,1,Weekend Flash,10.0,1793.58,33.4,2.9,102.3,None,0.0,0,0,188,0,1,0,6,Monsoon
2025-06-04,SYR-CHO,Chocolate Syrup,Syrup,50,32.6,0.73,1,Weekend Flash,10.0,1793.58,34.2,3.8,101.9,None,0.0,0,0,190,0,2,0,6,Monsoon
2025-06-05,SYR-CHO,Chocolate Syrup,Syrup,56,36.63,0.73,1,Weekend Flash,10.0,1793.58,37.5,2.3,103.4,None,0.0,0,0,98,0,3,0,6,Monsoon
2025-06-06,SYR-CHO,Chocolate Syrup,Syrup,49,35.09,0.73,0,None,0.0,0.0,34.6,1.6,109.7,None,0.0,0,0,215,0,4,0,6,Monsoon
2025-06-07,SYR-CHO,Chocolate Syrup,Syrup,51,36.66,0.73,0,None,0.0,0.0,36.1,7.0,115.6,None,0.0,0,0,149,0,5,1,6,Monsoon
2025-06-08,SYR-CHO,Chocolate Syrup,Syrup,57,41.24,0.73,0,None,0.0,0.0,33.5,1.3,117.4,None,0.0,0,0,127,0,6,1,6,Monsoon
2025-06-09,SYR-CHO,Chocolate Syrup,Syrup,47,33.63,0.73,0,None,0.0,0.0,32.3,7.2,100.2,None,0.0,0,0,142,0,0,0,6,Monsoon
2025-06-10,SYR-CHO,Chocolate Syrup,Syrup,47,34.38,0.73,0,None,0.0,0.0,32.7,7.0,103.9,None,0.0,0,0,119,0,1,0,6,Monsoon
2025-06-11,SYR-CHO,Chocolate Syrup,Syrup,44,31.78,0.73,0,None,0.0,0.0,33.1,5.5,109.1,None,0.0,0,0,117,0,2,0,6,Monsoon
2025-06-12,SYR-CHO,Chocolate Syrup,Syrup,49,34.9,0.72,0,None,0.0,0.0,38.3,4.1,109.0,None,0.0,0,0,156,0,3,0,6,Monsoon
2025-06-13,SYR-CHO,Chocolate Syrup,Syrup,46,33.11,0.72,0,None,0.0,0.0,33.0,3.4,102.3,None,0.0,0,1,225,0,4,0,6,Monsoon
2025-06-14,SYR-CHO,Chocolate Syrup,Syrup,58,42.06,0.72,0,None,0.0,0.0,36.0,2.0,116.7,None,0.0,0,1,143,0,5,1,6,Monsoon
2025-06-15,SYR-CHO,Chocolate Syrup,Syrup,67,44.39,0.72,1,Bundle Offer,8.0,2121.93,32.9,18.4,126.7,None,0.0,0,0,121,0,6,1,6,Monsoon
2025-06-16,SYR-CHO,Chocolate Syrup,Syrup,56,37.47,0.72,1,Bundle Offer,8.0,2121.93,36.2,5.3,105.6,None,0.0,0,1,197,0,0,0,6,Monsoon
2025-06-17,SYR-CHO,Chocolate Syrup,Syrup,61,36.44,0.72,1,Festival Promo,18.0,3410.75,35.2,5.1,102.1,None,0.0,0,0,128,0,1,0,6,Monsoon
2025-06-18,SYR-CHO,Chocolate Syrup,Syrup,59,36.0,0.72,1,Festival Promo,18.0,3410.75,34.2,2.5,104.6,None,0.0,0,0,164,0,2,0,6,Monsoon
2025-06-19,SYR-CHO,Chocolate Syrup,Syrup,59,36.76,0.72,1,Mango Festival,15.0,2620.09,34.4,17.0,105.8,None,0.0,0,1,119,0,3,0,6,Monsoon
2025-06-20,SYR-CHO,Chocolate Syrup,Syrup,49,34.72,0.72,0,None,0.0,0.0,33.3,3.6,104.5,None,0.0,0,0,102,0,4,0,6,Monsoon
2025-06-21,SYR-CHO,Chocolate Syrup,Syrup,56,40.29,0.72,0,None,0.0,0.0,35.3,7.8,115.0,None,0.0,0,0,116,0,5,1,6,Monsoon
2025-06-22,SYR-CHO,Chocolate Syrup,Syrup,52,37.44,0.72,0,None,0.0,0.0,33.7,9.1,107.8,None,0.0,0,0,129,0,6,1,6,Monsoon
2025-06-23,SYR-CHO,Chocolate Syrup,Syrup,47,34.17,0.72,0,None,0.0,0.0,32.3,7.0,100.1,None,0.0,0,0,219,0,0,0,6,Monsoon
2025-06-24,SYR-CHO,Chocolate Syrup,Syrup,49,34.98,0.72,0,None,0.0,0.0,32.2,1.3,104.1,None,0.0,0,0,176,0,1,0,6,Monsoon
2025-06-25,SYR-CHO,Chocolate Syrup,Syrup,50,35.85,0.72,0,None,0.0,0.0,34.8,10.8,103.9,None,0.0,0,0,181,0,2,0,6,Monsoon
2025-06-26,SYR-CHO,Chocolate Syrup,Syrup,60,34.96,0.72,1,Festival Promo,18.0,3082.36,37.3,3.5,101.8,None,0.0,0,0,88,0,3,0,6,Monsoon
2025-06-27,SYR-CHO,Chocolate Syrup,Syrup,53,31.11,0.72,1,Festival Promo,18.0,3082.36,34.8,11.9,103.6,None,0.0,0,0,74,0,4,0,6,Monsoon
2025-06-28,SYR-CHO,Chocolate Syrup,Syrup,69,40.51,0.72,1,Festival Promo,18.0,3082.36,34.2,6.0,114.7,None,0.0,0,1,143,0,5,1,6,Monsoon
2025-06-29,SYR-CHO,Chocolate Syrup,Syrup,56,40.2,0.72,0,None,0.0,0.0,35.0,9.5,118.7,None,0.0,0,0,218,0,6,1,6,Monsoon
2025-06-30,SYR-CHO,Chocolate Syrup,Syrup,47,33.38,0.72,0,None,0.0,0.0,36.8,16.2,103.6,None,0.0,0,0,69,0,0,0,6,Monsoon
2025-07-01,SYR-CHO,Chocolate Syrup,Syrup,51,37.16,0.72,0,None,0.0,0.0,34.8,10.5,106.0,None,0.0,0,0,193,0,1,0,7,Monsoon
2025-07-02,SYR-CHO,Chocolate Syrup,Syrup,53,33.77,0.72,1,Payday Campaign,12.0,2588.04,33.6,9.7,101.2,None,0.0,0,0,204,0,2,0,7,Monsoon
2025-07-03,SYR-CHO,Chocolate Syrup,Syrup,62,38.58,0.72,1,Payday Campaign,12.0,2588.04,36.4,11.2,106.6,None,0.0,0,0,126,0,3,0,7,Monsoon
2025-07-04,SYR-CHO,Chocolate Syrup,Syrup,56,35.46,0.72,1,Payday Campaign,12.0,2588.04,35.1,2.8,105.5,None,0.0,0,1,94,0,4,0,7,Monsoon
2025-07-05,SYR-CHO,Chocolate Syrup,Syrup,65,42.2,0.72,1,Bundle Offer,8.0,2215.4,37.1,12.3,117.9,None,0.0,0,0,109,0,5,1,7,Monsoon
2025-07-06,SYR-CHO,Chocolate Syrup,Syrup,68,45.7,0.72,1,Bundle Offer,8.0,2215.4,34.6,4.9,117.0,None,0.0,0,0,100,0,6,1,7,Monsoon
2025-07-07,SYR-CHO,Chocolate Syrup,Syrup,56,37.74,0.72,1,Bundle Offer,8.0,2215.4,32.1,5.1,106.2,None,0.0,0,0,210,0,0,0,7,Monsoon
2025-07-08,SYR-CHO,Chocolate Syrup,Syrup,47,33.74,0.72,0,None,0.0,0.0,31.8,6.8,102.7,None,0.0,0,0,192,0,1,0,7,Monsoon
2025-07-09,SYR-CHO,Chocolate Syrup,Syrup,45,31.99,0.72,0,None,0.0,0.0,37.2,4.5,104.3,None,0.0,0,0,172,0,2,0,7,Monsoon
2025-07-10,SYR-CHO,Chocolate Syrup,Syrup,49,34.9,0.72,0,None,0.0,0.0,37.3,2.2,108.2,None,0.0,0,0,83,0,3,0,7,Monsoon
2025-07-11,SYR-CHO,Chocolate Syrup,Syrup,44,31.41,0.72,0,None,0.0,0.0,33.8,6.4,99.5,None,0.0,0,0,216,0,4,0,7,Monsoon
2025-07-12,SYR-CHO,Chocolate Syrup,Syrup,53,37.98,0.72,0,None,0.0,0.0,33.4,5.1,109.5,None,0.0,0,0,182,0,5,1,7,Monsoon
2025-07-13,SYR-CHO,Chocolate Syrup,Syrup,56,40.82,0.72,0,None,0.0,0.0,36.7,4.9,113.4,None,0.0,0,0,208,0,6,1,7,Monsoon
2025-07-14,SYR-CHO,Chocolate Syrup,Syrup,44,31.91,0.72,0,None,0.0,0.0,32.1,5.8,104.5,None,0.0,0,0,124,0,0,0,7,Monsoon
2025-07-15,SYR-CHO,Chocolate Syrup,Syrup,47,34.08,0.72,0,None,0.0,0.0,32.4,5.0,98.1,None,0.0,0,0,98,0,1,0,7,Monsoon
2025-07-16,SYR-CHO,Chocolate Syrup,Syrup,45,32.31,0.72,0,None,0.0,0.0,35.1,17.7,101.8,None,0.0,0,0,196,0,2,0,7,Monsoon
2025-07-17,SYR-CHO,Chocolate Syrup,Syrup,45,31.78,0.72,0,None,0.0,0.0,33.2,16.7,101.5,None,0.0,0,0,73,0,3,0,7,Monsoon
2025-07-18,SYR-CHO,Chocolate Syrup,Syrup,43,30.5,0.72,0,None,0.0,0.0,33.9,6.5,90.8,None,0.0,0,0,92,0,4,0,7,Monsoon
2025-07-19,SYR-CHO,Chocolate Syrup,Syrup,58,41.54,0.72,0,None,0.0,0.0,33.5,6.4,110.6,None,0.0,0,0,102,0,5,1,7,Monsoon
2025-07-20,SYR-CHO,Chocolate Syrup,Syrup,54,38.08,0.72,0,None,0.0,0.0,34.4,0.2,110.8,None,0.0,0,1,87,0,6,1,7,Monsoon
2025-07-21,SYR-CHO,Chocolate Syrup,Syrup,49,35.18,0.72,0,None,0.0,0.0,36.3,3.7,100.7,None,0.0,0,1,157,0,0,0,7,Monsoon
2025-07-22,SYR-CHO,Chocolate Syrup,Syrup,50,36.1,0.72,0,None,0.0,0.0,33.9,11.1,108.4,None,0.0,0,0,106,0,1,0,7,Monsoon
2025-07-23,SYR-CHO,Chocolate Syrup,Syrup,44,31.66,0.71,0,None,0.0,0.0,34.8,4.4,95.1,None,0.0,0,0,218,0,2,0,7,Monsoon
2025-07-24,SYR-CHO,Chocolate Syrup,Syrup,43,30.91,0.71,0,None,0.0,0.0,29.9,14.1,96.9,None,0.0,0,1,212,0,3,0,7,Monsoon
2025-07-25,SYR-CHO,Chocolate Syrup,Syrup,43,30.03,0.71,0,None,0.0,0.0,33.5,13.4,87.8,None,0.0,0,0,89,0,4,0,7,Monsoon
2025-07-26,SYR-CHO,Chocolate Syrup,Syrup,55,39.91,0.71,0,None,0.0,0.0,32.0,3.7,108.4,None,0.0,0,0,207,0,5,1,7,Monsoon
2025-07-27,SYR-CHO,Chocolate Syrup,Syrup,53,37.13,0.71,0,None,0.0,0.0,31.2,7.0,108.7,None,0.0,0,0,79,0,6,1,7,Monsoon
2025-07-28,SYR-CHO,Chocolate Syrup,Syrup,44,31.34,0.71,0,None,0.0,0.0,31.8,18.8,97.9,None,0.0,0,0,109,0,0,0,7,Monsoon
2025-07-29,SYR-CHO,Chocolate Syrup,Syrup,47,33.78,0.71,0,None,0.0,0.0,32.7,1.2,105.9,None,0.0,0,0,172,0,1,0,7,Monsoon
2025-07-30,SYR-CHO,Chocolate Syrup,Syrup,52,33.52,0.71,1,Weekend Flash,10.0,1538.36,34.9,4.5,104.5,None,0.0,0,0,104,0,2,0,7,Monsoon
2025-07-31,SYR-CHO,Chocolate Syrup,Syrup,51,33.3,0.71,1,Loyalty Offer,7.0,1362.72,30.8,1.1,100.5,None,0.0,0,0,83,0,3,0,7,Monsoon
2025-08-01,SYR-CHO,Chocolate Syrup,Syrup,47,33.06,0.71,0,None,0.0,0.0,33.2,2.6,98.1,None,0.0,0,0,92,0,4,0,8,Monsoon
2025-08-02,SYR-CHO,Chocolate Syrup,Syrup,55,39.33,0.71,0,None,0.0,0.0,32.2,22.8,114.9,None,0.0,0,0,180,0,5,1,8,Monsoon
2025-08-03,SYR-CHO,Chocolate Syrup,Syrup,57,40.86,0.71,0,None,0.0,0.0,32.4,4.5,109.6,None,0.0,0,0,112,0,6,1,8,Monsoon
2025-08-04,SYR-CHO,Chocolate Syrup,Syrup,45,31.62,0.71,0,None,0.0,0.0,34.8,0.5,95.4,None,0.0,0,0,104,0,0,0,8,Monsoon
2025-08-05,SYR-CHO,Chocolate Syrup,Syrup,44,31.47,0.71,0,None,0.0,0.0,33.9,2.2,90.8,None,0.0,0,0,96,0,1,0,8,Monsoon
2025-08-06,SYR-CHO,Chocolate Syrup,Syrup,43,30.05,0.71,0,None,0.0,0.0,35.2,0.9,97.1,None,0.0,0,0,204,0,2,0,8,Monsoon
2025-08-07,SYR-CHO,Chocolate Syrup,Syrup,45,32.26,0.71,0,None,0.0,0.0,32.5,7.2,102.9,None,0.0,0,0,207,0,3,0,8,Monsoon
2025-08-08,SYR-CHO,Chocolate Syrup,Syrup,51,35.89,0.71,0,None,0.0,0.0,31.4,9.0,110.4,None,0.0,0,0,199,0,4,0,8,Monsoon
2025-08-09,SYR-CHO,Chocolate Syrup,Syrup,60,42.71,0.71,0,None,0.0,0.0,32.2,12.5,122.2,Raksha Bandhan,1.0,1,0,83,0,5,1,8,Monsoon
2025-08-10,SYR-CHO,Chocolate Syrup,Syrup,53,37.64,0.71,0,None,0.0,0.0,33.0,10.6,104.9,None,0.0,0,0,113,0,6,1,8,Monsoon
2025-08-11,SYR-CHO,Chocolate Syrup,Syrup,42,30.27,0.71,0,None,0.0,0.0,32.8,1.3,92.7,None,0.0,0,0,202,0,0,0,8,Monsoon
2025-08-12,SYR-CHO,Chocolate Syrup,Syrup,48,31.81,0.71,1,Loyalty Offer,7.0,1560.62,30.4,8.6,101.2,None,0.0,0,1,156,0,1,0,8,Monsoon
2025-08-13,SYR-CHO,Chocolate Syrup,Syrup,49,32.14,0.71,1,Loyalty Offer,7.0,1560.62,32.5,5.6,89.5,None,0.0,0,0,75,0,2,0,8,Monsoon
2025-08-14,SYR-CHO,Chocolate Syrup,Syrup,48,34.24,0.71,0,None,0.0,0.0,32.7,13.9,100.9,None,0.0,0,1,107,0,3,0,8,Monsoon
2025-08-15,SYR-CHO,Chocolate Syrup,Syrup,50,36.41,0.71,0,None,0.0,0.0,36.7,11.6,113.8,Independence Day,0.9,1,0,202,0,4,0,8,Monsoon
2025-08-16,SYR-CHO,Chocolate Syrup,Syrup,54,38.67,0.71,0,None,0.0,0.0,35.5,25.0,110.1,None,0.0,0,0,214,0,5,1,8,Monsoon
2025-08-17,SYR-CHO,Chocolate Syrup,Syrup,51,36.17,0.71,0,None,0.0,0.0,30.5,2.4,106.7,None,0.0,0,0,139,0,6,1,8,Monsoon
2025-08-18,SYR-CHO,Chocolate Syrup,Syrup,47,33.01,0.71,0,None,0.0,0.0,31.4,2.0,100.5,None,0.0,0,0,91,0,0,0,8,Monsoon
2025-08-19,SYR-CHO,Chocolate Syrup,Syrup,43,30.28,0.71,0,None,0.0,0.0,29.2,4.0,98.4,None,0.0,0,0,75,0,1,0,8,Monsoon
2025-08-20,SYR-CHO,Chocolate Syrup,Syrup,42,30.03,0.71,0,None,0.0,0.0,30.7,5.8,93.5,None,0.0,0,0,98,0,2,0,8,Monsoon
2025-08-21,SYR-CHO,Chocolate Syrup,Syrup,46,32.27,0.71,0,None,0.0,0.0,32.3,3.2,106.5,None,0.0,0,0,193,0,3,0,8,Monsoon
2025-08-22,SYR-CHO,Chocolate Syrup,Syrup,51,36.15,0.71,0,None,0.0,0.0,33.8,2.6,95.4,None,0.0,0,0,203,0,4,0,8,Monsoon
2025-08-23,SYR-CHO,Chocolate Syrup,Syrup,65,43.11,0.71,1,Bundle Offer,8.0,2002.59,30.2,8.2,110.9,None,0.0,0,0,126,0,5,1,8,Monsoon
2025-08-24,SYR-CHO,Chocolate Syrup,Syrup,54,38.33,0.71,0,None,0.0,0.0,30.3,4.0,94.8,None,0.0,0,0,230,0,6,1,8,Monsoon
2025-08-25,SYR-CHO,Chocolate Syrup,Syrup,46,29.91,0.71,1,Loyalty Offer,7.0,1457.49,27.5,3.1,103.1,None,0.0,0,0,206,0,0,0,8,Monsoon
2025-08-26,SYR-CHO,Chocolate Syrup,Syrup,53,35.82,0.71,1,Loyalty Offer,7.0,1457.49,31.0,1.3,104.0,None,0.0,0,1,231,0,1,0,8,Monsoon
2025-08-27,SYR-CHO,Chocolate Syrup,Syrup,42,30.37,0.71,0,None,0.0,0.0,29.3,0.2,96.6,None,0.0,0,0,182,0,2,0,8,Monsoon
2025-08-28,SYR-CHO,Chocolate Syrup,Syrup,45,32.05,0.71,0,None,0.0,0.0,30.1,17.1,99.2,None,0.0,0,0,156,0,3,0,8,Monsoon
2025-08-29,SYR-CHO,Chocolate Syrup,Syrup,46,33.06,0.71,0,None,0.0,0.0,29.4,16.7,99.0,None,0.0,0,0,223,0,4,0,8,Monsoon
2025-08-30,SYR-CHO,Chocolate Syrup,Syrup,53,37.39,0.71,0,None,0.0,0.0,30.7,11.8,102.9,None,0.0,0,0,183,0,5,1,8,Monsoon
2025-08-31,SYR-CHO,Chocolate Syrup,Syrup,49,34.97,0.71,0,None,0.0,0.0,27.7,9.8,108.7,None,0.0,0,1,202,0,6,1,8,Monsoon
2025-09-01,SYR-CHO,Chocolate Syrup,Syrup,47,30.44,0.71,1,Bundle Offer,8.0,2345.12,28.1,3.6,91.8,None,0.0,0,0,131,0,0,0,9,Monsoon
2025-09-02,SYR-CHO,Chocolate Syrup,Syrup,55,35.21,0.71,1,Bundle Offer,8.0,2345.12,34.5,10.1,92.7,None,0.0,0,0,113,0,1,0,9,Monsoon
2025-09-03,SYR-CHO,Chocolate Syrup,Syrup,52,34.89,0.71,1,Bundle Offer,8.0,2345.12,28.2,1.9,101.3,None,0.0,0,0,163,0,2,0,9,Monsoon
2025-09-04,SYR-CHO,Chocolate Syrup,Syrup,44,30.59,0.71,0,None,0.0,0.0,28.5,6.8,100.4,None,0.0,0,0,129,0,3,0,9,Monsoon
2025-09-05,SYR-CHO,Chocolate Syrup,Syrup,46,32.64,0.71,0,None,0.0,0.0,33.7,2.8,91.9,None,0.0,0,0,122,0,4,0,9,Monsoon
2025-09-06,SYR-CHO,Chocolate Syrup,Syrup,55,39.01,0.71,0,None,0.0,0.0,35.5,10.1,101.6,None,0.0,0,1,186,0,5,1,9,Monsoon
2025-09-07,SYR-CHO,Chocolate Syrup,Syrup,51,36.27,0.71,0,None,0.0,0.0,28.1,19.7,102.0,None,0.0,0,0,168,0,6,1,9,Monsoon
2025-09-08,SYR-CHO,Chocolate Syrup,Syrup,57,33.0,0.71,1,Festival Promo,18.0,2991.56,29.4,2.2,98.8,None,0.0,0,0,127,0,0,0,9,Monsoon
2025-09-09,SYR-CHO,Chocolate Syrup,Syrup,56,32.42,0.71,1,Festival Promo,18.0,2991.56,30.6,3.8,90.0,None,0.0,0,0,114,0,1,0,9,Monsoon
2025-09-10,SYR-CHO,Chocolate Syrup,Syrup,58,33.66,0.71,1,Festival Promo,18.0,2991.56,33.0,6.7,96.7,None,0.0,0,0,165,0,2,0,9,Monsoon
2025-09-11,SYR-CHO,Chocolate Syrup,Syrup,54,31.46,0.71,1,Festival Promo,18.0,2991.56,28.0,0.6,98.5,None,0.0,0,0,126,0,3,0,9,Monsoon
2025-09-12,SYR-CHO,Chocolate Syrup,Syrup,43,30.37,0.71,0,None,0.0,0.0,29.3,1.0,94.2,None,0.0,0,0,101,0,4,0,9,Monsoon
2025-09-13,SYR-CHO,Chocolate Syrup,Syrup,53,37.4,0.71,0,None,0.0,0.0,31.0,19.3,109.6,None,0.0,0,0,108,0,5,1,9,Monsoon
2025-09-14,SYR-CHO,Chocolate Syrup,Syrup,51,35.45,0.71,0,None,0.0,0.0,30.3,8.2,102.9,None,0.0,0,0,177,0,6,1,9,Monsoon
2025-09-15,SYR-CHO,Chocolate Syrup,Syrup,44,31.82,0.71,0,None,0.0,0.0,28.8,3.4,93.3,None,0.0,0,0,130,0,0,0,9,Monsoon
2025-09-16,SYR-CHO,Chocolate Syrup,Syrup,41,29.14,0.71,0,None,0.0,0.0,29.1,6.1,89.4,None,0.0,0,0,115,0,1,0,9,Monsoon
2025-09-17,SYR-CHO,Chocolate Syrup,Syrup,44,31.14,0.71,0,None,0.0,0.0,26.8,4.0,99.3,None,0.0,0,0,82,0,2,0,9,Monsoon
2025-09-18,SYR-CHO,Chocolate Syrup,Syrup,42,29.43,0.71,0,None,0.0,0.0,28.7,6.9,90.3,None,0.0,0,0,70,0,3,0,9,Monsoon
2025-09-19,SYR-CHO,Chocolate Syrup,Syrup,45,31.38,0.71,0,None,0.0,0.0,28.6,4.1,95.7,None,0.0,0,0,176,0,4,0,9,Monsoon
2025-09-20,SYR-CHO,Chocolate Syrup,Syrup,54,38.51,0.71,0,None,0.0,0.0,29.4,5.7,103.5,None,0.0,0,0,228,0,5,1,9,Monsoon
2025-09-21,SYR-CHO,Chocolate Syrup,Syrup,52,36.63,0.71,0,None,0.0,0.0,27.9,10.8,98.6,None,0.0,0,0,123,0,6,1,9,Monsoon
2025-09-22,SYR-CHO,Chocolate Syrup,Syrup,42,29.86,0.71,0,None,0.0,0.0,29.6,10.3,90.7,None,0.0,0,0,197,0,0,0,9,Monsoon
2025-09-23,SYR-CHO,Chocolate Syrup,Syrup,46,31.94,0.71,0,None,0.0,0.0,30.5,18.5,100.6,None,0.0,0,0,162,0,1,0,9,Monsoon
2025-09-24,SYR-CHO,Chocolate Syrup,Syrup,52,34.76,0.71,1,Loyalty Offer,7.0,1520.15,28.9,8.7,94.6,None,0.0,0,0,120,0,2,0,9,Monsoon
2025-09-25,SYR-CHO,Chocolate Syrup,Syrup,46,30.52,0.71,1,Loyalty Offer,7.0,1520.15,29.1,6.5,88.4,None,0.0,0,0,156,0,3,0,9,Monsoon
2025-09-26,SYR-CHO,Chocolate Syrup,Syrup,54,35.4,0.71,1,Loyalty Offer,7.0,1520.15,28.5,20.5,94.9,None,0.0,0,0,94,0,4,0,9,Monsoon
2025-09-27,SYR-CHO,Chocolate Syrup,Syrup,57,40.45,0.71,0,None,0.0,0.0,28.3,5.2,102.6,None,0.0,0,0,131,0,5,1,9,Monsoon
2025-09-28,SYR-CHO,Chocolate Syrup,Syrup,56,39.87,0.71,0,None,0.0,0.0,26.9,0.3,120.5,None,0.0,0,0,193,0,6,1,9,Monsoon
2025-09-29,SYR-CHO,Chocolate Syrup,Syrup,54,33.74,0.71,1,Weekend Flash,10.0,1539.29,28.7,12.0,94.6,None,0.0,0,0,210,0,0,0,9,Monsoon
2025-09-30,SYR-CHO,Chocolate Syrup,Syrup,52,33.69,0.71,1,Weekend Flash,10.0,1539.29,27.8,7.8,91.2,None,0.0,0,1,107,0,1,0,9,Monsoon
2025-10-01,SYR-CHO,Chocolate Syrup,Syrup,46,32.65,0.71,0,None,0.0,0.0,31.7,0.0,100.1,None,0.0,0,0,211,0,2,0,10,Transition
2025-10-02,SYR-CHO,Chocolate Syrup,Syrup,46,32.18,0.71,0,None,0.0,0.0,30.7,0.0,92.9,Gandhi Jayanti,0.7,1,0,162,0,3,0,10,Transition
2025-10-03,SYR-CHO,Chocolate Syrup,Syrup,45,31.33,0.71,0,None,0.0,0.0,28.4,0.0,93.4,None,0.0,0,0,101,0,4,0,10,Transition
2025-10-04,SYR-CHO,Chocolate Syrup,Syrup,50,35.7,0.71,0,None,0.0,0.0,26.3,0.6,112.8,None,0.0,0,1,194,0,5,1,10,Transition
2025-10-05,SYR-CHO,Chocolate Syrup,Syrup,47,33.25,0.71,0,None,0.0,0.0,25.6,0.2,102.2,None,0.0,0,0,207,0,6,1,10,Transition
2025-10-06,SYR-CHO,Chocolate Syrup,Syrup,42,29.81,0.71,0,None,0.0,0.0,29.6,0.4,84.1,None,0.0,0,1,105,0,0,0,10,Transition
2025-10-07,SYR-CHO,Chocolate Syrup,Syrup,44,31.06,0.71,0,None,0.0,0.0,27.9,0.6,90.7,None,0.0,0,0,80,0,1,0,10,Transition
2025-10-08,SYR-CHO,Chocolate Syrup,Syrup,42,29.28,0.71,0,None,0.0,0.0,28.2,1.2,99.9,None,0.0,0,0,107,0,2,0,10,Transition
2025-10-09,SYR-CHO,Chocolate Syrup,Syrup,40,28.4,0.71,0,None,0.0,0.0,24.1,0.1,94.4,None,0.0,0,0,181,0,3,0,10,Transition
2025-10-10,SYR-CHO,Chocolate Syrup,Syrup,43,30.28,0.71,0,None,0.0,0.0,28.8,3.6,88.3,None,0.0,0,0,72,0,4,0,10,Transition
2025-10-11,SYR-CHO,Chocolate Syrup,Syrup,57,37.0,0.71,1,Bundle Offer,8.0,2501.53,27.8,0.0,99.0,None,0.0,0,0,123,0,5,1,10,Transition
2025-10-12,SYR-CHO,Chocolate Syrup,Syrup,43,31.22,0.71,0,None,0.0,0.0,24.9,0.0,99.6,None,0.0,0,0,114,0,6,1,10,Transition
2025-10-13,SYR-CHO,Chocolate Syrup,Syrup,48,30.81,0.71,1,Weekend Flash,10.0,1473.17,26.0,0.3,94.2,None,0.0,0,0,70,0,0,0,10,Transition
2025-10-14,SYR-CHO,Chocolate Syrup,Syrup,53,34.05,0.71,1,Weekend Flash,10.0,1473.17,27.2,0.1,99.0,None,0.0,0,0,168,0,1,0,10,Transition
2025-10-15,SYR-CHO,Chocolate Syrup,Syrup,53,34.0,0.71,1,Payday Campaign,12.0,2292.0,26.8,1.1,97.6,None,0.0,0,0,201,0,2,0,10,Transition
2025-10-16,SYR-CHO,Chocolate Syrup,Syrup,52,32.46,0.71,1,Payday Campaign,12.0,2292.0,26.1,0.0,94.5,None,0.0,0,1,96,0,3,0,10,Transition
2025-10-17,SYR-CHO,Chocolate Syrup,Syrup,51,31.74,0.71,1,Payday Campaign,12.0,2292.0,26.3,0.1,85.6,None,0.0,0,1,212,0,4,0,10,Transition
2025-10-18,SYR-CHO,Chocolate Syrup,Syrup,52,36.42,0.71,0,None,0.0,0.0,26.0,0.1,108.6,Diwali,1.0,1,0,224,0,5,1,10,Transition
2025-10-19,SYR-CHO,Chocolate Syrup,Syrup,56,39.34,0.71,0,None,0.0,0.0,26.6,0.4,121.1,Diwali,1.25,1,0,215,0,6,1,10,Transition
2025-10-20,SYR-CHO,Chocolate Syrup,Syrup,50,34.45,0.71,0,None,0.0,0.0,28.9,0.3,104.9,Diwali,1.5,1,0,185,0,0,0,10,Transition
2025-10-21,SYR-CHO,Chocolate Syrup,Syrup,45,32.09,0.71,0,None,0.0,0.0,21.6,0.0,110.5,Diwali,1.5,1,0,136,0,1,0,10,Transition
2025-10-22,SYR-CHO,Chocolate Syrup,Syrup,48,33.4,0.71,0,None,0.0,0.0,25.7,0.3,106.6,Diwali,1.0,1,0,100,0,2,0,10,Transition
2025-10-23,SYR-CHO,Chocolate Syrup,Syrup,42,30.0,0.71,0,None,0.0,0.0,26.3,0.6,86.4,None,0.0,0,0,208,0,3,0,10,Transition
2025-10-24,SYR-CHO,Chocolate Syrup,Syrup,45,31.79,0.71,0,None,0.0,0.0,26.5,0.7,86.9,None,0.0,0,0,149,0,4,0,10,Transition
2025-10-25,SYR-CHO,Chocolate Syrup,Syrup,49,34.69,0.71,0,None,0.0,0.0,25.2,0.5,101.6,None,0.0,0,0,141,0,5,1,10,Transition
2025-10-26,SYR-CHO,Chocolate Syrup,Syrup,51,36.03,0.71,0,None,0.0,0.0,22.6,0.0,104.5,None,0.0,0,0,133,0,6,1,10,Transition
2025-10-27,SYR-CHO,Chocolate Syrup,Syrup,48,34.5,0.71,0,None,0.0,0.0,26.3,0.0,97.3,None,0.0,0,0,102,0,0,0,10,Transition
2025-10-28,SYR-CHO,Chocolate Syrup,Syrup,45,32.28,0.71,0,None,0.0,0.0,28.7,0.0,95.0,None,0.0,0,0,126,0,1,0,10,Transition
2025-10-29,SYR-CHO,Chocolate Syrup,Syrup,41,28.99,0.71,0,None,0.0,0.0,22.8,0.0,92.4,None,0.0,0,0,188,0,2,0,10,Transition
2025-10-30,SYR-CHO,Chocolate Syrup,Syrup,40,27.99,0.71,0,None,0.0,0.0,27.0,1.1,88.3,None,0.0,0,0,149,0,3,0,10,Transition
2025-10-31,SYR-CHO,Chocolate Syrup,Syrup,43,30.76,0.71,0,None,0.0,0.0,24.8,0.1,86.6,None,0.0,0,0,126,0,4,0,10,Transition
2025-11-01,SYR-CHO,Chocolate Syrup,Syrup,60,39.02,0.71,1,Loyalty Offer,7.0,1284.29,25.2,0.4,99.4,None,0.0,0,0,97,0,5,1,11,Winter
2025-11-02,SYR-CHO,Chocolate Syrup,Syrup,56,36.17,0.71,1,Loyalty Offer,7.0,1284.29,23.4,0.6,104.1,None,0.0,0,1,142,0,6,1,11,Winter
2025-11-03,SYR-CHO,Chocolate Syrup,Syrup,50,33.11,0.71,1,Loyalty Offer,7.0,1284.29,24.6,1.3,93.7,None,0.0,0,1,104,0,0,0,11,Winter
2025-11-04,SYR-CHO,Chocolate Syrup,Syrup,49,32.74,0.71,1,Loyalty Offer,7.0,1284.29,27.5,0.1,81.5,None,0.0,0,0,132,0,1,0,11,Winter
2025-11-05,SYR-CHO,Chocolate Syrup,Syrup,43,30.3,0.71,0,None,0.0,0.0,26.1,0.0,88.1,None,0.0,0,0,86,0,2,0,11,Winter
2025-11-06,SYR-CHO,Chocolate Syrup,Syrup,47,33.45,0.71,0,None,0.0,0.0,28.1,0.4,98.1,None,0.0,0,0,218,0,3,0,11,Winter
2025-11-07,SYR-CHO,Chocolate Syrup,Syrup,45,31.72,0.71,0,None,0.0,0.0,27.1,0.0,92.5,None,0.0,0,0,92,0,4,0,11,Winter
2025-11-08,SYR-CHO,Chocolate Syrup,Syrup,49,35.02,0.71,0,None,0.0,0.0,25.7,0.1,95.0,None,0.0,0,1,88,0,5,1,11,Winter
2025-11-09,SYR-CHO,Chocolate Syrup,Syrup,57,40.93,0.71,0,None,0.0,0.0,27.9,0.9,113.9,None,0.0,0,0,181,0,6,1,11,Winter
2025-11-10,SYR-CHO,Chocolate Syrup,Syrup,45,31.8,0.71,0,None,0.0,0.0,25.5,0.1,92.0,None,0.0,0,0,120,0,0,0,11,Winter
2025-11-11,SYR-CHO,Chocolate Syrup,Syrup,42,29.41,0.71,0,None,0.0,0.0,26.2,0.1,94.1,None,0.0,0,0,221,0,1,0,11,Winter
2025-11-12,SYR-CHO,Chocolate Syrup,Syrup,42,29.27,0.71,0,None,0.0,0.0,24.1,0.2,94.2,None,0.0,0,0,126,0,2,0,11,Winter
2025-11-13,SYR-CHO,Chocolate Syrup,Syrup,37,26.54,0.71,0,None,0.0,0.0,24.7,0.3,90.4,None,0.0,0,0,161,0,3,0,11,Winter
2025-11-14,SYR-CHO,Chocolate Syrup,Syrup,42,29.39,0.71,0,None,0.0,0.0,23.3,0.1,88.6,None,0.0,0,0,195,0,4,0,11,Winter
2025-11-15,SYR-CHO,Chocolate Syrup,Syrup,56,39.92,0.71,0,None,0.0,0.0,26.2,0.1,112.9,None,0.0,0,1,233,0,5,1,11,Winter
2025-11-16,SYR-CHO,Chocolate Syrup,Syrup,49,35.11,0.71,0,None,0.0,0.0,22.3,0.5,107.3,None,0.0,0,0,198,0,6,1,11,Winter
2025-11-17,SYR-CHO,Chocolate Syrup,Syrup,44,31.05,0.71,0,None,0.0,0.0,25.8,1.0,96.5,None,0.0,0,0,156,0,0,0,11,Winter
2025-11-18,SYR-CHO,Chocolate Syrup,Syrup,41,29.06,0.71,0,None,0.0,0.0,24.0,0.1,95.3,None,0.0,0,0,191,0,1,0,11,Winter
2025-11-19,SYR-CHO,Chocolate Syrup,Syrup,42,30.2,0.71,0,None,0.0,0.0,26.4,0.0,87.4,None,0.0,0,0,107,0,2,0,11,Winter
2025-11-20,SYR-CHO,Chocolate Syrup,Syrup,44,30.96,0.71,0,None,0.0,0.0,25.6,0.2,98.9,None,0.0,0,0,203,0,3,0,11,Winter
2025-11-21,SYR-CHO,Chocolate Syrup,Syrup,42,29.53,0.71,0,None,0.0,0.0,27.4,0.9,88.3,None,0.0,0,0,201,0,4,0,11,Winter
2025-11-22,SYR-CHO,Chocolate Syrup,Syrup,51,36.16,0.71,0,None,0.0,0.0,25.4,0.9,104.0,None,0.0,0,0,132,0,5,1,11,Winter
2025-11-23,SYR-CHO,Chocolate Syrup,Syrup,45,32.49,0.71,0,None,0.0,0.0,21.3,0.3,94.4,None,0.0,0,0,75,0,6,1,11,Winter
2025-11-24,SYR-CHO,Chocolate Syrup,Syrup,41,29.73,0.71,0,None,0.0,0.0,23.9,2.4,82.5,None,0.0,0,0,170,0,0,0,11,Winter
2025-11-25,SYR-CHO,Chocolate Syrup,Syrup,41,29.14,0.71,0,None,0.0,0.0,21.9,1.9,94.3,None,0.0,0,0,77,0,1,0,11,Winter
2025-11-26,SYR-CHO,Chocolate Syrup,Syrup,46,30.19,0.71,1,Loyalty Offer,7.0,1490.84,23.0,0.5,88.7,None,0.0,0,0,68,0,2,0,11,Winter
2025-11-27,SYR-CHO,Chocolate Syrup,Syrup,49,32.86,0.71,1,Loyalty Offer,7.0,1490.84,26.6,0.5,82.9,None,0.0,0,0,220,0,3,0,11,Winter
2025-11-28,SYR-CHO,Chocolate Syrup,Syrup,49,31.81,0.71,1,Loyalty Offer,7.0,1490.84,25.0,0.5,95.6,None,0.0,0,0,159,0,4,0,11,Winter
2025-11-29,SYR-CHO,Chocolate Syrup,Syrup,62,41.2,0.71,1,Loyalty Offer,7.0,1490.84,22.6,0.1,113.6,None,0.0,0,0,186,0,5,1,11,Winter
2025-11-30,SYR-CHO,Chocolate Syrup,Syrup,49,34.9,0.71,0,None,0.0,0.0,22.0,0.4,110.0,None,0.0,0,0,209,0,6,1,11,Winter
2025-12-01,SYR-CHO,Chocolate Syrup,Syrup,43,31.13,0.71,0,None,0.0,0.0,23.8,0.1,91.8,None,0.0,0,0,211,0,0,0,12,Winter
2025-12-02,SYR-CHO,Chocolate Syrup,Syrup,39,28.27,0.71,0,None,0.0,0.0,21.6,0.2,93.2,None,0.0,0,0,212,0,1,0,12,Winter
2025-12-03,SYR-CHO,Chocolate Syrup,Syrup,43,30.32,0.71,0,None,0.0,0.0,22.5,0.2,97.7,None,0.0,0,0,84,0,2,0,12,Winter
2025-12-04,SYR-CHO,Chocolate Syrup,Syrup,18,12.87,0.71,0,None,0.0,0.0,24.3,0.8,98.9,None,0.0,0,0,89,1,3,0,12,Winter
2025-12-05,SYR-CHO,Chocolate Syrup,Syrup,46,32.61,0.71,0,None,0.0,0.0,25.8,0.0,91.7,None,0.0,0,0,188,0,4,0,12,Winter
2025-12-06,SYR-CHO,Chocolate Syrup,Syrup,55,39.13,0.71,0,None,0.0,0.0,24.8,1.2,103.7,None,0.0,0,0,79,0,5,1,12,Winter
2025-12-07,SYR-CHO,Chocolate Syrup,Syrup,50,35.97,0.71,0,None,0.0,0.0,19.5,1.6,105.1,None,0.0,0,0,107,0,6,1,12,Winter
2025-12-08,SYR-CHO,Chocolate Syrup,Syrup,46,32.73,0.71,0,None,0.0,0.0,24.2,0.1,96.4,None,0.0,0,0,148,0,0,0,12,Winter
2025-12-09,SYR-CHO,Chocolate Syrup,Syrup,54,34.81,0.71,1,Weekend Flash,10.0,1773.39,23.7,0.5,93.1,None,0.0,0,0,128,0,1,0,12,Winter
2025-12-10,SYR-CHO,Chocolate Syrup,Syrup,40,28.92,0.71,0,None,0.0,0.0,24.3,0.1,93.2,None,0.0,0,0,87,0,2,0,12,Winter
2025-12-11,SYR-CHO,Chocolate Syrup,Syrup,44,32.04,0.72,0,None,0.0,0.0,26.5,0.6,100.8,None,0.0,0,0,207,0,3,0,12,Winter
2025-12-12,SYR-CHO,Chocolate Syrup,Syrup,39,27.99,0.72,0,None,0.0,0.0,19.8,0.9,100.1,None,0.0,0,0,130,0,4,0,12,Winter
2025-12-13,SYR-CHO,Chocolate Syrup,Syrup,52,37.26,0.72,0,None,0.0,0.0,22.5,0.1,106.5,None,0.0,0,0,137,0,5,1,12,Winter
2025-12-14,SYR-CHO,Chocolate Syrup,Syrup,49,34.61,0.72,0,None,0.0,0.0,24.6,0.4,112.8,None,0.0,0,0,174,0,6,1,12,Winter
2025-12-15,SYR-CHO,Chocolate Syrup,Syrup,37,27.0,0.72,0,None,0.0,0.0,20.7,1.7,92.4,None,0.0,0,0,164,0,0,0,12,Winter
2025-12-16,SYR-CHO,Chocolate Syrup,Syrup,43,30.98,0.72,0,None,0.0,0.0,26.2,1.5,102.5,None,0.0,0,0,141,0,1,0,12,Winter
2025-12-17,SYR-CHO,Chocolate Syrup,Syrup,39,27.99,0.72,0,None,0.0,0.0,24.2,0.0,97.2,None,0.0,0,1,200,0,2,0,12,Winter
2025-12-18,SYR-CHO,Chocolate Syrup,Syrup,46,33.0,0.72,0,None,0.0,0.0,25.0,0.1,110.9,None,0.0,0,0,113,0,3,0,12,Winter
2025-12-19,SYR-CHO,Chocolate Syrup,Syrup,38,27.36,0.72,0,None,0.0,0.0,22.5,0.5,88.7,None,0.0,0,0,197,0,4,0,12,Winter
2025-12-20,SYR-CHO,Chocolate Syrup,Syrup,47,34.02,0.72,0,None,0.0,0.0,25.0,0.1,101.3,None,0.0,0,0,205,0,5,1,12,Winter
2025-12-21,SYR-CHO,Chocolate Syrup,Syrup,53,38.43,0.72,0,None,0.0,0.0,25.4,0.0,107.0,None,0.0,0,0,74,0,6,1,12,Winter
2025-12-22,SYR-CHO,Chocolate Syrup,Syrup,43,31.46,0.72,0,None,0.0,0.0,23.9,0.1,97.0,None,0.0,0,0,183,0,0,0,12,Winter
2025-12-23,SYR-CHO,Chocolate Syrup,Syrup,40,28.8,0.72,0,None,0.0,0.0,23.9,0.7,104.9,None,0.0,0,0,85,0,1,0,12,Winter
2025-12-24,SYR-CHO,Chocolate Syrup,Syrup,41,30.07,0.72,0,None,0.0,0.0,24.0,0.2,91.9,None,0.0,0,0,138,0,2,0,12,Winter
2025-12-25,SYR-CHO,Chocolate Syrup,Syrup,47,34.2,0.72,0,None,0.0,0.0,22.0,0.0,115.5,Christmas,1.2,1,0,213,0,3,0,12,Winter
2025-12-26,SYR-CHO,Chocolate Syrup,Syrup,42,30.16,0.72,0,None,0.0,0.0,23.3,0.1,101.3,None,0.0,0,1,93,0,4,0,12,Winter
2025-12-27,SYR-CHO,Chocolate Syrup,Syrup,51,35.93,0.72,0,None,0.0,0.0,23.3,0.0,109.1,None,0.0,0,0,160,0,5,1,12,Winter
2025-12-28,SYR-CHO,Chocolate Syrup,Syrup,54,38.88,0.72,0,None,0.0,0.0,24.2,0.1,100.9,None,0.0,0,0,198,0,6,1,12,Winter
2025-12-29,SYR-CHO,Chocolate Syrup,Syrup,50,36.64,0.72,0,None,0.0,0.0,25.4,0.0,102.8,None,0.0,0,1,146,0,0,0,12,Winter
2025-12-30,SYR-CHO,Chocolate Syrup,Syrup,42,29.95,0.72,0,None,0.0,0.0,21.7,0.4,102.1,None,0.0,0,0,74,0,1,0,12,Winter
2025-12-31,SYR-CHO,Chocolate Syrup,Syrup,44,31.71,0.72,0,None,0.0,0.0,23.4,0.7,113.3,New Year,1.1,1,1,74,0,2,0,12,Winter
2026-01-01,SYR-CHO,Chocolate Syrup,Syrup,44,31.75,0.72,0,None,0.0,0.0,26.3,0.2,97.2,None,0.0,0,0,146,0,3,0,1,Winter
2026-01-02,SYR-CHO,Chocolate Syrup,Syrup,42,30.6,0.72,0,None,0.0,0.0,22.3,0.0,97.4,None,0.0,0,0,66,0,4,0,1,Winter
2026-01-03,SYR-CHO,Chocolate Syrup,Syrup,50,35.87,0.72,0,None,0.0,0.0,22.2,0.8,106.0,None,0.0,0,0,72,0,5,1,1,Winter
2026-01-04,SYR-CHO,Chocolate Syrup,Syrup,54,38.53,0.72,0,None,0.0,0.0,24.1,1.4,109.7,None,0.0,0,0,226,0,6,1,1,Winter
2026-01-05,SYR-CHO,Chocolate Syrup,Syrup,49,35.58,0.72,0,None,0.0,0.0,25.2,1.0,96.8,None,0.0,0,0,154,0,0,0,1,Winter
2026-01-06,SYR-CHO,Chocolate Syrup,Syrup,46,30.26,0.72,1,Bundle Offer,8.0,2468.92,23.8,0.1,92.5,None,0.0,0,0,141,0,1,0,1,Winter
2026-01-07,SYR-CHO,Chocolate Syrup,Syrup,50,32.47,0.72,1,Bundle Offer,8.0,2468.92,26.2,1.3,91.7,None,0.0,0,0,86,0,2,0,1,Winter
2026-01-08,SYR-CHO,Chocolate Syrup,Syrup,55,37.34,0.72,1,Bundle Offer,8.0,2468.92,25.3,0.8,93.3,None,0.0,0,0,200,0,3,0,1,Winter
2026-01-09,SYR-CHO,Chocolate Syrup,Syrup,29,19.48,0.72,1,Bundle Offer,8.0,2468.92,25.3,1.5,98.3,None,0.0,0,1,130,1,4,0,1,Winter
2026-01-10,SYR-CHO,Chocolate Syrup,Syrup,54,39.89,0.72,0,None,0.0,0.0,24.9,0.0,107.2,None,0.0,0,0,109,0,5,1,1,Winter
2026-01-11,SYR-CHO,Chocolate Syrup,Syrup,28,20.45,0.72,0,None,0.0,0.0,28.1,0.0,108.5,None,0.0,0,1,168,1,6,1,1,Winter
2026-01-12,SYR-CHO,Chocolate Syrup,Syrup,46,33.53,0.72,0,None,0.0,0.0,23.6,0.0,100.1,None,0.0,0,0,103,0,0,0,1,Winter
2026-01-13,SYR-CHO,Chocolate Syrup,Syrup,46,33.41,0.72,0,None,0.0,0.0,20.4,0.0,94.6,None,0.0,0,0,146,0,1,0,1,Winter
2026-01-14,SYR-CHO,Chocolate Syrup,Syrup,52,37.53,0.72,0,None,0.0,0.0,26.9,0.5,118.2,Makar Sankranti,1.0,1,0,161,0,2,0,1,Winter
2026-01-15,SYR-CHO,Chocolate Syrup,Syrup,39,28.4,0.72,0,None,0.0,0.0,23.2,0.0,96.6,None,0.0,0,0,103,0,3,0,1,Winter
2026-01-16,SYR-CHO,Chocolate Syrup,Syrup,42,30.2,0.72,0,None,0.0,0.0,24.3,0.0,95.9,None,0.0,0,0,202,0,4,0,1,Winter
2026-01-17,SYR-CHO,Chocolate Syrup,Syrup,60,42.89,0.72,0,None,0.0,0.0,26.5,6.4,110.6,None,0.0,0,0,192,0,5,1,1,Winter
2026-01-18,SYR-CHO,Chocolate Syrup,Syrup,46,33.19,0.72,0,None,0.0,0.0,21.3,0.7,99.2,None,0.0,0,1,112,0,6,1,1,Winter
2026-01-19,SYR-CHO,Chocolate Syrup,Syrup,43,31.64,0.72,0,None,0.0,0.0,22.0,1.6,94.5,None,0.0,0,0,88,0,0,0,1,Winter
2026-01-20,SYR-CHO,Chocolate Syrup,Syrup,37,26.42,0.72,0,None,0.0,0.0,21.4,0.0,103.5,None,0.0,0,0,109,0,1,0,1,Winter
2026-01-21,SYR-CHO,Chocolate Syrup,Syrup,38,27.15,0.73,0,None,0.0,0.0,22.9,2.8,90.1,None,0.0,0,1,132,0,2,0,1,Winter
2026-01-22,SYR-CHO,Chocolate Syrup,Syrup,47,34.33,0.73,0,None,0.0,0.0,25.2,0.3,104.5,None,0.0,0,1,155,0,3,0,1,Winter
2026-01-23,SYR-CHO,Chocolate Syrup,Syrup,46,33.21,0.73,0,None,0.0,0.0,25.4,0.0,106.6,None,0.0,0,0,130,0,4,0,1,Winter
2026-01-24,SYR-CHO,Chocolate Syrup,Syrup,52,37.96,0.73,0,None,0.0,0.0,25.0,0.8,107.3,None,0.0,0,0,78,0,5,1,1,Winter
2026-01-25,SYR-CHO,Chocolate Syrup,Syrup,49,36.0,0.73,0,None,0.0,0.0,22.0,0.0,110.8,None,0.0,0,0,177,0,6,1,1,Winter
2026-01-26,SYR-CHO,Chocolate Syrup,Syrup,42,30.67,0.73,0,None,0.0,0.0,20.4,0.0,115.4,Republic Day,0.8,1,0,122,0,0,0,1,Winter
2026-01-27,SYR-CHO,Chocolate Syrup,Syrup,45,32.44,0.73,0,None,0.0,0.0,24.7,0.4,97.3,None,0.0,0,0,118,0,1,0,1,Winter
2026-01-28,SYR-CHO,Chocolate Syrup,Syrup,44,32.47,0.73,0,None,0.0,0.0,23.9,0.5,104.1,None,0.0,0,0,153,0,2,0,1,Winter
2026-01-29,SYR-CHO,Chocolate Syrup,Syrup,41,30.07,0.73,0,None,0.0,0.0,25.6,0.4,96.5,None,0.0,0,0,194,0,3,0,1,Winter
2026-01-30,SYR-CHO,Chocolate Syrup,Syrup,45,32.73,0.73,0,None,0.0,0.0,26.1,0.0,97.6,None,0.0,0,0,65,0,4,0,1,Winter
2026-01-31,SYR-CHO,Chocolate Syrup,Syrup,54,39.27,0.73,0,None,0.0,0.0,25.1,0.9,106.1,None,0.0,0,0,227,0,5,1,1,Winter
2026-02-01,SYR-CHO,Chocolate Syrup,Syrup,54,39.46,0.73,0,None,0.0,0.0,26.3,2.3,112.0,None,0.0,0,0,176,0,6,1,2,Winter
2026-02-02,SYR-CHO,Chocolate Syrup,Syrup,46,33.35,0.73,0,None,0.0,0.0,25.4,2.6,106.2,None,0.0,0,0,153,0,0,0,2,Winter
2026-02-03,SYR-CHO,Chocolate Syrup,Syrup,45,32.12,0.73,0,None,0.0,0.0,26.0,0.0,99.6,None,0.0,0,0,73,0,1,0,2,Winter
2026-02-04,SYR-CHO,Chocolate Syrup,Syrup,41,30.12,0.73,0,None,0.0,0.0,23.9,0.0,94.3,None,0.0,0,0,174,0,2,0,2,Winter
2026-02-05,SYR-CHO,Chocolate Syrup,Syrup,53,34.25,0.73,1,Payday Campaign,12.0,2339.38,24.9,0.1,95.4,None,0.0,0,1,188,0,3,0,2,Winter
2026-02-06,SYR-CHO,Chocolate Syrup,Syrup,57,35.54,0.73,1,Payday Campaign,12.0,2339.38,25.6,1.0,102.9,None,0.0,0,0,166,0,4,0,2,Winter
2026-02-07,SYR-CHO,Chocolate Syrup,Syrup,59,43.26,0.73,0,None,0.0,0.0,26.8,0.0,120.3,None,0.0,0,0,207,0,5,1,2,Winter
2026-02-08,SYR-CHO,Chocolate Syrup,Syrup,55,40.94,0.73,0,None,0.0,0.0,24.7,0.1,113.2,None,0.0,0,0,209,0,6,1,2,Winter
2026-02-09,SYR-CHO,Chocolate Syrup,Syrup,44,31.65,0.73,0,None,0.0,0.0,26.4,0.1,99.4,None,0.0,0,0,198,0,0,0,2,Winter
2026-02-10,SYR-CHO,Chocolate Syrup,Syrup,47,34.25,0.73,0,None,0.0,0.0,25.1,0.9,105.3,None,0.0,0,0,119,0,1,0,2,Winter
2026-02-11,SYR-CHO,Chocolate Syrup,Syrup,46,33.48,0.73,0,None,0.0,0.0,25.4,0.0,100.4,None,0.0,0,0,173,0,2,0,2,Winter
2026-02-12,SYR-CHO,Chocolate Syrup,Syrup,44,32.75,0.73,0,None,0.0,0.0,27.2,0.5,99.9,None,0.0,0,0,73,0,3,0,2,Winter
2026-02-13,SYR-CHO,Chocolate Syrup,Syrup,41,30.33,0.73,0,None,0.0,0.0,22.2,0.2,97.1,None,0.0,0,0,150,0,4,0,2,Winter
2026-02-14,SYR-CHO,Chocolate Syrup,Syrup,55,39.73,0.73,0,None,0.0,0.0,23.6,0.0,119.1,None,0.0,0,0,98,0,5,1,2,Winter
2026-02-15,SYR-CHO,Chocolate Syrup,Syrup,53,38.86,0.73,0,None,0.0,0.0,23.3,3.4,99.5,None,0.0,0,0,122,0,6,1,2,Winter
2026-02-16,SYR-CHO,Chocolate Syrup,Syrup,39,29.27,0.73,0,None,0.0,0.0,21.8,0.2,106.3,None,0.0,0,0,167,0,0,0,2,Winter
2026-02-17,SYR-CHO,Chocolate Syrup,Syrup,48,34.81,0.73,0,None,0.0,0.0,24.9,2.0,100.1,None,0.0,0,0,135,0,1,0,2,Winter
2026-02-18,SYR-CHO,Chocolate Syrup,Syrup,49,35.8,0.73,0,None,0.0,0.0,27.6,2.4,100.5,None,0.0,0,0,207,0,2,0,2,Winter
2026-02-19,SYR-CHO,Chocolate Syrup,Syrup,47,34.56,0.73,0,None,0.0,0.0,25.8,0.0,111.2,None,0.0,0,0,80,0,3,0,2,Winter
2026-02-20,SYR-CHO,Chocolate Syrup,Syrup,45,32.66,0.73,0,None,0.0,0.0,26.7,0.1,99.3,None,0.0,0,0,220,0,4,0,2,Winter
2026-02-21,SYR-CHO,Chocolate Syrup,Syrup,57,42.56,0.73,0,None,0.0,0.0,28.4,1.8,109.6,None,0.0,0,0,190,0,5,1,2,Winter
2026-02-22,SYR-CHO,Chocolate Syrup,Syrup,56,40.73,0.73,0,None,0.0,0.0,28.9,0.1,112.4,None,0.0,0,1,144,0,6,1,2,Winter
2026-02-23,SYR-CHO,Chocolate Syrup,Syrup,46,33.09,0.73,0,None,0.0,0.0,26.5,0.0,105.3,None,0.0,0,0,69,0,0,0,2,Winter
2026-02-24,SYR-CHO,Chocolate Syrup,Syrup,57,33.98,0.73,1,Festival Promo,18.0,3556.8,29.1,0.0,101.1,None,0.0,0,0,83,0,1,0,2,Winter
2026-02-25,SYR-CHO,Chocolate Syrup,Syrup,52,32.6,0.73,1,Mango Festival,15.0,2927.37,27.0,0.0,95.6,None,0.0,0,0,138,0,2,0,2,Winter
2026-02-26,SYR-CHO,Chocolate Syrup,Syrup,50,36.25,0.73,0,None,0.0,0.0,25.4,0.0,99.3,None,0.0,0,0,161,0,3,0,2,Winter
2026-02-27,SYR-CHO,Chocolate Syrup,Syrup,47,34.53,0.73,0,None,0.0,0.0,25.9,0.1,110.1,None,0.0,0,0,147,0,4,0,2,Winter
2026-02-28,SYR-CHO,Chocolate Syrup,Syrup,63,42.73,0.73,1,Bundle Offer,8.0,2149.42,24.4,0.0,114.2,None,0.0,0,0,130,0,5,1,2,Winter
2026-03-01,SYR-CHO,Chocolate Syrup,Syrup,55,39.7,0.73,0,None,0.0,0.0,25.5,0.5,116.2,None,0.0,0,0,179,0,6,1,3,Summer
2026-03-02,SYR-CHO,Chocolate Syrup,Syrup,47,34.19,0.73,0,None,0.0,0.0,26.6,0.7,113.2,Holi,0.8,1,0,165,0,0,0,3,Summer
2026-03-03,SYR-CHO,Chocolate Syrup,Syrup,51,37.52,0.73,0,None,0.0,0.0,28.8,0.3,114.5,Holi,1.05,1,0,125,0,1,0,3,Summer
2026-03-04,SYR-CHO,Chocolate Syrup,Syrup,57,42.12,0.73,0,None,0.0,0.0,30.5,0.0,129.6,Holi,1.3,1,0,129,0,2,0,3,Summer
2026-03-05,SYR-CHO,Chocolate Syrup,Syrup,49,35.68,0.73,0,None,0.0,0.0,25.0,0.0,117.1,Holi,1.05,1,1,139,0,3,0,3,Summer
2026-03-06,SYR-CHO,Chocolate Syrup,Syrup,49,35.98,0.73,0,None,0.0,0.0,28.3,0.5,112.7,Holi,0.8,1,0,187,0,4,0,3,Summer
2026-03-07,SYR-CHO,Chocolate Syrup,Syrup,57,41.64,0.73,0,None,0.0,0.0,25.8,0.2,120.1,None,0.0,0,0,170,0,5,1,3,Summer
2026-03-08,SYR-CHO,Chocolate Syrup,Syrup,57,42.16,0.73,0,None,0.0,0.0,28.6,0.3,111.1,None,0.0,0,0,97,0,6,1,3,Summer
2026-03-09,SYR-CHO,Chocolate Syrup,Syrup,47,34.68,0.73,0,None,0.0,0.0,27.6,4.1,101.9,None,0.0,0,0,214,0,0,0,3,Summer
2026-03-10,SYR-CHO,Chocolate Syrup,Syrup,46,33.58,0.73,0,None,0.0,0.0,24.7,0.3,105.0,None,0.0,0,0,98,0,1,0,3,Summer
2026-03-11,SYR-CHO,Chocolate Syrup,Syrup,48,35.41,0.73,0,None,0.0,0.0,29.7,0.0,105.1,None,0.0,0,0,175,0,2,0,3,Summer
2026-03-12,SYR-CHO,Chocolate Syrup,Syrup,46,33.58,0.73,0,None,0.0,0.0,27.1,0.1,106.5,None,0.0,0,0,68,0,3,0,3,Summer
2026-03-13,SYR-CHO,Chocolate Syrup,Syrup,52,38.36,0.73,0,None,0.0,0.0,27.3,0.0,115.7,None,0.0,0,0,112,0,4,0,3,Summer
2026-03-14,SYR-CHO,Chocolate Syrup,Syrup,53,39.11,0.73,0,None,0.0,0.0,26.4,0.0,117.1,None,0.0,0,0,163,0,5,1,3,Summer
2026-03-15,SYR-CHO,Chocolate Syrup,Syrup,49,36.98,0.73,0,None,0.0,0.0,27.3,0.0,103.6,None,0.0,0,0,204,0,6,1,3,Summer
2026-03-16,SYR-CHO,Chocolate Syrup,Syrup,50,36.54,0.73,0,None,0.0,0.0,29.3,2.8,107.2,None,0.0,0,0,160,0,0,0,3,Summer
2026-03-17,SYR-CHO,Chocolate Syrup,Syrup,46,33.7,0.73,0,None,0.0,0.0,28.3,0.5,105.9,None,0.0,0,0,74,0,1,0,3,Summer
2026-03-18,SYR-CHO,Chocolate Syrup,Syrup,46,33.5,0.73,0,None,0.0,0.0,29.3,0.0,106.0,None,0.0,0,0,218,0,2,0,3,Summer
2026-03-19,SYR-CHO,Chocolate Syrup,Syrup,50,36.25,0.73,0,None,0.0,0.0,29.5,0.0,107.1,None,0.0,0,0,113,0,3,0,3,Summer
2026-03-20,SYR-CHO,Chocolate Syrup,Syrup,49,35.77,0.73,0,None,0.0,0.0,31.3,0.2,105.8,None,0.0,0,0,127,0,4,0,3,Summer
2026-03-21,SYR-CHO,Chocolate Syrup,Syrup,54,39.96,0.73,0,None,0.0,0.0,28.4,1.1,115.8,None,0.0,0,0,91,0,5,1,3,Summer
2026-03-22,SYR-CHO,Chocolate Syrup,Syrup,60,44.44,0.73,0,None,0.0,0.0,26.4,1.4,119.2,None,0.0,0,0,191,0,6,1,3,Summer
2026-03-23,SYR-CHO,Chocolate Syrup,Syrup,45,33.16,0.73,0,None,0.0,0.0,31.1,1.4,103.5,None,0.0,0,0,136,0,0,0,3,Summer
2026-03-24,SYR-CHO,Chocolate Syrup,Syrup,47,34.39,0.73,0,None,0.0,0.0,28.7,0.1,101.6,None,0.0,0,0,102,0,1,0,3,Summer
2026-03-25,SYR-CHO,Chocolate Syrup,Syrup,48,35.04,0.73,0,None,0.0,0.0,31.4,0.1,121.5,None,0.0,0,0,169,0,2,0,3,Summer
2026-03-26,SYR-CHO,Chocolate Syrup,Syrup,60,37.04,0.73,1,Mango Festival,15.0,2310.78,30.2,0.1,102.9,None,0.0,0,1,111,0,3,0,3,Summer
2026-03-27,SYR-CHO,Chocolate Syrup,Syrup,58,35.96,0.73,1,Mango Festival,15.0,2310.78,29.3,1.8,107.1,None,0.0,0,0,162,0,4,0,3,Summer
2026-03-28,SYR-CHO,Chocolate Syrup,Syrup,72,44.24,0.73,1,Mango Festival,15.0,2310.78,30.3,0.3,109.2,None,0.0,0,0,198,0,5,1,3,Summer
2026-03-29,SYR-CHO,Chocolate Syrup,Syrup,61,45.53,0.73,0,None,0.0,0.0,33.3,1.2,117.3,None,0.0,0,0,210,0,6,1,3,Summer
2026-03-30,SYR-CHO,Chocolate Syrup,Syrup,54,40.53,0.73,0,None,0.0,0.0,33.6,0.0,102.1,None,0.0,0,0,185,0,0,0,3,Summer
2026-03-31,SYR-CHO,Chocolate Syrup,Syrup,47,33.71,0.73,0,None,0.0,0.0,30.1,0.6,104.7,None,0.0,0,0,157,0,1,0,3,Summer
2026-04-01,SYR-CHO,Chocolate Syrup,Syrup,46,33.9,0.73,0,None,0.0,0.0,30.3,0.4,112.2,None,0.0,0,0,71,0,2,0,4,Summer
2026-04-02,SYR-CHO,Chocolate Syrup,Syrup,51,37.58,0.73,0,None,0.0,0.0,32.1,0.0,109.4,None,0.0,0,0,108,0,3,0,4,Summer
2026-04-03,SYR-CHO,Chocolate Syrup,Syrup,56,37.11,0.73,1,Weekend Flash,10.0,1610.19,28.7,0.1,109.9,None,0.0,0,0,168,0,4,0,4,Summer
2026-04-04,SYR-CHO,Chocolate Syrup,Syrup,64,42.0,0.73,1,Weekend Flash,10.0,1610.19,30.9,0.2,108.3,None,0.0,0,0,169,0,5,1,4,Summer
2026-04-05,SYR-CHO,Chocolate Syrup,Syrup,69,46.16,0.73,1,Weekend Flash,10.0,1610.19,30.4,0.3,126.4,None,0.0,0,0,174,0,6,1,4,Summer
2026-04-06,SYR-CHO,Chocolate Syrup,Syrup,56,37.19,0.73,1,Weekend Flash,10.0,1610.19,31.1,0.6,101.3,None,0.0,0,1,193,0,0,0,4,Summer
2026-04-07,SYR-CHO,Chocolate Syrup,Syrup,53,39.4,0.73,0,None,0.0,0.0,29.1,0.1,115.0,None,0.0,0,0,217,0,1,0,4,Summer
2026-04-08,SYR-CHO,Chocolate Syrup,Syrup,49,35.66,0.73,0,None,0.0,0.0,27.8,0.4,112.5,None,0.0,0,0,149,0,2,0,4,Summer
2026-04-09,SYR-CHO,Chocolate Syrup,Syrup,46,33.22,0.73,0,None,0.0,0.0,27.0,0.1,110.3,None,0.0,0,0,87,0,3,0,4,Summer
2026-04-10,SYR-CHO,Chocolate Syrup,Syrup,48,35.43,0.73,0,None,0.0,0.0,28.8,0.5,103.2,None,0.0,0,0,138,0,4,0,4,Summer
2026-04-11,SYR-CHO,Chocolate Syrup,Syrup,53,38.46,0.73,0,None,0.0,0.0,30.1,0.2,118.3,None,0.0,0,0,113,0,5,1,4,Summer
2026-04-12,SYR-CHO,Chocolate Syrup,Syrup,57,42.38,0.73,0,None,0.0,0.0,30.5,1.5,115.2,None,0.0,0,0,161,0,6,1,4,Summer
2026-04-13,SYR-CHO,Chocolate Syrup,Syrup,52,37.2,0.73,0,None,0.0,0.0,34.6,0.3,107.8,None,0.0,0,0,166,0,0,0,4,Summer
2026-04-14,SYR-CHO,Chocolate Syrup,Syrup,51,37.23,0.73,0,None,0.0,0.0,33.2,0.0,106.4,None,0.0,0,0,158,0,1,0,4,Summer
2026-04-15,SYR-CHO,Chocolate Syrup,Syrup,45,32.79,0.73,0,None,0.0,0.0,29.6,0.2,97.5,None,0.0,0,0,158,0,2,0,4,Summer
2026-04-16,SYR-CHO,Chocolate Syrup,Syrup,51,37.28,0.73,0,None,0.0,0.0,32.0,0.1,113.3,None,0.0,0,0,120,0,3,0,4,Summer
2026-04-17,SYR-CHO,Chocolate Syrup,Syrup,49,36.07,0.73,0,None,0.0,0.0,30.7,2.5,107.4,None,0.0,0,0,97,0,4,0,4,Summer
2026-04-18,SYR-CHO,Chocolate Syrup,Syrup,58,42.76,0.73,0,None,0.0,0.0,31.0,0.0,115.4,None,0.0,0,0,214,0,5,1,4,Summer
2026-04-19,SYR-CHO,Chocolate Syrup,Syrup,61,45.1,0.73,0,None,0.0,0.0,32.0,0.4,115.0,None,0.0,0,0,145,0,6,1,4,Summer
2026-04-20,SYR-CHO,Chocolate Syrup,Syrup,51,37.76,0.73,0,None,0.0,0.0,32.8,0.2,109.6,None,0.0,0,0,104,0,0,0,4,Summer
2026-04-21,SYR-CHO,Chocolate Syrup,Syrup,49,35.87,0.73,0,None,0.0,0.0,31.2,0.0,103.4,None,0.0,0,0,228,0,1,0,4,Summer
2026-04-22,SYR-CHO,Chocolate Syrup,Syrup,53,39.86,0.73,0,None,0.0,0.0,33.8,0.8,96.6,None,0.0,0,0,78,0,2,0,4,Summer
2026-04-23,SYR-CHO,Chocolate Syrup,Syrup,50,37.28,0.73,0,None,0.0,0.0,29.9,0.0,110.0,None,0.0,0,0,125,0,3,0,4,Summer
2026-04-24,SYR-CHO,Chocolate Syrup,Syrup,54,39.45,0.73,0,None,0.0,0.0,32.0,0.7,110.5,None,0.0,0,0,192,0,4,0,4,Summer
2026-04-25,SYR-CHO,Chocolate Syrup,Syrup,59,43.19,0.73,0,None,0.0,0.0,36.8,0.0,117.0,None,0.0,0,0,144,0,5,1,4,Summer
2026-04-26,SYR-CHO,Chocolate Syrup,Syrup,55,40.16,0.73,0,None,0.0,0.0,32.6,0.3,112.2,None,0.0,0,0,209,0,6,1,4,Summer
2026-04-27,SYR-CHO,Chocolate Syrup,Syrup,51,37.55,0.73,0,None,0.0,0.0,34.8,1.7,108.4,None,0.0,0,0,128,0,0,0,4,Summer
2026-04-28,SYR-CHO,Chocolate Syrup,Syrup,48,34.77,0.73,0,None,0.0,0.0,32.5,0.3,100.7,None,0.0,0,0,170,0,1,0,4,Summer
2026-04-29,SYR-CHO,Chocolate Syrup,Syrup,53,38.47,0.73,0,None,0.0,0.0,33.5,0.6,102.9,None,0.0,0,0,141,0,2,0,4,Summer
2026-04-30,SYR-CHO,Chocolate Syrup,Syrup,57,35.8,0.73,1,Payday Campaign,12.0,2238.92,32.4,0.1,104.2,None,0.0,0,0,152,0,3,0,4,Summer
2026-05-01,SYR-CHO,Chocolate Syrup,Syrup,61,39.14,0.73,1,Payday Campaign,12.0,2238.92,32.3,0.5,112.2,None,0.0,0,0,160,0,4,0,5,Summer
2026-05-02,SYR-CHO,Chocolate Syrup,Syrup,59,43.77,0.73,0,None,0.0,0.0,31.2,0.0,116.2,None,0.0,0,0,235,0,5,1,5,Summer
2026-05-03,SYR-CHO,Chocolate Syrup,Syrup,60,43.86,0.73,0,None,0.0,0.0,33.5,1.6,115.8,None,0.0,0,0,201,0,6,1,5,Summer
2026-05-04,SYR-CHO,Chocolate Syrup,Syrup,50,36.57,0.73,0,None,0.0,0.0,31.2,0.6,117.8,None,0.0,0,0,129,0,0,0,5,Summer
2026-05-05,SYR-CHO,Chocolate Syrup,Syrup,65,39.15,0.73,1,Festival Promo,18.0,4030.5,34.0,0.0,109.7,None,0.0,0,1,151,0,1,0,5,Summer
2026-05-06,SYR-CHO,Chocolate Syrup,Syrup,53,38.32,0.73,0,None,0.0,0.0,34.9,0.0,109.7,None,0.0,0,0,137,0,2,0,5,Summer
2026-05-07,SYR-CHO,Chocolate Syrup,Syrup,54,39.53,0.73,0,None,0.0,0.0,33.6,2.5,106.1,None,0.0,0,0,191,0,3,0,5,Summer
2026-05-08,SYR-CHO,Chocolate Syrup,Syrup,49,36.23,0.73,0,None,0.0,0.0,32.5,0.4,105.0,None,0.0,0,0,163,0,4,0,5,Summer
2026-05-09,SYR-CHO,Chocolate Syrup,Syrup,56,41.11,0.73,0,None,0.0,0.0,33.9,0.0,107.0,None,0.0,0,0,161,0,5,1,5,Summer
2026-05-10,SYR-CHO,Chocolate Syrup,Syrup,64,47.35,0.73,0,None,0.0,0.0,32.6,0.1,122.8,None,0.0,0,0,152,0,6,1,5,Summer
2026-05-11,SYR-CHO,Chocolate Syrup,Syrup,48,35.63,0.73,0,None,0.0,0.0,34.9,0.0,110.1,None,0.0,0,0,131,0,0,0,5,Summer
2026-05-12,SYR-CHO,Chocolate Syrup,Syrup,52,38.31,0.73,0,None,0.0,0.0,30.0,0.1,107.0,None,0.0,0,0,160,0,1,0,5,Summer
2026-05-13,SYR-CHO,Chocolate Syrup,Syrup,53,38.4,0.73,0,None,0.0,0.0,32.7,0.0,107.2,None,0.0,0,0,205,0,2,0,5,Summer
2026-05-14,SYR-CHO,Chocolate Syrup,Syrup,51,37.11,0.73,0,None,0.0,0.0,29.8,1.8,111.5,None,0.0,0,0,225,0,3,0,5,Summer
2026-05-15,SYR-CHO,Chocolate Syrup,Syrup,48,35.88,0.73,0,None,0.0,0.0,30.8,0.6,100.0,None,0.0,0,0,77,0,4,0,5,Summer
2026-05-16,SYR-CHO,Chocolate Syrup,Syrup,55,40.32,0.73,0,None,0.0,0.0,36.0,0.1,114.8,None,0.0,0,0,112,0,5,1,5,Summer
2026-05-17,SYR-CHO,Chocolate Syrup,Syrup,57,41.71,0.73,0,None,0.0,0.0,35.2,0.7,112.0,None,0.0,0,0,186,0,6,1,5,Summer
2026-05-18,SYR-CHO,Chocolate Syrup,Syrup,51,36.85,0.73,0,None,0.0,0.0,32.3,0.0,116.5,None,0.0,0,1,94,0,0,0,5,Summer
2026-05-19,SYR-CHO,Chocolate Syrup,Syrup,47,34.26,0.73,0,None,0.0,0.0,31.0,2.8,112.0,None,0.0,0,0,164,0,1,0,5,Summer
2026-05-20,SYR-CHO,Chocolate Syrup,Syrup,44,32.38,0.73,0,None,0.0,0.0,28.4,0.0,96.6,None,0.0,0,0,131,0,2,0,5,Summer
2026-05-21,SYR-CHO,Chocolate Syrup,Syrup,50,36.48,0.73,0,None,0.0,0.0,32.8,0.2,100.0,None,0.0,0,0,100,0,3,0,5,Summer
2026-05-22,SYR-CHO,Chocolate Syrup,Syrup,50,36.24,0.73,0,None,0.0,0.0,38.2,0.0,106.8,None,0.0,0,0,150,0,4,0,5,Summer
2026-05-23,SYR-CHO,Chocolate Syrup,Syrup,68,44.47,0.73,1,Weekend Flash,10.0,1635.44,34.6,0.9,115.1,None,0.0,0,0,169,0,5,1,5,Summer
2026-05-24,SYR-CHO,Chocolate Syrup,Syrup,71,47.24,0.73,1,Weekend Flash,10.0,1635.44,32.9,0.5,110.8,None,0.0,0,0,205,0,6,1,5,Summer
2026-05-25,SYR-CHO,Chocolate Syrup,Syrup,53,38.93,0.73,0,None,0.0,0.0,34.8,0.1,117.1,None,0.0,0,1,205,0,0,0,5,Summer
2026-05-26,SYR-CHO,Chocolate Syrup,Syrup,48,35.19,0.73,0,None,0.0,0.0,31.2,0.2,108.9,None,0.0,0,0,220,0,1,0,5,Summer
2026-05-27,SYR-CHO,Chocolate Syrup,Syrup,52,38.07,0.73,0,None,0.0,0.0,33.5,0.4,109.6,None,0.0,0,0,142,0,2,0,5,Summer
2026-05-28,SYR-CHO,Chocolate Syrup,Syrup,50,35.89,0.73,0,None,0.0,0.0,34.2,0.4,103.7,None,0.0,0,0,180,0,3,0,5,Summer
2026-05-29,SYR-CHO,Chocolate Syrup,Syrup,54,39.43,0.73,0,None,0.0,0.0,33.9,1.3,110.7,None,0.0,0,0,199,0,4,0,5,Summer
2026-05-30,SYR-CHO,Chocolate Syrup,Syrup,60,44.22,0.73,0,None,0.0,0.0,35.6,2.7,115.1,None,0.0,0,0,237,0,5,1,5,Summer
2026-05-31,SYR-CHO,Chocolate Syrup,Syrup,63,45.69,0.73,0,None,0.0,0.0,34.8,0.2,115.6,None,0.0,0,1,187,0,6,1,5,Summer
2026-06-01,SYR-CHO,Chocolate Syrup,Syrup,46,33.85,0.73,0,None,0.0,0.0,35.4,0.9,110.0,None,0.0,0,0,105,0,0,0,6,Monsoon
2026-06-02,SYR-CHO,Chocolate Syrup,Syrup,49,35.86,0.73,0,None,0.0,0.0,33.0,13.9,98.7,None,0.0,0,0,123,0,1,0,6,Monsoon
2026-06-03,SYR-CHO,Chocolate Syrup,Syrup,50,36.7,0.73,0,None,0.0,0.0,35.9,6.3,114.8,None,0.0,0,0,103,0,2,0,6,Monsoon
2026-06-04,SYR-CHO,Chocolate Syrup,Syrup,48,34.9,0.73,0,None,0.0,0.0,37.2,4.8,107.6,None,0.0,0,0,99,0,3,0,6,Monsoon
2026-06-05,SYR-CHO,Chocolate Syrup,Syrup,53,38.91,0.73,0,None,0.0,0.0,32.6,4.7,113.0,None,0.0,0,0,122,0,4,0,6,Monsoon
2026-06-06,SYR-CHO,Chocolate Syrup,Syrup,60,42.8,0.73,0,None,0.0,0.0,32.7,5.5,111.2,None,0.0,0,0,159,0,5,1,6,Monsoon
2026-06-07,SYR-CHO,Chocolate Syrup,Syrup,54,39.22,0.73,0,None,0.0,0.0,36.8,4.2,111.8,None,0.0,0,1,199,0,6,1,6,Monsoon
2026-06-08,SYR-CHO,Chocolate Syrup,Syrup,50,36.6,0.73,0,None,0.0,0.0,34.0,9.2,100.6,None,0.0,0,0,116,0,0,0,6,Monsoon
2026-06-09,SYR-CHO,Chocolate Syrup,Syrup,51,37.13,0.73,0,None,0.0,0.0,36.9,4.3,107.5,None,0.0,0,0,100,0,1,0,6,Monsoon
2026-06-10,SYR-CHO,Chocolate Syrup,Syrup,48,35.27,0.73,0,None,0.0,0.0,33.6,6.3,106.5,None,0.0,0,0,88,0,2,0,6,Monsoon
2026-06-11,SYR-CHO,Chocolate Syrup,Syrup,59,36.29,0.73,1,Mango Festival,15.0,2170.22,37.0,0.5,103.8,None,0.0,0,0,110,0,3,0,6,Monsoon
2026-06-12,SYR-CHO,Chocolate Syrup,Syrup,56,34.27,0.72,1,Mango Festival,15.0,2170.22,34.7,6.3,101.0,None,0.0,0,0,145,0,4,0,6,Monsoon
2026-06-13,SYR-CHO,Chocolate Syrup,Syrup,71,42.87,0.72,1,Mango Festival,15.0,2170.22,34.9,4.1,109.6,None,0.0,0,0,156,0,5,1,6,Monsoon
2026-06-14,SYR-CHO,Chocolate Syrup,Syrup,70,45.48,0.72,1,Weekend Flash,10.0,1931.25,37.3,13.2,115.6,None,0.0,0,0,153,0,6,1,6,Monsoon
2026-06-15,SYR-CHO,Chocolate Syrup,Syrup,60,39.34,0.72,1,Weekend Flash,10.0,1931.25,33.8,5.0,103.4,None,0.0,0,1,130,0,0,0,6,Monsoon
2026-06-16,SYR-CHO,Chocolate Syrup,Syrup,58,38.13,0.72,1,Weekend Flash,10.0,1931.25,32.8,11.7,102.2,None,0.0,0,0,150,0,1,0,6,Monsoon
2026-06-17,SYR-CHO,Chocolate Syrup,Syrup,58,37.14,0.72,1,Weekend Flash,10.0,1931.25,33.7,10.7,113.3,None,0.0,0,1,181,0,2,0,6,Monsoon
2026-06-18,SYR-CHO,Chocolate Syrup,Syrup,50,36.68,0.72,0,None,0.0,0.0,35.3,10.9,105.0,None,0.0,0,1,77,0,3,0,6,Monsoon
2026-06-19,SYR-CHO,Chocolate Syrup,Syrup,48,34.3,0.72,0,None,0.0,0.0,31.7,5.1,111.7,None,0.0,0,1,210,0,4,0,6,Monsoon
2026-06-20,SYR-CHO,Chocolate Syrup,Syrup,66,43.83,0.72,1,Bundle Offer,8.0,2136.66,35.6,6.7,112.6,None,0.0,0,0,134,0,5,1,6,Monsoon
2026-06-21,SYR-CHO,Chocolate Syrup,Syrup,66,43.58,0.72,1,Bundle Offer,8.0,2136.66,33.5,9.0,116.4,None,0.0,0,1,108,0,6,1,6,Monsoon
2026-06-22,SYR-CHO,Chocolate Syrup,Syrup,63,37.5,0.72,1,Festival Promo,18.0,2832.56,36.6,6.8,104.8,None,0.0,0,0,110,0,0,0,6,Monsoon
2026-06-23,SYR-CHO,Chocolate Syrup,Syrup,58,34.38,0.72,1,Festival Promo,18.0,2832.56,30.2,5.0,96.4,None,0.0,0,0,165,0,1,0,6,Monsoon
2026-06-24,SYR-CHO,Chocolate Syrup,Syrup,64,38.19,0.72,1,Festival Promo,18.0,2832.56,33.1,2.5,112.0,None,0.0,0,1,167,0,2,0,6,Monsoon
2026-06-25,SYR-CHO,Chocolate Syrup,Syrup,58,35.08,0.72,1,Festival Promo,18.0,2832.56,31.4,6.4,104.0,None,0.0,0,0,92,0,3,0,6,Monsoon
2026-06-26,SYR-CHO,Chocolate Syrup,Syrup,50,36.24,0.72,0,None,0.0,0.0,33.0,1.1,108.3,None,0.0,0,1,149,0,4,0,6,Monsoon
2026-06-27,SYR-CHO,Chocolate Syrup,Syrup,55,39.39,0.72,0,None,0.0,0.0,34.9,0.4,110.7,None,0.0,0,0,110,0,5,1,6,Monsoon
2026-06-28,SYR-CHO,Chocolate Syrup,Syrup,56,40.59,0.72,0,None,0.0,0.0,34.1,1.9,113.5,None,0.0,0,0,221,0,6,1,6,Monsoon
2026-06-29,SYR-CHO,Chocolate Syrup,Syrup,48,35.4,0.72,0,None,0.0,0.0,34.0,10.8,99.9,None,0.0,0,0,117,0,0,0,6,Monsoon
2026-06-30,SYR-CHO,Chocolate Syrup,Syrup,51,37.03,0.72,0,None,0.0,0.0,34.1,7.7,110.3,None,0.0,0,1,230,0,1,0,6,Monsoon
2026-07-01,SYR-CHO,Chocolate Syrup,Syrup,45,32.77,0.72,0,None,0.0,0.0,34.8,10.9,105.6,None,0.0,0,0,157,0,2,0,7,Monsoon
2026-07-02,SYR-CHO,Chocolate Syrup,Syrup,46,32.48,0.72,0,None,0.0,0.0,32.6,3.2,105.7,None,0.0,0,0,220,0,3,0,7,Monsoon
2026-07-03,SYR-CHO,Chocolate Syrup,Syrup,49,35.43,0.72,0,None,0.0,0.0,35.6,14.2,110.6,None,0.0,0,0,157,0,4,0,7,Monsoon
2026-07-04,SYR-CHO,Chocolate Syrup,Syrup,62,44.46,0.72,0,None,0.0,0.0,35.5,1.3,119.4,None,0.0,0,0,102,0,5,1,7,Monsoon
2026-07-05,SYR-CHO,Chocolate Syrup,Syrup,58,41.37,0.72,0,None,0.0,0.0,35.0,2.0,117.4,None,0.0,0,0,180,0,6,1,7,Monsoon
2026-07-06,SYR-CHO,Chocolate Syrup,Syrup,48,34.5,0.72,0,None,0.0,0.0,35.3,14.0,96.3,None,0.0,0,0,144,0,0,0,7,Monsoon
2026-07-07,SYR-CHO,Chocolate Syrup,Syrup,49,35.26,0.72,0,None,0.0,0.0,34.8,7.3,99.8,None,0.0,0,0,200,0,1,0,7,Monsoon
2026-07-08,SYR-CHO,Chocolate Syrup,Syrup,47,33.51,0.72,0,None,0.0,0.0,37.9,11.0,98.1,None,0.0,0,0,129,0,2,0,7,Monsoon
2026-07-09,SYR-CHO,Chocolate Syrup,Syrup,63,37.18,0.72,1,Festival Promo,18.0,3402.85,34.1,7.8,106.7,None,0.0,0,0,112,0,3,0,7,Monsoon
2026-07-10,SYR-CHO,Chocolate Syrup,Syrup,59,34.66,0.72,1,Festival Promo,18.0,3402.85,33.6,3.7,103.8,None,0.0,0,0,97,0,4,0,7,Monsoon
2026-07-11,SYR-CHO,Chocolate Syrup,Syrup,55,39.81,0.72,0,None,0.0,0.0,32.8,1.7,105.8,None,0.0,0,1,193,0,5,1,7,Monsoon
2026-07-12,SYR-CHO,Chocolate Syrup,Syrup,60,43.16,0.72,0,None,0.0,0.0,32.3,0.6,111.7,None,0.0,0,0,117,0,6,1,7,Monsoon
2026-07-13,SYR-CHO,Chocolate Syrup,Syrup,50,36.02,0.72,0,None,0.0,0.0,31.8,22.9,95.0,None,0.0,0,0,176,0,0,0,7,Monsoon
2026-07-14,SYR-CHO,Chocolate Syrup,Syrup,50,36.27,0.72,0,None,0.0,0.0,32.4,0.9,102.1,None,0.0,0,1,91,0,1,0,7,Monsoon
2026-07-15,SYR-CHO,Chocolate Syrup,Syrup,50,36.07,0.72,0,None,0.0,0.0,33.9,18.2,94.0,None,0.0,0,0,82,0,2,0,7,Monsoon
2026-07-16,SYR-CHO,Chocolate Syrup,Syrup,45,32.24,0.72,0,None,0.0,0.0,34.6,6.9,104.8,None,0.0,0,0,178,0,3,0,7,Monsoon
2026-07-17,SYR-CHO,Chocolate Syrup,Syrup,55,35.33,0.72,1,Bundle Offer,8.0,2001.94,34.0,8.0,103.9,None,0.0,0,1,130,0,4,0,7,Monsoon
2026-07-18,SYR-CHO,Chocolate Syrup,Syrup,58,41.78,0.72,0,None,0.0,0.0,32.5,7.5,121.4,None,0.0,0,0,168,0,5,1,7,Monsoon
2026-07-19,SYR-CHO,Chocolate Syrup,Syrup,65,46.02,0.72,0,None,0.0,0.0,35.5,9.9,116.0,None,0.0,0,0,89,0,6,1,7,Monsoon
2026-07-20,SYR-CHO,Chocolate Syrup,Syrup,48,34.31,0.72,0,None,0.0,0.0,35.1,2.9,99.5,None,0.0,0,0,98,0,0,0,7,Monsoon
2026-07-21,SYR-CHO,Chocolate Syrup,Syrup,51,36.64,0.72,0,None,0.0,0.0,33.5,0.3,105.5,None,0.0,0,0,85,0,1,0,7,Monsoon
2026-07-22,SYR-CHO,Chocolate Syrup,Syrup,47,34.15,0.72,0,None,0.0,0.0,32.5,3.6,94.3,None,0.0,0,0,111,0,2,0,7,Monsoon
2026-07-23,SYR-CHO,Chocolate Syrup,Syrup,49,35.8,0.71,0,None,0.0,0.0,34.6,9.2,96.4,None,0.0,0,0,114,0,3,0,7,Monsoon
2026-07-24,SYR-CHO,Chocolate Syrup,Syrup,49,34.63,0.71,0,None,0.0,0.0,33.9,2.0,102.7,None,0.0,0,0,128,0,4,0,7,Monsoon
2026-07-25,SYR-CHO,Chocolate Syrup,Syrup,51,35.86,0.71,0,None,0.0,0.0,30.9,14.5,100.1,None,0.0,0,0,109,0,5,1,7,Monsoon
2026-07-26,SYR-CHO,Chocolate Syrup,Syrup,52,37.28,0.71,0,None,0.0,0.0,33.4,5.6,110.6,None,0.0,0,0,145,0,6,1,7,Monsoon
2026-07-27,SYR-CHO,Chocolate Syrup,Syrup,51,36.52,0.71,0,None,0.0,0.0,33.9,1.8,95.5,None,0.0,0,1,215,0,0,0,7,Monsoon
2026-07-28,SYR-CHO,Chocolate Syrup,Syrup,46,32.36,0.71,0,None,0.0,0.0,31.8,7.2,101.0,None,0.0,0,0,79,0,1,0,7,Monsoon
2026-07-29,SYR-CHO,Chocolate Syrup,Syrup,43,30.67,0.71,0,None,0.0,0.0,33.7,9.1,95.0,None,0.0,0,0,206,0,2,0,7,Monsoon
2026-07-30,SYR-CHO,Chocolate Syrup,Syrup,48,34.48,0.71,0,None,0.0,0.0,30.6,9.7,102.3,None,0.0,0,0,134,0,3,0,7,Monsoon
2026-07-31,SYR-CHO,Chocolate Syrup,Syrup,49,34.42,0.71,0,None,0.0,0.0,35.6,14.0,100.2,None,0.0,0,0,161,0,4,0,7,Monsoon
2026-08-01,SYR-CHO,Chocolate Syrup,Syrup,61,42.96,0.71,0,None,0.0,0.0,35.4,1.1,117.0,None,0.0,0,0,188,0,5,1,8,Monsoon
2026-08-02,SYR-CHO,Chocolate Syrup,Syrup,60,42.43,0.71,0,None,0.0,0.0,32.6,14.0,109.8,None,0.0,0,0,197,0,6,1,8,Monsoon
2026-08-03,SYR-CHO,Chocolate Syrup,Syrup,46,32.69,0.71,0,None,0.0,0.0,33.7,15.0,95.8,None,0.0,0,1,217,0,0,0,8,Monsoon
2026-08-04,SYR-CHO,Chocolate Syrup,Syrup,43,30.88,0.71,0,None,0.0,0.0,28.6,1.7,98.3,None,0.0,0,0,222,0,1,0,8,Monsoon
2026-08-05,SYR-CHO,Chocolate Syrup,Syrup,44,31.2,0.71,0,None,0.0,0.0,30.8,2.2,92.7,None,0.0,0,0,79,0,2,0,8,Monsoon
2026-08-06,SYR-CHO,Chocolate Syrup,Syrup,50,35.61,0.71,0,None,0.0,0.0,32.3,11.4,101.3,None,0.0,0,0,135,0,3,0,8,Monsoon
2026-08-07,SYR-CHO,Chocolate Syrup,Syrup,42,30.69,0.71,0,None,0.0,0.0,30.8,4.3,102.1,None,0.0,0,0,148,0,4,0,8,Monsoon
2026-08-08,SYR-CHO,Chocolate Syrup,Syrup,61,42.9,0.71,0,None,0.0,0.0,34.0,16.8,121.3,None,0.0,0,0,164,0,5,1,8,Monsoon
2026-08-09,SYR-CHO,Chocolate Syrup,Syrup,60,42.34,0.71,0,None,0.0,0.0,36.2,20.3,105.7,None,0.0,0,0,238,0,6,1,8,Monsoon
2026-08-10,SYR-CHO,Chocolate Syrup,Syrup,48,34.4,0.71,0,None,0.0,0.0,30.4,1.8,97.4,None,0.0,0,0,172,0,0,0,8,Monsoon
2026-08-11,SYR-CHO,Chocolate Syrup,Syrup,48,34.52,0.71,0,None,0.0,0.0,31.0,2.8,95.7,None,0.0,0,0,132,0,1,0,8,Monsoon
2026-08-12,SYR-CHO,Chocolate Syrup,Syrup,50,35.71,0.71,0,None,0.0,0.0,32.8,6.9,99.5,None,0.0,0,0,217,0,2,0,8,Monsoon
2026-08-13,SYR-CHO,Chocolate Syrup,Syrup,42,30.48,0.71,0,None,0.0,0.0,35.2,0.3,100.2,None,0.0,0,0,178,0,3,0,8,Monsoon
2026-08-14,SYR-CHO,Chocolate Syrup,Syrup,49,34.93,0.71,0,None,0.0,0.0,30.0,0.6,97.9,None,0.0,0,0,196,0,4,0,8,Monsoon
2026-08-15,SYR-CHO,Chocolate Syrup,Syrup,64,44.37,0.71,0,None,0.0,0.0,32.6,2.5,125.2,Independence Day,0.9,1,0,184,0,5,1,8,Monsoon
2026-08-16,SYR-CHO,Chocolate Syrup,Syrup,61,43.35,0.71,0,None,0.0,0.0,35.4,25.6,104.8,None,0.0,0,0,91,0,6,1,8,Monsoon
2026-08-17,SYR-CHO,Chocolate Syrup,Syrup,43,30.31,0.71,0,None,0.0,0.0,29.0,7.8,102.7,None,0.0,0,0,218,0,0,0,8,Monsoon
2026-08-18,SYR-CHO,Chocolate Syrup,Syrup,42,30.29,0.71,0,None,0.0,0.0,29.6,3.3,100.3,None,0.0,0,0,176,0,1,0,8,Monsoon
2026-08-19,SYR-CHO,Chocolate Syrup,Syrup,51,36.6,0.71,0,None,0.0,0.0,31.1,2.1,97.5,None,0.0,0,0,94,0,2,0,8,Monsoon
2026-08-20,SYR-CHO,Chocolate Syrup,Syrup,44,30.61,0.71,0,None,0.0,0.0,30.8,1.7,95.8,None,0.0,0,0,104,0,3,0,8,Monsoon
2026-08-21,SYR-CHO,Chocolate Syrup,Syrup,49,35.31,0.71,0,None,0.0,0.0,33.1,3.6,109.4,None,0.0,0,0,123,0,4,0,8,Monsoon
2026-08-22,SYR-CHO,Chocolate Syrup,Syrup,57,40.86,0.71,0,None,0.0,0.0,32.0,3.4,103.0,None,0.0,0,0,117,0,5,1,8,Monsoon
2026-08-23,SYR-CHO,Chocolate Syrup,Syrup,56,39.53,0.71,0,None,0.0,0.0,28.3,5.1,108.5,None,0.0,0,0,175,0,6,1,8,Monsoon
2026-08-24,SYR-CHO,Chocolate Syrup,Syrup,49,34.69,0.71,0,None,0.0,0.0,32.4,9.5,93.1,None,0.0,0,0,156,0,0,0,8,Monsoon
2026-08-25,SYR-CHO,Chocolate Syrup,Syrup,48,34.57,0.71,0,None,0.0,0.0,30.3,5.8,105.7,None,0.0,0,0,101,0,1,0,8,Monsoon
2026-08-26,SYR-CHO,Chocolate Syrup,Syrup,47,32.5,0.71,0,None,0.0,0.0,33.6,12.0,101.1,None,0.0,0,1,178,0,2,0,8,Monsoon
2026-08-27,SYR-CHO,Chocolate Syrup,Syrup,47,33.46,0.71,0,None,0.0,0.0,30.0,4.8,93.1,None,0.0,0,0,112,0,3,0,8,Monsoon
2026-08-28,SYR-CHO,Chocolate Syrup,Syrup,52,37.3,0.71,0,None,0.0,0.0,29.9,21.5,111.9,Raksha Bandhan,1.0,1,0,97,0,4,0,8,Monsoon
2026-08-29,SYR-CHO,Chocolate Syrup,Syrup,53,37.48,0.71,0,None,0.0,0.0,32.0,11.7,107.5,None,0.0,0,0,226,0,5,1,8,Monsoon
2026-08-30,SYR-CHO,Chocolate Syrup,Syrup,60,42.79,0.71,0,None,0.0,0.0,32.3,7.6,103.5,None,0.0,0,1,130,0,6,1,8,Monsoon
2026-08-31,SYR-CHO,Chocolate Syrup,Syrup,42,29.76,0.71,0,None,0.0,0.0,31.6,9.5,99.8,None,0.0,0,0,99,0,0,0,8,Monsoon
2026-09-01,SYR-CHO,Chocolate Syrup,Syrup,47,32.94,0.71,0,None,0.0,0.0,27.7,3.7,97.8,None,0.0,0,1,181,0,1,0,9,Monsoon
2026-09-02,SYR-CHO,Chocolate Syrup,Syrup,46,32.22,0.71,0,None,0.0,0.0,31.6,5.0,96.8,None,0.0,0,0,188,0,2,0,9,Monsoon
2026-09-03,SYR-CHO,Chocolate Syrup,Syrup,46,32.81,0.71,0,None,0.0,0.0,28.7,4.8,95.4,None,0.0,0,0,90,0,3,0,9,Monsoon
2026-09-04,SYR-CHO,Chocolate Syrup,Syrup,48,33.68,0.71,0,None,0.0,0.0,30.9,2.9,97.7,None,0.0,0,0,76,0,4,0,9,Monsoon
2026-09-05,SYR-CHO,Chocolate Syrup,Syrup,53,36.79,0.71,0,None,0.0,0.0,27.8,1.3,106.6,None,0.0,0,0,208,0,5,1,9,Monsoon
2026-09-06,SYR-CHO,Chocolate Syrup,Syrup,57,40.35,0.71,0,None,0.0,0.0,31.1,9.9,105.6,None,0.0,0,0,157,0,6,1,9,Monsoon
2026-09-07,SYR-CHO,Chocolate Syrup,Syrup,44,30.91,0.71,0,None,0.0,0.0,28.7,13.5,92.0,None,0.0,0,0,136,0,0,0,9,Monsoon
2026-09-08,SYR-CHO,Chocolate Syrup,Syrup,47,32.74,0.71,0,None,0.0,0.0,27.8,8.8,103.6,None,0.0,0,0,134,0,1,0,9,Monsoon
2026-09-09,SYR-CHO,Chocolate Syrup,Syrup,51,36.07,0.71,0,None,0.0,0.0,31.3,5.8,89.7,None,0.0,0,0,164,0,2,0,9,Monsoon
2026-09-10,SYR-CHO,Chocolate Syrup,Syrup,43,30.66,0.71,0,None,0.0,0.0,30.3,28.7,97.0,None,0.0,0,0,170,0,3,0,9,Monsoon
2026-09-11,SYR-CHO,Chocolate Syrup,Syrup,37,26.14,0.71,0,None,0.0,0.0,28.7,3.3,93.2,None,0.0,0,0,69,0,4,0,9,Monsoon
2026-09-12,SYR-CHO,Chocolate Syrup,Syrup,58,40.44,0.71,0,None,0.0,0.0,32.3,7.9,113.5,None,0.0,0,0,120,0,5,1,9,Monsoon
2026-09-13,SYR-CHO,Chocolate Syrup,Syrup,52,36.94,0.71,0,None,0.0,0.0,28.8,15.0,100.1,None,0.0,0,0,224,0,6,1,9,Monsoon
2026-09-14,SYR-CHO,Chocolate Syrup,Syrup,44,31.46,0.71,0,None,0.0,0.0,29.6,1.9,90.8,None,0.0,0,0,90,0,0,0,9,Monsoon
2026-09-15,SYR-CHO,Chocolate Syrup,Syrup,55,32.69,0.71,1,Festival Promo,18.0,3183.92,29.9,10.5,89.5,None,0.0,0,0,220,0,1,0,9,Monsoon
2026-09-16,SYR-CHO,Chocolate Syrup,Syrup,59,34.75,0.71,1,Festival Promo,18.0,3183.92,28.2,22.5,95.9,None,0.0,0,0,143,0,2,0,9,Monsoon
2026-09-17,SYR-CHO,Chocolate Syrup,Syrup,54,30.89,0.71,1,Festival Promo,18.0,3183.92,30.1,6.3,87.3,None,0.0,0,1,104,0,3,0,9,Monsoon
2026-09-18,SYR-CHO,Chocolate Syrup,Syrup,45,32.1,0.71,0,None,0.0,0.0,28.2,7.3,91.7,None,0.0,0,0,160,0,4,0,9,Monsoon
2026-09-19,SYR-CHO,Chocolate Syrup,Syrup,53,37.53,0.71,0,None,0.0,0.0,28.3,3.3,93.2,None,0.0,0,0,179,0,5,1,9,Monsoon
2026-09-20,SYR-CHO,Chocolate Syrup,Syrup,58,40.37,0.71,0,None,0.0,0.0,31.4,9.4,105.1,None,0.0,0,1,133,0,6,1,9,Monsoon
2026-09-21,SYR-CHO,Chocolate Syrup,Syrup,45,31.87,0.71,0,None,0.0,0.0,27.0,2.8,91.3,None,0.0,0,0,191,0,0,0,9,Monsoon
2026-09-22,SYR-CHO,Chocolate Syrup,Syrup,43,31.05,0.71,0,None,0.0,0.0,24.4,5.9,86.3,None,0.0,0,0,73,0,1,0,9,Monsoon
2026-09-23,SYR-CHO,Chocolate Syrup,Syrup,48,34.36,0.71,0,None,0.0,0.0,31.6,1.1,99.1,None,0.0,0,0,87,0,2,0,9,Monsoon
2026-09-24,SYR-CHO,Chocolate Syrup,Syrup,47,32.76,0.71,0,None,0.0,0.0,33.2,4.0,87.0,None,0.0,0,0,166,0,3,0,9,Monsoon
2026-09-25,SYR-CHO,Chocolate Syrup,Syrup,46,32.47,0.71,0,None,0.0,0.0,27.8,3.9,97.5,None,0.0,0,0,158,0,4,0,9,Monsoon
2026-09-26,SYR-CHO,Chocolate Syrup,Syrup,23,16.33,0.71,0,None,0.0,0.0,24.9,4.4,99.9,None,0.0,0,0,154,1,5,1,9,Monsoon
2026-09-27,SYR-CHO,Chocolate Syrup,Syrup,57,39.39,0.71,0,None,0.0,0.0,27.7,11.5,111.3,None,0.0,0,0,213,0,6,1,9,Monsoon
2026-09-28,SYR-CHO,Chocolate Syrup,Syrup,41,28.34,0.71,0,None,0.0,0.0,27.7,13.8,97.0,None,0.0,0,0,209,0,0,0,9,Monsoon
2026-09-29,SYR-CHO,Chocolate Syrup,Syrup,43,30.4,0.71,0,None,0.0,0.0,27.8,8.1,88.1,None,0.0,0,0,144,0,1,0,9,Monsoon
2026-09-30,SYR-CHO,Chocolate Syrup,Syrup,40,28.28,0.71,0,None,0.0,0.0,26.0,10.8,88.5,None,0.0,0,0,140,0,2,0,9,Monsoon
2026-10-01,SYR-CHO,Chocolate Syrup,Syrup,47,32.43,0.71,0,None,0.0,0.0,29.0,0.2,96.1,None,0.0,0,0,214,0,3,0,10,Transition
2026-10-02,SYR-CHO,Chocolate Syrup,Syrup,61,36.76,0.71,1,Mango Festival,15.0,2266.08,28.8,0.3,100.8,Gandhi Jayanti,0.7,1,0,234,0,4,0,10,Transition
2026-10-03,SYR-CHO,Chocolate Syrup,Syrup,63,38.28,0.71,1,Mango Festival,15.0,2266.08,25.1,0.1,102.1,None,0.0,0,0,90,0,5,1,10,Transition
2026-10-04,SYR-CHO,Chocolate Syrup,Syrup,68,40.68,0.71,1,Mango Festival,15.0,2266.08,28.9,2.6,109.2,None,0.0,0,0,168,0,6,1,10,Transition
2026-10-05,SYR-CHO,Chocolate Syrup,Syrup,59,35.41,0.71,1,Mango Festival,15.0,2608.02,31.3,0.0,89.0,None,0.0,0,1,226,0,0,0,10,Transition
2026-10-06,SYR-CHO,Chocolate Syrup,Syrup,45,31.97,0.71,0,None,0.0,0.0,27.8,0.0,93.2,None,0.0,0,0,73,0,1,0,10,Transition
2026-10-07,SYR-CHO,Chocolate Syrup,Syrup,48,34.05,0.71,0,None,0.0,0.0,26.8,0.3,97.4,None,0.0,0,1,224,0,2,0,10,Transition
2026-10-08,SYR-CHO,Chocolate Syrup,Syrup,49,33.89,0.71,0,None,0.0,0.0,27.0,0.6,96.7,None,0.0,0,0,188,0,3,0,10,Transition
2026-10-09,SYR-CHO,Chocolate Syrup,Syrup,47,32.81,0.71,0,None,0.0,0.0,28.3,2.9,91.8,None,0.0,0,0,91,0,4,0,10,Transition
2026-10-10,SYR-CHO,Chocolate Syrup,Syrup,51,35.82,0.71,0,None,0.0,0.0,24.0,0.6,101.1,None,0.0,0,1,173,0,5,1,10,Transition
2026-10-11,SYR-CHO,Chocolate Syrup,Syrup,56,39.12,0.71,0,None,0.0,0.0,27.3,1.1,93.8,None,0.0,0,0,144,0,6,1,10,Transition
2026-10-12,SYR-CHO,Chocolate Syrup,Syrup,44,31.6,0.71,0,None,0.0,0.0,26.2,0.7,87.1,None,0.0,0,0,117,0,0,0,10,Transition
2026-10-13,SYR-CHO,Chocolate Syrup,Syrup,46,32.72,0.71,0,None,0.0,0.0,30.2,0.9,94.0,None,0.0,0,0,165,0,1,0,10,Transition
2026-10-14,SYR-CHO,Chocolate Syrup,Syrup,42,29.26,0.71,0,None,0.0,0.0,26.4,0.0,91.6,None,0.0,0,0,179,0,2,0,10,Transition
2026-10-15,SYR-CHO,Chocolate Syrup,Syrup,45,31.69,0.71,0,None,0.0,0.0,29.7,2.7,92.7,None,0.0,0,1,207,0,3,0,10,Transition
2026-10-16,SYR-CHO,Chocolate Syrup,Syrup,44,31.49,0.71,0,None,0.0,0.0,24.6,0.3,97.5,None,0.0,0,0,130,0,4,0,10,Transition
2026-10-17,SYR-CHO,Chocolate Syrup,Syrup,54,37.84,0.71,0,None,0.0,0.0,27.6,0.1,96.3,None,0.0,0,0,99,0,5,1,10,Transition
2026-10-18,SYR-CHO,Chocolate Syrup,Syrup,50,35.67,0.71,0,None,0.0,0.0,27.0,0.1,101.0,None,0.0,0,0,208,0,6,1,10,Transition
2026-10-19,SYR-CHO,Chocolate Syrup,Syrup,42,30.16,0.71,0,None,0.0,0.0,24.8,0.0,93.1,None,0.0,0,0,115,0,0,0,10,Transition
2026-10-20,SYR-CHO,Chocolate Syrup,Syrup,44,31.53,0.71,0,None,0.0,0.0,26.6,0.4,88.6,None,0.0,0,0,185,0,1,0,10,Transition
2026-10-21,SYR-CHO,Chocolate Syrup,Syrup,58,36.14,0.71,1,Payday Campaign,12.0,2405.18,28.4,0.5,99.3,None,0.0,0,0,205,0,2,0,10,Transition
2026-10-22,SYR-CHO,Chocolate Syrup,Syrup,54,34.08,0.71,1,Payday Campaign,12.0,2405.18,25.5,0.2,96.6,None,0.0,0,1,83,0,3,0,10,Transition
2026-10-23,SYR-CHO,Chocolate Syrup,Syrup,51,31.51,0.71,1,Payday Campaign,12.0,2405.18,23.0,0.0,93.5,None,0.0,0,0,136,0,4,0,10,Transition
2026-10-24,SYR-CHO,Chocolate Syrup,Syrup,52,37.85,0.71,0,None,0.0,0.0,25.9,0.0,111.0,None,0.0,0,0,85,0,5,1,10,Transition
2026-10-25,SYR-CHO,Chocolate Syrup,Syrup,48,34.03,0.71,0,None,0.0,0.0,24.2,0.6,94.5,None,0.0,0,0,164,0,6,1,10,Transition
2026-10-26,SYR-CHO,Chocolate Syrup,Syrup,43,30.82,0.71,0,None,0.0,0.0,25.2,2.8,92.0,None,0.0,0,0,190,0,0,0,10,Transition
2026-10-27,SYR-CHO,Chocolate Syrup,Syrup,45,31.68,0.71,0,None,0.0,0.0,25.6,0.4,93.9,None,0.0,0,0,154,0,1,0,10,Transition
2026-10-28,SYR-CHO,Chocolate Syrup,Syrup,41,29.17,0.71,0,None,0.0,0.0,22.6,0.4,87.4,None,0.0,0,0,112,0,2,0,10,Transition
2026-10-29,SYR-CHO,Chocolate Syrup,Syrup,40,28.47,0.71,0,None,0.0,0.0,22.6,0.2,93.5,None,0.0,0,1,215,0,3,0,10,Transition
2026-10-30,SYR-CHO,Chocolate Syrup,Syrup,43,30.08,0.71,0,None,0.0,0.0,26.3,0.2,86.5,None,0.0,0,1,76,0,4,0,10,Transition
2026-10-31,SYR-CHO,Chocolate Syrup,Syrup,56,39.16,0.71,0,None,0.0,0.0,24.5,0.6,105.5,None,0.0,0,0,98,0,5,1,10,Transition
2026-11-01,SYR-CHO,Chocolate Syrup,Syrup,52,36.71,0.71,0,None,0.0,0.0,20.7,0.9,107.3,None,0.0,0,0,130,0,6,1,11,Winter
2026-11-02,SYR-CHO,Chocolate Syrup,Syrup,45,32.27,0.71,0,None,0.0,0.0,26.7,0.8,93.4,None,0.0,0,0,216,0,0,0,11,Winter
2026-11-03,SYR-CHO,Chocolate Syrup,Syrup,40,27.69,0.71,0,None,0.0,0.0,25.7,0.1,82.7,None,0.0,0,1,203,0,1,0,11,Winter
2026-11-04,SYR-CHO,Chocolate Syrup,Syrup,25,17.62,0.71,0,None,0.0,0.0,23.8,2.8,87.2,None,0.0,0,0,135,1,2,0,11,Winter
2026-11-05,SYR-CHO,Chocolate Syrup,Syrup,42,30.21,0.71,0,None,0.0,0.0,22.7,0.3,94.9,None,0.0,0,0,214,0,3,0,11,Winter
2026-11-06,SYR-CHO,Chocolate Syrup,Syrup,50,34.89,0.71,0,None,0.0,0.0,26.5,0.2,105.1,Diwali,1.0,1,0,214,0,4,0,11,Winter
2026-11-07,SYR-CHO,Chocolate Syrup,Syrup,58,41.71,0.71,0,None,0.0,0.0,25.6,0.1,104.8,Diwali,1.25,1,1,171,0,5,1,11,Winter
2026-11-08,SYR-CHO,Chocolate Syrup,Syrup,67,46.83,0.71,0,None,0.0,0.0,29.2,1.1,127.8,Diwali,1.5,1,0,105,0,6,1,11,Winter
2026-11-09,SYR-CHO,Chocolate Syrup,Syrup,49,34.35,0.71,0,None,0.0,0.0,25.6,0.6,109.0,Diwali,1.25,1,0,212,0,0,0,11,Winter
2026-11-10,SYR-CHO,Chocolate Syrup,Syrup,47,33.26,0.71,0,None,0.0,0.0,25.4,0.6,101.0,Diwali,1.0,1,0,169,0,1,0,11,Winter
2026-11-11,SYR-CHO,Chocolate Syrup,Syrup,49,35.52,0.71,0,None,0.0,0.0,24.4,3.7,97.1,None,0.0,0,0,91,0,2,0,11,Winter
2026-11-12,SYR-CHO,Chocolate Syrup,Syrup,43,30.26,0.71,0,None,0.0,0.0,26.1,0.8,88.8,None,0.0,0,0,197,0,3,0,11,Winter
2026-11-13,SYR-CHO,Chocolate Syrup,Syrup,41,28.48,0.71,0,None,0.0,0.0,25.7,0.1,88.8,None,0.0,0,0,124,0,4,0,11,Winter
2026-11-14,SYR-CHO,Chocolate Syrup,Syrup,51,35.58,0.71,0,None,0.0,0.0,26.8,0.2,104.0,None,0.0,0,0,196,0,5,1,11,Winter
2026-11-15,SYR-CHO,Chocolate Syrup,Syrup,52,37.32,0.71,0,None,0.0,0.0,23.5,0.2,111.2,None,0.0,0,0,113,0,6,1,11,Winter
2026-11-16,SYR-CHO,Chocolate Syrup,Syrup,46,32.12,0.71,0,None,0.0,0.0,23.6,0.5,100.4,None,0.0,0,0,67,0,0,0,11,Winter
2026-11-17,SYR-CHO,Chocolate Syrup,Syrup,42,30.25,0.71,0,None,0.0,0.0,23.5,1.1,94.1,None,0.0,0,0,134,0,1,0,11,Winter
2026-11-18,SYR-CHO,Chocolate Syrup,Syrup,49,34.83,0.71,0,None,0.0,0.0,25.7,0.7,94.7,None,0.0,0,0,141,0,2,0,11,Winter
2026-11-19,SYR-CHO,Chocolate Syrup,Syrup,46,32.67,0.71,0,None,0.0,0.0,27.0,0.6,96.4,None,0.0,0,0,204,0,3,0,11,Winter
2026-11-20,SYR-CHO,Chocolate Syrup,Syrup,45,32.09,0.71,0,None,0.0,0.0,23.4,3.2,86.2,None,0.0,0,0,83,0,4,0,11,Winter
2026-11-21,SYR-CHO,Chocolate Syrup,Syrup,51,35.9,0.71,0,None,0.0,0.0,23.4,0.5,105.7,None,0.0,0,0,217,0,5,1,11,Winter
2026-11-22,SYR-CHO,Chocolate Syrup,Syrup,51,36.32,0.71,0,None,0.0,0.0,24.7,0.2,98.9,None,0.0,0,0,95,0,6,1,11,Winter
2026-11-23,SYR-CHO,Chocolate Syrup,Syrup,44,30.84,0.71,0,None,0.0,0.0,23.6,0.0,94.2,None,0.0,0,0,213,0,0,0,11,Winter
2026-11-24,SYR-CHO,Chocolate Syrup,Syrup,46,33.25,0.71,0,None,0.0,0.0,25.8,0.0,91.5,None,0.0,0,0,179,0,1,0,11,Winter
2026-11-25,SYR-CHO,Chocolate Syrup,Syrup,42,29.52,0.71,0,None,0.0,0.0,19.9,0.0,95.2,None,0.0,0,0,119,0,2,0,11,Winter
2026-11-26,SYR-CHO,Chocolate Syrup,Syrup,43,30.77,0.71,0,None,0.0,0.0,22.5,0.7,93.4,None,0.0,0,1,216,0,3,0,11,Winter
2026-11-27,SYR-CHO,Chocolate Syrup,Syrup,42,29.53,0.71,0,None,0.0,0.0,22.5,0.7,77.5,None,0.0,0,0,119,0,4,0,11,Winter
2026-11-28,SYR-CHO,Chocolate Syrup,Syrup,48,33.97,0.71,0,None,0.0,0.0,19.7,2.6,103.8,None,0.0,0,0,169,0,5,1,11,Winter
2026-11-29,SYR-CHO,Chocolate Syrup,Syrup,51,36.17,0.71,0,None,0.0,0.0,22.1,0.0,106.2,None,0.0,0,0,73,0,6,1,11,Winter
2026-11-30,SYR-CHO,Chocolate Syrup,Syrup,42,31.0,0.71,0,None,0.0,0.0,22.2,0.3,95.3,None,0.0,0,0,78,0,0,0,11,Winter
2026-12-01,SYR-CHO,Chocolate Syrup,Syrup,42,29.93,0.71,0,None,0.0,0.0,23.4,2.5,92.6,None,0.0,0,0,118,0,1,0,12,Winter
2026-12-02,SYR-CHO,Chocolate Syrup,Syrup,48,33.89,0.71,0,None,0.0,0.0,25.8,0.1,101.4,None,0.0,0,0,107,0,2,0,12,Winter
2026-12-03,SYR-CHO,Chocolate Syrup,Syrup,43,30.51,0.71,0,None,0.0,0.0,23.3,0.0,94.8,None,0.0,0,0,99,0,3,0,12,Winter
2026-12-04,SYR-CHO,Chocolate Syrup,Syrup,39,27.32,0.71,0,None,0.0,0.0,21.8,0.0,95.5,None,0.0,0,0,119,0,4,0,12,Winter
2026-12-05,SYR-CHO,Chocolate Syrup,Syrup,53,37.75,0.71,0,None,0.0,0.0,23.6,0.7,108.6,None,0.0,0,0,170,0,5,1,12,Winter
2026-12-06,SYR-CHO,Chocolate Syrup,Syrup,52,37.95,0.71,0,None,0.0,0.0,25.5,0.2,105.3,None,0.0,0,1,92,0,6,1,12,Winter
2026-12-07,SYR-CHO,Chocolate Syrup,Syrup,43,30.83,0.71,0,None,0.0,0.0,21.9,1.2,89.1,None,0.0,0,0,183,0,0,0,12,Winter
2026-12-08,SYR-CHO,Chocolate Syrup,Syrup,43,31.05,0.71,0,None,0.0,0.0,22.0,0.4,81.5,None,0.0,0,0,198,0,1,0,12,Winter
2026-12-09,SYR-CHO,Chocolate Syrup,Syrup,39,27.57,0.71,0,None,0.0,0.0,24.6,0.3,91.4,None,0.0,0,0,192,0,2,0,12,Winter
2026-12-10,SYR-CHO,Chocolate Syrup,Syrup,42,29.95,0.71,0,None,0.0,0.0,23.2,1.6,97.6,None,0.0,0,0,93,0,3,0,12,Winter
2026-12-11,SYR-CHO,Chocolate Syrup,Syrup,45,32.26,0.72,0,None,0.0,0.0,24.7,0.2,92.1,None,0.0,0,0,205,0,4,0,12,Winter
2026-12-12,SYR-CHO,Chocolate Syrup,Syrup,50,35.45,0.72,0,None,0.0,0.0,23.5,0.3,108.0,None,0.0,0,0,90,0,5,1,12,Winter
2026-12-13,SYR-CHO,Chocolate Syrup,Syrup,56,40.26,0.72,0,None,0.0,0.0,24.8,0.6,104.8,None,0.0,0,0,93,0,6,1,12,Winter
2026-12-14,SYR-CHO,Chocolate Syrup,Syrup,47,33.89,0.72,0,None,0.0,0.0,21.7,0.1,100.6,None,0.0,0,0,183,0,0,0,12,Winter
2026-12-15,SYR-CHO,Chocolate Syrup,Syrup,43,30.99,0.72,0,None,0.0,0.0,23.5,0.1,92.8,None,0.0,0,0,184,0,1,0,12,Winter
2026-12-16,SYR-CHO,Chocolate Syrup,Syrup,42,30.03,0.72,0,None,0.0,0.0,23.1,0.1,96.7,None,0.0,0,0,82,0,2,0,12,Winter
2026-12-17,SYR-CHO,Chocolate Syrup,Syrup,38,27.58,0.72,0,None,0.0,0.0,21.3,0.3,97.0,None,0.0,0,0,124,0,3,0,12,Winter
2026-12-18,SYR-CHO,Chocolate Syrup,Syrup,46,32.87,0.72,0,None,0.0,0.0,20.7,0.0,102.1,None,0.0,0,0,131,0,4,0,12,Winter
2026-12-19,SYR-CHO,Chocolate Syrup,Syrup,57,40.7,0.72,0,None,0.0,0.0,24.7,0.3,96.2,None,0.0,0,0,192,0,5,1,12,Winter
2026-12-20,SYR-CHO,Chocolate Syrup,Syrup,56,40.86,0.72,0,None,0.0,0.0,22.9,0.3,102.5,None,0.0,0,0,158,0,6,1,12,Winter
2026-12-21,SYR-CHO,Chocolate Syrup,Syrup,44,31.15,0.72,0,None,0.0,0.0,21.7,0.1,99.1,None,0.0,0,0,160,0,0,0,12,Winter
2026-12-22,SYR-CHO,Chocolate Syrup,Syrup,43,30.23,0.72,0,None,0.0,0.0,23.3,0.0,102.7,None,0.0,0,0,75,0,1,0,12,Winter
2026-12-23,SYR-CHO,Chocolate Syrup,Syrup,48,34.1,0.72,0,None,0.0,0.0,25.5,0.0,96.3,None,0.0,0,0,224,0,2,0,12,Winter
2026-12-24,SYR-CHO,Chocolate Syrup,Syrup,43,31.03,0.72,0,None,0.0,0.0,19.4,0.0,93.8,None,0.0,0,0,151,0,3,0,12,Winter
2026-12-25,SYR-CHO,Chocolate Syrup,Syrup,50,36.48,0.72,0,None,0.0,0.0,20.8,0.1,114.7,Christmas,1.2,1,0,176,0,4,0,12,Winter
2026-12-26,SYR-CHO,Chocolate Syrup,Syrup,54,38.5,0.72,0,None,0.0,0.0,21.9,1.7,109.8,None,0.0,0,0,150,0,5,1,12,Winter
2026-12-27,SYR-CHO,Chocolate Syrup,Syrup,56,41.14,0.72,0,None,0.0,0.0,26.2,0.2,103.8,None,0.0,0,0,115,0,6,1,12,Winter
2026-12-28,SYR-CHO,Chocolate Syrup,Syrup,48,34.53,0.72,0,None,0.0,0.0,24.1,3.1,97.3,None,0.0,0,0,174,0,0,0,12,Winter
2026-12-29,SYR-CHO,Chocolate Syrup,Syrup,49,35.2,0.72,0,None,0.0,0.0,24.9,0.0,101.7,None,0.0,0,0,115,0,1,0,12,Winter
2026-12-30,SYR-CHO,Chocolate Syrup,Syrup,44,31.34,0.72,0,None,0.0,0.0,21.5,0.0,105.4,None,0.0,0,0,99,0,2,0,12,Winter
2026-12-31,SYR-CHO,Chocolate Syrup,Syrup,47,34.63,0.72,0,None,0.0,0.0,21.6,0.1,114.0,New Year,1.1,1,0,155,0,3,0,12,Winter
2025-01-01,SYR-CAR,Caramel Syrup,Syrup,30,20.19,0.68,0,None,0.0,0.0,24.2,0.1,91.0,None,0.0,0,0,107,0,2,0,1,Winter
2025-01-02,SYR-CAR,Caramel Syrup,Syrup,34,23.52,0.68,0,None,0.0,0.0,21.8,1.9,93.8,None,0.0,0,0,89,0,3,0,1,Winter
2025-01-03,SYR-CAR,Caramel Syrup,Syrup,32,21.3,0.68,0,None,0.0,0.0,25.0,0.0,90.4,None,0.0,0,0,199,0,4,0,1,Winter
2025-01-04,SYR-CAR,Caramel Syrup,Syrup,42,29.12,0.68,0,None,0.0,0.0,25.4,4.5,100.1,None,0.0,0,0,187,0,5,1,1,Winter
2025-01-05,SYR-CAR,Caramel Syrup,Syrup,41,27.66,0.68,0,None,0.0,0.0,20.2,0.5,108.7,None,0.0,0,0,201,0,6,1,1,Winter
2025-01-06,SYR-CAR,Caramel Syrup,Syrup,32,22.31,0.68,0,None,0.0,0.0,21.4,0.8,91.2,None,0.0,0,0,127,0,0,0,1,Winter
2025-01-07,SYR-CAR,Caramel Syrup,Syrup,36,24.52,0.68,0,None,0.0,0.0,24.0,0.0,98.5,None,0.0,0,0,107,0,1,0,1,Winter
2025-01-08,SYR-CAR,Caramel Syrup,Syrup,35,24.07,0.68,0,None,0.0,0.0,23.2,3.2,90.5,None,0.0,0,0,119,0,2,0,1,Winter
2025-01-09,SYR-CAR,Caramel Syrup,Syrup,34,23.86,0.68,0,None,0.0,0.0,23.8,0.3,98.7,None,0.0,0,0,192,0,3,0,1,Winter
2025-01-10,SYR-CAR,Caramel Syrup,Syrup,31,21.07,0.68,0,None,0.0,0.0,22.3,0.2,94.9,None,0.0,0,0,107,0,4,0,1,Winter
2025-01-11,SYR-CAR,Caramel Syrup,Syrup,46,31.27,0.68,0,None,0.0,0.0,25.5,0.3,114.5,None,0.0,0,0,167,0,5,1,1,Winter
2025-01-12,SYR-CAR,Caramel Syrup,Syrup,44,29.79,0.68,0,None,0.0,0.0,25.3,0.4,109.2,None,0.0,0,0,87,0,6,1,1,Winter
2025-01-13,SYR-CAR,Caramel Syrup,Syrup,36,24.29,0.68,0,None,0.0,0.0,24.1,0.2,103.9,None,0.0,0,0,213,0,0,0,1,Winter
2025-01-14,SYR-CAR,Caramel Syrup,Syrup,37,25.18,0.68,0,None,0.0,0.0,26.0,0.1,107.0,Makar Sankranti,1.0,1,0,159,0,1,0,1,Winter
2025-01-15,SYR-CAR,Caramel Syrup,Syrup,37,25.12,0.68,0,None,0.0,0.0,24.9,0.0,98.2,None,0.0,0,0,211,0,2,0,1,Winter
2025-01-16,SYR-CAR,Caramel Syrup,Syrup,37,24.92,0.68,0,None,0.0,0.0,22.5,0.3,93.2,None,0.0,0,0,104,0,3,0,1,Winter
2025-01-17,SYR-CAR,Caramel Syrup,Syrup,34,23.19,0.68,0,None,0.0,0.0,24.8,0.0,96.2,None,0.0,0,0,152,0,4,0,1,Winter
2025-01-18,SYR-CAR,Caramel Syrup,Syrup,48,29.71,0.68,1,Weekend Flash,10.0,1444.36,22.5,0.1,107.0,None,0.0,0,1,111,0,5,1,1,Winter
2025-01-19,SYR-CAR,Caramel Syrup,Syrup,40,27.08,0.68,0,None,0.0,0.0,25.8,0.4,104.9,None,0.0,0,0,134,0,6,1,1,Winter
2025-01-20,SYR-CAR,Caramel Syrup,Syrup,32,21.86,0.68,0,None,0.0,0.0,24.2,0.4,92.6,None,0.0,0,0,103,0,0,0,1,Winter
2025-01-21,SYR-CAR,Caramel Syrup,Syrup,32,22.28,0.68,0,None,0.0,0.0,24.0,1.3,91.7,None,0.0,0,0,74,0,1,0,1,Winter
2025-01-22,SYR-CAR,Caramel Syrup,Syrup,33,22.22,0.69,0,None,0.0,0.0,23.2,0.2,87.2,None,0.0,0,0,123,0,2,0,1,Winter
2025-01-23,SYR-CAR,Caramel Syrup,Syrup,35,24.54,0.69,0,None,0.0,0.0,26.6,1.6,93.8,None,0.0,0,0,139,0,3,0,1,Winter
2025-01-24,SYR-CAR,Caramel Syrup,Syrup,36,24.48,0.69,0,None,0.0,0.0,24.2,0.4,102.3,None,0.0,0,0,81,0,4,0,1,Winter
2025-01-25,SYR-CAR,Caramel Syrup,Syrup,39,26.81,0.69,0,None,0.0,0.0,23.8,0.0,101.3,None,0.0,0,0,122,0,5,1,1,Winter
2025-01-26,SYR-CAR,Caramel Syrup,Syrup,43,29.95,0.69,0,None,0.0,0.0,24.0,0.8,113.0,Republic Day,0.8,1,0,77,0,6,1,1,Winter
2025-01-27,SYR-CAR,Caramel Syrup,Syrup,35,24.47,0.69,0,None,0.0,0.0,25.6,0.8,108.5,None,0.0,0,0,158,0,0,0,1,Winter
2025-01-28,SYR-CAR,Caramel Syrup,Syrup,35,24.16,0.69,0,None,0.0,0.0,25.4,1.6,96.5,None,0.0,0,0,105,0,1,0,1,Winter
2025-01-29,SYR-CAR,Caramel Syrup,Syrup,33,22.47,0.69,0,None,0.0,0.0,25.5,0.0,101.5,None,0.0,0,0,67,0,2,0,1,Winter
2025-01-30,SYR-CAR,Caramel Syrup,Syrup,36,24.49,0.69,0,None,0.0,0.0,25.6,0.0,103.2,None,0.0,0,0,138,0,3,0,1,Winter
2025-01-31,SYR-CAR,Caramel Syrup,Syrup,37,25.24,0.69,0,None,0.0,0.0,28.7,0.1,103.5,None,0.0,0,0,190,0,4,0,1,Winter
2025-02-01,SYR-CAR,Caramel Syrup,Syrup,41,28.81,0.69,0,None,0.0,0.0,24.2,0.2,102.7,None,0.0,0,0,219,0,5,1,2,Winter
2025-02-02,SYR-CAR,Caramel Syrup,Syrup,38,26.0,0.69,0,None,0.0,0.0,24.1,0.3,109.3,None,0.0,0,0,212,0,6,1,2,Winter
2025-02-03,SYR-CAR,Caramel Syrup,Syrup,35,24.16,0.69,0,None,0.0,0.0,23.6,1.3,92.5,None,0.0,0,1,82,0,0,0,2,Winter
2025-02-04,SYR-CAR,Caramel Syrup,Syrup,37,25.13,0.69,0,None,0.0,0.0,26.3,0.3,112.9,None,0.0,0,0,90,0,1,0,2,Winter
2025-02-05,SYR-CAR,Caramel Syrup,Syrup,36,24.42,0.69,0,None,0.0,0.0,27.3,0.6,92.8,None,0.0,0,0,198,0,2,0,2,Winter
2025-02-06,SYR-CAR,Caramel Syrup,Syrup,31,21.34,0.69,0,None,0.0,0.0,25.1,0.1,95.7,None,0.0,0,0,152,0,3,0,2,Winter
2025-02-07,SYR-CAR,Caramel Syrup,Syrup,32,21.94,0.69,0,None,0.0,0.0,23.9,0.2,95.9,None,0.0,0,0,138,0,4,0,2,Winter
2025-02-08,SYR-CAR,Caramel Syrup,Syrup,40,27.46,0.69,0,None,0.0,0.0,24.0,0.3,103.8,None,0.0,0,0,188,0,5,1,2,Winter
2025-02-09,SYR-CAR,Caramel Syrup,Syrup,59,32.72,0.69,1,Festival Promo,18.0,3352.78,26.7,0.1,118.1,None,0.0,0,0,89,0,6,1,2,Winter
2025-02-10,SYR-CAR,Caramel Syrup,Syrup,49,27.65,0.69,1,Festival Promo,18.0,3352.78,26.9,0.2,113.6,None,0.0,0,1,157,0,0,0,2,Winter
2025-02-11,SYR-CAR,Caramel Syrup,Syrup,36,25.26,0.69,0,None,0.0,0.0,26.6,1.7,99.3,None,0.0,0,0,147,0,1,0,2,Winter
2025-02-12,SYR-CAR,Caramel Syrup,Syrup,33,22.51,0.69,0,None,0.0,0.0,24.5,0.0,95.2,None,0.0,0,0,202,0,2,0,2,Winter
2025-02-13,SYR-CAR,Caramel Syrup,Syrup,41,24.28,0.69,1,Mango Festival,15.0,3085.63,26.2,1.4,90.7,None,0.0,0,0,135,0,3,0,2,Winter
2025-02-14,SYR-CAR,Caramel Syrup,Syrup,45,25.28,0.69,1,Mango Festival,15.0,3085.63,26.1,0.0,100.8,None,0.0,0,1,146,0,4,0,2,Winter
2025-02-15,SYR-CAR,Caramel Syrup,Syrup,56,31.36,0.69,1,Festival Promo,18.0,2903.17,26.4,0.9,110.6,None,0.0,0,0,204,0,5,1,2,Winter
2025-02-16,SYR-CAR,Caramel Syrup,Syrup,56,30.95,0.69,1,Festival Promo,18.0,2903.17,27.6,0.4,109.0,None,0.0,0,0,119,0,6,1,2,Winter
2025-02-17,SYR-CAR,Caramel Syrup,Syrup,49,28.14,0.69,1,Festival Promo,18.0,2903.17,26.5,0.4,103.5,None,0.0,0,0,80,0,0,0,2,Winter
2025-02-18,SYR-CAR,Caramel Syrup,Syrup,36,25.11,0.69,0,None,0.0,0.0,27.4,0.0,104.5,None,0.0,0,0,131,0,1,0,2,Winter
2025-02-19,SYR-CAR,Caramel Syrup,Syrup,37,25.22,0.69,0,None,0.0,0.0,26.4,0.4,104.3,None,0.0,0,0,154,0,2,0,2,Winter
2025-02-20,SYR-CAR,Caramel Syrup,Syrup,33,22.86,0.69,0,None,0.0,0.0,26.9,1.1,101.2,None,0.0,0,0,131,0,3,0,2,Winter
2025-02-21,SYR-CAR,Caramel Syrup,Syrup,37,25.92,0.69,0,None,0.0,0.0,27.6,1.9,97.4,None,0.0,0,0,170,0,4,0,2,Winter
2025-02-22,SYR-CAR,Caramel Syrup,Syrup,52,33.58,0.69,1,Bundle Offer,8.0,1868.21,23.9,0.1,116.4,None,0.0,0,0,112,0,5,1,2,Winter
2025-02-23,SYR-CAR,Caramel Syrup,Syrup,49,30.99,0.69,1,Bundle Offer,8.0,1868.21,26.0,0.1,113.3,None,0.0,0,0,71,0,6,1,2,Winter
2025-02-24,SYR-CAR,Caramel Syrup,Syrup,45,27.85,0.69,1,Bundle Offer,8.0,1868.21,25.9,2.7,107.8,None,0.0,0,1,190,0,0,0,2,Winter
2025-02-25,SYR-CAR,Caramel Syrup,Syrup,45,28.31,0.69,1,Bundle Offer,8.0,1868.21,25.6,0.3,107.4,None,0.0,0,0,201,0,1,0,2,Winter
2025-02-26,SYR-CAR,Caramel Syrup,Syrup,43,25.5,0.69,1,Mango Festival,15.0,2275.03,26.4,0.0,96.5,None,0.0,0,0,161,0,2,0,2,Winter
2025-02-27,SYR-CAR,Caramel Syrup,Syrup,47,28.32,0.69,1,Mango Festival,15.0,2275.03,29.7,0.0,96.5,None,0.0,0,0,117,0,3,0,2,Winter
2025-02-28,SYR-CAR,Caramel Syrup,Syrup,47,27.61,0.69,1,Mango Festival,15.0,2275.03,25.5,0.0,100.0,None,0.0,0,0,126,0,4,0,2,Winter
2025-03-01,SYR-CAR,Caramel Syrup,Syrup,56,32.68,0.69,1,Mango Festival,15.0,2275.03,28.9,0.8,108.7,None,0.0,0,0,152,0,5,1,3,Summer
2025-03-02,SYR-CAR,Caramel Syrup,Syrup,44,31.32,0.69,0,None,0.0,0.0,24.2,0.7,117.8,None,0.0,0,0,131,0,6,1,3,Summer
2025-03-03,SYR-CAR,Caramel Syrup,Syrup,33,22.94,0.69,0,None,0.0,0.0,26.7,0.9,105.9,None,0.0,0,0,88,0,0,0,3,Summer
2025-03-04,SYR-CAR,Caramel Syrup,Syrup,39,26.59,0.69,0,None,0.0,0.0,27.7,0.7,109.8,None,0.0,0,0,118,0,1,0,3,Summer
2025-03-05,SYR-CAR,Caramel Syrup,Syrup,39,26.95,0.69,0,None,0.0,0.0,28.6,0.1,106.4,None,0.0,0,1,106,0,2,0,3,Summer
2025-03-06,SYR-CAR,Caramel Syrup,Syrup,36,25.22,0.69,0,None,0.0,0.0,28.9,3.6,105.6,None,0.0,0,0,127,0,3,0,3,Summer
2025-03-07,SYR-CAR,Caramel Syrup,Syrup,37,25.59,0.69,0,None,0.0,0.0,29.1,0.6,110.6,None,0.0,0,1,117,0,4,0,3,Summer
2025-03-08,SYR-CAR,Caramel Syrup,Syrup,46,32.16,0.69,0,None,0.0,0.0,27.2,0.9,117.1,None,0.0,0,0,150,0,5,1,3,Summer
2025-03-09,SYR-CAR,Caramel Syrup,Syrup,44,29.88,0.69,0,None,0.0,0.0,27.0,0.4,115.2,None,0.0,0,0,193,0,6,1,3,Summer
2025-03-10,SYR-CAR,Caramel Syrup,Syrup,41,27.91,0.69,0,None,0.0,0.0,29.5,0.4,112.4,None,0.0,0,0,113,0,0,0,3,Summer
2025-03-11,SYR-CAR,Caramel Syrup,Syrup,38,26.09,0.69,0,None,0.0,0.0,27.7,0.2,105.7,None,0.0,0,1,67,0,1,0,3,Summer
2025-03-12,SYR-CAR,Caramel Syrup,Syrup,39,26.93,0.69,0,None,0.0,0.0,25.9,0.4,114.1,Holi,0.8,1,0,189,0,2,0,3,Summer
2025-03-13,SYR-CAR,Caramel Syrup,Syrup,39,27.13,0.69,0,None,0.0,0.0,26.2,0.7,114.8,Holi,1.05,1,0,88,0,3,0,3,Summer
2025-03-14,SYR-CAR,Caramel Syrup,Syrup,42,29.33,0.69,0,None,0.0,0.0,26.7,1.0,125.8,Holi,1.3,1,0,210,0,4,0,3,Summer
2025-03-15,SYR-CAR,Caramel Syrup,Syrup,53,37.82,0.69,0,None,0.0,0.0,29.3,0.3,135.3,Holi,1.05,1,0,157,0,5,1,3,Summer
2025-03-16,SYR-CAR,Caramel Syrup,Syrup,50,34.35,0.69,0,None,0.0,0.0,28.8,0.0,125.7,Holi,0.8,1,0,153,0,6,1,3,Summer
2025-03-17,SYR-CAR,Caramel Syrup,Syrup,39,26.93,0.69,0,None,0.0,0.0,29.9,0.3,112.2,None,0.0,0,1,124,0,0,0,3,Summer
2025-03-18,SYR-CAR,Caramel Syrup,Syrup,38,26.12,0.69,0,None,0.0,0.0,27.9,0.4,95.9,None,0.0,0,0,171,0,1,0,3,Summer
2025-03-19,SYR-CAR,Caramel Syrup,Syrup,39,27.39,0.69,0,None,0.0,0.0,29.1,0.8,105.6,None,0.0,0,0,163,0,2,0,3,Summer
2025-03-20,SYR-CAR,Caramel Syrup,Syrup,39,27.41,0.69,0,None,0.0,0.0,30.0,0.4,105.8,None,0.0,0,0,207,0,3,0,3,Summer
2025-03-21,SYR-CAR,Caramel Syrup,Syrup,37,25.52,0.69,0,None,0.0,0.0,28.4,0.1,102.4,None,0.0,0,0,59,0,4,0,3,Summer
2025-03-22,SYR-CAR,Caramel Syrup,Syrup,49,34.82,0.69,0,None,0.0,0.0,29.9,1.6,128.1,None,0.0,0,0,99,0,5,1,3,Summer
2025-03-23,SYR-CAR,Caramel Syrup,Syrup,41,28.19,0.69,0,None,0.0,0.0,28.0,0.3,115.9,None,0.0,0,0,105,0,6,1,3,Summer
2025-03-24,SYR-CAR,Caramel Syrup,Syrup,38,26.68,0.69,0,None,0.0,0.0,28.6,0.0,104.3,None,0.0,0,0,88,0,0,0,3,Summer
2025-03-25,SYR-CAR,Caramel Syrup,Syrup,41,28.93,0.69,0,None,0.0,0.0,28.7,0.0,106.5,None,0.0,0,0,212,0,1,0,3,Summer
2025-03-26,SYR-CAR,Caramel Syrup,Syrup,36,24.56,0.69,0,None,0.0,0.0,27.3,3.1,96.5,None,0.0,0,0,67,0,2,0,3,Summer
2025-03-27,SYR-CAR,Caramel Syrup,Syrup,38,26.54,0.69,0,None,0.0,0.0,30.4,0.1,102.8,None,0.0,0,0,77,0,3,0,3,Summer
2025-03-28,SYR-CAR,Caramel Syrup,Syrup,37,24.82,0.69,0,None,0.0,0.0,28.8,0.1,111.6,None,0.0,0,0,127,0,4,0,3,Summer
2025-03-29,SYR-CAR,Caramel Syrup,Syrup,47,32.92,0.69,0,None,0.0,0.0,29.8,0.2,113.6,None,0.0,0,0,109,0,5,1,3,Summer
2025-03-30,SYR-CAR,Caramel Syrup,Syrup,46,31.48,0.69,0,None,0.0,0.0,30.7,1.1,112.7,None,0.0,0,0,118,0,6,1,3,Summer
2025-03-31,SYR-CAR,Caramel Syrup,Syrup,42,29.33,0.69,0,None,0.0,0.0,30.7,0.5,113.4,None,0.0,0,0,158,0,0,0,3,Summer
2025-04-01,SYR-CAR,Caramel Syrup,Syrup,38,26.6,0.69,0,None,0.0,0.0,31.2,2.5,113.6,None,0.0,0,0,147,0,1,0,4,Summer
2025-04-02,SYR-CAR,Caramel Syrup,Syrup,44,28.76,0.69,1,Loyalty Offer,7.0,1203.85,30.0,0.3,109.6,None,0.0,0,0,202,0,2,0,4,Summer
2025-04-03,SYR-CAR,Caramel Syrup,Syrup,43,28.03,0.69,1,Loyalty Offer,7.0,1203.85,29.5,0.1,104.8,None,0.0,0,0,135,0,3,0,4,Summer
2025-04-04,SYR-CAR,Caramel Syrup,Syrup,48,30.98,0.69,1,Loyalty Offer,7.0,1203.85,30.2,0.6,105.9,None,0.0,0,1,217,0,4,0,4,Summer
2025-04-05,SYR-CAR,Caramel Syrup,Syrup,43,29.69,0.69,0,None,0.0,0.0,27.4,1.3,113.2,None,0.0,0,0,93,0,5,1,4,Summer
2025-04-06,SYR-CAR,Caramel Syrup,Syrup,43,29.8,0.69,0,None,0.0,0.0,27.9,0.0,112.3,None,0.0,0,0,94,0,6,1,4,Summer
2025-04-07,SYR-CAR,Caramel Syrup,Syrup,33,22.58,0.69,0,None,0.0,0.0,28.2,2.8,102.1,None,0.0,0,0,115,0,0,0,4,Summer
2025-04-08,SYR-CAR,Caramel Syrup,Syrup,45,25.53,0.69,1,Festival Promo,18.0,3631.06,28.9,0.5,104.3,None,0.0,0,1,83,0,1,0,4,Summer
2025-04-09,SYR-CAR,Caramel Syrup,Syrup,50,28.33,0.69,1,Festival Promo,18.0,3631.06,31.5,0.2,102.2,None,0.0,0,0,74,0,2,0,4,Summer
2025-04-10,SYR-CAR,Caramel Syrup,Syrup,38,26.1,0.69,0,None,0.0,0.0,29.2,0.0,99.6,None,0.0,0,0,117,0,3,0,4,Summer
2025-04-11,SYR-CAR,Caramel Syrup,Syrup,37,25.12,0.69,0,None,0.0,0.0,30.3,1.3,108.6,None,0.0,0,0,142,0,4,0,4,Summer
2025-04-12,SYR-CAR,Caramel Syrup,Syrup,47,32.09,0.69,0,None,0.0,0.0,33.4,0.1,118.7,None,0.0,0,0,111,0,5,1,4,Summer
2025-04-13,SYR-CAR,Caramel Syrup,Syrup,51,34.02,0.69,0,None,0.0,0.0,30.5,0.1,126.1,None,0.0,0,0,114,0,6,1,4,Summer
2025-04-14,SYR-CAR,Caramel Syrup,Syrup,45,31.08,0.69,0,None,0.0,0.0,32.5,0.4,104.3,None,0.0,0,0,80,0,0,0,4,Summer
2025-04-15,SYR-CAR,Caramel Syrup,Syrup,48,29.41,0.69,1,Payday Campaign,12.0,2799.65,29.6,0.5,109.2,None,0.0,0,0,85,0,1,0,4,Summer
2025-04-16,SYR-CAR,Caramel Syrup,Syrup,50,29.52,0.69,1,Payday Campaign,12.0,2799.65,31.0,0.0,109.3,None,0.0,0,0,211,0,2,0,4,Summer
2025-04-17,SYR-CAR,Caramel Syrup,Syrup,49,29.97,0.69,1,Payday Campaign,12.0,2799.65,29.8,1.3,106.5,None,0.0,0,0,79,0,3,0,4,Summer
2025-04-18,SYR-CAR,Caramel Syrup,Syrup,44,30.45,0.69,0,None,0.0,0.0,30.9,0.5,111.5,None,0.0,0,0,176,0,4,0,4,Summer
2025-04-19,SYR-CAR,Caramel Syrup,Syrup,48,32.79,0.69,0,None,0.0,0.0,33.1,0.7,121.7,None,0.0,0,0,182,0,5,1,4,Summer
2025-04-20,SYR-CAR,Caramel Syrup,Syrup,43,29.64,0.69,0,None,0.0,0.0,28.6,3.6,119.5,None,0.0,0,0,95,0,6,1,4,Summer
2025-04-21,SYR-CAR,Caramel Syrup,Syrup,43,30.17,0.69,0,None,0.0,0.0,32.6,1.0,106.6,None,0.0,0,0,102,0,0,0,4,Summer
2025-04-22,SYR-CAR,Caramel Syrup,Syrup,37,25.33,0.69,0,None,0.0,0.0,32.3,0.0,106.1,None,0.0,0,0,115,0,1,0,4,Summer
2025-04-23,SYR-CAR,Caramel Syrup,Syrup,36,24.96,0.69,0,None,0.0,0.0,30.9,0.3,101.1,None,0.0,0,0,161,0,2,0,4,Summer
2025-04-24,SYR-CAR,Caramel Syrup,Syrup,35,24.34,0.69,0,None,0.0,0.0,29.4,0.1,103.9,None,0.0,0,0,60,0,3,0,4,Summer
2025-04-25,SYR-CAR,Caramel Syrup,Syrup,39,26.74,0.69,0,None,0.0,0.0,32.2,0.3,104.8,None,0.0,0,0,189,0,4,0,4,Summer
2025-04-26,SYR-CAR,Caramel Syrup,Syrup,42,29.43,0.69,0,None,0.0,0.0,31.2,0.1,112.3,None,0.0,0,0,116,0,5,1,4,Summer
2025-04-27,SYR-CAR,Caramel Syrup,Syrup,58,33.09,0.69,1,Festival Promo,18.0,3232.06,32.7,0.4,120.2,None,0.0,0,0,157,0,6,1,4,Summer
2025-04-28,SYR-CAR,Caramel Syrup,Syrup,39,26.91,0.69,0,None,0.0,0.0,32.4,0.5,114.0,None,0.0,0,0,204,0,0,0,4,Summer
2025-04-29,SYR-CAR,Caramel Syrup,Syrup,37,26.33,0.69,0,None,0.0,0.0,35.3,0.1,103.5,None,0.0,0,0,78,0,1,0,4,Summer
2025-04-30,SYR-CAR,Caramel Syrup,Syrup,41,28.72,0.69,0,None,0.0,0.0,32.1,0.0,109.4,None,0.0,0,0,212,0,2,0,4,Summer
2025-05-01,SYR-CAR,Caramel Syrup,Syrup,38,25.76,0.69,0,None,0.0,0.0,30.7,0.5,102.8,None,0.0,0,0,156,0,3,0,5,Summer
2025-05-02,SYR-CAR,Caramel Syrup,Syrup,41,28.23,0.69,0,None,0.0,0.0,33.0,0.8,106.5,None,0.0,0,0,129,0,4,0,5,Summer
2025-05-03,SYR-CAR,Caramel Syrup,Syrup,48,34.18,0.69,0,None,0.0,0.0,33.1,0.5,114.5,None,0.0,0,0,79,0,5,1,5,Summer
2025-05-04,SYR-CAR,Caramel Syrup,Syrup,48,32.8,0.69,0,None,0.0,0.0,35.2,0.0,121.0,None,0.0,0,0,78,0,6,1,5,Summer
2025-05-05,SYR-CAR,Caramel Syrup,Syrup,42,29.06,0.69,0,None,0.0,0.0,34.3,0.6,104.6,None,0.0,0,0,192,0,0,0,5,Summer
2025-05-06,SYR-CAR,Caramel Syrup,Syrup,42,29.46,0.69,0,None,0.0,0.0,33.6,0.4,113.0,None,0.0,0,0,126,0,1,0,5,Summer
2025-05-07,SYR-CAR,Caramel Syrup,Syrup,39,27.16,0.69,0,None,0.0,0.0,35.6,1.3,106.7,None,0.0,0,0,180,0,2,0,5,Summer
2025-05-08,SYR-CAR,Caramel Syrup,Syrup,35,24.42,0.69,0,None,0.0,0.0,30.9,0.5,104.7,None,0.0,0,0,188,0,3,0,5,Summer
2025-05-09,SYR-CAR,Caramel Syrup,Syrup,39,27.18,0.69,0,None,0.0,0.0,32.0,1.5,101.7,None,0.0,0,0,123,0,4,0,5,Summer
2025-05-10,SYR-CAR,Caramel Syrup,Syrup,44,30.4,0.69,0,None,0.0,0.0,31.5,1.3,119.2,None,0.0,0,0,114,0,5,1,5,Summer
2025-05-11,SYR-CAR,Caramel Syrup,Syrup,56,35.62,0.69,1,Loyalty Offer,7.0,1296.87,32.5,0.2,122.4,None,0.0,0,0,119,0,6,1,5,Summer
2025-05-12,SYR-CAR,Caramel Syrup,Syrup,39,27.07,0.69,0,None,0.0,0.0,30.8,0.0,109.2,None,0.0,0,0,160,0,0,0,5,Summer
2025-05-13,SYR-CAR,Caramel Syrup,Syrup,39,26.79,0.69,0,None,0.0,0.0,34.5,0.2,119.0,None,0.0,0,0,172,0,1,0,5,Summer
2025-05-14,SYR-CAR,Caramel Syrup,Syrup,41,28.13,0.69,0,None,0.0,0.0,33.0,1.9,115.0,None,0.0,0,0,116,0,2,0,5,Summer
2025-05-15,SYR-CAR,Caramel Syrup,Syrup,38,26.68,0.69,0,None,0.0,0.0,30.8,0.0,106.2,None,0.0,0,0,148,0,3,0,5,Summer
2025-05-16,SYR-CAR,Caramel Syrup,Syrup,39,26.78,0.69,0,None,0.0,0.0,31.7,2.3,106.2,None,0.0,0,0,145,0,4,0,5,Summer
2025-05-17,SYR-CAR,Caramel Syrup,Syrup,56,36.65,0.69,1,Loyalty Offer,7.0,1298.58,34.1,0.2,120.1,None,0.0,0,0,99,0,5,1,5,Summer
2025-05-18,SYR-CAR,Caramel Syrup,Syrup,54,34.73,0.69,1,Loyalty Offer,7.0,1298.58,35.1,0.6,113.5,None,0.0,0,0,158,0,6,1,5,Summer
2025-05-19,SYR-CAR,Caramel Syrup,Syrup,48,30.71,0.69,1,Loyalty Offer,7.0,1298.58,37.3,0.9,113.5,None,0.0,0,0,189,0,0,0,5,Summer
2025-05-20,SYR-CAR,Caramel Syrup,Syrup,39,26.29,0.69,0,None,0.0,0.0,39.0,0.0,109.4,None,0.0,0,1,212,0,1,0,5,Summer
2025-05-21,SYR-CAR,Caramel Syrup,Syrup,38,26.85,0.69,0,None,0.0,0.0,34.5,0.1,108.8,None,0.0,0,0,111,0,2,0,5,Summer
2025-05-22,SYR-CAR,Caramel Syrup,Syrup,41,28.24,0.69,0,None,0.0,0.0,32.0,0.1,110.9,None,0.0,0,0,99,0,3,0,5,Summer
2025-05-23,SYR-CAR,Caramel Syrup,Syrup,40,26.79,0.69,0,None,0.0,0.0,30.0,1.2,116.1,None,0.0,0,1,203,0,4,0,5,Summer
2025-05-24,SYR-CAR,Caramel Syrup,Syrup,49,34.13,0.69,0,None,0.0,0.0,34.4,1.0,118.3,None,0.0,0,0,216,0,5,1,5,Summer
2025-05-25,SYR-CAR,Caramel Syrup,Syrup,46,31.64,0.69,0,None,0.0,0.0,32.5,0.3,116.8,None,0.0,0,0,198,0,6,1,5,Summer
2025-05-26,SYR-CAR,Caramel Syrup,Syrup,37,25.17,0.69,0,None,0.0,0.0,33.2,1.6,114.8,None,0.0,0,0,110,0,0,0,5,Summer
2025-05-27,SYR-CAR,Caramel Syrup,Syrup,43,29.91,0.69,0,None,0.0,0.0,32.9,2.1,112.1,None,0.0,0,0,107,0,1,0,5,Summer
2025-05-28,SYR-CAR,Caramel Syrup,Syrup,36,24.0,0.69,0,None,0.0,0.0,33.8,2.7,105.6,None,0.0,0,0,155,0,2,0,5,Summer
2025-05-29,SYR-CAR,Caramel Syrup,Syrup,41,27.94,0.69,0,None,0.0,0.0,36.0,0.2,107.1,None,0.0,0,0,101,0,3,0,5,Summer
2025-05-30,SYR-CAR,Caramel Syrup,Syrup,44,30.13,0.69,0,None,0.0,0.0,34.4,0.1,108.0,None,0.0,0,0,187,0,4,0,5,Summer
2025-05-31,SYR-CAR,Caramel Syrup,Syrup,48,33.32,0.69,0,None,0.0,0.0,33.9,0.3,118.8,None,0.0,0,0,131,0,5,1,5,Summer
2025-06-01,SYR-CAR,Caramel Syrup,Syrup,46,32.44,0.69,0,None,0.0,0.0,32.3,2.3,110.1,None,0.0,0,0,118,0,6,1,6,Monsoon
2025-06-02,SYR-CAR,Caramel Syrup,Syrup,38,26.02,0.69,0,None,0.0,0.0,31.2,11.1,99.1,None,0.0,0,0,186,0,0,0,6,Monsoon
2025-06-03,SYR-CAR,Caramel Syrup,Syrup,46,28.58,0.69,1,Weekend Flash,10.0,1793.58,33.4,2.9,102.3,None,0.0,0,1,122,0,1,0,6,Monsoon
2025-06-04,SYR-CAR,Caramel Syrup,Syrup,51,32.54,0.69,1,Weekend Flash,10.0,1793.58,34.2,3.8,101.9,None,0.0,0,0,91,0,2,0,6,Monsoon
2025-06-05,SYR-CAR,Caramel Syrup,Syrup,45,27.79,0.69,1,Weekend Flash,10.0,1793.58,37.5,2.3,103.4,None,0.0,0,0,192,0,3,0,6,Monsoon
2025-06-06,SYR-CAR,Caramel Syrup,Syrup,38,26.21,0.69,0,None,0.0,0.0,34.6,1.6,109.7,None,0.0,0,0,108,0,4,0,6,Monsoon
2025-06-07,SYR-CAR,Caramel Syrup,Syrup,47,31.74,0.69,0,None,0.0,0.0,36.1,7.0,115.6,None,0.0,0,0,171,0,5,1,6,Monsoon
2025-06-08,SYR-CAR,Caramel Syrup,Syrup,51,35.78,0.69,0,None,0.0,0.0,33.5,1.3,117.4,None,0.0,0,0,176,0,6,1,6,Monsoon
2025-06-09,SYR-CAR,Caramel Syrup,Syrup,37,25.13,0.69,0,None,0.0,0.0,32.3,7.2,100.2,None,0.0,0,0,70,0,0,0,6,Monsoon
2025-06-10,SYR-CAR,Caramel Syrup,Syrup,39,26.8,0.68,0,None,0.0,0.0,32.7,7.0,103.9,None,0.0,0,0,64,0,1,0,6,Monsoon
2025-06-11,SYR-CAR,Caramel Syrup,Syrup,41,28.15,0.68,0,None,0.0,0.0,33.1,5.5,109.1,None,0.0,0,0,192,0,2,0,6,Monsoon
2025-06-12,SYR-CAR,Caramel Syrup,Syrup,41,28.09,0.68,0,None,0.0,0.0,38.3,4.1,109.0,None,0.0,0,0,69,0,3,0,6,Monsoon
2025-06-13,SYR-CAR,Caramel Syrup,Syrup,21,14.3,0.68,0,None,0.0,0.0,33.0,3.4,102.3,None,0.0,0,0,94,1,4,0,6,Monsoon
2025-06-14,SYR-CAR,Caramel Syrup,Syrup,50,34.3,0.68,0,None,0.0,0.0,36.0,2.0,116.7,None,0.0,0,0,191,0,5,1,6,Monsoon
2025-06-15,SYR-CAR,Caramel Syrup,Syrup,57,36.62,0.68,1,Bundle Offer,8.0,2121.93,32.9,18.4,126.7,None,0.0,0,0,105,0,6,1,6,Monsoon
2025-06-16,SYR-CAR,Caramel Syrup,Syrup,45,29.08,0.68,1,Bundle Offer,8.0,2121.93,36.2,5.3,105.6,None,0.0,0,0,148,0,0,0,6,Monsoon
2025-06-17,SYR-CAR,Caramel Syrup,Syrup,49,27.4,0.68,1,Festival Promo,18.0,3410.75,35.2,5.1,102.1,None,0.0,0,0,87,0,1,0,6,Monsoon
2025-06-18,SYR-CAR,Caramel Syrup,Syrup,49,27.3,0.68,1,Festival Promo,18.0,3410.75,34.2,2.5,104.6,None,0.0,0,0,158,0,2,0,6,Monsoon
2025-06-19,SYR-CAR,Caramel Syrup,Syrup,53,30.47,0.68,1,Mango Festival,15.0,2620.09,34.4,17.0,105.8,None,0.0,0,0,187,0,3,0,6,Monsoon
2025-06-20,SYR-CAR,Caramel Syrup,Syrup,38,26.78,0.68,0,None,0.0,0.0,33.3,3.6,104.5,None,0.0,0,0,97,0,4,0,6,Monsoon
2025-06-21,SYR-CAR,Caramel Syrup,Syrup,48,32.81,0.68,0,None,0.0,0.0,35.3,7.8,115.0,None,0.0,0,1,113,0,5,1,6,Monsoon
2025-06-22,SYR-CAR,Caramel Syrup,Syrup,43,29.73,0.68,0,None,0.0,0.0,33.7,9.1,107.8,None,0.0,0,0,148,0,6,1,6,Monsoon
2025-06-23,SYR-CAR,Caramel Syrup,Syrup,38,26.13,0.68,0,None,0.0,0.0,32.3,7.0,100.1,None,0.0,0,0,184,0,0,0,6,Monsoon
2025-06-24,SYR-CAR,Caramel Syrup,Syrup,37,25.89,0.68,0,None,0.0,0.0,32.2,1.3,104.1,None,0.0,0,0,144,0,1,0,6,Monsoon
2025-06-25,SYR-CAR,Caramel Syrup,Syrup,40,27.18,0.68,0,None,0.0,0.0,34.8,10.8,103.9,None,0.0,0,0,172,0,2,0,6,Monsoon
2025-06-26,SYR-CAR,Caramel Syrup,Syrup,50,27.56,0.68,1,Festival Promo,18.0,3082.36,37.3,3.5,101.8,None,0.0,0,0,136,0,3,0,6,Monsoon
2025-06-27,SYR-CAR,Caramel Syrup,Syrup,52,29.69,0.68,1,Festival Promo,18.0,3082.36,34.8,11.9,103.6,None,0.0,0,0,92,0,4,0,6,Monsoon
2025-06-28,SYR-CAR,Caramel Syrup,Syrup,62,34.99,0.68,1,Festival Promo,18.0,3082.36,34.2,6.0,114.7,None,0.0,0,0,236,0,5,1,6,Monsoon
2025-06-29,SYR-CAR,Caramel Syrup,Syrup,47,32.16,0.68,0,None,0.0,0.0,35.0,9.5,118.7,None,0.0,0,0,194,0,6,1,6,Monsoon
2025-06-30,SYR-CAR,Caramel Syrup,Syrup,37,25.64,0.68,0,None,0.0,0.0,36.8,16.2,103.6,None,0.0,0,0,64,0,0,0,6,Monsoon
2025-07-01,SYR-CAR,Caramel Syrup,Syrup,38,26.0,0.68,0,None,0.0,0.0,34.8,10.5,106.0,None,0.0,0,1,102,0,1,0,7,Monsoon
2025-07-02,SYR-CAR,Caramel Syrup,Syrup,47,28.65,0.68,1,Payday Campaign,12.0,2588.04,33.6,9.7,101.2,None,0.0,0,0,133,0,2,0,7,Monsoon
2025-07-03,SYR-CAR,Caramel Syrup,Syrup,48,28.79,0.68,1,Payday Campaign,12.0,2588.04,36.4,11.2,106.6,None,0.0,0,0,81,0,3,0,7,Monsoon
2025-07-04,SYR-CAR,Caramel Syrup,Syrup,48,29.01,0.68,1,Payday Campaign,12.0,2588.04,35.1,2.8,105.5,None,0.0,0,0,205,0,4,0,7,Monsoon
2025-07-05,SYR-CAR,Caramel Syrup,Syrup,54,33.96,0.68,1,Bundle Offer,8.0,2215.4,37.1,12.3,117.9,None,0.0,0,0,101,0,5,1,7,Monsoon
2025-07-06,SYR-CAR,Caramel Syrup,Syrup,58,36.09,0.68,1,Bundle Offer,8.0,2215.4,34.6,4.9,117.0,None,0.0,0,0,111,0,6,1,7,Monsoon
2025-07-07,SYR-CAR,Caramel Syrup,Syrup,42,26.16,0.68,1,Bundle Offer,8.0,2215.4,32.1,5.1,106.2,None,0.0,0,1,112,0,0,0,7,Monsoon
2025-07-08,SYR-CAR,Caramel Syrup,Syrup,36,24.31,0.68,0,None,0.0,0.0,31.8,6.8,102.7,None,0.0,0,1,205,0,1,0,7,Monsoon
2025-07-09,SYR-CAR,Caramel Syrup,Syrup,37,25.18,0.68,0,None,0.0,0.0,37.2,4.5,104.3,None,0.0,0,0,93,0,2,0,7,Monsoon
2025-07-10,SYR-CAR,Caramel Syrup,Syrup,39,26.3,0.68,0,None,0.0,0.0,37.3,2.2,108.2,None,0.0,0,0,127,0,3,0,7,Monsoon
2025-07-11,SYR-CAR,Caramel Syrup,Syrup,41,27.94,0.68,0,None,0.0,0.0,33.8,6.4,99.5,None,0.0,0,0,170,0,4,0,7,Monsoon
2025-07-12,SYR-CAR,Caramel Syrup,Syrup,45,30.64,0.68,0,None,0.0,0.0,33.4,5.1,109.5,None,0.0,0,0,90,0,5,1,7,Monsoon
2025-07-13,SYR-CAR,Caramel Syrup,Syrup,47,31.91,0.68,0,None,0.0,0.0,36.7,4.9,113.4,None,0.0,0,0,81,0,6,1,7,Monsoon
2025-07-14,SYR-CAR,Caramel Syrup,Syrup,39,26.48,0.68,0,None,0.0,0.0,32.1,5.8,104.5,None,0.0,0,1,73,0,0,0,7,Monsoon
2025-07-15,SYR-CAR,Caramel Syrup,Syrup,37,24.88,0.68,0,None,0.0,0.0,32.4,5.0,98.1,None,0.0,0,0,86,0,1,0,7,Monsoon
2025-07-16,SYR-CAR,Caramel Syrup,Syrup,39,26.3,0.68,0,None,0.0,0.0,35.1,17.7,101.8,None,0.0,0,0,111,0,2,0,7,Monsoon
2025-07-17,SYR-CAR,Caramel Syrup,Syrup,39,25.85,0.68,0,None,0.0,0.0,33.2,16.7,101.5,None,0.0,0,0,209,0,3,0,7,Monsoon
2025-07-18,SYR-CAR,Caramel Syrup,Syrup,35,23.63,0.68,0,None,0.0,0.0,33.9,6.5,90.8,None,0.0,0,0,202,0,4,0,7,Monsoon
2025-07-19,SYR-CAR,Caramel Syrup,Syrup,45,30.06,0.68,0,None,0.0,0.0,33.5,6.4,110.6,None,0.0,0,0,156,0,5,1,7,Monsoon
2025-07-20,SYR-CAR,Caramel Syrup,Syrup,47,31.8,0.68,0,None,0.0,0.0,34.4,0.2,110.8,None,0.0,0,0,217,0,6,1,7,Monsoon
2025-07-21,SYR-CAR,Caramel Syrup,Syrup,41,27.46,0.68,0,None,0.0,0.0,36.3,3.7,100.7,None,0.0,0,0,65,0,0,0,7,Monsoon
2025-07-22,SYR-CAR,Caramel Syrup,Syrup,42,27.67,0.68,0,None,0.0,0.0,33.9,11.1,108.4,None,0.0,0,0,152,0,1,0,7,Monsoon
2025-07-23,SYR-CAR,Caramel Syrup,Syrup,42,29.12,0.68,0,None,0.0,0.0,34.8,4.4,95.1,None,0.0,0,0,133,0,2,0,7,Monsoon
2025-07-24,SYR-CAR,Caramel Syrup,Syrup,37,24.9,0.67,0,None,0.0,0.0,29.9,14.1,96.9,None,0.0,0,0,75,0,3,0,7,Monsoon
2025-07-25,SYR-CAR,Caramel Syrup,Syrup,36,24.71,0.67,0,None,0.0,0.0,33.5,13.4,87.8,None,0.0,0,0,144,0,4,0,7,Monsoon
2025-07-26,SYR-CAR,Caramel Syrup,Syrup,45,30.16,0.67,0,None,0.0,0.0,32.0,3.7,108.4,None,0.0,0,0,138,0,5,1,7,Monsoon
2025-07-27,SYR-CAR,Caramel Syrup,Syrup,44,30.27,0.67,0,None,0.0,0.0,31.2,7.0,108.7,None,0.0,0,0,186,0,6,1,7,Monsoon
2025-07-28,SYR-CAR,Caramel Syrup,Syrup,36,23.93,0.67,0,None,0.0,0.0,31.8,18.8,97.9,None,0.0,0,0,122,0,0,0,7,Monsoon
2025-07-29,SYR-CAR,Caramel Syrup,Syrup,39,26.33,0.67,0,None,0.0,0.0,32.7,1.2,105.9,None,0.0,0,0,127,0,1,0,7,Monsoon
2025-07-30,SYR-CAR,Caramel Syrup,Syrup,47,28.12,0.67,1,Weekend Flash,10.0,1538.36,34.9,4.5,104.5,None,0.0,0,1,103,0,2,0,7,Monsoon
2025-07-31,SYR-CAR,Caramel Syrup,Syrup,41,26.48,0.67,1,Loyalty Offer,7.0,1362.72,30.8,1.1,100.5,None,0.0,0,0,136,0,3,0,7,Monsoon
2025-08-01,SYR-CAR,Caramel Syrup,Syrup,40,26.85,0.67,0,None,0.0,0.0,33.2,2.6,98.1,None,0.0,0,0,72,0,4,0,8,Monsoon
2025-08-02,SYR-CAR,Caramel Syrup,Syrup,42,28.55,0.67,0,None,0.0,0.0,32.2,22.8,114.9,None,0.0,0,0,152,0,5,1,8,Monsoon
2025-08-03,SYR-CAR,Caramel Syrup,Syrup,45,30.44,0.67,0,None,0.0,0.0,32.4,4.5,109.6,None,0.0,0,0,126,0,6,1,8,Monsoon
2025-08-04,SYR-CAR,Caramel Syrup,Syrup,40,26.9,0.67,0,None,0.0,0.0,34.8,0.5,95.4,None,0.0,0,0,103,0,0,0,8,Monsoon
2025-08-05,SYR-CAR,Caramel Syrup,Syrup,39,26.39,0.67,0,None,0.0,0.0,33.9,2.2,90.8,None,0.0,0,0,118,0,1,0,8,Monsoon
2025-08-06,SYR-CAR,Caramel Syrup,Syrup,38,25.96,0.67,0,None,0.0,0.0,35.2,0.9,97.1,None,0.0,0,0,200,0,2,0,8,Monsoon
2025-08-07,SYR-CAR,Caramel Syrup,Syrup,42,28.45,0.67,0,None,0.0,0.0,32.5,7.2,102.9,None,0.0,0,0,174,0,3,0,8,Monsoon
2025-08-08,SYR-CAR,Caramel Syrup,Syrup,38,25.58,0.67,0,None,0.0,0.0,31.4,9.0,110.4,None,0.0,0,0,194,0,4,0,8,Monsoon
2025-08-09,SYR-CAR,Caramel Syrup,Syrup,46,31.09,0.67,0,None,0.0,0.0,32.2,12.5,122.2,Raksha Bandhan,1.0,1,0,129,0,5,1,8,Monsoon
2025-08-10,SYR-CAR,Caramel Syrup,Syrup,46,31.6,0.67,0,None,0.0,0.0,33.0,10.6,104.9,None,0.0,0,0,128,0,6,1,8,Monsoon
2025-08-11,SYR-CAR,Caramel Syrup,Syrup,34,22.71,0.67,0,None,0.0,0.0,32.8,1.3,92.7,None,0.0,0,0,56,0,0,0,8,Monsoon
2025-08-12,SYR-CAR,Caramel Syrup,Syrup,41,25.02,0.67,1,Loyalty Offer,7.0,1560.62,30.4,8.6,101.2,None,0.0,0,1,170,0,1,0,8,Monsoon
2025-08-13,SYR-CAR,Caramel Syrup,Syrup,44,27.09,0.67,1,Loyalty Offer,7.0,1560.62,32.5,5.6,89.5,None,0.0,0,1,67,0,2,0,8,Monsoon
2025-08-14,SYR-CAR,Caramel Syrup,Syrup,37,24.51,0.67,0,None,0.0,0.0,32.7,13.9,100.9,None,0.0,0,0,212,0,3,0,8,Monsoon
2025-08-15,SYR-CAR,Caramel Syrup,Syrup,44,29.19,0.67,0,None,0.0,0.0,36.7,11.6,113.8,Independence Day,0.9,1,1,174,0,4,0,8,Monsoon
2025-08-16,SYR-CAR,Caramel Syrup,Syrup,44,29.2,0.67,0,None,0.0,0.0,35.5,25.0,110.1,None,0.0,0,0,138,0,5,1,8,Monsoon
2025-08-17,SYR-CAR,Caramel Syrup,Syrup,45,30.15,0.67,0,None,0.0,0.0,30.5,2.4,106.7,None,0.0,0,0,170,0,6,1,8,Monsoon
2025-08-18,SYR-CAR,Caramel Syrup,Syrup,34,22.85,0.67,0,None,0.0,0.0,31.4,2.0,100.5,None,0.0,0,0,212,0,0,0,8,Monsoon
2025-08-19,SYR-CAR,Caramel Syrup,Syrup,39,26.2,0.67,0,None,0.0,0.0,29.2,4.0,98.4,None,0.0,0,0,84,0,1,0,8,Monsoon
2025-08-20,SYR-CAR,Caramel Syrup,Syrup,35,23.24,0.67,0,None,0.0,0.0,30.7,5.8,93.5,None,0.0,0,0,174,0,2,0,8,Monsoon
2025-08-21,SYR-CAR,Caramel Syrup,Syrup,42,28.46,0.67,0,None,0.0,0.0,32.3,3.2,106.5,None,0.0,0,0,200,0,3,0,8,Monsoon
2025-08-22,SYR-CAR,Caramel Syrup,Syrup,37,24.93,0.67,0,None,0.0,0.0,33.8,2.6,95.4,None,0.0,0,0,150,0,4,0,8,Monsoon
2025-08-23,SYR-CAR,Caramel Syrup,Syrup,56,35.14,0.67,1,Bundle Offer,8.0,2002.59,30.2,8.2,110.9,None,0.0,0,1,182,0,5,1,8,Monsoon
2025-08-24,SYR-CAR,Caramel Syrup,Syrup,40,27.04,0.67,0,None,0.0,0.0,30.3,4.0,94.8,None,0.0,0,0,140,0,6,1,8,Monsoon
2025-08-25,SYR-CAR,Caramel Syrup,Syrup,38,23.55,0.67,1,Loyalty Offer,7.0,1457.49,27.5,3.1,103.1,None,0.0,0,0,82,0,0,0,8,Monsoon
2025-08-26,SYR-CAR,Caramel Syrup,Syrup,44,27.8,0.67,1,Loyalty Offer,7.0,1457.49,31.0,1.3,104.0,None,0.0,0,0,220,0,1,0,8,Monsoon
2025-08-27,SYR-CAR,Caramel Syrup,Syrup,38,25.5,0.67,0,None,0.0,0.0,29.3,0.2,96.6,None,0.0,0,0,104,0,2,0,8,Monsoon
2025-08-28,SYR-CAR,Caramel Syrup,Syrup,38,25.65,0.67,0,None,0.0,0.0,30.1,17.1,99.2,None,0.0,0,0,119,0,3,0,8,Monsoon
2025-08-29,SYR-CAR,Caramel Syrup,Syrup,39,26.3,0.67,0,None,0.0,0.0,29.4,16.7,99.0,None,0.0,0,0,214,0,4,0,8,Monsoon
2025-08-30,SYR-CAR,Caramel Syrup,Syrup,24,16.02,0.67,0,None,0.0,0.0,30.7,11.8,102.9,None,0.0,0,0,53,1,5,1,8,Monsoon
2025-08-31,SYR-CAR,Caramel Syrup,Syrup,41,27.43,0.67,0,None,0.0,0.0,27.7,9.8,108.7,None,0.0,0,0,126,0,6,1,8,Monsoon
2025-09-01,SYR-CAR,Caramel Syrup,Syrup,42,25.78,0.67,1,Bundle Offer,8.0,2345.12,28.1,3.6,91.8,None,0.0,0,0,150,0,0,0,9,Monsoon
2025-09-02,SYR-CAR,Caramel Syrup,Syrup,45,27.37,0.67,1,Bundle Offer,8.0,2345.12,34.5,10.1,92.7,None,0.0,0,0,102,0,1,0,9,Monsoon
2025-09-03,SYR-CAR,Caramel Syrup,Syrup,41,24.55,0.67,1,Bundle Offer,8.0,2345.12,28.2,1.9,101.3,None,0.0,0,0,168,0,2,0,9,Monsoon
2025-09-04,SYR-CAR,Caramel Syrup,Syrup,37,24.5,0.67,0,None,0.0,0.0,28.5,6.8,100.4,None,0.0,0,0,140,0,3,0,9,Monsoon
2025-09-05,SYR-CAR,Caramel Syrup,Syrup,38,25.43,0.67,0,None,0.0,0.0,33.7,2.8,91.9,None,0.0,0,0,99,0,4,0,9,Monsoon
2025-09-06,SYR-CAR,Caramel Syrup,Syrup,49,33.14,0.67,0,None,0.0,0.0,35.5,10.1,101.6,None,0.0,0,1,101,0,5,1,9,Monsoon
2025-09-07,SYR-CAR,Caramel Syrup,Syrup,41,27.63,0.67,0,None,0.0,0.0,28.1,19.7,102.0,None,0.0,0,0,106,0,6,1,9,Monsoon
2025-09-08,SYR-CAR,Caramel Syrup,Syrup,45,24.55,0.67,1,Festival Promo,18.0,2991.56,29.4,2.2,98.8,None,0.0,0,0,191,0,0,0,9,Monsoon
2025-09-09,SYR-CAR,Caramel Syrup,Syrup,44,23.88,0.67,1,Festival Promo,18.0,2991.56,30.6,3.8,90.0,None,0.0,0,0,147,0,1,0,9,Monsoon
2025-09-10,SYR-CAR,Caramel Syrup,Syrup,52,28.39,0.67,1,Festival Promo,18.0,2991.56,33.0,6.7,96.7,None,0.0,0,0,199,0,2,0,9,Monsoon
2025-09-11,SYR-CAR,Caramel Syrup,Syrup,44,23.79,0.67,1,Festival Promo,18.0,2991.56,28.0,0.6,98.5,None,0.0,0,1,178,0,3,0,9,Monsoon
2025-09-12,SYR-CAR,Caramel Syrup,Syrup,39,25.36,0.67,0,None,0.0,0.0,29.3,1.0,94.2,None,0.0,0,0,187,0,4,0,9,Monsoon
2025-09-13,SYR-CAR,Caramel Syrup,Syrup,43,28.15,0.67,0,None,0.0,0.0,31.0,19.3,109.6,None,0.0,0,0,199,0,5,1,9,Monsoon
2025-09-14,SYR-CAR,Caramel Syrup,Syrup,45,30.51,0.67,0,None,0.0,0.0,30.3,8.2,102.9,None,0.0,0,1,163,0,6,1,9,Monsoon
2025-09-15,SYR-CAR,Caramel Syrup,Syrup,36,24.54,0.67,0,None,0.0,0.0,28.8,3.4,93.3,None,0.0,0,0,113,0,0,0,9,Monsoon
2025-09-16,SYR-CAR,Caramel Syrup,Syrup,38,25.57,0.67,0,None,0.0,0.0,29.1,6.1,89.4,None,0.0,0,0,169,0,1,0,9,Monsoon
2025-09-17,SYR-CAR,Caramel Syrup,Syrup,37,24.65,0.67,0,None,0.0,0.0,26.8,4.0,99.3,None,0.0,0,1,208,0,2,0,9,Monsoon
2025-09-18,SYR-CAR,Caramel Syrup,Syrup,36,23.6,0.67,0,None,0.0,0.0,28.7,6.9,90.3,None,0.0,0,0,107,0,3,0,9,Monsoon
2025-09-19,SYR-CAR,Caramel Syrup,Syrup,35,23.29,0.67,0,None,0.0,0.0,28.6,4.1,95.7,None,0.0,0,0,133,0,4,0,9,Monsoon
2025-09-20,SYR-CAR,Caramel Syrup,Syrup,47,31.56,0.67,0,None,0.0,0.0,29.4,5.7,103.5,None,0.0,0,0,207,0,5,1,9,Monsoon
2025-09-21,SYR-CAR,Caramel Syrup,Syrup,41,27.6,0.67,0,None,0.0,0.0,27.9,10.8,98.6,None,0.0,0,0,156,0,6,1,9,Monsoon
2025-09-22,SYR-CAR,Caramel Syrup,Syrup,32,21.51,0.67,0,None,0.0,0.0,29.6,10.3,90.7,None,0.0,0,0,75,0,0,0,9,Monsoon
2025-09-23,SYR-CAR,Caramel Syrup,Syrup,34,22.99,0.67,0,None,0.0,0.0,30.5,18.5,100.6,None,0.0,0,0,110,0,1,0,9,Monsoon
2025-09-24,SYR-CAR,Caramel Syrup,Syrup,39,24.74,0.67,1,Loyalty Offer,7.0,1520.15,28.9,8.7,94.6,None,0.0,0,0,99,0,2,0,9,Monsoon
2025-09-25,SYR-CAR,Caramel Syrup,Syrup,42,25.91,0.67,1,Loyalty Offer,7.0,1520.15,29.1,6.5,88.4,None,0.0,0,0,138,0,3,0,9,Monsoon
2025-09-26,SYR-CAR,Caramel Syrup,Syrup,46,29.47,0.67,1,Loyalty Offer,7.0,1520.15,28.5,20.5,94.9,None,0.0,0,0,224,0,4,0,9,Monsoon
2025-09-27,SYR-CAR,Caramel Syrup,Syrup,39,25.36,0.67,0,None,0.0,0.0,28.3,5.2,102.6,None,0.0,0,0,193,0,5,1,9,Monsoon
2025-09-28,SYR-CAR,Caramel Syrup,Syrup,43,28.39,0.67,0,None,0.0,0.0,26.9,0.3,120.5,None,0.0,0,0,216,0,6,1,9,Monsoon
2025-09-29,SYR-CAR,Caramel Syrup,Syrup,43,25.85,0.67,1,Weekend Flash,10.0,1539.29,28.7,12.0,94.6,None,0.0,0,1,181,0,0,0,9,Monsoon
2025-09-30,SYR-CAR,Caramel Syrup,Syrup,45,27.17,0.67,1,Weekend Flash,10.0,1539.29,27.8,7.8,91.2,None,0.0,0,0,146,0,1,0,9,Monsoon
2025-10-01,SYR-CAR,Caramel Syrup,Syrup,37,24.6,0.67,0,None,0.0,0.0,31.7,0.0,100.1,None,0.0,0,0,162,0,2,0,10,Transition
2025-10-02,SYR-CAR,Caramel Syrup,Syrup,40,26.5,0.67,0,None,0.0,0.0,30.7,0.0,92.9,Gandhi Jayanti,0.7,1,0,139,0,3,0,10,Transition
2025-10-03,SYR-CAR,Caramel Syrup,Syrup,36,24.62,0.67,0,None,0.0,0.0,28.4,0.0,93.4,None,0.0,0,0,62,0,4,0,10,Transition
2025-10-04,SYR-CAR,Caramel Syrup,Syrup,48,31.78,0.67,0,None,0.0,0.0,26.3,0.6,112.8,None,0.0,0,0,86,0,5,1,10,Transition
2025-10-05,SYR-CAR,Caramel Syrup,Syrup,41,26.99,0.67,0,None,0.0,0.0,25.6,0.2,102.2,None,0.0,0,0,149,0,6,1,10,Transition
2025-10-06,SYR-CAR,Caramel Syrup,Syrup,36,24.48,0.67,0,None,0.0,0.0,29.6,0.4,84.1,None,0.0,0,0,161,0,0,0,10,Transition
2025-10-07,SYR-CAR,Caramel Syrup,Syrup,36,24.24,0.67,0,None,0.0,0.0,27.9,0.6,90.7,None,0.0,0,0,96,0,1,0,10,Transition
2025-10-08,SYR-CAR,Caramel Syrup,Syrup,36,24.31,0.67,0,None,0.0,0.0,28.2,1.2,99.9,None,0.0,0,0,60,0,2,0,10,Transition
2025-10-09,SYR-CAR,Caramel Syrup,Syrup,36,24.05,0.67,0,None,0.0,0.0,24.1,0.1,94.4,None,0.0,0,0,67,0,3,0,10,Transition
2025-10-10,SYR-CAR,Caramel Syrup,Syrup,17,11.14,0.67,0,None,0.0,0.0,28.8,3.6,88.3,None,0.0,0,0,87,1,4,0,10,Transition
2025-10-11,SYR-CAR,Caramel Syrup,Syrup,46,28.24,0.67,1,Bundle Offer,8.0,2501.53,27.8,0.0,99.0,None,0.0,0,0,203,0,5,1,10,Transition
2025-10-12,SYR-CAR,Caramel Syrup,Syrup,40,26.18,0.67,0,None,0.0,0.0,24.9,0.0,99.6,None,0.0,0,0,126,0,6,1,10,Transition
2025-10-13,SYR-CAR,Caramel Syrup,Syrup,43,25.88,0.67,1,Weekend Flash,10.0,1473.17,26.0,0.3,94.2,None,0.0,0,0,218,0,0,0,10,Transition
2025-10-14,SYR-CAR,Caramel Syrup,Syrup,42,25.4,0.67,1,Weekend Flash,10.0,1473.17,27.2,0.1,99.0,None,0.0,0,0,205,0,1,0,10,Transition
2025-10-15,SYR-CAR,Caramel Syrup,Syrup,44,26.15,0.67,1,Payday Campaign,12.0,2292.0,26.8,1.1,97.6,None,0.0,0,0,201,0,2,0,10,Transition
2025-10-16,SYR-CAR,Caramel Syrup,Syrup,40,23.45,0.67,1,Payday Campaign,12.0,2292.0,26.1,0.0,94.5,None,0.0,0,0,214,0,3,0,10,Transition
2025-10-17,SYR-CAR,Caramel Syrup,Syrup,43,25.46,0.67,1,Payday Campaign,12.0,2292.0,26.3,0.1,85.6,None,0.0,0,0,101,0,4,0,10,Transition
2025-10-18,SYR-CAR,Caramel Syrup,Syrup,46,30.35,0.67,0,None,0.0,0.0,26.0,0.1,108.6,Diwali,1.0,1,0,221,0,5,1,10,Transition
2025-10-19,SYR-CAR,Caramel Syrup,Syrup,48,32.39,0.67,0,None,0.0,0.0,26.6,0.4,121.1,Diwali,1.25,1,0,215,0,6,1,10,Transition
2025-10-20,SYR-CAR,Caramel Syrup,Syrup,42,28.25,0.67,0,None,0.0,0.0,28.9,0.3,104.9,Diwali,1.5,1,0,189,0,0,0,10,Transition
2025-10-21,SYR-CAR,Caramel Syrup,Syrup,35,23.13,0.67,0,None,0.0,0.0,21.6,0.0,110.5,Diwali,1.5,1,0,85,0,1,0,10,Transition
2025-10-22,SYR-CAR,Caramel Syrup,Syrup,36,24.18,0.67,0,None,0.0,0.0,25.7,0.3,106.6,Diwali,1.0,1,0,102,0,2,0,10,Transition
2025-10-23,SYR-CAR,Caramel Syrup,Syrup,34,22.99,0.67,0,None,0.0,0.0,26.3,0.6,86.4,None,0.0,0,0,158,0,3,0,10,Transition
2025-10-24,SYR-CAR,Caramel Syrup,Syrup,36,24.05,0.67,0,None,0.0,0.0,26.5,0.7,86.9,None,0.0,0,0,63,0,4,0,10,Transition
2025-10-25,SYR-CAR,Caramel Syrup,Syrup,43,28.42,0.67,0,None,0.0,0.0,25.2,0.5,101.6,None,0.0,0,1,194,0,5,1,10,Transition
2025-10-26,SYR-CAR,Caramel Syrup,Syrup,39,26.09,0.67,0,None,0.0,0.0,22.6,0.0,104.5,None,0.0,0,0,127,0,6,1,10,Transition
2025-10-27,SYR-CAR,Caramel Syrup,Syrup,37,24.87,0.67,0,None,0.0,0.0,26.3,0.0,97.3,None,0.0,0,0,60,0,0,0,10,Transition
2025-10-28,SYR-CAR,Caramel Syrup,Syrup,40,26.45,0.67,0,None,0.0,0.0,28.7,0.0,95.0,None,0.0,0,0,107,0,1,0,10,Transition
2025-10-29,SYR-CAR,Caramel Syrup,Syrup,33,21.78,0.67,0,None,0.0,0.0,22.8,0.0,92.4,None,0.0,0,0,116,0,2,0,10,Transition
2025-10-30,SYR-CAR,Caramel Syrup,Syrup,36,24.2,0.67,0,None,0.0,0.0,27.0,1.1,88.3,None,0.0,0,0,160,0,3,0,10,Transition
2025-10-31,SYR-CAR,Caramel Syrup,Syrup,33,22.27,0.67,0,None,0.0,0.0,24.8,0.1,86.6,None,0.0,0,1,149,0,4,0,10,Transition
2025-11-01,SYR-CAR,Caramel Syrup,Syrup,48,30.6,0.67,1,Loyalty Offer,7.0,1284.29,25.2,0.4,99.4,None,0.0,0,0,127,0,5,1,11,Winter
2025-11-02,SYR-CAR,Caramel Syrup,Syrup,48,30.08,0.67,1,Loyalty Offer,7.0,1284.29,23.4,0.6,104.1,None,0.0,0,0,167,0,6,1,11,Winter
2025-11-03,SYR-CAR,Caramel Syrup,Syrup,44,26.96,0.67,1,Loyalty Offer,7.0,1284.29,24.6,1.3,93.7,None,0.0,0,0,206,0,0,0,11,Winter
2025-11-04,SYR-CAR,Caramel Syrup,Syrup,42,26.76,0.67,1,Loyalty Offer,7.0,1284.29,27.5,0.1,81.5,None,0.0,0,0,118,0,1,0,11,Winter
2025-11-05,SYR-CAR,Caramel Syrup,Syrup,37,25.06,0.67,0,None,0.0,0.0,26.1,0.0,88.1,None,0.0,0,0,116,0,2,0,11,Winter
2025-11-06,SYR-CAR,Caramel Syrup,Syrup,37,24.15,0.67,0,None,0.0,0.0,28.1,0.4,98.1,None,0.0,0,0,73,0,3,0,11,Winter
2025-11-07,SYR-CAR,Caramel Syrup,Syrup,34,22.47,0.67,0,None,0.0,0.0,27.1,0.0,92.5,None,0.0,0,0,114,0,4,0,11,Winter
2025-11-08,SYR-CAR,Caramel Syrup,Syrup,42,27.94,0.67,0,None,0.0,0.0,25.7,0.1,95.0,None,0.0,0,0,107,0,5,1,11,Winter
2025-11-09,SYR-CAR,Caramel Syrup,Syrup,48,32.45,0.67,0,None,0.0,0.0,27.9,0.9,113.9,None,0.0,0,1,189,0,6,1,11,Winter
2025-11-10,SYR-CAR,Caramel Syrup,Syrup,39,25.37,0.67,0,None,0.0,0.0,25.5,0.1,92.0,None,0.0,0,0,77,0,0,0,11,Winter
2025-11-11,SYR-CAR,Caramel Syrup,Syrup,31,20.73,0.67,0,None,0.0,0.0,26.2,0.1,94.1,None,0.0,0,0,145,0,1,0,11,Winter
2025-11-12,SYR-CAR,Caramel Syrup,Syrup,39,26.37,0.67,0,None,0.0,0.0,24.1,0.2,94.2,None,0.0,0,0,182,0,2,0,11,Winter
2025-11-13,SYR-CAR,Caramel Syrup,Syrup,35,22.65,0.67,0,None,0.0,0.0,24.7,0.3,90.4,None,0.0,0,1,95,0,3,0,11,Winter
2025-11-14,SYR-CAR,Caramel Syrup,Syrup,35,23.66,0.67,0,None,0.0,0.0,23.3,0.1,88.6,None,0.0,0,0,65,0,4,0,11,Winter
2025-11-15,SYR-CAR,Caramel Syrup,Syrup,41,27.77,0.67,0,None,0.0,0.0,26.2,0.1,112.9,None,0.0,0,0,169,0,5,1,11,Winter
2025-11-16,SYR-CAR,Caramel Syrup,Syrup,41,27.21,0.67,0,None,0.0,0.0,22.3,0.5,107.3,None,0.0,0,0,155,0,6,1,11,Winter
2025-11-17,SYR-CAR,Caramel Syrup,Syrup,38,25.13,0.67,0,None,0.0,0.0,25.8,1.0,96.5,None,0.0,0,0,148,0,0,0,11,Winter
2025-11-18,SYR-CAR,Caramel Syrup,Syrup,33,21.91,0.67,0,None,0.0,0.0,24.0,0.1,95.3,None,0.0,0,0,193,0,1,0,11,Winter
2025-11-19,SYR-CAR,Caramel Syrup,Syrup,30,19.48,0.67,0,None,0.0,0.0,26.4,0.0,87.4,None,0.0,0,0,66,0,2,0,11,Winter
2025-11-20,SYR-CAR,Caramel Syrup,Syrup,37,24.73,0.67,0,None,0.0,0.0,25.6,0.2,98.9,None,0.0,0,0,88,0,3,0,11,Winter
2025-11-21,SYR-CAR,Caramel Syrup,Syrup,36,24.23,0.67,0,None,0.0,0.0,27.4,0.9,88.3,None,0.0,0,0,130,0,4,0,11,Winter
2025-11-22,SYR-CAR,Caramel Syrup,Syrup,46,30.44,0.67,0,None,0.0,0.0,25.4,0.9,104.0,None,0.0,0,0,155,0,5,1,11,Winter
2025-11-23,SYR-CAR,Caramel Syrup,Syrup,39,26.5,0.67,0,None,0.0,0.0,21.3,0.3,94.4,None,0.0,0,0,205,0,6,1,11,Winter
2025-11-24,SYR-CAR,Caramel Syrup,Syrup,33,22.2,0.67,0,None,0.0,0.0,23.9,2.4,82.5,None,0.0,0,0,151,0,0,0,11,Winter
2025-11-25,SYR-CAR,Caramel Syrup,Syrup,35,23.6,0.67,0,None,0.0,0.0,21.9,1.9,94.3,None,0.0,0,0,88,0,1,0,11,Winter
2025-11-26,SYR-CAR,Caramel Syrup,Syrup,41,25.51,0.67,1,Loyalty Offer,7.0,1490.84,23.0,0.5,88.7,None,0.0,0,0,197,0,2,0,11,Winter
2025-11-27,SYR-CAR,Caramel Syrup,Syrup,39,24.61,0.67,1,Loyalty Offer,7.0,1490.84,26.6,0.5,82.9,None,0.0,0,0,125,0,3,0,11,Winter
2025-11-28,SYR-CAR,Caramel Syrup,Syrup,43,27.32,0.67,1,Loyalty Offer,7.0,1490.84,25.0,0.5,95.6,None,0.0,0,0,201,0,4,0,11,Winter
2025-11-29,SYR-CAR,Caramel Syrup,Syrup,48,29.89,0.67,1,Loyalty Offer,7.0,1490.84,22.6,0.1,113.6,None,0.0,0,0,112,0,5,1,11,Winter
2025-11-30,SYR-CAR,Caramel Syrup,Syrup,42,28.53,0.67,0,None,0.0,0.0,22.0,0.4,110.0,None,0.0,0,0,188,0,6,1,11,Winter
2025-12-01,SYR-CAR,Caramel Syrup,Syrup,36,24.46,0.67,0,None,0.0,0.0,23.8,0.1,91.8,None,0.0,0,0,141,0,0,0,12,Winter
2025-12-02,SYR-CAR,Caramel Syrup,Syrup,36,24.37,0.67,0,None,0.0,0.0,21.6,0.2,93.2,None,0.0,0,0,144,0,1,0,12,Winter
2025-12-03,SYR-CAR,Caramel Syrup,Syrup,35,24.05,0.67,0,None,0.0,0.0,22.5,0.2,97.7,None,0.0,0,0,211,0,2,0,12,Winter
2025-12-04,SYR-CAR,Caramel Syrup,Syrup,34,22.71,0.67,0,None,0.0,0.0,24.3,0.8,98.9,None,0.0,0,1,78,0,3,0,12,Winter
2025-12-05,SYR-CAR,Caramel Syrup,Syrup,32,21.46,0.67,0,None,0.0,0.0,25.8,0.0,91.7,None,0.0,0,0,101,0,4,0,12,Winter
2025-12-06,SYR-CAR,Caramel Syrup,Syrup,42,28.06,0.67,0,None,0.0,0.0,24.8,1.2,103.7,None,0.0,0,0,91,0,5,1,12,Winter
2025-12-07,SYR-CAR,Caramel Syrup,Syrup,43,29.26,0.67,0,None,0.0,0.0,19.5,1.6,105.1,None,0.0,0,0,196,0,6,1,12,Winter
2025-12-08,SYR-CAR,Caramel Syrup,Syrup,36,24.21,0.67,0,None,0.0,0.0,24.2,0.1,96.4,None,0.0,0,0,192,0,0,0,12,Winter
2025-12-09,SYR-CAR,Caramel Syrup,Syrup,42,25.3,0.67,1,Weekend Flash,10.0,1773.39,23.7,0.5,93.1,None,0.0,0,0,196,0,1,0,12,Winter
2025-12-10,SYR-CAR,Caramel Syrup,Syrup,35,24.1,0.68,0,None,0.0,0.0,24.3,0.1,93.2,None,0.0,0,0,93,0,2,0,12,Winter
2025-12-11,SYR-CAR,Caramel Syrup,Syrup,38,26.22,0.68,0,None,0.0,0.0,26.5,0.6,100.8,None,0.0,0,0,99,0,3,0,12,Winter
2025-12-12,SYR-CAR,Caramel Syrup,Syrup,33,22.21,0.68,0,None,0.0,0.0,19.8,0.9,100.1,None,0.0,0,0,117,0,4,0,12,Winter
2025-12-13,SYR-CAR,Caramel Syrup,Syrup,43,28.58,0.68,0,None,0.0,0.0,22.5,0.1,106.5,None,0.0,0,0,186,0,5,1,12,Winter
2025-12-14,SYR-CAR,Caramel Syrup,Syrup,46,31.79,0.68,0,None,0.0,0.0,24.6,0.4,112.8,None,0.0,0,0,186,0,6,1,12,Winter
2025-12-15,SYR-CAR,Caramel Syrup,Syrup,33,22.44,0.68,0,None,0.0,0.0,20.7,1.7,92.4,None,0.0,0,0,211,0,0,0,12,Winter
2025-12-16,SYR-CAR,Caramel Syrup,Syrup,39,26.52,0.68,0,None,0.0,0.0,26.2,1.5,102.5,None,0.0,0,1,184,0,1,0,12,Winter
2025-12-17,SYR-CAR,Caramel Syrup,Syrup,33,22.36,0.68,0,None,0.0,0.0,24.2,0.0,97.2,None,0.0,0,0,205,0,2,0,12,Winter
2025-12-18,SYR-CAR,Caramel Syrup,Syrup,38,25.48,0.68,0,None,0.0,0.0,25.0,0.1,110.9,None,0.0,0,0,100,0,3,0,12,Winter
2025-12-19,SYR-CAR,Caramel Syrup,Syrup,34,22.91,0.68,0,None,0.0,0.0,22.5,0.5,88.7,None,0.0,0,0,150,0,4,0,12,Winter
2025-12-20,SYR-CAR,Caramel Syrup,Syrup,45,30.73,0.68,0,None,0.0,0.0,25.0,0.1,101.3,None,0.0,0,0,150,0,5,1,12,Winter
2025-12-21,SYR-CAR,Caramel Syrup,Syrup,44,29.65,0.68,0,None,0.0,0.0,25.4,0.0,107.0,None,0.0,0,0,88,0,6,1,12,Winter
2025-12-22,SYR-CAR,Caramel Syrup,Syrup,37,25.21,0.68,0,None,0.0,0.0,23.9,0.1,97.0,None,0.0,0,0,208,0,0,0,12,Winter
2025-12-23,SYR-CAR,Caramel Syrup,Syrup,36,24.41,0.68,0,None,0.0,0.0,23.9,0.7,104.9,None,0.0,0,0,75,0,1,0,12,Winter
2025-12-24,SYR-CAR,Caramel Syrup,Syrup,31,20.76,0.68,0,None,0.0,0.0,24.0,0.2,91.9,None,0.0,0,1,187,0,2,0,12,Winter
2025-12-25,SYR-CAR,Caramel Syrup,Syrup,39,26.98,0.68,0,None,0.0,0.0,22.0,0.0,115.5,Christmas,1.2,1,0,101,0,3,0,12,Winter
2025-12-26,SYR-CAR,Caramel Syrup,Syrup,36,24.61,0.68,0,None,0.0,0.0,23.3,0.1,101.3,None,0.0,0,0,91,0,4,0,12,Winter
2025-12-27,SYR-CAR,Caramel Syrup,Syrup,43,29.31,0.68,0,None,0.0,0.0,23.3,0.0,109.1,None,0.0,0,1,159,0,5,1,12,Winter
2025-12-28,SYR-CAR,Caramel Syrup,Syrup,43,29.4,0.68,0,None,0.0,0.0,24.2,0.1,100.9,None,0.0,0,0,137,0,6,1,12,Winter
2025-12-29,SYR-CAR,Caramel Syrup,Syrup,37,24.6,0.68,0,None,0.0,0.0,25.4,0.0,102.8,None,0.0,0,0,118,0,0,0,12,Winter
2025-12-30,SYR-CAR,Caramel Syrup,Syrup,35,23.65,0.68,0,None,0.0,0.0,21.7,0.4,102.1,None,0.0,0,0,199,0,1,0,12,Winter
2025-12-31,SYR-CAR,Caramel Syrup,Syrup,37,24.7,0.68,0,None,0.0,0.0,23.4,0.7,113.3,New Year,1.1,1,0,168,0,2,0,12,Winter
2026-01-01,SYR-CAR,Caramel Syrup,Syrup,34,23.16,0.68,0,None,0.0,0.0,26.3,0.2,97.2,None,0.0,0,0,151,0,3,0,1,Winter
2026-01-02,SYR-CAR,Caramel Syrup,Syrup,35,23.91,0.68,0,None,0.0,0.0,22.3,0.0,97.4,None,0.0,0,0,181,0,4,0,1,Winter
2026-01-03,SYR-CAR,Caramel Syrup,Syrup,40,27.27,0.68,0,None,0.0,0.0,22.2,0.8,106.0,None,0.0,0,0,188,0,5,1,1,Winter
2026-01-04,SYR-CAR,Caramel Syrup,Syrup,46,31.77,0.68,0,None,0.0,0.0,24.1,1.4,109.7,None,0.0,0,0,94,0,6,1,1,Winter
2026-01-05,SYR-CAR,Caramel Syrup,Syrup,32,21.41,0.68,0,None,0.0,0.0,25.2,1.0,96.8,None,0.0,0,0,122,0,0,0,1,Winter
2026-01-06,SYR-CAR,Caramel Syrup,Syrup,42,26.08,0.68,1,Bundle Offer,8.0,2468.92,23.8,0.1,92.5,None,0.0,0,0,206,0,1,0,1,Winter
2026-01-07,SYR-CAR,Caramel Syrup,Syrup,47,29.62,0.68,1,Bundle Offer,8.0,2468.92,26.2,1.3,91.7,None,0.0,0,0,197,0,2,0,1,Winter
2026-01-08,SYR-CAR,Caramel Syrup,Syrup,42,26.43,0.68,1,Bundle Offer,8.0,2468.92,25.3,0.8,93.3,None,0.0,0,0,71,0,3,0,1,Winter
2026-01-09,SYR-CAR,Caramel Syrup,Syrup,43,26.56,0.68,1,Bundle Offer,8.0,2468.92,25.3,1.5,98.3,None,0.0,0,1,102,0,4,0,1,Winter
2026-01-10,SYR-CAR,Caramel Syrup,Syrup,45,31.15,0.68,0,None,0.0,0.0,24.9,0.0,107.2,None,0.0,0,0,107,0,5,1,1,Winter
2026-01-11,SYR-CAR,Caramel Syrup,Syrup,48,33.37,0.68,0,None,0.0,0.0,28.1,0.0,108.5,None,0.0,0,1,150,0,6,1,1,Winter
2026-01-12,SYR-CAR,Caramel Syrup,Syrup,35,24.02,0.68,0,None,0.0,0.0,23.6,0.0,100.1,None,0.0,0,0,185,0,0,0,1,Winter
2026-01-13,SYR-CAR,Caramel Syrup,Syrup,33,22.13,0.68,0,None,0.0,0.0,20.4,0.0,94.6,None,0.0,0,1,130,0,1,0,1,Winter
2026-01-14,SYR-CAR,Caramel Syrup,Syrup,44,30.12,0.68,0,None,0.0,0.0,26.9,0.5,118.2,Makar Sankranti,1.0,1,0,93,0,2,0,1,Winter
2026-01-15,SYR-CAR,Caramel Syrup,Syrup,32,21.96,0.68,0,None,0.0,0.0,23.2,0.0,96.6,None,0.0,0,0,141,0,3,0,1,Winter
2026-01-16,SYR-CAR,Caramel Syrup,Syrup,38,25.9,0.68,0,None,0.0,0.0,24.3,0.0,95.9,None,0.0,0,0,93,0,4,0,1,Winter
2026-01-17,SYR-CAR,Caramel Syrup,Syrup,45,31.27,0.68,0,None,0.0,0.0,26.5,6.4,110.6,None,0.0,0,0,173,0,5,1,1,Winter
2026-01-18,SYR-CAR,Caramel Syrup,Syrup,41,28.01,0.68,0,None,0.0,0.0,21.3,0.7,99.2,None,0.0,0,0,217,0,6,1,1,Winter
2026-01-19,SYR-CAR,Caramel Syrup,Syrup,34,23.86,0.68,0,None,0.0,0.0,22.0,1.6,94.5,None,0.0,0,1,155,0,0,0,1,Winter
2026-01-20,SYR-CAR,Caramel Syrup,Syrup,39,26.95,0.68,0,None,0.0,0.0,21.4,0.0,103.5,None,0.0,0,0,204,0,1,0,1,Winter
2026-01-21,SYR-CAR,Caramel Syrup,Syrup,35,24.05,0.68,0,None,0.0,0.0,22.9,2.8,90.1,None,0.0,0,0,142,0,2,0,1,Winter
2026-01-22,SYR-CAR,Caramel Syrup,Syrup,37,25.63,0.69,0,None,0.0,0.0,25.2,0.3,104.5,None,0.0,0,0,187,0,3,0,1,Winter
2026-01-23,SYR-CAR,Caramel Syrup,Syrup,37,25.82,0.69,0,None,0.0,0.0,25.4,0.0,106.6,None,0.0,0,0,207,0,4,0,1,Winter
2026-01-24,SYR-CAR,Caramel Syrup,Syrup,44,30.49,0.69,0,None,0.0,0.0,25.0,0.8,107.3,None,0.0,0,0,91,0,5,1,1,Winter
2026-01-25,SYR-CAR,Caramel Syrup,Syrup,47,32.2,0.69,0,None,0.0,0.0,22.0,0.0,110.8,None,0.0,0,0,173,0,6,1,1,Winter
2026-01-26,SYR-CAR,Caramel Syrup,Syrup,36,24.5,0.69,0,None,0.0,0.0,20.4,0.0,115.4,Republic Day,0.8,1,0,96,0,0,0,1,Winter
2026-01-27,SYR-CAR,Caramel Syrup,Syrup,39,26.4,0.69,0,None,0.0,0.0,24.7,0.4,97.3,None,0.0,0,0,72,0,1,0,1,Winter
2026-01-28,SYR-CAR,Caramel Syrup,Syrup,38,25.32,0.69,0,None,0.0,0.0,23.9,0.5,104.1,None,0.0,0,0,95,0,2,0,1,Winter
2026-01-29,SYR-CAR,Caramel Syrup,Syrup,40,27.52,0.69,0,None,0.0,0.0,25.6,0.4,96.5,None,0.0,0,0,82,0,3,0,1,Winter
2026-01-30,SYR-CAR,Caramel Syrup,Syrup,39,26.66,0.69,0,None,0.0,0.0,26.1,0.0,97.6,None,0.0,0,0,89,0,4,0,1,Winter
2026-01-31,SYR-CAR,Caramel Syrup,Syrup,44,30.1,0.69,0,None,0.0,0.0,25.1,0.9,106.1,None,0.0,0,0,65,0,5,1,1,Winter
2026-02-01,SYR-CAR,Caramel Syrup,Syrup,48,33.39,0.69,0,None,0.0,0.0,26.3,2.3,112.0,None,0.0,0,0,223,0,6,1,2,Winter
2026-02-02,SYR-CAR,Caramel Syrup,Syrup,39,26.77,0.69,0,None,0.0,0.0,25.4,2.6,106.2,None,0.0,0,0,129,0,0,0,2,Winter
2026-02-03,SYR-CAR,Caramel Syrup,Syrup,39,27.42,0.69,0,None,0.0,0.0,26.0,0.0,99.6,None,0.0,0,0,85,0,1,0,2,Winter
2026-02-04,SYR-CAR,Caramel Syrup,Syrup,38,25.95,0.69,0,None,0.0,0.0,23.9,0.0,94.3,None,0.0,0,0,112,0,2,0,2,Winter
2026-02-05,SYR-CAR,Caramel Syrup,Syrup,44,26.32,0.69,1,Payday Campaign,12.0,2339.38,24.9,0.1,95.4,None,0.0,0,0,183,0,3,0,2,Winter
2026-02-06,SYR-CAR,Caramel Syrup,Syrup,45,26.84,0.69,1,Payday Campaign,12.0,2339.38,25.6,1.0,102.9,None,0.0,0,0,166,0,4,0,2,Winter
2026-02-07,SYR-CAR,Caramel Syrup,Syrup,46,31.94,0.69,0,None,0.0,0.0,26.8,0.0,120.3,None,0.0,0,0,74,0,5,1,2,Winter
2026-02-08,SYR-CAR,Caramel Syrup,Syrup,46,32.11,0.69,0,None,0.0,0.0,24.7,0.1,113.2,None,0.0,0,1,89,0,6,1,2,Winter
2026-02-09,SYR-CAR,Caramel Syrup,Syrup,36,24.61,0.69,0,None,0.0,0.0,26.4,0.1,99.4,None,0.0,0,0,143,0,0,0,2,Winter
2026-02-10,SYR-CAR,Caramel Syrup,Syrup,37,25.16,0.69,0,None,0.0,0.0,25.1,0.9,105.3,None,0.0,0,0,212,0,1,0,2,Winter
2026-02-11,SYR-CAR,Caramel Syrup,Syrup,35,24.56,0.69,0,None,0.0,0.0,25.4,0.0,100.4,None,0.0,0,0,66,0,2,0,2,Winter
2026-02-12,SYR-CAR,Caramel Syrup,Syrup,39,26.41,0.69,0,None,0.0,0.0,27.2,0.5,99.9,None,0.0,0,0,196,0,3,0,2,Winter
2026-02-13,SYR-CAR,Caramel Syrup,Syrup,34,23.72,0.69,0,None,0.0,0.0,22.2,0.2,97.1,None,0.0,0,0,63,0,4,0,2,Winter
2026-02-14,SYR-CAR,Caramel Syrup,Syrup,42,28.76,0.69,0,None,0.0,0.0,23.6,0.0,119.1,None,0.0,0,0,141,0,5,1,2,Winter
2026-02-15,SYR-CAR,Caramel Syrup,Syrup,39,27.03,0.69,0,None,0.0,0.0,23.3,3.4,99.5,None,0.0,0,0,95,0,6,1,2,Winter
2026-02-16,SYR-CAR,Caramel Syrup,Syrup,35,24.46,0.69,0,None,0.0,0.0,21.8,0.2,106.3,None,0.0,0,0,122,0,0,0,2,Winter
2026-02-17,SYR-CAR,Caramel Syrup,Syrup,36,24.98,0.69,0,None,0.0,0.0,24.9,2.0,100.1,None,0.0,0,0,204,0,1,0,2,Winter
2026-02-18,SYR-CAR,Caramel Syrup,Syrup,39,26.82,0.69,0,None,0.0,0.0,27.6,2.4,100.5,None,0.0,0,1,93,0,2,0,2,Winter
2026-02-19,SYR-CAR,Caramel Syrup,Syrup,39,27.37,0.69,0,None,0.0,0.0,25.8,0.0,111.2,None,0.0,0,0,161,0,3,0,2,Winter
2026-02-20,SYR-CAR,Caramel Syrup,Syrup,39,27.02,0.69,0,None,0.0,0.0,26.7,0.1,99.3,None,0.0,0,0,112,0,4,0,2,Winter
2026-02-21,SYR-CAR,Caramel Syrup,Syrup,48,34.61,0.69,0,None,0.0,0.0,28.4,1.8,109.6,None,0.0,0,0,172,0,5,1,2,Winter
2026-02-22,SYR-CAR,Caramel Syrup,Syrup,49,33.15,0.69,0,None,0.0,0.0,28.9,0.1,112.4,None,0.0,0,0,77,0,6,1,2,Winter
2026-02-23,SYR-CAR,Caramel Syrup,Syrup,35,23.68,0.69,0,None,0.0,0.0,26.5,0.0,105.3,None,0.0,0,0,102,0,0,0,2,Winter
2026-02-24,SYR-CAR,Caramel Syrup,Syrup,48,27.52,0.69,1,Festival Promo,18.0,3556.8,29.1,0.0,101.1,None,0.0,0,0,221,0,1,0,2,Winter
2026-02-25,SYR-CAR,Caramel Syrup,Syrup,47,27.6,0.69,1,Mango Festival,15.0,2927.37,27.0,0.0,95.6,None,0.0,0,0,182,0,2,0,2,Winter
2026-02-26,SYR-CAR,Caramel Syrup,Syrup,37,25.82,0.69,0,None,0.0,0.0,25.4,0.0,99.3,None,0.0,0,1,206,0,3,0,2,Winter
2026-02-27,SYR-CAR,Caramel Syrup,Syrup,41,27.97,0.69,0,None,0.0,0.0,25.9,0.1,110.1,None,0.0,0,0,170,0,4,0,2,Winter
2026-02-28,SYR-CAR,Caramel Syrup,Syrup,49,31.2,0.69,1,Bundle Offer,8.0,2149.42,24.4,0.0,114.2,None,0.0,0,1,98,0,5,1,2,Winter
2026-03-01,SYR-CAR,Caramel Syrup,Syrup,45,31.3,0.69,0,None,0.0,0.0,25.5,0.5,116.2,None,0.0,0,0,138,0,6,1,3,Summer
2026-03-02,SYR-CAR,Caramel Syrup,Syrup,41,28.18,0.69,0,None,0.0,0.0,26.6,0.7,113.2,Holi,0.8,1,0,201,0,0,0,3,Summer
2026-03-03,SYR-CAR,Caramel Syrup,Syrup,44,30.53,0.69,0,None,0.0,0.0,28.8,0.3,114.5,Holi,1.05,1,0,173,0,1,0,3,Summer
2026-03-04,SYR-CAR,Caramel Syrup,Syrup,47,31.99,0.69,0,None,0.0,0.0,30.5,0.0,129.6,Holi,1.3,1,0,150,0,2,0,3,Summer
2026-03-05,SYR-CAR,Caramel Syrup,Syrup,42,29.21,0.69,0,None,0.0,0.0,25.0,0.0,117.1,Holi,1.05,1,0,200,0,3,0,3,Summer
2026-03-06,SYR-CAR,Caramel Syrup,Syrup,42,29.58,0.69,0,None,0.0,0.0,28.3,0.5,112.7,Holi,0.8,1,0,80,0,4,0,3,Summer
2026-03-07,SYR-CAR,Caramel Syrup,Syrup,49,33.42,0.69,0,None,0.0,0.0,25.8,0.2,120.1,None,0.0,0,0,222,0,5,1,3,Summer
2026-03-08,SYR-CAR,Caramel Syrup,Syrup,50,34.08,0.69,0,None,0.0,0.0,28.6,0.3,111.1,None,0.0,0,0,90,0,6,1,3,Summer
2026-03-09,SYR-CAR,Caramel Syrup,Syrup,36,25.29,0.69,0,None,0.0,0.0,27.6,4.1,101.9,None,0.0,0,0,215,0,0,0,3,Summer
2026-03-10,SYR-CAR,Caramel Syrup,Syrup,37,25.22,0.69,0,None,0.0,0.0,24.7,0.3,105.0,None,0.0,0,0,185,0,1,0,3,Summer
2026-03-11,SYR-CAR,Caramel Syrup,Syrup,42,29.39,0.69,0,None,0.0,0.0,29.7,0.0,105.1,None,0.0,0,0,140,0,2,0,3,Summer
2026-03-12,SYR-CAR,Caramel Syrup,Syrup,40,27.73,0.69,0,None,0.0,0.0,27.1,0.1,106.5,None,0.0,0,0,136,0,3,0,3,Summer
2026-03-13,SYR-CAR,Caramel Syrup,Syrup,39,26.89,0.69,0,None,0.0,0.0,27.3,0.0,115.7,None,0.0,0,0,64,0,4,0,3,Summer
2026-03-14,SYR-CAR,Caramel Syrup,Syrup,47,33.14,0.69,0,None,0.0,0.0,26.4,0.0,117.1,None,0.0,0,0,117,0,5,1,3,Summer
2026-03-15,SYR-CAR,Caramel Syrup,Syrup,42,29.43,0.69,0,None,0.0,0.0,27.3,0.0,103.6,None,0.0,0,0,98,0,6,1,3,Summer
2026-03-16,SYR-CAR,Caramel Syrup,Syrup,40,27.82,0.69,0,None,0.0,0.0,29.3,2.8,107.2,None,0.0,0,0,173,0,0,0,3,Summer
2026-03-17,SYR-CAR,Caramel Syrup,Syrup,37,24.98,0.69,0,None,0.0,0.0,28.3,0.5,105.9,None,0.0,0,1,88,0,1,0,3,Summer
2026-03-18,SYR-CAR,Caramel Syrup,Syrup,41,28.66,0.69,0,None,0.0,0.0,29.3,0.0,106.0,None,0.0,0,0,189,0,2,0,3,Summer
2026-03-19,SYR-CAR,Caramel Syrup,Syrup,38,26.0,0.69,0,None,0.0,0.0,29.5,0.0,107.1,None,0.0,0,0,106,0,3,0,3,Summer
2026-03-20,SYR-CAR,Caramel Syrup,Syrup,21,14.52,0.69,0,None,0.0,0.0,31.3,0.2,105.8,None,0.0,0,0,177,1,4,0,3,Summer
2026-03-21,SYR-CAR,Caramel Syrup,Syrup,48,33.28,0.69,0,None,0.0,0.0,28.4,1.1,115.8,None,0.0,0,0,125,0,5,1,3,Summer
2026-03-22,SYR-CAR,Caramel Syrup,Syrup,46,32.62,0.69,0,None,0.0,0.0,26.4,1.4,119.2,None,0.0,0,1,186,0,6,1,3,Summer
2026-03-23,SYR-CAR,Caramel Syrup,Syrup,40,27.65,0.69,0,None,0.0,0.0,31.1,1.4,103.5,None,0.0,0,0,166,0,0,0,3,Summer
2026-03-24,SYR-CAR,Caramel Syrup,Syrup,39,26.58,0.69,0,None,0.0,0.0,28.7,0.1,101.6,None,0.0,0,0,217,0,1,0,3,Summer
2026-03-25,SYR-CAR,Caramel Syrup,Syrup,46,32.46,0.69,0,None,0.0,0.0,31.4,0.1,121.5,None,0.0,0,0,150,0,2,0,3,Summer
2026-03-26,SYR-CAR,Caramel Syrup,Syrup,49,29.14,0.69,1,Mango Festival,15.0,2310.78,30.2,0.1,102.9,None,0.0,0,0,125,0,3,0,3,Summer
2026-03-27,SYR-CAR,Caramel Syrup,Syrup,50,29.75,0.69,1,Mango Festival,15.0,2310.78,29.3,1.8,107.1,None,0.0,0,0,173,0,4,0,3,Summer
2026-03-28,SYR-CAR,Caramel Syrup,Syrup,58,34.8,0.69,1,Mango Festival,15.0,2310.78,30.3,0.3,109.2,None,0.0,0,0,82,0,5,1,3,Summer
2026-03-29,SYR-CAR,Caramel Syrup,Syrup,53,37.52,0.69,0,None,0.0,0.0,33.3,1.2,117.3,None,0.0,0,0,228,0,6,1,3,Summer
2026-03-30,SYR-CAR,Caramel Syrup,Syrup,42,28.82,0.69,0,None,0.0,0.0,33.6,0.0,102.1,None,0.0,0,0,170,0,0,0,3,Summer
2026-03-31,SYR-CAR,Caramel Syrup,Syrup,19,12.96,0.69,0,None,0.0,0.0,30.1,0.6,104.7,None,0.0,0,0,46,1,1,0,3,Summer
2026-04-01,SYR-CAR,Caramel Syrup,Syrup,41,28.73,0.69,0,None,0.0,0.0,30.3,0.4,112.2,None,0.0,0,0,88,0,2,0,4,Summer
2026-04-02,SYR-CAR,Caramel Syrup,Syrup,42,29.04,0.69,0,None,0.0,0.0,32.1,0.0,109.4,None,0.0,0,0,64,0,3,0,4,Summer
2026-04-03,SYR-CAR,Caramel Syrup,Syrup,50,31.15,0.69,1,Weekend Flash,10.0,1610.19,28.7,0.1,109.9,None,0.0,0,0,176,0,4,0,4,Summer
2026-04-04,SYR-CAR,Caramel Syrup,Syrup,57,35.1,0.69,1,Weekend Flash,10.0,1610.19,30.9,0.2,108.3,None,0.0,0,1,183,0,5,1,4,Summer
2026-04-05,SYR-CAR,Caramel Syrup,Syrup,57,35.83,0.69,1,Weekend Flash,10.0,1610.19,30.4,0.3,126.4,None,0.0,0,0,103,0,6,1,4,Summer
2026-04-06,SYR-CAR,Caramel Syrup,Syrup,49,30.73,0.69,1,Weekend Flash,10.0,1610.19,31.1,0.6,101.3,None,0.0,0,0,156,0,0,0,4,Summer
2026-04-07,SYR-CAR,Caramel Syrup,Syrup,44,30.46,0.69,0,None,0.0,0.0,29.1,0.1,115.0,None,0.0,0,0,142,0,1,0,4,Summer
2026-04-08,SYR-CAR,Caramel Syrup,Syrup,42,28.64,0.69,0,None,0.0,0.0,27.8,0.4,112.5,None,0.0,0,0,139,0,2,0,4,Summer
2026-04-09,SYR-CAR,Caramel Syrup,Syrup,37,26.03,0.69,0,None,0.0,0.0,27.0,0.1,110.3,None,0.0,0,1,155,0,3,0,4,Summer
2026-04-10,SYR-CAR,Caramel Syrup,Syrup,38,26.43,0.69,0,None,0.0,0.0,28.8,0.5,103.2,None,0.0,0,0,194,0,4,0,4,Summer
2026-04-11,SYR-CAR,Caramel Syrup,Syrup,48,33.73,0.69,0,None,0.0,0.0,30.1,0.2,118.3,None,0.0,0,0,214,0,5,1,4,Summer
2026-04-12,SYR-CAR,Caramel Syrup,Syrup,48,32.44,0.69,0,None,0.0,0.0,30.5,1.5,115.2,None,0.0,0,0,93,0,6,1,4,Summer
2026-04-13,SYR-CAR,Caramel Syrup,Syrup,43,29.83,0.69,0,None,0.0,0.0,34.6,0.3,107.8,None,0.0,0,0,214,0,0,0,4,Summer
2026-04-14,SYR-CAR,Caramel Syrup,Syrup,41,28.18,0.69,0,None,0.0,0.0,33.2,0.0,106.4,None,0.0,0,1,152,0,1,0,4,Summer
2026-04-15,SYR-CAR,Caramel Syrup,Syrup,37,25.66,0.69,0,None,0.0,0.0,29.6,0.2,97.5,None,0.0,0,0,85,0,2,0,4,Summer
2026-04-16,SYR-CAR,Caramel Syrup,Syrup,44,30.84,0.69,0,None,0.0,0.0,32.0,0.1,113.3,None,0.0,0,0,213,0,3,0,4,Summer
2026-04-17,SYR-CAR,Caramel Syrup,Syrup,38,26.46,0.69,0,None,0.0,0.0,30.7,2.5,107.4,None,0.0,0,0,117,0,4,0,4,Summer
2026-04-18,SYR-CAR,Caramel Syrup,Syrup,47,32.58,0.69,0,None,0.0,0.0,31.0,0.0,115.4,None,0.0,0,0,138,0,5,1,4,Summer
2026-04-19,SYR-CAR,Caramel Syrup,Syrup,47,32.57,0.69,0,None,0.0,0.0,32.0,0.4,115.0,None,0.0,0,0,221,0,6,1,4,Summer
2026-04-20,SYR-CAR,Caramel Syrup,Syrup,43,29.24,0.69,0,None,0.0,0.0,32.8,0.2,109.6,None,0.0,0,0,155,0,0,0,4,Summer
2026-04-21,SYR-CAR,Caramel Syrup,Syrup,40,27.41,0.69,0,None,0.0,0.0,31.2,0.0,103.4,None,0.0,0,0,82,0,1,0,4,Summer
2026-04-22,SYR-CAR,Caramel Syrup,Syrup,43,30.19,0.69,0,None,0.0,0.0,33.8,0.8,96.6,None,0.0,0,0,74,0,2,0,4,Summer
2026-04-23,SYR-CAR,Caramel Syrup,Syrup,39,26.85,0.69,0,None,0.0,0.0,29.9,0.0,110.0,None,0.0,0,0,190,0,3,0,4,Summer
2026-04-24,SYR-CAR,Caramel Syrup,Syrup,39,27.38,0.69,0,None,0.0,0.0,32.0,0.7,110.5,None,0.0,0,0,114,0,4,0,4,Summer
2026-04-25,SYR-CAR,Caramel Syrup,Syrup,50,34.97,0.69,0,None,0.0,0.0,36.8,0.0,117.0,None,0.0,0,0,85,0,5,1,4,Summer
2026-04-26,SYR-CAR,Caramel Syrup,Syrup,49,34.29,0.69,0,None,0.0,0.0,32.6,0.3,112.2,None,0.0,0,1,75,0,6,1,4,Summer
2026-04-27,SYR-CAR,Caramel Syrup,Syrup,43,29.89,0.69,0,None,0.0,0.0,34.8,1.7,108.4,None,0.0,0,1,214,0,0,0,4,Summer
2026-04-28,SYR-CAR,Caramel Syrup,Syrup,37,25.48,0.69,0,None,0.0,0.0,32.5,0.3,100.7,None,0.0,0,1,148,0,1,0,4,Summer
2026-04-29,SYR-CAR,Caramel Syrup,Syrup,42,29.01,0.69,0,None,0.0,0.0,33.5,0.6,102.9,None,0.0,0,0,145,0,2,0,4,Summer
2026-04-30,SYR-CAR,Caramel Syrup,Syrup,48,29.45,0.69,1,Payday Campaign,12.0,2238.92,32.4,0.1,104.2,None,0.0,0,1,162,0,3,0,4,Summer
2026-05-01,SYR-CAR,Caramel Syrup,Syrup,49,29.07,0.69,1,Payday Campaign,12.0,2238.92,32.3,0.5,112.2,None,0.0,0,1,135,0,4,0,5,Summer
2026-05-02,SYR-CAR,Caramel Syrup,Syrup,51,35.81,0.69,0,None,0.0,0.0,31.2,0.0,116.2,None,0.0,0,0,223,0,5,1,5,Summer
2026-05-03,SYR-CAR,Caramel Syrup,Syrup,46,31.62,0.69,0,None,0.0,0.0,33.5,1.6,115.8,None,0.0,0,1,162,0,6,1,5,Summer
2026-05-04,SYR-CAR,Caramel Syrup,Syrup,43,29.7,0.69,0,None,0.0,0.0,31.2,0.6,117.8,None,0.0,0,0,165,0,0,0,5,Summer
2026-05-05,SYR-CAR,Caramel Syrup,Syrup,54,30.59,0.69,1,Festival Promo,18.0,4030.5,34.0,0.0,109.7,None,0.0,0,0,216,0,1,0,5,Summer
2026-05-06,SYR-CAR,Caramel Syrup,Syrup,41,28.33,0.69,0,None,0.0,0.0,34.9,0.0,109.7,None,0.0,0,0,61,0,2,0,5,Summer
2026-05-07,SYR-CAR,Caramel Syrup,Syrup,41,27.89,0.69,0,None,0.0,0.0,33.6,2.5,106.1,None,0.0,0,1,112,0,3,0,5,Summer
2026-05-08,SYR-CAR,Caramel Syrup,Syrup,43,29.77,0.69,0,None,0.0,0.0,32.5,0.4,105.0,None,0.0,0,0,196,0,4,0,5,Summer
2026-05-09,SYR-CAR,Caramel Syrup,Syrup,52,36.18,0.69,0,None,0.0,0.0,33.9,0.0,107.0,None,0.0,0,0,87,0,5,1,5,Summer
2026-05-10,SYR-CAR,Caramel Syrup,Syrup,52,35.04,0.69,0,None,0.0,0.0,32.6,0.1,122.8,None,0.0,0,0,124,0,6,1,5,Summer
2026-05-11,SYR-CAR,Caramel Syrup,Syrup,46,31.27,0.69,0,None,0.0,0.0,34.9,0.0,110.1,None,0.0,0,0,92,0,0,0,5,Summer
2026-05-12,SYR-CAR,Caramel Syrup,Syrup,38,26.52,0.69,0,None,0.0,0.0,30.0,0.1,107.0,None,0.0,0,0,172,0,1,0,5,Summer
2026-05-13,SYR-CAR,Caramel Syrup,Syrup,38,26.45,0.69,0,None,0.0,0.0,32.7,0.0,107.2,None,0.0,0,0,193,0,2,0,5,Summer
2026-05-14,SYR-CAR,Caramel Syrup,Syrup,40,27.7,0.69,0,None,0.0,0.0,29.8,1.8,111.5,None,0.0,0,0,102,0,3,0,5,Summer
2026-05-15,SYR-CAR,Caramel Syrup,Syrup,41,28.06,0.69,0,None,0.0,0.0,30.8,0.6,100.0,None,0.0,0,0,171,0,4,0,5,Summer
2026-05-16,SYR-CAR,Caramel Syrup,Syrup,46,32.0,0.69,0,None,0.0,0.0,36.0,0.1,114.8,None,0.0,0,1,187,0,5,1,5,Summer
2026-05-17,SYR-CAR,Caramel Syrup,Syrup,47,31.94,0.69,0,None,0.0,0.0,35.2,0.7,112.0,None,0.0,0,1,211,0,6,1,5,Summer
2026-05-18,SYR-CAR,Caramel Syrup,Syrup,41,28.22,0.69,0,None,0.0,0.0,32.3,0.0,116.5,None,0.0,0,0,209,0,0,0,5,Summer
2026-05-19,SYR-CAR,Caramel Syrup,Syrup,41,27.82,0.69,0,None,0.0,0.0,31.0,2.8,112.0,None,0.0,0,0,133,0,1,0,5,Summer
2026-05-20,SYR-CAR,Caramel Syrup,Syrup,37,25.45,0.69,0,None,0.0,0.0,28.4,0.0,96.6,None,0.0,0,0,69,0,2,0,5,Summer
2026-05-21,SYR-CAR,Caramel Syrup,Syrup,39,26.54,0.69,0,None,0.0,0.0,32.8,0.2,100.0,None,0.0,0,0,178,0,3,0,5,Summer
2026-05-22,SYR-CAR,Caramel Syrup,Syrup,42,29.19,0.69,0,None,0.0,0.0,38.2,0.0,106.8,None,0.0,0,0,149,0,4,0,5,Summer
2026-05-23,SYR-CAR,Caramel Syrup,Syrup,57,35.51,0.69,1,Weekend Flash,10.0,1635.44,34.6,0.9,115.1,None,0.0,0,1,150,0,5,1,5,Summer
2026-05-24,SYR-CAR,Caramel Syrup,Syrup,57,35.07,0.69,1,Weekend Flash,10.0,1635.44,32.9,0.5,110.8,None,0.0,0,0,163,0,6,1,5,Summer
2026-05-25,SYR-CAR,Caramel Syrup,Syrup,41,28.59,0.69,0,None,0.0,0.0,34.8,0.1,117.1,None,0.0,0,0,164,0,0,0,5,Summer
2026-05-26,SYR-CAR,Caramel Syrup,Syrup,40,27.2,0.69,0,None,0.0,0.0,31.2,0.2,108.9,None,0.0,0,0,105,0,1,0,5,Summer
2026-05-27,SYR-CAR,Caramel Syrup,Syrup,40,27.5,0.69,0,None,0.0,0.0,33.5,0.4,109.6,None,0.0,0,0,112,0,2,0,5,Summer
2026-05-28,SYR-CAR,Caramel Syrup,Syrup,16,10.92,0.69,0,None,0.0,0.0,34.2,0.4,103.7,None,0.0,0,1,90,1,3,0,5,Summer
2026-05-29,SYR-CAR,Caramel Syrup,Syrup,42,29.13,0.69,0,None,0.0,0.0,33.9,1.3,110.7,None,0.0,0,1,140,0,4,0,5,Summer
2026-05-30,SYR-CAR,Caramel Syrup,Syrup,49,33.93,0.69,0,None,0.0,0.0,35.6,2.7,115.1,None,0.0,0,0,177,0,5,1,5,Summer
2026-05-31,SYR-CAR,Caramel Syrup,Syrup,53,36.98,0.69,0,None,0.0,0.0,34.8,0.2,115.6,None,0.0,0,0,79,0,6,1,5,Summer
2026-06-01,SYR-CAR,Caramel Syrup,Syrup,43,29.56,0.69,0,None,0.0,0.0,35.4,0.9,110.0,None,0.0,0,0,109,0,0,0,6,Monsoon
2026-06-02,SYR-CAR,Caramel Syrup,Syrup,39,25.83,0.69,0,None,0.0,0.0,33.0,13.9,98.7,None,0.0,0,0,175,0,1,0,6,Monsoon
2026-06-03,SYR-CAR,Caramel Syrup,Syrup,41,28.0,0.69,0,None,0.0,0.0,35.9,6.3,114.8,None,0.0,0,0,65,0,2,0,6,Monsoon
2026-06-04,SYR-CAR,Caramel Syrup,Syrup,39,27.27,0.69,0,None,0.0,0.0,37.2,4.8,107.6,None,0.0,0,0,186,0,3,0,6,Monsoon
2026-06-05,SYR-CAR,Caramel Syrup,Syrup,41,28.02,0.69,0,None,0.0,0.0,32.6,4.7,113.0,None,0.0,0,0,184,0,4,0,6,Monsoon
2026-06-06,SYR-CAR,Caramel Syrup,Syrup,49,32.83,0.69,0,None,0.0,0.0,32.7,5.5,111.2,None,0.0,0,0,120,0,5,1,6,Monsoon
2026-06-07,SYR-CAR,Caramel Syrup,Syrup,45,31.02,0.69,0,None,0.0,0.0,36.8,4.2,111.8,None,0.0,0,0,165,0,6,1,6,Monsoon
2026-06-08,SYR-CAR,Caramel Syrup,Syrup,38,26.21,0.69,0,None,0.0,0.0,34.0,9.2,100.6,None,0.0,0,0,136,0,0,0,6,Monsoon
2026-06-09,SYR-CAR,Caramel Syrup,Syrup,40,27.17,0.69,0,None,0.0,0.0,36.9,4.3,107.5,None,0.0,0,0,100,0,1,0,6,Monsoon
2026-06-10,SYR-CAR,Caramel Syrup,Syrup,39,26.63,0.68,0,None,0.0,0.0,33.6,6.3,106.5,None,0.0,0,0,82,0,2,0,6,Monsoon
2026-06-11,SYR-CAR,Caramel Syrup,Syrup,51,29.38,0.68,1,Mango Festival,15.0,2170.22,37.0,0.5,103.8,None,0.0,0,1,224,0,3,0,6,Monsoon
2026-06-12,SYR-CAR,Caramel Syrup,Syrup,50,29.27,0.68,1,Mango Festival,15.0,2170.22,34.7,6.3,101.0,None,0.0,0,0,207,0,4,0,6,Monsoon
2026-06-13,SYR-CAR,Caramel Syrup,Syrup,60,34.92,0.68,1,Mango Festival,15.0,2170.22,34.9,4.1,109.6,None,0.0,0,0,223,0,5,1,6,Monsoon
2026-06-14,SYR-CAR,Caramel Syrup,Syrup,60,36.42,0.68,1,Weekend Flash,10.0,1931.25,37.3,13.2,115.6,None,0.0,0,1,102,0,6,1,6,Monsoon
2026-06-15,SYR-CAR,Caramel Syrup,Syrup,47,28.92,0.68,1,Weekend Flash,10.0,1931.25,33.8,5.0,103.4,None,0.0,0,0,221,0,0,0,6,Monsoon
2026-06-16,SYR-CAR,Caramel Syrup,Syrup,48,29.27,0.68,1,Weekend Flash,10.0,1931.25,32.8,11.7,102.2,None,0.0,0,0,168,0,1,0,6,Monsoon
2026-06-17,SYR-CAR,Caramel Syrup,Syrup,48,30.04,0.68,1,Weekend Flash,10.0,1931.25,33.7,10.7,113.3,None,0.0,0,0,149,0,2,0,6,Monsoon
2026-06-18,SYR-CAR,Caramel Syrup,Syrup,42,29.0,0.68,0,None,0.0,0.0,35.3,10.9,105.0,None,0.0,0,0,116,0,3,0,6,Monsoon
2026-06-19,SYR-CAR,Caramel Syrup,Syrup,41,27.96,0.68,0,None,0.0,0.0,31.7,5.1,111.7,None,0.0,0,0,98,0,4,0,6,Monsoon
2026-06-20,SYR-CAR,Caramel Syrup,Syrup,55,34.58,0.68,1,Bundle Offer,8.0,2136.66,35.6,6.7,112.6,None,0.0,0,0,127,0,5,1,6,Monsoon
2026-06-21,SYR-CAR,Caramel Syrup,Syrup,57,36.22,0.68,1,Bundle Offer,8.0,2136.66,33.5,9.0,116.4,None,0.0,0,0,104,0,6,1,6,Monsoon
2026-06-22,SYR-CAR,Caramel Syrup,Syrup,52,29.03,0.68,1,Festival Promo,18.0,2832.56,36.6,6.8,104.8,None,0.0,0,0,198,0,0,0,6,Monsoon
2026-06-23,SYR-CAR,Caramel Syrup,Syrup,48,27.09,0.68,1,Festival Promo,18.0,2832.56,30.2,5.0,96.4,None,0.0,0,0,219,0,1,0,6,Monsoon
2026-06-24,SYR-CAR,Caramel Syrup,Syrup,53,30.16,0.68,1,Festival Promo,18.0,2832.56,33.1,2.5,112.0,None,0.0,0,0,227,0,2,0,6,Monsoon
2026-06-25,SYR-CAR,Caramel Syrup,Syrup,48,26.67,0.68,1,Festival Promo,18.0,2832.56,31.4,6.4,104.0,None,0.0,0,0,210,0,3,0,6,Monsoon
2026-06-26,SYR-CAR,Caramel Syrup,Syrup,42,29.18,0.68,0,None,0.0,0.0,33.0,1.1,108.3,None,0.0,0,0,83,0,4,0,6,Monsoon
2026-06-27,SYR-CAR,Caramel Syrup,Syrup,49,33.92,0.68,0,None,0.0,0.0,34.9,0.4,110.7,None,0.0,0,0,187,0,5,1,6,Monsoon
2026-06-28,SYR-CAR,Caramel Syrup,Syrup,48,32.78,0.68,0,None,0.0,0.0,34.1,1.9,113.5,None,0.0,0,0,205,0,6,1,6,Monsoon
2026-06-29,SYR-CAR,Caramel Syrup,Syrup,38,25.73,0.68,0,None,0.0,0.0,34.0,10.8,99.9,None,0.0,0,0,139,0,0,0,6,Monsoon
2026-06-30,SYR-CAR,Caramel Syrup,Syrup,40,27.29,0.68,0,None,0.0,0.0,34.1,7.7,110.3,None,0.0,0,0,149,0,1,0,6,Monsoon
2026-07-01,SYR-CAR,Caramel Syrup,Syrup,38,25.77,0.68,0,None,0.0,0.0,34.8,10.9,105.6,None,0.0,0,0,119,0,2,0,7,Monsoon
2026-07-02,SYR-CAR,Caramel Syrup,Syrup,41,27.61,0.68,0,None,0.0,0.0,32.6,3.2,105.7,None,0.0,0,0,192,0,3,0,7,Monsoon
2026-07-03,SYR-CAR,Caramel Syrup,Syrup,44,30.1,0.68,0,None,0.0,0.0,35.6,14.2,110.6,None,0.0,0,1,176,0,4,0,7,Monsoon
2026-07-04,SYR-CAR,Caramel Syrup,Syrup,53,35.57,0.68,0,None,0.0,0.0,35.5,1.3,119.4,None,0.0,0,0,173,0,5,1,7,Monsoon
2026-07-05,SYR-CAR,Caramel Syrup,Syrup,47,31.79,0.68,0,None,0.0,0.0,35.0,2.0,117.4,None,0.0,0,0,68,0,6,1,7,Monsoon
2026-07-06,SYR-CAR,Caramel Syrup,Syrup,41,27.73,0.68,0,None,0.0,0.0,35.3,14.0,96.3,None,0.0,0,0,214,0,0,0,7,Monsoon
2026-07-07,SYR-CAR,Caramel Syrup,Syrup,40,26.7,0.68,0,None,0.0,0.0,34.8,7.3,99.8,None,0.0,0,0,143,0,1,0,7,Monsoon
2026-07-08,SYR-CAR,Caramel Syrup,Syrup,35,23.94,0.68,0,None,0.0,0.0,37.9,11.0,98.1,None,0.0,0,0,207,0,2,0,7,Monsoon
2026-07-09,SYR-CAR,Caramel Syrup,Syrup,51,28.29,0.68,1,Festival Promo,18.0,3402.85,34.1,7.8,106.7,None,0.0,0,0,179,0,3,0,7,Monsoon
2026-07-10,SYR-CAR,Caramel Syrup,Syrup,51,28.8,0.68,1,Festival Promo,18.0,3402.85,33.6,3.7,103.8,None,0.0,0,0,154,0,4,0,7,Monsoon
2026-07-11,SYR-CAR,Caramel Syrup,Syrup,49,33.12,0.68,0,None,0.0,0.0,32.8,1.7,105.8,None,0.0,0,0,189,0,5,1,7,Monsoon
2026-07-12,SYR-CAR,Caramel Syrup,Syrup,46,31.02,0.68,0,None,0.0,0.0,32.3,0.6,111.7,None,0.0,0,0,105,0,6,1,7,Monsoon
2026-07-13,SYR-CAR,Caramel Syrup,Syrup,40,26.8,0.68,0,None,0.0,0.0,31.8,22.9,95.0,None,0.0,0,0,132,0,0,0,7,Monsoon
2026-07-14,SYR-CAR,Caramel Syrup,Syrup,40,27.1,0.68,0,None,0.0,0.0,32.4,0.9,102.1,None,0.0,0,1,64,0,1,0,7,Monsoon
2026-07-15,SYR-CAR,Caramel Syrup,Syrup,37,25.06,0.68,0,None,0.0,0.0,33.9,18.2,94.0,None,0.0,0,0,176,0,2,0,7,Monsoon
2026-07-16,SYR-CAR,Caramel Syrup,Syrup,40,27.31,0.68,0,None,0.0,0.0,34.6,6.9,104.8,None,0.0,0,0,111,0,3,0,7,Monsoon
2026-07-17,SYR-CAR,Caramel Syrup,Syrup,51,31.76,0.68,1,Bundle Offer,8.0,2001.94,34.0,8.0,103.9,None,0.0,0,0,86,0,4,0,7,Monsoon
2026-07-18,SYR-CAR,Caramel Syrup,Syrup,49,33.97,0.68,0,None,0.0,0.0,32.5,7.5,121.4,None,0.0,0,0,196,0,5,1,7,Monsoon
2026-07-19,SYR-CAR,Caramel Syrup,Syrup,51,34.66,0.68,0,None,0.0,0.0,35.5,9.9,116.0,None,0.0,0,0,108,0,6,1,7,Monsoon
2026-07-20,SYR-CAR,Caramel Syrup,Syrup,42,28.05,0.68,0,None,0.0,0.0,35.1,2.9,99.5,None,0.0,0,0,97,0,0,0,7,Monsoon
2026-07-21,SYR-CAR,Caramel Syrup,Syrup,40,26.67,0.68,0,None,0.0,0.0,33.5,0.3,105.5,None,0.0,0,0,83,0,1,0,7,Monsoon
2026-07-22,SYR-CAR,Caramel Syrup,Syrup,36,24.47,0.68,0,None,0.0,0.0,32.5,3.6,94.3,None,0.0,0,0,152,0,2,0,7,Monsoon
2026-07-23,SYR-CAR,Caramel Syrup,Syrup,38,25.34,0.68,0,None,0.0,0.0,34.6,9.2,96.4,None,0.0,0,0,112,0,3,0,7,Monsoon
2026-07-24,SYR-CAR,Caramel Syrup,Syrup,43,29.23,0.67,0,None,0.0,0.0,33.9,2.0,102.7,None,0.0,0,0,154,0,4,0,7,Monsoon
2026-07-25,SYR-CAR,Caramel Syrup,Syrup,45,30.69,0.67,0,None,0.0,0.0,30.9,14.5,100.1,None,0.0,0,0,120,0,5,1,7,Monsoon
2026-07-26,SYR-CAR,Caramel Syrup,Syrup,45,30.69,0.67,0,None,0.0,0.0,33.4,5.6,110.6,None,0.0,0,0,185,0,6,1,7,Monsoon
2026-07-27,SYR-CAR,Caramel Syrup,Syrup,41,27.36,0.67,0,None,0.0,0.0,33.9,1.8,95.5,None,0.0,0,0,120,0,0,0,7,Monsoon
2026-07-28,SYR-CAR,Caramel Syrup,Syrup,36,24.53,0.67,0,None,0.0,0.0,31.8,7.2,101.0,None,0.0,0,0,182,0,1,0,7,Monsoon
2026-07-29,SYR-CAR,Caramel Syrup,Syrup,38,25.7,0.67,0,None,0.0,0.0,33.7,9.1,95.0,None,0.0,0,0,132,0,2,0,7,Monsoon
2026-07-30,SYR-CAR,Caramel Syrup,Syrup,39,26.08,0.67,0,None,0.0,0.0,30.6,9.7,102.3,None,0.0,0,0,61,0,3,0,7,Monsoon
2026-07-31,SYR-CAR,Caramel Syrup,Syrup,45,30.25,0.67,0,None,0.0,0.0,35.6,14.0,100.2,None,0.0,0,0,134,0,4,0,7,Monsoon
2026-08-01,SYR-CAR,Caramel Syrup,Syrup,51,34.53,0.67,0,None,0.0,0.0,35.4,1.1,117.0,None,0.0,0,0,110,0,5,1,8,Monsoon
2026-08-02,SYR-CAR,Caramel Syrup,Syrup,47,31.38,0.67,0,None,0.0,0.0,32.6,14.0,109.8,None,0.0,0,0,145,0,6,1,8,Monsoon
2026-08-03,SYR-CAR,Caramel Syrup,Syrup,40,27.01,0.67,0,None,0.0,0.0,33.7,15.0,95.8,None,0.0,0,0,79,0,0,0,8,Monsoon
2026-08-04,SYR-CAR,Caramel Syrup,Syrup,39,26.69,0.67,0,None,0.0,0.0,28.6,1.7,98.3,None,0.0,0,0,179,0,1,0,8,Monsoon
2026-08-05,SYR-CAR,Caramel Syrup,Syrup,40,27.21,0.67,0,None,0.0,0.0,30.8,2.2,92.7,None,0.0,0,0,159,0,2,0,8,Monsoon
2026-08-06,SYR-CAR,Caramel Syrup,Syrup,39,26.24,0.67,0,None,0.0,0.0,32.3,11.4,101.3,None,0.0,0,0,81,0,3,0,8,Monsoon
2026-08-07,SYR-CAR,Caramel Syrup,Syrup,39,26.28,0.67,0,None,0.0,0.0,30.8,4.3,102.1,None,0.0,0,0,215,0,4,0,8,Monsoon
2026-08-08,SYR-CAR,Caramel Syrup,Syrup,49,32.71,0.67,0,None,0.0,0.0,34.0,16.8,121.3,None,0.0,0,0,125,0,5,1,8,Monsoon
2026-08-09,SYR-CAR,Caramel Syrup,Syrup,49,32.71,0.67,0,None,0.0,0.0,36.2,20.3,105.7,None,0.0,0,0,102,0,6,1,8,Monsoon
2026-08-10,SYR-CAR,Caramel Syrup,Syrup,40,26.36,0.67,0,None,0.0,0.0,30.4,1.8,97.4,None,0.0,0,0,60,0,0,0,8,Monsoon
2026-08-11,SYR-CAR,Caramel Syrup,Syrup,35,23.57,0.67,0,None,0.0,0.0,31.0,2.8,95.7,None,0.0,0,0,94,0,1,0,8,Monsoon
2026-08-12,SYR-CAR,Caramel Syrup,Syrup,39,26.39,0.67,0,None,0.0,0.0,32.8,6.9,99.5,None,0.0,0,0,63,0,2,0,8,Monsoon
2026-08-13,SYR-CAR,Caramel Syrup,Syrup,38,25.47,0.67,0,None,0.0,0.0,35.2,0.3,100.2,None,0.0,0,0,135,0,3,0,8,Monsoon
2026-08-14,SYR-CAR,Caramel Syrup,Syrup,38,25.22,0.67,0,None,0.0,0.0,30.0,0.6,97.9,None,0.0,0,0,155,0,4,0,8,Monsoon
2026-08-15,SYR-CAR,Caramel Syrup,Syrup,50,33.56,0.67,0,None,0.0,0.0,32.6,2.5,125.2,Independence Day,0.9,1,0,129,0,5,1,8,Monsoon
2026-08-16,SYR-CAR,Caramel Syrup,Syrup,45,30.66,0.67,0,None,0.0,0.0,35.4,25.6,104.8,None,0.0,0,0,205,0,6,1,8,Monsoon
2026-08-17,SYR-CAR,Caramel Syrup,Syrup,40,27.1,0.67,0,None,0.0,0.0,29.0,7.8,102.7,None,0.0,0,0,214,0,0,0,8,Monsoon
2026-08-18,SYR-CAR,Caramel Syrup,Syrup,38,25.45,0.67,0,None,0.0,0.0,29.6,3.3,100.3,None,0.0,0,0,106,0,1,0,8,Monsoon
2026-08-19,SYR-CAR,Caramel Syrup,Syrup,39,26.77,0.67,0,None,0.0,0.0,31.1,2.1,97.5,None,0.0,0,0,161,0,2,0,8,Monsoon
2026-08-20,SYR-CAR,Caramel Syrup,Syrup,39,26.97,0.67,0,None,0.0,0.0,30.8,1.7,95.8,None,0.0,0,0,123,0,3,0,8,Monsoon
2026-08-21,SYR-CAR,Caramel Syrup,Syrup,44,29.29,0.67,0,None,0.0,0.0,33.1,3.6,109.4,None,0.0,0,0,107,0,4,0,8,Monsoon
2026-08-22,SYR-CAR,Caramel Syrup,Syrup,46,30.71,0.67,0,None,0.0,0.0,32.0,3.4,103.0,None,0.0,0,0,99,0,5,1,8,Monsoon
2026-08-23,SYR-CAR,Caramel Syrup,Syrup,44,29.7,0.67,0,None,0.0,0.0,28.3,5.1,108.5,None,0.0,0,0,147,0,6,1,8,Monsoon
2026-08-24,SYR-CAR,Caramel Syrup,Syrup,38,25.15,0.67,0,None,0.0,0.0,32.4,9.5,93.1,None,0.0,0,0,80,0,0,0,8,Monsoon
2026-08-25,SYR-CAR,Caramel Syrup,Syrup,42,28.39,0.67,0,None,0.0,0.0,30.3,5.8,105.7,None,0.0,0,0,169,0,1,0,8,Monsoon
2026-08-26,SYR-CAR,Caramel Syrup,Syrup,41,27.46,0.67,0,None,0.0,0.0,33.6,12.0,101.1,None,0.0,0,0,202,0,2,0,8,Monsoon
2026-08-27,SYR-CAR,Caramel Syrup,Syrup,37,24.86,0.67,0,None,0.0,0.0,30.0,4.8,93.1,None,0.0,0,0,115,0,3,0,8,Monsoon
2026-08-28,SYR-CAR,Caramel Syrup,Syrup,43,28.55,0.67,0,None,0.0,0.0,29.9,21.5,111.9,Raksha Bandhan,1.0,1,0,154,0,4,0,8,Monsoon
2026-08-29,SYR-CAR,Caramel Syrup,Syrup,51,33.77,0.67,0,None,0.0,0.0,32.0,11.7,107.5,None,0.0,0,0,227,0,5,1,8,Monsoon
2026-08-30,SYR-CAR,Caramel Syrup,Syrup,47,30.67,0.67,0,None,0.0,0.0,32.3,7.6,103.5,None,0.0,0,0,179,0,6,1,8,Monsoon
2026-08-31,SYR-CAR,Caramel Syrup,Syrup,39,26.53,0.67,0,None,0.0,0.0,31.6,9.5,99.8,None,0.0,0,0,123,0,0,0,8,Monsoon
2026-09-01,SYR-CAR,Caramel Syrup,Syrup,41,27.7,0.67,0,None,0.0,0.0,27.7,3.7,97.8,None,0.0,0,0,202,0,1,0,9,Monsoon
2026-09-02,SYR-CAR,Caramel Syrup,Syrup,26,17.51,0.67,0,None,0.0,0.0,31.6,5.0,96.8,None,0.0,0,0,52,1,2,0,9,Monsoon
2026-09-03,SYR-CAR,Caramel Syrup,Syrup,40,26.83,0.67,0,None,0.0,0.0,28.7,4.8,95.4,None,0.0,0,0,154,0,3,0,9,Monsoon
2026-09-04,SYR-CAR,Caramel Syrup,Syrup,38,24.68,0.67,0,None,0.0,0.0,30.9,2.9,97.7,None,0.0,0,0,98,0,4,0,9,Monsoon
2026-09-05,SYR-CAR,Caramel Syrup,Syrup,43,28.45,0.67,0,None,0.0,0.0,27.8,1.3,106.6,None,0.0,0,0,91,0,5,1,9,Monsoon
2026-09-06,SYR-CAR,Caramel Syrup,Syrup,43,28.62,0.67,0,None,0.0,0.0,31.1,9.9,105.6,None,0.0,0,0,145,0,6,1,9,Monsoon
2026-09-07,SYR-CAR,Caramel Syrup,Syrup,39,25.7,0.67,0,None,0.0,0.0,28.7,13.5,92.0,None,0.0,0,0,173,0,0,0,9,Monsoon
2026-09-08,SYR-CAR,Caramel Syrup,Syrup,38,24.85,0.67,0,None,0.0,0.0,27.8,8.8,103.6,None,0.0,0,0,176,0,1,0,9,Monsoon
2026-09-09,SYR-CAR,Caramel Syrup,Syrup,35,23.08,0.67,0,None,0.0,0.0,31.3,5.8,89.7,None,0.0,0,0,174,0,2,0,9,Monsoon
2026-09-10,SYR-CAR,Caramel Syrup,Syrup,41,27.37,0.67,0,None,0.0,0.0,30.3,28.7,97.0,None,0.0,0,0,107,0,3,0,9,Monsoon
2026-09-11,SYR-CAR,Caramel Syrup,Syrup,37,24.7,0.67,0,None,0.0,0.0,28.7,3.3,93.2,None,0.0,0,0,123,0,4,0,9,Monsoon
2026-09-12,SYR-CAR,Caramel Syrup,Syrup,49,33.04,0.67,0,None,0.0,0.0,32.3,7.9,113.5,None,0.0,0,0,87,0,5,1,9,Monsoon
2026-09-13,SYR-CAR,Caramel Syrup,Syrup,42,28.71,0.67,0,None,0.0,0.0,28.8,15.0,100.1,None,0.0,0,0,160,0,6,1,9,Monsoon
2026-09-14,SYR-CAR,Caramel Syrup,Syrup,39,26.23,0.67,0,None,0.0,0.0,29.6,1.9,90.8,None,0.0,0,0,187,0,0,0,9,Monsoon
2026-09-15,SYR-CAR,Caramel Syrup,Syrup,48,26.19,0.67,1,Festival Promo,18.0,3183.92,29.9,10.5,89.5,None,0.0,0,0,145,0,1,0,9,Monsoon
2026-09-16,SYR-CAR,Caramel Syrup,Syrup,47,26.26,0.67,1,Festival Promo,18.0,3183.92,28.2,22.5,95.9,None,0.0,0,1,117,0,2,0,9,Monsoon
2026-09-17,SYR-CAR,Caramel Syrup,Syrup,46,24.67,0.67,1,Festival Promo,18.0,3183.92,30.1,6.3,87.3,None,0.0,0,0,119,0,3,0,9,Monsoon
2026-09-18,SYR-CAR,Caramel Syrup,Syrup,42,27.3,0.67,0,None,0.0,0.0,28.2,7.3,91.7,None,0.0,0,0,166,0,4,0,9,Monsoon
2026-09-19,SYR-CAR,Caramel Syrup,Syrup,18,11.87,0.67,0,None,0.0,0.0,28.3,3.3,93.2,None,0.0,0,0,145,1,5,1,9,Monsoon
2026-09-20,SYR-CAR,Caramel Syrup,Syrup,46,30.96,0.67,0,None,0.0,0.0,31.4,9.4,105.1,None,0.0,0,0,142,0,6,1,9,Monsoon
2026-09-21,SYR-CAR,Caramel Syrup,Syrup,38,25.38,0.67,0,None,0.0,0.0,27.0,2.8,91.3,None,0.0,0,0,97,0,0,0,9,Monsoon
2026-09-22,SYR-CAR,Caramel Syrup,Syrup,32,21.04,0.67,0,None,0.0,0.0,24.4,5.9,86.3,None,0.0,0,1,117,0,1,0,9,Monsoon
2026-09-23,SYR-CAR,Caramel Syrup,Syrup,38,25.11,0.67,0,None,0.0,0.0,31.6,1.1,99.1,None,0.0,0,0,110,0,2,0,9,Monsoon
2026-09-24,SYR-CAR,Caramel Syrup,Syrup,42,27.58,0.67,0,None,0.0,0.0,33.2,4.0,87.0,None,0.0,0,0,77,0,3,0,9,Monsoon
2026-09-25,SYR-CAR,Caramel Syrup,Syrup,39,25.61,0.67,0,None,0.0,0.0,27.8,3.9,97.5,None,0.0,0,0,123,0,4,0,9,Monsoon
2026-09-26,SYR-CAR,Caramel Syrup,Syrup,43,29.19,0.67,0,None,0.0,0.0,24.9,4.4,99.9,None,0.0,0,1,198,0,5,1,9,Monsoon
2026-09-27,SYR-CAR,Caramel Syrup,Syrup,46,30.6,0.67,0,None,0.0,0.0,27.7,11.5,111.3,None,0.0,0,0,164,0,6,1,9,Monsoon
2026-09-28,SYR-CAR,Caramel Syrup,Syrup,36,24.5,0.67,0,None,0.0,0.0,27.7,13.8,97.0,None,0.0,0,0,77,0,0,0,9,Monsoon
2026-09-29,SYR-CAR,Caramel Syrup,Syrup,36,23.73,0.67,0,None,0.0,0.0,27.8,8.1,88.1,None,0.0,0,0,192,0,1,0,9,Monsoon
2026-09-30,SYR-CAR,Caramel Syrup,Syrup,35,23.46,0.67,0,None,0.0,0.0,26.0,10.8,88.5,None,0.0,0,0,89,0,2,0,9,Monsoon
2026-10-01,SYR-CAR,Caramel Syrup,Syrup,40,26.73,0.67,0,None,0.0,0.0,29.0,0.2,96.1,None,0.0,0,0,158,0,3,0,10,Transition
2026-10-02,SYR-CAR,Caramel Syrup,Syrup,51,29.19,0.67,1,Mango Festival,15.0,2266.08,28.8,0.3,100.8,Gandhi Jayanti,0.7,1,0,161,0,4,0,10,Transition
2026-10-03,SYR-CAR,Caramel Syrup,Syrup,51,28.98,0.67,1,Mango Festival,15.0,2266.08,25.1,0.1,102.1,None,0.0,0,0,187,0,5,1,10,Transition
2026-10-04,SYR-CAR,Caramel Syrup,Syrup,59,33.82,0.67,1,Mango Festival,15.0,2266.08,28.9,2.6,109.2,None,0.0,0,0,201,0,6,1,10,Transition
2026-10-05,SYR-CAR,Caramel Syrup,Syrup,45,25.66,0.67,1,Mango Festival,15.0,2608.02,31.3,0.0,89.0,None,0.0,0,0,111,0,0,0,10,Transition
2026-10-06,SYR-CAR,Caramel Syrup,Syrup,37,24.34,0.67,0,None,0.0,0.0,27.8,0.0,93.2,None,0.0,0,0,181,0,1,0,10,Transition
2026-10-07,SYR-CAR,Caramel Syrup,Syrup,35,23.53,0.67,0,None,0.0,0.0,26.8,0.3,97.4,None,0.0,0,1,148,0,2,0,10,Transition
2026-10-08,SYR-CAR,Caramel Syrup,Syrup,36,23.96,0.67,0,None,0.0,0.0,27.0,0.6,96.7,None,0.0,0,0,111,0,3,0,10,Transition
2026-10-09,SYR-CAR,Caramel Syrup,Syrup,41,27.07,0.67,0,None,0.0,0.0,28.3,2.9,91.8,None,0.0,0,0,77,0,4,0,10,Transition
2026-10-10,SYR-CAR,Caramel Syrup,Syrup,39,26.21,0.67,0,None,0.0,0.0,24.0,0.6,101.1,None,0.0,0,1,149,0,5,1,10,Transition
2026-10-11,SYR-CAR,Caramel Syrup,Syrup,42,28.31,0.67,0,None,0.0,0.0,27.3,1.1,93.8,None,0.0,0,0,136,0,6,1,10,Transition
2026-10-12,SYR-CAR,Caramel Syrup,Syrup,37,24.52,0.67,0,None,0.0,0.0,26.2,0.7,87.1,None,0.0,0,0,132,0,0,0,10,Transition
2026-10-13,SYR-CAR,Caramel Syrup,Syrup,38,25.23,0.67,0,None,0.0,0.0,30.2,0.9,94.0,None,0.0,0,0,168,0,1,0,10,Transition
2026-10-14,SYR-CAR,Caramel Syrup,Syrup,37,24.26,0.67,0,None,0.0,0.0,26.4,0.0,91.6,None,0.0,0,0,170,0,2,0,10,Transition
2026-10-15,SYR-CAR,Caramel Syrup,Syrup,42,27.4,0.67,0,None,0.0,0.0,29.7,2.7,92.7,None,0.0,0,0,90,0,3,0,10,Transition
2026-10-16,SYR-CAR,Caramel Syrup,Syrup,38,25.27,0.67,0,None,0.0,0.0,24.6,0.3,97.5,None,0.0,0,1,105,0,4,0,10,Transition
2026-10-17,SYR-CAR,Caramel Syrup,Syrup,43,28.95,0.67,0,None,0.0,0.0,27.6,0.1,96.3,None,0.0,0,0,207,0,5,1,10,Transition
2026-10-18,SYR-CAR,Caramel Syrup,Syrup,44,29.15,0.67,0,None,0.0,0.0,27.0,0.1,101.0,None,0.0,0,0,159,0,6,1,10,Transition
2026-10-19,SYR-CAR,Caramel Syrup,Syrup,37,25.1,0.67,0,None,0.0,0.0,24.8,0.0,93.1,None,0.0,0,0,123,0,0,0,10,Transition
2026-10-20,SYR-CAR,Caramel Syrup,Syrup,38,25.29,0.67,0,None,0.0,0.0,26.6,0.4,88.6,None,0.0,0,0,213,0,1,0,10,Transition
2026-10-21,SYR-CAR,Caramel Syrup,Syrup,47,27.53,0.67,1,Payday Campaign,12.0,2405.18,28.4,0.5,99.3,None,0.0,0,1,174,0,2,0,10,Transition
2026-10-22,SYR-CAR,Caramel Syrup,Syrup,45,26.33,0.67,1,Payday Campaign,12.0,2405.18,25.5,0.2,96.6,None,0.0,0,0,200,0,3,0,10,Transition
2026-10-23,SYR-CAR,Caramel Syrup,Syrup,43,25.55,0.67,1,Payday Campaign,12.0,2405.18,23.0,0.0,93.5,None,0.0,0,0,138,0,4,0,10,Transition
2026-10-24,SYR-CAR,Caramel Syrup,Syrup,45,29.69,0.67,0,None,0.0,0.0,25.9,0.0,111.0,None,0.0,0,0,91,0,5,1,10,Transition
2026-10-25,SYR-CAR,Caramel Syrup,Syrup,41,27.33,0.67,0,None,0.0,0.0,24.2,0.6,94.5,None,0.0,0,0,178,0,6,1,10,Transition
2026-10-26,SYR-CAR,Caramel Syrup,Syrup,38,25.2,0.67,0,None,0.0,0.0,25.2,2.8,92.0,None,0.0,0,0,188,0,0,0,10,Transition
2026-10-27,SYR-CAR,Caramel Syrup,Syrup,37,24.54,0.67,0,None,0.0,0.0,25.6,0.4,93.9,None,0.0,0,0,150,0,1,0,10,Transition
2026-10-28,SYR-CAR,Caramel Syrup,Syrup,30,20.04,0.67,0,None,0.0,0.0,22.6,0.4,87.4,None,0.0,0,0,119,0,2,0,10,Transition
2026-10-29,SYR-CAR,Caramel Syrup,Syrup,33,22.01,0.67,0,None,0.0,0.0,22.6,0.2,93.5,None,0.0,0,0,72,0,3,0,10,Transition
2026-10-30,SYR-CAR,Caramel Syrup,Syrup,35,23.68,0.67,0,None,0.0,0.0,26.3,0.2,86.5,None,0.0,0,1,94,0,4,0,10,Transition
2026-10-31,SYR-CAR,Caramel Syrup,Syrup,43,28.73,0.67,0,None,0.0,0.0,24.5,0.6,105.5,None,0.0,0,0,210,0,5,1,10,Transition
2026-11-01,SYR-CAR,Caramel Syrup,Syrup,45,30.27,0.67,0,None,0.0,0.0,20.7,0.9,107.3,None,0.0,0,0,91,0,6,1,11,Winter
2026-11-02,SYR-CAR,Caramel Syrup,Syrup,44,29.47,0.67,0,None,0.0,0.0,26.7,0.8,93.4,None,0.0,0,0,169,0,0,0,11,Winter
2026-11-03,SYR-CAR,Caramel Syrup,Syrup,31,21.07,0.67,0,None,0.0,0.0,25.7,0.1,82.7,None,0.0,0,0,157,0,1,0,11,Winter
2026-11-04,SYR-CAR,Caramel Syrup,Syrup,36,23.98,0.67,0,None,0.0,0.0,23.8,2.8,87.2,None,0.0,0,0,131,0,2,0,11,Winter
2026-11-05,SYR-CAR,Caramel Syrup,Syrup,35,23.32,0.67,0,None,0.0,0.0,22.7,0.3,94.9,None,0.0,0,0,214,0,3,0,11,Winter
2026-11-06,SYR-CAR,Caramel Syrup,Syrup,41,27.67,0.67,0,None,0.0,0.0,26.5,0.2,105.1,Diwali,1.0,1,0,169,0,4,0,11,Winter
2026-11-07,SYR-CAR,Caramel Syrup,Syrup,49,32.66,0.67,0,None,0.0,0.0,25.6,0.1,104.8,Diwali,1.25,1,0,223,0,5,1,11,Winter
2026-11-08,SYR-CAR,Caramel Syrup,Syrup,25,16.83,0.67,0,None,0.0,0.0,29.2,1.1,127.8,Diwali,1.5,1,0,86,1,6,1,11,Winter
2026-11-09,SYR-CAR,Caramel Syrup,Syrup,41,28.21,0.67,0,None,0.0,0.0,25.6,0.6,109.0,Diwali,1.25,1,0,179,0,0,0,11,Winter
2026-11-10,SYR-CAR,Caramel Syrup,Syrup,40,26.47,0.67,0,None,0.0,0.0,25.4,0.6,101.0,Diwali,1.0,1,0,183,0,1,0,11,Winter
2026-11-11,SYR-CAR,Caramel Syrup,Syrup,38,25.91,0.67,0,None,0.0,0.0,24.4,3.7,97.1,None,0.0,0,1,205,0,2,0,11,Winter
2026-11-12,SYR-CAR,Caramel Syrup,Syrup,38,25.3,0.67,0,None,0.0,0.0,26.1,0.8,88.8,None,0.0,0,0,123,0,3,0,11,Winter
2026-11-13,SYR-CAR,Caramel Syrup,Syrup,37,25.19,0.67,0,None,0.0,0.0,25.7,0.1,88.8,None,0.0,0,0,110,0,4,0,11,Winter
2026-11-14,SYR-CAR,Caramel Syrup,Syrup,45,30.4,0.67,0,None,0.0,0.0,26.8,0.2,104.0,None,0.0,0,0,193,0,5,1,11,Winter
2026-11-15,SYR-CAR,Caramel Syrup,Syrup,50,33.76,0.67,0,None,0.0,0.0,23.5,0.2,111.2,None,0.0,0,0,185,0,6,1,11,Winter
2026-11-16,SYR-CAR,Caramel Syrup,Syrup,38,25.43,0.67,0,None,0.0,0.0,23.6,0.5,100.4,None,0.0,0,1,101,0,0,0,11,Winter
2026-11-17,SYR-CAR,Caramel Syrup,Syrup,38,25.41,0.67,0,None,0.0,0.0,23.5,1.1,94.1,None,0.0,0,0,106,0,1,0,11,Winter
2026-11-18,SYR-CAR,Caramel Syrup,Syrup,37,24.6,0.67,0,None,0.0,0.0,25.7,0.7,94.7,None,0.0,0,0,183,0,2,0,11,Winter
2026-11-19,SYR-CAR,Caramel Syrup,Syrup,39,26.17,0.67,0,None,0.0,0.0,27.0,0.6,96.4,None,0.0,0,0,150,0,3,0,11,Winter
2026-11-20,SYR-CAR,Caramel Syrup,Syrup,35,23.44,0.67,0,None,0.0,0.0,23.4,3.2,86.2,None,0.0,0,0,200,0,4,0,11,Winter
2026-11-21,SYR-CAR,Caramel Syrup,Syrup,40,26.91,0.67,0,None,0.0,0.0,23.4,0.5,105.7,None,0.0,0,0,160,0,5,1,11,Winter
2026-11-22,SYR-CAR,Caramel Syrup,Syrup,42,27.73,0.67,0,None,0.0,0.0,24.7,0.2,98.9,None,0.0,0,0,218,0,6,1,11,Winter
2026-11-23,SYR-CAR,Caramel Syrup,Syrup,35,23.52,0.67,0,None,0.0,0.0,23.6,0.0,94.2,None,0.0,0,0,107,0,0,0,11,Winter
2026-11-24,SYR-CAR,Caramel Syrup,Syrup,36,24.55,0.67,0,None,0.0,0.0,25.8,0.0,91.5,None,0.0,0,0,180,0,1,0,11,Winter
2026-11-25,SYR-CAR,Caramel Syrup,Syrup,34,23.11,0.67,0,None,0.0,0.0,19.9,0.0,95.2,None,0.0,0,0,84,0,2,0,11,Winter
2026-11-26,SYR-CAR,Caramel Syrup,Syrup,36,24.21,0.67,0,None,0.0,0.0,22.5,0.7,93.4,None,0.0,0,0,168,0,3,0,11,Winter
2026-11-27,SYR-CAR,Caramel Syrup,Syrup,36,24.95,0.67,0,None,0.0,0.0,22.5,0.7,77.5,None,0.0,0,0,122,0,4,0,11,Winter
2026-11-28,SYR-CAR,Caramel Syrup,Syrup,43,28.72,0.67,0,None,0.0,0.0,19.7,2.6,103.8,None,0.0,0,0,146,0,5,1,11,Winter
2026-11-29,SYR-CAR,Caramel Syrup,Syrup,41,27.56,0.67,0,None,0.0,0.0,22.1,0.0,106.2,None,0.0,0,0,190,0,6,1,11,Winter
2026-11-30,SYR-CAR,Caramel Syrup,Syrup,34,22.48,0.67,0,None,0.0,0.0,22.2,0.3,95.3,None,0.0,0,0,70,0,0,0,11,Winter
2026-12-01,SYR-CAR,Caramel Syrup,Syrup,35,23.45,0.67,0,None,0.0,0.0,23.4,2.5,92.6,None,0.0,0,0,90,0,1,0,12,Winter
2026-12-02,SYR-CAR,Caramel Syrup,Syrup,36,24.76,0.67,0,None,0.0,0.0,25.8,0.1,101.4,None,0.0,0,0,145,0,2,0,12,Winter
2026-12-03,SYR-CAR,Caramel Syrup,Syrup,37,24.82,0.67,0,None,0.0,0.0,23.3,0.0,94.8,None,0.0,0,0,123,0,3,0,12,Winter
2026-12-04,SYR-CAR,Caramel Syrup,Syrup,39,25.8,0.67,0,None,0.0,0.0,21.8,0.0,95.5,None,0.0,0,0,149,0,4,0,12,Winter
2026-12-05,SYR-CAR,Caramel Syrup,Syrup,43,29.29,0.67,0,None,0.0,0.0,23.6,0.7,108.6,None,0.0,0,0,131,0,5,1,12,Winter
2026-12-06,SYR-CAR,Caramel Syrup,Syrup,46,31.16,0.67,0,None,0.0,0.0,25.5,0.2,105.3,None,0.0,0,0,76,0,6,1,12,Winter
2026-12-07,SYR-CAR,Caramel Syrup,Syrup,34,23.16,0.67,0,None,0.0,0.0,21.9,1.2,89.1,None,0.0,0,0,203,0,0,0,12,Winter
2026-12-08,SYR-CAR,Caramel Syrup,Syrup,33,22.19,0.67,0,None,0.0,0.0,22.0,0.4,81.5,None,0.0,0,0,163,0,1,0,12,Winter
2026-12-09,SYR-CAR,Caramel Syrup,Syrup,37,24.67,0.67,0,None,0.0,0.0,24.6,0.3,91.4,None,0.0,0,0,154,0,2,0,12,Winter
2026-12-10,SYR-CAR,Caramel Syrup,Syrup,36,24.25,0.68,0,None,0.0,0.0,23.2,1.6,97.6,None,0.0,0,0,79,0,3,0,12,Winter
2026-12-11,SYR-CAR,Caramel Syrup,Syrup,36,24.47,0.68,0,None,0.0,0.0,24.7,0.2,92.1,None,0.0,0,0,87,0,4,0,12,Winter
2026-12-12,SYR-CAR,Caramel Syrup,Syrup,41,27.67,0.68,0,None,0.0,0.0,23.5,0.3,108.0,None,0.0,0,0,156,0,5,1,12,Winter
2026-12-13,SYR-CAR,Caramel Syrup,Syrup,45,30.55,0.68,0,None,0.0,0.0,24.8,0.6,104.8,None,0.0,0,0,73,0,6,1,12,Winter
2026-12-14,SYR-CAR,Caramel Syrup,Syrup,39,26.2,0.68,0,None,0.0,0.0,21.7,0.1,100.6,None,0.0,0,0,134,0,0,0,12,Winter
2026-12-15,SYR-CAR,Caramel Syrup,Syrup,38,25.83,0.68,0,None,0.0,0.0,23.5,0.1,92.8,None,0.0,0,0,200,0,1,0,12,Winter
2026-12-16,SYR-CAR,Caramel Syrup,Syrup,40,27.06,0.68,0,None,0.0,0.0,23.1,0.1,96.7,None,0.0,0,0,200,0,2,0,12,Winter
2026-12-17,SYR-CAR,Caramel Syrup,Syrup,35,23.48,0.68,0,None,0.0,0.0,21.3,0.3,97.0,None,0.0,0,0,137,0,3,0,12,Winter
2026-12-18,SYR-CAR,Caramel Syrup,Syrup,39,26.44,0.68,0,None,0.0,0.0,20.7,0.0,102.1,None,0.0,0,0,96,0,4,0,12,Winter
2026-12-19,SYR-CAR,Caramel Syrup,Syrup,42,28.31,0.68,0,None,0.0,0.0,24.7,0.3,96.2,None,0.0,0,0,73,0,5,1,12,Winter
2026-12-20,SYR-CAR,Caramel Syrup,Syrup,45,30.71,0.68,0,None,0.0,0.0,22.9,0.3,102.5,None,0.0,0,1,92,0,6,1,12,Winter
2026-12-21,SYR-CAR,Caramel Syrup,Syrup,40,27.39,0.68,0,None,0.0,0.0,21.7,0.1,99.1,None,0.0,0,0,104,0,0,0,12,Winter
2026-12-22,SYR-CAR,Caramel Syrup,Syrup,39,26.6,0.68,0,None,0.0,0.0,23.3,0.0,102.7,None,0.0,0,0,147,0,1,0,12,Winter
2026-12-23,SYR-CAR,Caramel Syrup,Syrup,42,27.92,0.68,0,None,0.0,0.0,25.5,0.0,96.3,None,0.0,0,0,178,0,2,0,12,Winter
2026-12-24,SYR-CAR,Caramel Syrup,Syrup,35,23.47,0.68,0,None,0.0,0.0,19.4,0.0,93.8,None,0.0,0,0,128,0,3,0,12,Winter
2026-12-25,SYR-CAR,Caramel Syrup,Syrup,41,27.61,0.68,0,None,0.0,0.0,20.8,0.1,114.7,Christmas,1.2,1,0,193,0,4,0,12,Winter
2026-12-26,SYR-CAR,Caramel Syrup,Syrup,43,28.91,0.68,0,None,0.0,0.0,21.9,1.7,109.8,None,0.0,0,0,88,0,5,1,12,Winter
2026-12-27,SYR-CAR,Caramel Syrup,Syrup,46,31.03,0.68,0,None,0.0,0.0,26.2,0.2,103.8,None,0.0,0,0,133,0,6,1,12,Winter
2026-12-28,SYR-CAR,Caramel Syrup,Syrup,38,26.1,0.68,0,None,0.0,0.0,24.1,3.1,97.3,None,0.0,0,0,156,0,0,0,12,Winter
2026-12-29,SYR-CAR,Caramel Syrup,Syrup,39,26.72,0.68,0,None,0.0,0.0,24.9,0.0,101.7,None,0.0,0,1,67,0,1,0,12,Winter
2026-12-30,SYR-CAR,Caramel Syrup,Syrup,37,25.02,0.68,0,None,0.0,0.0,21.5,0.0,105.4,None,0.0,0,0,201,0,2,0,12,Winter
2026-12-31,SYR-CAR,Caramel Syrup,Syrup,40,27.39,0.68,0,None,0.0,0.0,21.6,0.1,114.0,New Year,1.1,1,0,219,0,3,0,12,Winter
